$version Generated by Wokwi.com $end
$date Wed, 05 Aug 2026 09:48:51 GMT $end
$timescale 1ns $end
$scope module logic $end
$var wire 1 ! D0 $end
$var wire 1 " D1 $end
$var wire 1 # D2 $end
$var wire 1 $ D3 $end
$var wire 1 % D4 $end
$var wire 1 & D5 $end
$upscope $end
$enddefinitions $end
#0
0!
#0
0"
#0
0#
#0
0$
#0
0%
#0
0&
#2390196473
1$
#2390209390
0$
#2394709844
1!
#2396757781
0!
#2403837844
1!
#2405451844
0!
#2410293844
1!
#2411610844
0!
#2415561844
1!
#2416702844
0!
#2420125844
1!
#2422167844
0!
#2424209844
1!
#2426072844
0!
#2427935844
1!
#2429660844
0!
#2431385844
1!
#2432999844
0!
#2434613844
1!
#2436136844
0!
#2437659844
1!
#2439103844
0!
#2440547844
1!
#2441925844
0!
#2443303844
1!
#2444620844
0!
#2445937844
1!
#2447204844
0!
#2448471844
1!
#2449691844
0!
#2450911844
1!
#2452090844
0!
#2453269844
1!
#2454410844
0!
#2455551844
1!
#2456659844
0!
#2457767844
1!
#2458844844
0!
#2459921844
1!
#2460969844
0!
#2462017844
1!
#2463038844
0!
#2464059844
1!
#2465056344
0!
#2466052844
1!
#2467026844
0!
#2468000844
1!
#2468952844
0!
#2469904844
1!
#2470836344
0!
#2471767844
1!
#2472680844
0!
#2473593844
1!
#2474489844
0!
#2475385844
1!
#2476264844
0!
#2477143844
1!
#2478006344
0!
#2478868844
1!
#2479715844
0!
#2480562844
1!
#2481396344
0!
#2482229844
1!
#2483049844
0!
#2483869844
1!
#2484676844
0!
#2485483844
1!
#2486278844
0!
#2487073844
1!
#2487856844
0!
#2488639844
1!
#2489411344
0!
#2490182844
1!
#2490944344
0!
#2491705844
1!
#2492456844
0!
#2493207844
1!
#2493948844
0!
#2494689844
1!
#2495420844
0!
#2496151844
1!
#2496873844
0!
#2497595844
1!
#2498309344
0!
#2499022844
1!
#2499727344
0!
#2500431844
1!
#2501128344
0!
#2501824844
1!
#2502513844
0!
#2503202844
1!
#2503883344
0!
#2504563844
1!
#2505236844
0!
#2505909844
1!
#2506575844
0!
#2507241844
1!
#2507900344
0!
#2508558844
1!
#2509211344
0!
#2509863844
1!
#2510509344
0!
#2511154844
1!
#2511794344
0!
#2512433844
1!
#2513067344
0!
#2513700844
1!
#2514328344
0!
#2514955844
1!
#2515577344
0!
#2516198844
1!
#2516814344
0!
#2517429844
1!
#2518039844
0!
#2518649844
1!
#2519254844
0!
#2519859844
1!
#2520458844
0!
#2521057844
1!
#2521651844
0!
#2522245844
1!
#2522835344
0!
#2523424844
1!
#2524009344
0!
#2524593844
1!
#2525173844
0!
#2525753844
1!
#2526328844
0!
#2526903844
1!
#2527474344
0!
#2528044844
1!
#2528610844
0!
#2529176844
1!
#2529739344
0!
#2530301844
1!
#2530859844
0!
#2531417844
1!
#2531971844
0!
#2532525844
1!
#2533075344
0!
#2533624844
1!
#2534170844
0!
#2534716844
1!
#2535258844
0!
#2535800844
1!
#2536339344
0!
#2536877844
1!
#2537412344
0!
#2537946844
1!
#2538478344
0!
#2539009844
1!
#2539537344
0!
#2540064844
1!
#2540588844
0!
#2541112844
1!
#2541633344
0!
#2542153844
1!
#2542670844
0!
#2543187844
1!
#2543701344
0!
#2544214844
1!
#2544725344
0!
#2545235844
1!
#2545743094
0!
#2546250344
1!
#2546754844
0!
#2547259344
1!
#2547760344
0!
#2548261344
1!
#2548759594
0!
#2549257844
1!
#2549750094
0!
#2550242344
1!
#2550734594
0!
#2551226844
1!
#2551713844
0!
#2552200844
1!
#2552687844
0!
#2553174844
1!
#2553655844
0!
#2554136844
1!
#2554617844
0!
#2555098844
1!
#2555574844
0!
#2556050844
1!
#2556526844
0!
#2557002844
1!
#2557473594
0!
#2557944344
1!
#2558415094
0!
#2558885844
1!
#2559351594
0!
#2559817344
1!
#2560283094
0!
#2560748844
1!
#2561210344
0!
#2561671844
1!
#2562133344
0!
#2562594844
1!
#2563051344
0!
#2563507844
1!
#2563964344
0!
#2564420844
1!
#2564872844
0!
#2565324844
1!
#2565776844
0!
#2566228844
1!
#2566676844
0!
#2567124844
1!
#2567572844
0!
#2568020844
1!
#2568464344
0!
#2568907844
1!
#2569351344
0!
#2569794844
1!
#2570234344
0!
#2570673844
1!
#2571113344
0!
#2571552844
1!
#2571988094
0!
#2572423344
1!
#2572858594
0!
#2573293844
1!
#2573725094
0!
#2574156344
1!
#2574587594
0!
#2575018844
1!
#2575446594
0!
#2575874344
1!
#2576302094
0!
#2576729844
1!
#2577153344
0!
#2577576844
1!
#2578000344
0!
#2578423844
1!
#2578844094
0!
#2579264344
1!
#2579684594
0!
#2580104844
1!
#2580521594
0!
#2580938344
1!
#2581355094
0!
#2581771844
1!
#2582185344
0!
#2582598844
1!
#2583012344
0!
#2583425844
1!
#2583835844
0!
#2584245844
1!
#2584655844
0!
#2585065844
1!
#2585472594
0!
#2585879344
1!
#2586286094
0!
#2586692844
1!
#2587096344
0!
#2587499844
1!
#2587903344
0!
#2588306844
1!
#2588707094
0!
#2589107344
1!
#2589507594
0!
#2589907844
1!
#2590305344
0!
#2590702844
1!
#2591100344
0!
#2591497844
1!
#2591892094
0!
#2592286344
1!
#2592680594
0!
#2593074844
1!
#2593466344
0!
#2593857844
1!
#2594249344
0!
#2594640844
1!
#2595029344
0!
#2595417844
1!
#2595806344
0!
#2596194844
1!
#2596580594
0!
#2596966344
1!
#2597352094
0!
#2597737844
1!
#2598121094
0!
#2598504344
1!
#2598887594
0!
#2599270844
1!
#2599656594
0!
#2600042344
1!
#2600428094
0!
#2600813844
1!
#2601202344
0!
#2601590844
1!
#2601979344
0!
#2602367844
1!
#2602759344
0!
#2603150844
1!
#2603542344
0!
#2603933844
1!
#2604328094
0!
#2604722344
1!
#2605116594
0!
#2605510844
1!
#2605908344
0!
#2606305844
1!
#2606703344
0!
#2607100844
1!
#2607501094
0!
#2607901344
1!
#2608301594
0!
#2608701844
1!
#2609105344
0!
#2609508844
1!
#2609912344
0!
#2610315844
1!
#2610722594
0!
#2611129344
1!
#2611536094
0!
#2611942844
1!
#2612352844
0!
#2612762844
1!
#2613172844
0!
#2613582844
1!
#2613996344
0!
#2614409844
1!
#2614823344
0!
#2615236844
1!
#2615653594
0!
#2616070344
1!
#2616487094
0!
#2616903844
1!
#2617324094
0!
#2617744344
1!
#2618164594
0!
#2618584844
1!
#2619008344
0!
#2619431844
1!
#2619855344
0!
#2620278844
1!
#2620706594
0!
#2621134344
1!
#2621562094
0!
#2621989844
1!
#2622421094
0!
#2622852344
1!
#2623283594
0!
#2623714844
1!
#2624150094
0!
#2624585344
1!
#2625020594
0!
#2625455844
1!
#2625895344
0!
#2626334844
1!
#2626774344
0!
#2627213844
1!
#2627657344
0!
#2628100844
1!
#2628544344
0!
#2628987844
1!
#2629435844
0!
#2629883844
1!
#2630331844
0!
#2630779844
1!
#2631231844
0!
#2631683844
1!
#2632135844
0!
#2632587844
1!
#2633044344
0!
#2633500844
1!
#2633957344
0!
#2634413844
1!
#2634875344
0!
#2635336844
1!
#2635798344
0!
#2636259844
1!
#2636725594
0!
#2637191344
1!
#2637657094
0!
#2638122844
1!
#2638593594
0!
#2639064344
1!
#2639535094
0!
#2640005844
1!
#2640481844
0!
#2640957844
1!
#2641433844
0!
#2641909844
1!
#2642390844
0!
#2642871844
1!
#2643352844
0!
#2643833844
1!
#2644320844
0!
#2644807844
1!
#2645294844
0!
#2645781844
1!
#2646274094
0!
#2646766344
1!
#2647258594
0!
#2647750844
1!
#2648249094
0!
#2648747344
1!
#2649245594
0!
#2649743844
1!
#2650248344
0!
#2650752844
1!
#2651257344
0!
#2651761844
1!
#2652269094
0!
#2652776344
1!
#2653286844
0!
#2653797344
1!
#2654310844
0!
#2654824344
1!
#2655341344
0!
#2655858344
1!
#2656378844
0!
#2656899344
1!
#2657423344
0!
#2657947344
1!
#2658474844
0!
#2659002344
1!
#2659533844
0!
#2660065344
1!
#2660599844
0!
#2661134344
1!
#2661672844
0!
#2662211344
1!
#2662753344
0!
#2663295344
1!
#2663841344
0!
#2664387344
1!
#2664936844
0!
#2665486344
1!
#2666040344
0!
#2666594344
1!
#2667152344
0!
#2667710344
1!
#2668272844
0!
#2668835344
1!
#2669401344
0!
#2669967344
1!
#2670537844
0!
#2671108344
1!
#2671683344
0!
#2672258344
1!
#2672838344
0!
#2673418344
1!
#2674002844
0!
#2674587344
1!
#2675176844
0!
#2675766344
1!
#2676360344
0!
#2676954344
1!
#2677553344
0!
#2678152344
1!
#2678757344
0!
#2679362344
1!
#2679972344
0!
#2680582344
1!
#2681197844
0!
#2681813344
1!
#2682434844
0!
#2683056344
1!
#2683683844
0!
#2684311344
1!
#2684944844
0!
#2685578344
1!
#2686217844
0!
#2686857344
1!
#2687502844
0!
#2688148344
1!
#2688800844
0!
#2689453344
1!
#2690111844
0!
#2690770344
1!
#2691436344
0!
#2692102344
1!
#2692775344
0!
#2693448344
1!
#2694128844
0!
#2694809344
1!
#2695498344
0!
#2696187344
1!
#2696883844
0!
#2697580344
1!
#2698284844
0!
#2698989344
1!
#2699702844
0!
#2700416344
1!
#2701138344
0!
#2701860344
1!
#2702591344
0!
#2703322344
1!
#2704063344
0!
#2704804344
1!
#2705555344
0!
#2706306344
1!
#2707067844
0!
#2707829344
1!
#2708600844
0!
#2709372344
1!
#2710155344
0!
#2710938344
1!
#2711733344
0!
#2712528344
1!
#2713335344
0!
#2714142344
1!
#2714962344
0!
#2715782344
1!
#2716615844
0!
#2717449344
1!
#2718296344
0!
#2719143344
1!
#2720005844
0!
#2720868344
1!
#2721747344
0!
#2722626344
1!
#2723522344
0!
#2724418344
1!
#2725331344
0!
#2726244344
1!
#2727175844
0!
#2728107344
1!
#2729059344
0!
#2730011344
1!
#2730985344
0!
#2731959344
1!
#2732955844
0!
#2733952344
1!
#2734973344
0!
#2735994344
1!
#2737042344
0!
#2738090344
1!
#2739167344
0!
#2740244344
1!
#2741352344
0!
#2742460344
1!
#2743601344
0!
#2744742344
1!
#2745921344
0!
#2747100344
1!
#2748320344
0!
#2749540344
1!
#2750807344
0!
#2752074344
1!
#2753391344
0!
#2754708344
1!
#2756086344
0!
#2757464344
1!
#2758908344
0!
#2760352344
1!
#2761875344
0!
#2763398344
1!
#2765012344
0!
#2766626344
1!
#2768351344
0!
#2770076344
1!
#2771939344
0!
#2773802344
1!
#2775844344
0!
#2777886344
1!
#2779027344
0!
#2782450344
1!
#2783767344
0!
#2787718344
1!
#2789332344
0!
#2794174344
1!
#2796222281
0!
#2803302344
1!
#2805350281
0!
#2814712844
1!
#2815536156
1"
#2816760781
0!
#2817584094
0"
#2823840844
1!
#2824664156
1"
#2825454844
0!
#2826278156
0"
#2830296844
1!
#2831120156
1"
#2831613844
0!
#2832437156
0"
#2835564844
1!
#2836388156
1"
#2836705844
0!
#2837529156
0"
#2840128844
1!
#2840952156
1"
#2842170844
0!
#2842994156
0"
#2844212844
1!
#2845036156
1"
#2846075844
0!
#2846899156
0"
#2847938844
1!
#2848762156
1"
#2849663844
0!
#2850487156
0"
#2851388844
1!
#2852212156
1"
#2853002844
0!
#2853826156
0"
#2854616844
1!
#2855440156
1"
#2856139844
0!
#2856963156
0"
#2857662844
1!
#2858486156
1"
#2859106844
0!
#2859930156
0"
#2860550844
1!
#2861374156
1"
#2861928844
0!
#2862752156
0"
#2863306844
1!
#2864130156
1"
#2864623844
0!
#2865447156
0"
#2865940844
1!
#2866764156
1"
#2867207844
0!
#2868031156
0"
#2868474844
1!
#2869298156
1"
#2869694844
0!
#2870518156
0"
#2870914844
1!
#2871738156
1"
#2872093844
0!
#2872917156
0"
#2873272844
1!
#2874096156
1"
#2874413844
0!
#2875237156
0"
#2875554844
1!
#2876378156
1"
#2876662844
0!
#2877486156
0"
#2877770844
1!
#2878594156
1"
#2878847844
0!
#2879671156
0"
#2879924844
1!
#2880748156
1"
#2880972844
0!
#2881796156
0"
#2882020844
1!
#2882844156
1"
#2883041844
0!
#2883865156
0"
#2884062844
1!
#2884886156
1"
#2885059344
0!
#2885882656
0"
#2886055844
1!
#2886879156
1"
#2887029844
0!
#2887853156
0"
#2888003844
1!
#2888827156
1"
#2888955844
0!
#2889779156
0"
#2889907844
1!
#2890731156
1"
#2890839344
0!
#2891662656
0"
#2891770844
1!
#2892594156
1"
#2892683844
0!
#2893507156
0"
#2893596844
1!
#2894420156
1"
#2894492844
0!
#2895316156
0"
#2895388844
1!
#2896212156
1"
#2896267844
0!
#2897091156
0"
#2897146844
1!
#2897970156
1"
#2898009344
0!
#2898832656
0"
#2898871844
1!
#2899695156
1"
#2899718844
0!
#2900542156
0"
#2900565844
1!
#2901389156
1"
#2901399344
0!
#2902222656
0"
#2902232844
1!
#2903052844
0!
#2903056156
1"
#2903872844
1!
#2903876156
0"
#2904679844
0!
#2904696156
1"
#2905486844
1!
#2905503156
0"
#2906281844
0!
#2906310156
1"
#2907076844
1!
#2907105156
0"
#2907859844
0!
#2907900156
1"
#2908642844
1!
#2908683156
0"
#2909414344
0!
#2909466156
1"
#2910185844
1!
#2910237656
0"
#2910947344
0!
#2911009156
1"
#2911708844
1!
#2911770656
0"
#2912459844
0!
#2912532156
1"
#2913210844
1!
#2913283156
0"
#2913951844
0!
#2914034156
1"
#2914692844
1!
#2914775156
0"
#2915423844
0!
#2915516156
1"
#2916154844
1!
#2916247156
0"
#2916876844
0!
#2916978156
1"
#2917598844
1!
#2917700156
0"
#2918312344
0!
#2918422156
1"
#2919025844
1!
#2919135656
0"
#2919730344
0!
#2919849156
1"
#2920434844
1!
#2920553656
0"
#2921131344
0!
#2921258156
1"
#2921827844
1!
#2921954656
0"
#2922516844
0!
#2922651156
1"
#2923205844
1!
#2923340156
0"
#2923886344
0!
#2924029156
1"
#2924566844
1!
#2924709656
0"
#2925239844
0!
#2925390156
1"
#2925912844
1!
#2926063156
0"
#2926578844
0!
#2926736156
1"
#2927244844
1!
#2927402156
0"
#2927903344
0!
#2928068156
1"
#2928561844
1!
#2928726656
0"
#2929214344
0!
#2929385156
1"
#2929866844
1!
#2930037656
0"
#2930512344
0!
#2930690156
1"
#2931157844
1!
#2931335656
0"
#2931797344
0!
#2931981156
1"
#2932436844
1!
#2932620656
0"
#2933070344
0!
#2933260156
1"
#2933703844
1!
#2933893656
0"
#2934331344
0!
#2934527156
1"
#2934958844
1!
#2935154656
0"
#2935580344
0!
#2935782156
1"
#2936201844
1!
#2936403656
0"
#2936817344
0!
#2937025156
1"
#2937432844
1!
#2937640656
0"
#2938042844
0!
#2938256156
1"
#2938652844
1!
#2938866156
0"
#2939257844
0!
#2939476156
1"
#2939862844
1!
#2940081156
0"
#2940461844
0!
#2940686156
1"
#2941060844
1!
#2941285156
0"
#2941654844
0!
#2941884156
1"
#2942248844
1!
#2942478156
0"
#2942838344
0!
#2943072156
1"
#2943427844
1!
#2943661656
0"
#2944012344
0!
#2944251156
1"
#2944596844
1!
#2944835656
0"
#2945176844
0!
#2945420156
1"
#2945756844
1!
#2946000156
0"
#2946331844
0!
#2946580156
1"
#2946906844
1!
#2947155156
0"
#2947477344
0!
#2947730156
1"
#2948047844
1!
#2948300656
0"
#2948613844
0!
#2948871156
1"
#2949179844
1!
#2949437156
0"
#2949742344
0!
#2950003156
1"
#2950304844
1!
#2950565656
0"
#2950862844
0!
#2951128156
1"
#2951420844
1!
#2951686156
0"
#2951974844
0!
#2952244156
1"
#2952528844
1!
#2952798156
0"
#2953078344
0!
#2953352156
1"
#2953627844
1!
#2953901656
0"
#2954173844
0!
#2954451156
1"
#2954719844
1!
#2954997156
0"
#2955261844
0!
#2955543156
1"
#2955803844
1!
#2956085156
0"
#2956342344
0!
#2956627156
1"
#2956880844
1!
#2957165656
0"
#2957415344
0!
#2957704156
1"
#2957949844
1!
#2958238656
0"
#2958481344
0!
#2958773156
1"
#2959012844
1!
#2959304656
0"
#2959540344
0!
#2959836156
1"
#2960067844
1!
#2960363656
0"
#2960591844
0!
#2960891156
1"
#2961115844
1!
#2961415156
0"
#2961636344
0!
#2961939156
1"
#2962156844
1!
#2962459656
0"
#2962673844
0!
#2962980156
1"
#2963190844
1!
#2963497156
0"
#2963704344
0!
#2964014156
1"
#2964217844
1!
#2964527656
0"
#2964728344
0!
#2965041156
1"
#2965238844
1!
#2965551656
0"
#2965746094
0!
#2966062156
1"
#2966253344
1!
#2966569406
0"
#2966757844
0!
#2967076656
1"
#2967262344
1!
#2967581156
0"
#2967763344
0!
#2968085656
1"
#2968264344
1!
#2968586656
0"
#2968762594
0!
#2969087656
1"
#2969260844
1!
#2969585906
0"
#2969753094
0!
#2970084156
1"
#2970245344
1!
#2970576406
0"
#2970737594
0!
#2971068656
1"
#2971229844
1!
#2971560906
0"
#2971716844
0!
#2972053156
1"
#2972203844
1!
#2972540156
0"
#2972690844
0!
#2973027156
1"
#2973177844
1!
#2973514156
0"
#2973658844
0!
#2974001156
1"
#2974139844
1!
#2974482156
0"
#2974620844
0!
#2974963156
1"
#2975101844
1!
#2975444156
0"
#2975577844
0!
#2975925156
1"
#2976053844
1!
#2976401156
0"
#2976529844
0!
#2976877156
1"
#2977005844
1!
#2977353156
0"
#2977476594
0!
#2977829156
1"
#2977947344
1!
#2978299906
0"
#2978418094
0!
#2978770656
1"
#2978888844
1!
#2979241406
0"
#2979354594
0!
#2979712156
1"
#2979820344
1!
#2980177906
0"
#2980286094
0!
#2980643656
1"
#2980751844
1!
#2981109406
0"
#2981213344
0!
#2981575156
1"
#2981674844
1!
#2982036656
0"
#2982136344
0!
#2982498156
1"
#2982597844
1!
#2982959656
0"
#2983054344
0!
#2983421156
1"
#2983510844
1!
#2983877656
0"
#2983967344
0!
#2984334156
1"
#2984423844
1!
#2984790656
0"
#2984875844
0!
#2985247156
1"
#2985327844
1!
#2985699156
0"
#2985779844
0!
#2986151156
1"
#2986231844
1!
#2986603156
0"
#2986679844
0!
#2987055156
1"
#2987127844
1!
#2987503156
0"
#2987575844
0!
#2987951156
1"
#2988023844
1!
#2988399156
0"
#2988467344
0!
#2988847156
1"
#2988910844
1!
#2989290656
0"
#2989354344
0!
#2989734156
1"
#2989797844
1!
#2990177656
0"
#2990237344
0!
#2990621156
1"
#2990676844
1!
#2991060656
0"
#2991116344
0!
#2991500156
1"
#2991555844
1!
#2991939656
0"
#2991991094
0!
#2992379156
1"
#2992426344
1!
#2992814406
0"
#2992861594
0!
#2993249656
1"
#2993296844
1!
#2993684906
0"
#2993728094
0!
#2994120156
1"
#2994159344
1!
#2994551406
0"
#2994590594
0!
#2994982656
1"
#2995021844
1!
#2995413906
0"
#2995449594
0!
#2995845156
1"
#2995877344
1!
#2996272906
0"
#2996305094
0!
#2996700656
1"
#2996732844
1!
#2997128406
0"
#2997156344
0!
#2997556156
1"
#2997579844
1!
#2997979656
0"
#2998003344
0!
#2998403156
1"
#2998426844
1!
#2998826656
0"
#2998847094
0!
#2999250156
1"
#2999267344
1!
#2999670406
0"
#2999687594
0!
#3000090656
1"
#3000107844
1!
#3000510906
0"
#3000524594
0!
#3000931156
1"
#3000941344
1!
#3001347906
0"
#3001358094
0!
#3001764656
1"
#3001774844
1!
#3002181406
0"
#3002188344
0!
#3002598156
1"
#3002601844
1!
#3003011656
0"
#3003015344
0!
#3003425156
1"
#3003428844
1!
#3003838656
0"
#3003838844
0!
#3004248844
1!
#3004252156
1"
#3004658844
0!
#3004662156
0"
#3005068844
1!
#3005072156
1"
#3005475594
0!
#3005482156
0"
#3005882344
1!
#3005892156
1"
#3006289094
0!
#3006298906
0"
#3006695844
1!
#3006705656
1"
#3007099344
0!
#3007112406
0"
#3007502844
1!
#3007519156
1"
#3007906344
0!
#3007922656
0"
#3008309844
1!
#3008326156
1"
#3008710094
0!
#3008729656
0"
#3009110344
1!
#3009133156
1"
#3009510594
0!
#3009533406
0"
#3009910844
1!
#3009933656
1"
#3010308344
0!
#3010333906
0"
#3010705844
1!
#3010734156
1"
#3011103344
0!
#3011131656
0"
#3011500844
1!
#3011529156
1"
#3011895094
0!
#3011926656
0"
#3012289344
1!
#3012324156
1"
#3012683594
0!
#3012718406
0"
#3013077844
1!
#3013112656
1"
#3013469344
0!
#3013506906
0"
#3013860844
1!
#3013901156
1"
#3014252344
0!
#3014292656
0"
#3014643844
1!
#3014684156
1"
#3015032344
0!
#3015075656
0"
#3015420844
1!
#3015467156
1"
#3015809344
0!
#3015855656
0"
#3016197844
1!
#3016244156
1"
#3016583594
0!
#3016632656
0"
#3016969344
1!
#3017021156
1"
#3017355094
0!
#3017406906
0"
#3017740844
1!
#3017792656
1"
#3018124094
0!
#3018178406
0"
#3018507344
1!
#3018564156
1"
#3018890594
0!
#3018947406
0"
#3019273844
1!
#3019330656
1"
#3019654594
0!
#3019713906
0"
#3020035344
1!
#3020097156
1"
#3020416094
0!
#3020477906
0"
#3020796844
1!
#3020858656
1"
#3021174844
0!
#3021239406
0"
#3021552844
1!
#3021620156
1"
#3021930844
0!
#3021998156
0"
#3022308844
1!
#3022376156
1"
#3022684344
0!
#3022754156
0"
#3023059844
1!
#3023132156
1"
#3023435344
0!
#3023507656
0"
#3023810844
1!
#3023883156
1"
#3024183844
0!
#3024258656
0"
#3024556844
1!
#3024634156
1"
#3024929844
0!
#3025007156
0"
#3025302844
1!
#3025380156
1"
#3025673344
0!
#3025753156
0"
#3026043844
1!
#3026126156
1"
#3026414344
0!
#3026496656
0"
#3026784844
1!
#3026867156
1"
#3027152844
0!
#3027237656
0"
#3027520844
1!
#3027608156
1"
#3027888844
0!
#3027976156
0"
#3028256844
1!
#3028344156
1"
#3028622344
0!
#3028712156
0"
#3028987844
1!
#3029080156
1"
#3029353344
0!
#3029445656
0"
#3029718844
1!
#3029811156
1"
#3030081844
0!
#3030176656
0"
#3030444844
1!
#3030542156
1"
#3030807844
0!
#3030905156
0"
#3031170844
1!
#3031268156
1"
#3031531844
0!
#3031631156
0"
#3031892844
1!
#3031994156
1"
#3032253844
0!
#3032355156
0"
#3032614844
1!
#3032716156
1"
#3032973594
0!
#3033077156
0"
#3033332344
1!
#3033438156
1"
#3033691094
0!
#3033796906
0"
#3034049844
1!
#3034155656
1"
#3034406594
0!
#3034514406
0"
#3034763344
1!
#3034873156
1"
#3035120094
0!
#3035229906
0"
#3035476844
1!
#3035586656
1"
#3035831094
0!
#3035943406
0"
#3036185344
1!
#3036300156
1"
#3036539594
0!
#3036654406
0"
#3036893844
1!
#3037008656
1"
#3037246094
0!
#3037362906
0"
#3037598344
1!
#3037717156
1"
#3037950594
0!
#3038069406
0"
#3038302844
1!
#3038421656
1"
#3038652844
0!
#3038773906
0"
#3039002844
1!
#3039126156
1"
#3039352844
0!
#3039476156
0"
#3039702844
1!
#3039826156
1"
#3040051094
0!
#3040176156
0"
#3040399344
1!
#3040526156
1"
#3040747594
0!
#3040874406
0"
#3041095844
1!
#3041222656
1"
#3041442094
0!
#3041570906
0"
#3041788344
1!
#3041919156
1"
#3042134594
0!
#3042265406
0"
#3042480844
1!
#3042611656
1"
#3042825344
0!
#3042957906
0"
#3043169844
1!
#3043304156
1"
#3043514344
0!
#3043648656
0"
#3043858844
1!
#3043993156
1"
#3044200844
0!
#3044337656
0"
#3044542844
1!
#3044682156
1"
#3044884844
0!
#3045024156
0"
#3045226844
1!
#3045366156
1"
#3045567094
0!
#3045708156
0"
#3045907344
1!
#3046050156
1"
#3046247594
0!
#3046390406
0"
#3046587844
1!
#3046730656
1"
#3046926094
0!
#3047070906
0"
#3047264344
1!
#3047411156
1"
#3047602594
0!
#3047749406
0"
#3047940844
1!
#3048087656
1"
#3048277344
0!
#3048425906
0"
#3048613844
1!
#3048764156
1"
#3048950344
0!
#3049100656
0"
#3049286844
1!
#3049437156
1"
#3049621594
0!
#3049773656
0"
#3049956344
1!
#3050110156
1"
#3050291094
0!
#3050444906
0"
#3050625844
1!
#3050779656
1"
#3050958844
0!
#3051114406
0"
#3051291844
1!
#3051449156
1"
#3051624844
0!
#3051782156
0"
#3051957844
1!
#3052115156
1"
#3052288094
0!
#3052448156
0"
#3052618344
1!
#3052781156
1"
#3052948594
0!
#3053111406
0"
#3053278844
1!
#3053441656
1"
#3053609094
0!
#3053771906
0"
#3053939344
1!
#3054102156
1"
#3054267344
0!
#3054432406
0"
#3054595344
1!
#3054762656
1"
#3054923344
0!
#3055090656
0"
#3055251344
1!
#3055418656
1"
#3055579344
0!
#3055746656
0"
#3055907344
1!
#3056074656
1"
#3056232844
0!
#3056402656
0"
#3056558344
1!
#3056730656
1"
#3056883844
0!
#3057056156
0"
#3057209344
1!
#3057381656
1"
#3057534844
0!
#3057707156
0"
#3057860344
1!
#3058032656
1"
#3058183094
0!
#3058358156
0"
#3058505844
1!
#3058683656
1"
#3058828594
0!
#3059006406
0"
#3059151344
1!
#3059329156
1"
#3059474094
0!
#3059651906
0"
#3059796844
1!
#3059974656
1"
#3060117344
0!
#3060297406
0"
#3060437844
1!
#3060620156
1"
#3060758344
0!
#3060940656
0"
#3061078844
1!
#3061261156
1"
#3061399344
0!
#3061581656
0"
#3061719844
1!
#3061902156
1"
#3062037844
0!
#3062222656
0"
#3062355844
1!
#3062543156
1"
#3062673844
0!
#3062861156
0"
#3062991844
1!
#3063179156
1"
#3063309844
0!
#3063497156
0"
#3063627844
1!
#3063815156
1"
#3063943594
0!
#3064133156
0"
#3064259344
1!
#3064451156
1"
#3064575094
0!
#3064766906
0"
#3064890844
1!
#3065082656
1"
#3065206594
0!
#3065398406
0"
#3065522344
1!
#3065714156
1"
#3065836094
0!
#3066029906
0"
#3066149844
1!
#3066345656
1"
#3066463594
0!
#3066659406
0"
#3066777344
1!
#3066973156
1"
#3067091094
0!
#3067286906
0"
#3067404844
1!
#3067600656
1"
#3067716344
0!
#3067914406
0"
#3068027844
1!
#3068228156
1"
#3068339344
0!
#3068539656
0"
#3068650844
1!
#3068851156
1"
#3068962344
0!
#3069162656
0"
#3069273844
1!
#3069474156
1"
#3069582844
0!
#3069785656
0"
#3069891844
1!
#3070097156
1"
#3070200844
0!
#3070406156
0"
#3070509844
1!
#3070715156
1"
#3070818844
0!
#3071024156
0"
#3071127844
1!
#3071333156
1"
#3071434844
0!
#3071642156
0"
#3071741844
1!
#3071951156
1"
#3072048844
0!
#3072258156
0"
#3072355844
1!
#3072565156
1"
#3072662844
0!
#3072872156
0"
#3072969844
1!
#3073179156
1"
#3073274844
0!
#3073486156
0"
#3073579844
1!
#3073793156
1"
#3073884844
0!
#3074098156
0"
#3074189844
1!
#3074403156
1"
#3074494844
0!
#3074708156
0"
#3074799844
1!
#3075013156
1"
#3075103094
0!
#3075318156
0"
#3075406344
1!
#3075623156
1"
#3075709594
0!
#3075926406
0"
#3076012844
1!
#3076229656
1"
#3076316094
0!
#3076532906
0"
#3076619344
1!
#3076836156
1"
#3076920594
0!
#3077139406
0"
#3077221844
1!
#3077442656
1"
#3077523094
0!
#3077743906
0"
#3077824344
1!
#3078045156
1"
#3078125594
0!
#3078346406
0"
#3078426844
1!
#3078647656
1"
#3078726094
0!
#3078948906
0"
#3079025344
1!
#3079250156
1"
#3079324594
0!
#3079549406
0"
#3079623844
1!
#3079848656
1"
#3079923094
0!
#3080147906
0"
#3080222344
1!
#3080447156
1"
#3080519344
0!
#3080746406
0"
#3080816344
1!
#3081045656
1"
#3081113344
0!
#3081342656
0"
#3081410344
1!
#3081639656
1"
#3081707344
0!
#3081936656
0"
#3082004344
1!
#3082233656
1"
#3082299844
0!
#3082530656
0"
#3082595344
1!
#3082827656
1"
#3082890844
0!
#3083123156
0"
#3083186344
1!
#3083418656
1"
#3083481844
0!
#3083714156
0"
#3083777344
1!
#3084009656
1"
#3084070844
0!
#3084305156
0"
#3084364344
1!
#3084600656
1"
#3084657844
0!
#3084894156
0"
#3084951344
1!
#3085187656
1"
#3085244844
0!
#3085481156
0"
#3085538344
1!
#3085774656
1"
#3085829844
0!
#3086068156
0"
#3086121344
1!
#3086361656
1"
#3086412844
0!
#3086653156
0"
#3086704344
1!
#3086944656
1"
#3086995844
0!
#3087236156
0"
#3087287344
1!
#3087527656
1"
#3087577344
0!
#3087819156
0"
#3087867344
1!
#3088110656
1"
#3088157344
0!
#3088400656
0"
#3088447344
1!
#3088690656
1"
#3088737344
0!
#3088980656
0"
#3089027344
1!
#3089270656
1"
#3089315344
0!
#3089560656
0"
#3089603344
1!
#3089850656
1"
#3089891344
0!
#3090138656
0"
#3090179344
1!
#3090426656
1"
#3090467344
0!
#3090714656
0"
#3090755344
1!
#3091002656
1"
#3091041844
0!
#3091290656
0"
#3091328344
1!
#3091578656
1"
#3091614844
0!
#3091865156
0"
#3091901344
1!
#3092151656
1"
#3092187844
0!
#3092438156
0"
#3092474344
1!
#3092724656
1"
#3092759344
0!
#3093011156
0"
#3093044344
1!
#3093297656
1"
#3093329344
0!
#3093582656
0"
#3093614344
1!
#3093867656
1"
#3093899344
0!
#3094152656
0"
#3094184344
1!
#3094437656
1"
#3094467844
0!
#3094722656
0"
#3094751344
1!
#3095007656
1"
#3095034844
0!
#3095291156
0"
#3095318344
1!
#3095574656
1"
#3095601844
0!
#3095858156
0"
#3095885344
1!
#3096141656
1"
#3096166844
0!
#3096425156
0"
#3096448344
1!
#3096708656
1"
#3096729844
0!
#3096990156
0"
#3097011344
1!
#3097271656
1"
#3097292844
0!
#3097553156
0"
#3097574344
1!
#3097834656
1"
#3097854344
0!
#3098116156
0"
#3098134344
1!
#3098397656
1"
#3098414344
0!
#3098677656
0"
#3098694344
1!
#3098957656
1"
#3098974344
0!
#3099237656
0"
#3099254344
1!
#3099517656
1"
#3099532844
0!
#3099797656
0"
#3099811344
1!
#3100077656
1"
#3100089844
0!
#3100356156
0"
#3100368344
1!
#3100634656
1"
#3100646844
0!
#3100913156
0"
#3100925344
1!
#3101191656
1"
#3101202344
0!
#3101470156
0"
#3101479344
1!
#3101748656
1"
#3101756344
0!
#3102025656
0"
#3102033344
1!
#3102302656
1"
#3102310344
0!
#3102579656
0"
#3102587344
1!
#3102856656
1"
#3102862844
0!
#3103133656
0"
#3103138344
1!
#3103410656
1"
#3103413844
0!
#3103686156
0"
#3103689344
1!
#3103961656
1"
#3103964844
0!
#3104237156
0"
#3104240344
1!
#3104512656
1"
#3104514344
0!
#3104788156
0"
#3104788344
1!
#3105062344
0!
#3105063656
1"
#3105336344
1!
#3105337656
0"
#3105610344
0!
#3105611656
1"
#3105884344
1!
#3105885656
0"
#3106156844
0!
#3106159656
1"
#3106429344
1!
#3106433656
0"
#3106701844
0!
#3106707656
1"
#3106974344
1!
#3106980156
0"
#3107246844
0!
#3107252656
1"
#3107519344
1!
#3107525156
0"
#3107790344
0!
#3107797656
1"
#3108061344
1!
#3108070156
0"
#3108332344
0!
#3108342656
1"
#3108603344
1!
#3108613656
0"
#3108874344
0!
#3108884656
1"
#3109145344
1!
#3109155656
0"
#3109414844
0!
#3109426656
1"
#3109684344
1!
#3109697656
0"
#3109953844
0!
#3109968656
1"
#3110223344
1!
#3110238156
0"
#3110492844
0!
#3110507656
1"
#3110762344
1!
#3110777156
0"
#3111030344
0!
#3111046656
1"
#3111298344
1!
#3111316156
0"
#3111566344
0!
#3111585656
1"
#3111834344
1!
#3111853656
0"
#3112102344
0!
#3112121656
1"
#3112370344
1!
#3112389656
0"
#3112637344
0!
#3112657656
1"
#3112904344
1!
#3112925656
0"
#3113171344
0!
#3113193656
1"
#3113438344
1!
#3113460656
0"
#3113705344
0!
#3113727656
1"
#3113972344
1!
#3113994656
0"
#3114238094
0!
#3114261656
1"
#3114503844
1!
#3114528656
0"
#3114769594
0!
#3114795656
1"
#3115035344
1!
#3115061406
0"
#3115301094
0!
#3115327156
1"
#3115566844
1!
#3115592906
0"
#3115831094
0!
#3115858656
1"
#3116095344
1!
#3116124406
0"
#3116359594
0!
#3116390156
1"
#3116623844
1!
#3116654406
0"
#3116888094
0!
#3116918656
1"
#3117152344
1!
#3117182906
0"
#3117415094
0!
#3117447156
1"
#3117677844
1!
#3117711406
0"
#3117940594
0!
#3117975656
1"
#3118203344
1!
#3118238406
0"
#3118466094
0!
#3118501156
1"
#3118728844
1!
#3118763906
0"
#3118990344
0!
#3119026656
1"
#3119251844
1!
#3119289406
0"
#3119513344
0!
#3119552156
1"
#3119774844
1!
#3119813656
0"
#3120036344
0!
#3120075156
1"
#3120297844
1!
#3120336656
0"
#3120558094
0!
#3120598156
1"
#3120818344
1!
#3120859656
0"
#3121078594
0!
#3121121156
1"
#3121338844
1!
#3121381406
0"
#3121599094
0!
#3121641656
1"
#3121859344
1!
#3121901906
0"
#3122118094
0!
#3122162156
1"
#3122376844
1!
#3122422406
0"
#3122635594
0!
#3122682656
1"
#3122894344
1!
#3122941406
0"
#3123153094
0!
#3123200156
1"
#3123411844
1!
#3123458906
0"
#3123669594
0!
#3123717656
1"
#3123927344
1!
#3123976406
0"
#3124185094
0!
#3124235156
1"
#3124442844
1!
#3124492906
0"
#3124700594
0!
#3124750656
1"
#3124958344
1!
#3125008406
0"
#3125214844
0!
#3125266156
1"
#3125471344
1!
#3125523906
0"
#3125727844
0!
#3125781656
1"
#3125984344
1!
#3126038156
0"
#3126240844
0!
#3126294656
1"
#3126497344
1!
#3126551156
0"
#3126752594
0!
#3126807656
1"
#3127007844
1!
#3127064156
0"
#3127263094
0!
#3127320656
1"
#3127518344
1!
#3127575906
0"
#3127773594
0!
#3127831156
1"
#3128028844
1!
#3128086406
0"
#3128283094
0!
#3128341656
1"
#3128537344
1!
#3128596906
0"
#3128791594
0!
#3128852156
1"
#3129045844
1!
#3129106406
0"
#3129300094
0!
#3129360656
1"
#3129554344
1!
#3129614906
0"
#3129807219
0!
#3129869156
1"
#3130060094
1!
#3130123406
0"
#3130312969
0!
#3130377656
1"
#3130565844
1!
#3130630531
0"
#3130818719
0!
#3130883406
1"
#3131071594
1!
#3131136281
0"
#3131323469
0!
#3131389156
1"
#3131575344
1!
#3131642031
0"
#3131827219
0!
#3131894906
1"
#3132079094
1!
#3132146781
0"
#3132330969
0!
#3132398656
1"
#3132582844
1!
#3132650531
0"
#3132833344
0!
#3132902406
1"
#3133083844
1!
#3133154281
0"
#3133334344
0!
#3133406156
1"
#3133584844
1!
#3133656656
0"
#3133835344
0!
#3133907156
1"
#3134085844
1!
#3134157656
0"
#3134335844
0!
#3134408156
1"
#3134585844
1!
#3134658656
0"
#3134835844
0!
#3134909156
1"
#3135085844
1!
#3135158656
0"
#3135335844
0!
#3135408156
1"
#3135585844
1!
#3135657656
0"
#3135835844
0!
#3135907156
1"
#3136085844
1!
#3136156656
0"
#3136335844
0!
#3136406156
1"
#3136585844
1!
#3136654406
0"
#3136835844
0!
#3136902656
1"
#3137085844
1!
#3137150906
0"
#3137335844
0!
#3137399156
1"
#3137585844
1!
#3137647406
0"
#3137835844
0!
#3137895656
1"
#3138085844
1!
#3138143906
0"
#3138335844
0!
#3138392156
1"
#3138585844
1!
#3138638656
0"
#3138835844
0!
#3138885156
1"
#3139085844
1!
#3139131656
0"
#3139335844
0!
#3139378156
1"
#3139585844
1!
#3139624656
0"
#3139835844
0!
#3139871156
1"
#3140085844
1!
#3140117656
0"
#3140335844
0!
#3140364156
1"
#3140585844
1!
#3140609281
0"
#3140835844
0!
#3140854406
1"
#3141085844
1!
#3141099531
0"
#3141335844
0!
#3141344656
1"
#3141585844
1!
#3141589781
0"
#3141834906
1"
#3141835844
0!
#3142080031
0"
#3142085844
1!
#3142325156
1"
#3142335844
0!
#3142569031
0"
#3142585844
1!
#3142812906
1"
#3142835844
0!
#3143056781
0"
#3143085844
1!
#3143300656
1"
#3143335844
0!
#3143544531
0"
#3143585844
1!
#3143788406
1"
#3143835844
0!
#3144032281
0"
#3144085844
1!
#3144276156
1"
#3144335844
0!
#3144518656
0"
#3144585844
1!
#3144761156
1"
#3144835844
0!
#3145003656
0"
#3145085844
1!
#3145246156
1"
#3145335844
0!
#3145488656
0"
#3145585844
1!
#3145731156
1"
#3145835844
0!
#3145973656
0"
#3146085844
1!
#3146216156
1"
#3146335844
0!
#3146457031
0"
#3146585844
1!
#3146697906
1"
#3146835844
0!
#3146938781
0"
#3147085844
1!
#3147179656
1"
#3147335844
0!
#3147420531
0"
#3147585844
1!
#3147661406
1"
#3147835844
0!
#3147902281
0"
#3148085844
1!
#3148143156
1"
#3148335844
0!
#3148382781
0"
#3148585844
1!
#3148622406
1"
#3148835844
0!
#3148862031
0"
#3149085844
1!
#3149101656
1"
#3149335844
0!
#3149341281
0"
#3149580906
1"
#3149585844
1!
#3149820531
0"
#3149835844
0!
#3150060156
1"
#3150085844
1!
#3150298531
0"
#3150335844
0!
#3150536906
1"
#3150585844
1!
#3150775281
0"
#3150835844
0!
#3151013656
1"
#3151085844
1!
#3151252031
0"
#3151335844
0!
#3151490406
1"
#3151585844
1!
#3151728781
0"
#3151835844
0!
#3151967156
1"
#3152085844
1!
#3152204156
0"
#3152335844
0!
#3152441156
1"
#3152585844
1!
#3152678156
0"
#3152835844
0!
#3152915156
1"
#3153085844
1!
#3153152156
0"
#3153335844
0!
#3153389156
1"
#3153585844
1!
#3153626156
0"
#3153835844
0!
#3153863156
1"
#3154085844
1!
#3154098906
0"
#3154334656
1"
#3154335844
0!
#3154570406
0"
#3154585844
1!
#3154806156
1"
#3154835844
0!
#3155041906
0"
#3155085844
1!
#3155277656
1"
#3155335844
0!
#3155513406
0"
#3155585844
1!
#3155749156
1"
#3155835844
0!
#3155983656
0"
#3156085844
1!
#3156218156
1"
#3156336719
0!
#3156452656
0"
#3156587594
1!
#3156687156
1"
#3156838469
0!
#3156921656
0"
#3157089344
1!
#3157156156
1"
#3157340219
0!
#3157390656
0"
#3157591094
1!
#3157625156
1"
#3157841969
0!
#3157858656
0"
#3158092156
1"
#3158092844
1!
#3158325656
0"
#3158345094
0!
#3158559156
1"
#3158597344
1!
#3158792656
0"
#3158849594
0!
#3159026156
1"
#3159101844
1!
#3159259656
0"
#3159354094
0!
#3159493156
1"
#3159606344
1!
#3159725406
0"
#3159859594
0!
#3159957656
1"
#3160112844
1!
#3160189906
0"
#3160366094
0!
#3160422156
1"
#3160619344
1!
#3160654406
0"
#3160872594
0!
#3160886656
1"
#3161118906
0"
#3161125844
1!
#3161351156
1"
#3161380469
0!
#3161582156
0"
#3161635094
1!
#3161813156
1"
#3161889719
0!
#3162044156
0"
#3162144344
1!
#3162275156
1"
#3162398969
0!
#3162506156
0"
#3162653594
1!
#3162737156
1"
#3162909219
0!
#3162968156
0"
#3163164844
1!
#3163199156
1"
#3163420469
0!
#3163428906
0"
#3163658656
1"
#3163676094
1!
#3163888406
0"
#3163931719
0!
#3164118156
1"
#3164187344
1!
#3164347906
0"
#3164444594
0!
#3164577656
1"
#3164701844
1!
#3164807406
0"
#3164959094
0!
#3165037156
1"
#3165216344
1!
#3165265656
0"
#3165473594
0!
#3165494156
1"
#3165722656
0"
#3165730844
1!
#3165951156
1"
#3165988844
0!
#3166179656
0"
#3166246844
1!
#3166408156
1"
#3166504844
0!
#3166636656
0"
#3166762844
1!
#3166865156
1"
#3167020844
0!
#3167092781
0"
#3167278844
1!
#3167320406
1"
#3167538344
0!
#3167548031
0"
#3167775656
1"
#3167797844
1!
#3168003281
0"
#3168057344
0!
#3168230906
1"
#3168316844
1!
#3168458531
0"
#3168576344
0!
#3168686156
1"
#3168835844
1!
#3168912531
0"
#3169096594
0!
#3169138906
1"
#3169357344
1!
#3169365281
0"
#3169591656
1"
#3169618094
0!
#3169818031
0"
#3169878844
1!
#3170044406
1"
#3170139594
0!
#3170270781
0"
#3170400344
1!
#3170497156
1"
#3170662344
0!
#3170722531
0"
#3170924344
1!
#3170947906
1"
#3171173281
0"
#3171186344
0!
#3171398656
1"
#3171448344
1!
#3171624031
0"
#3171710344
0!
#3171849406
1"
#3171972344
1!
#3172074781
0"
#3172235844
0!
#3172300156
1"
#3172499344
1!
#3172524406
0"
#3172748656
1"
#3172762844
0!
#3172972906
0"
#3173026344
1!
#3173197156
1"
#3173289844
0!
#3173421406
0"
#3173553344
1!
#3173645656
1"
#3173817844
0!
#3173869906
0"
#3174082344
1!
#3174094156
1"
#3174317156
0"
#3174346844
0!
#3174540156
1"
#3174611344
1!
#3174763156
0"
#3174875844
0!
#3174986156
1"
#3175140344
1!
#3175209156
0"
#3175406344
0!
#3175432156
1"
#3175655156
0"
#3175672344
1!
#3175878156
1"
#3175938344
0!
#3176100281
0"
#3176204344
1!
#3176322406
1"
#3176470344
0!
#3176544531
0"
#3176736344
1!
#3176766656
1"
#3176988781
0"
#3177003594
0!
#3177210906
1"
#3177270844
1!
#3177433031
0"
#3177538094
0!
#3177655156
1"
#3177805344
1!
#3177876031
0"
#3178072594
0!
#3178096906
1"
#3178317781
0"
#3178339844
1!
#3178538656
1"
#3178608594
0!
#3178759531
0"
#3178877344
1!
#3178980406
1"
#3179146094
0!
#3179201281
0"
#3179414844
1!
#3179422156
1"
#3179642156
0"
#3179683594
0!
#3179862156
1"
#3179952344
1!
#3180082156
0"
#3180222344
0!
#3180302156
1"
#3180492344
1!
#3180522156
0"
#3180742156
1"
#3180762344
0!
#3180962156
0"
#3181032344
1!
#3181182156
1"
#3181302344
0!
#3181401281
0"
#3181572344
1!
#3181620406
1"
#3181839531
0"
#3181843844
0!
#3182058656
1"
#3182115344
1!
#3182277781
0"
#3182386844
0!
#3182496906
1"
#3182658344
1!
#3182716031
0"
#3182929844
0!
#3182935156
1"
#3183153156
0"
#3183201344
1!
#3183371156
1"
#3183474344
0!
#3183589156
0"
#3183747344
1!
#3183807156
1"
#3184020344
0!
#3184025156
0"
#3184243156
1"
#3184293344
1!
#3184461156
0"
#3184566344
0!
#3184679156
1"
#3184839344
1!
#3184896156
0"
#3185113156
1"
#3185113844
0!
#3185330156
0"
#3185388344
1!
#3185547156
1"
#3185662844
0!
#3185764156
0"
#3185937344
1!
#3185981156
1"
#3186198156
0"
#3186211844
0!
#3186415156
1"
#3186486344
1!
#3186632156
0"
#3186762344
0!
#3186849156
1"
#3187038344
1!
#3187066156
0"
#3187283156
1"
#3187314344
0!
#3187501156
0"
#3187590344
1!
#3187719156
1"
#3187866344
0!
#3187937156
0"
#3188142344
1!
#3188155156
1"
#3188373156
0"
#3188419844
0!
#3188591156
1"
#3188697344
1!
#3188809156
0"
#3188974844
0!
#3189027156
1"
#3189246281
0"
#3189252344
1!
#3189465406
1"
#3189529844
0!
#3189684531
0"
#3189807344
1!
#3189903656
1"
#3190086344
0!
#3190122781
0"
#3190341906
1"
#3190365344
1!
#3190561031
0"
#3190644344
0!
#3190780156
1"
#3190923344
1!
#3191000156
0"
#3191202344
0!
#3191220156
1"
#3191440156
0"
#3191481344
1!
#3191660156
1"
#3191762094
0!
#3191880156
0"
#3192042844
1!
#3192100156
1"
#3192320156
0"
#3192323594
0!
#3192540156
1"
#3192604344
1!
#3192761031
0"
#3192885094
0!
#3192981906
1"
#3193165844
1!
#3193202781
0"
#3193423656
1"
#3193448094
0!
#3193644531
0"
#3193730344
1!
#3193865406
1"
#3194012594
0!
#3194086281
0"
#3194294844
1!
#3194307156
1"
#3194529281
0"
#3194577094
0!
#3194751406
1"
#3194859344
1!
#3194973531
0"
#3195143094
0!
#3195195656
1"
#3195417781
0"
#3195426844
1!
#3195639906
1"
#3195710594
0!
#3195862031
0"
#3195994344
1!
#3196084156
1"
#3196278094
0!
#3196307156
0"
#3196530156
1"
#3196561844
1!
#3196753156
0"
#3196847094
0!
#3196976156
1"
#3197132344
1!
#3197199156
0"
#3197417594
0!
#3197422156
1"
#3197645156
0"
#3197702844
1!
#3197868156
1"
#3197988094
0!
#3198092406
0"
#3198273344
1!
#3198316656
1"
#3198540906
0"
#3198560094
0!
#3198765156
1"
#3198846844
1!
#3198989406
0"
#3199133594
0!
#3199213656
1"
#3199420344
1!
#3199437906
0"
#3199662156
1"
#3199707094
0!
#3199887531
0"
#3199993844
1!
#3200112906
1"
#3200282844
0!
#3200338281
0"
#3200563656
1"
#3200571844
1!
#3200789031
0"
#3200860844
0!
#3201014406
1"
#3201149844
1!
#3201239781
0"
#3201438844
0!
#3201465156
1"
#3201691531
0"
#3201727844
1!
#3201917906
1"
#3202018344
0!
#3202144281
0"
#3202308844
1!
#3202370656
1"
#3202597031
0"
#3202599344
0!
#3202823406
1"
#3202889844
1!
#3203049781
0"
#3203180344
0!
#3203276156
1"
#3203470844
1!
#3203503781
0"
#3203731406
1"
#3203763094
0!
#3203959031
0"
#3204055344
1!
#3204186656
1"
#3204347594
0!
#3204414281
0"
#3204639844
1!
#3204641906
1"
#3204869531
0"
#3204932094
0!
#3205097156
1"
#3205224344
1!
#3205325656
0"
#3205518344
0!
#3205554156
1"
#3205782656
0"
#3205812344
1!
#3206011156
1"
#3206106344
0!
#3206239656
0"
#3206400344
1!
#3206468156
1"
#3206694344
0!
#3206696656
0"
#3206925156
1"
#3206988344
1!
#3207154906
0"
#3207284344
0!
#3207384656
1"
#3207580344
1!
#3207614406
0"
#3207844156
1"
#3207876344
0!
#3208073906
0"
#3208172344
1!
#3208303656
1"
#3208468344
0!
#3208533406
0"
#3208763156
1"
#3208764344
1!
#3208994156
0"
#3209062344
0!
#3209225156
1"
#3209360344
1!
#3209456156
0"
#3209658344
0!
#3209687156
1"
#3209918156
0"
#3209956344
1!
#3210149156
1"
#3210254344
0!
#3210380156
0"
#3210552344
1!
#3210611156
1"
#3210843406
0"
#3210851844
0!
#3211075656
1"
#3211151344
1!
#3211307906
0"
#3211450844
0!
#3211540156
1"
#3211750344
1!
#3211772406
0"
#3212004656
1"
#3212049844
0!
#3212236906
0"
#3212349344
1!
#3212469156
1"
#3212651094
0!
#3212702656
0"
#3212936156
1"
#3212952844
1!
#3213169656
0"
#3213254594
0!
#3213403156
1"
#3213556344
1!
#3213636656
0"
#3213858094
0!
#3213870156
1"
#3214103656
0"
#3214159844
1!
#3214337156
1"
#3214463344
0!
#3214571656
0"
#3214766844
1!
#3214806156
1"
#3215040656
0"
#3215070344
0!
#3215275156
1"
#3215373844
1!
#3215509656
0"
#3215677344
0!
#3215744156
1"
#3215978656
0"
#3215980844
1!
#3216213156
1"
#3216286594
0!
#3216448906
0"
#3216592344
1!
#3216684656
1"
#3216898094
0!
#3216920406
0"
#3217156156
1"
#3217203844
1!
#3217391906
0"
#3217509594
0!
#3217627656
1"
#3217815344
1!
#3217863406
0"
#3218099156
1"
#3218123094
0!
#3218336156
0"
#3218430844
1!
#3218573156
1"
#3218738594
0!
#3218810156
0"
#3219046344
1!
#3219047156
1"
#3219284156
0"
#3219354094
0!
#3219521156
1"
#3219661844
1!
#3219758156
0"
#3219971844
0!
#3219995156
1"
#3220233531
0"
#3220281844
1!
#3220471906
1"
#3220591844
0!
#3220710281
0"
#3220901844
1!
#3220948656
1"
#3221187031
0"
#3221211844
0!
#3221425406
1"
#3221521844
1!
#3221663781
0"
#3221833844
0!
#3221902156
1"
#3222141781
0"
#3222145844
1!
#3222381406
1"
#3222457844
0!
#3222621031
0"
#3222769844
1!
#3222860656
1"
#3223081844
0!
#3223100281
0"
#3223339906
1"
#3223393844
1!
#3223579531
0"
#3223708344
0!
#3223819156
1"
#3224022844
1!
#3224060031
0"
#3224300906
1"
#3224337344
0!
#3224541781
0"
#3224651844
1!
#3224782656
1"
#3224966344
0!
#3225023531
0"
#3225264406
1"
#3225280844
1!
#3225505281
0"
#3225597594
0!
#3225746156
1"
#3225914344
1!
#3225988656
0"
#3226231094
0!
#3226231156
1"
#3226473656
0"
#3226547844
1!
#3226716156
1"
#3226864594
0!
#3226958656
0"
#3227181344
1!
#3227201156
1"
#3227443656
0"
#3227500094
0!
#3227686156
1"
#3227818844
1!
#3227930031
0"
#3228137594
0!
#3228173906
1"
#3228417781
0"
#3228456344
1!
#3228661656
1"
#3228775094
0!
#3228905531
0"
#3229093844
1!
#3229149406
1"
#3229393281
0"
#3229415344
0!
#3229637156
1"
#3229736844
1!
#3229882281
0"
#3230058344
0!
#3230127406
1"
#3230372531
0"
#3230379844
1!
#3230617656
1"
#3230701344
0!
#3230862781
0"
#3231022844
1!
#3231107906
1"
#3231346344
0!
#3231353031
0"
#3231598156
1"
#3231669844
1!
#3231844656
0"
#3231993344
0!
#3232091156
1"
#3232316844
1!
#3232337656
0"
#3232584156
1"
#3232640344
0!
#3232830656
0"
#3232963844
1!
#3233077156
1"
#3233290094
0!
#3233323656
0"
#3233570156
1"
#3233616344
1!
#3233818406
0"
#3233942594
0!
#3234066656
1"
#3234268844
1!
#3234314906
0"
#3234563156
1"
#3234595094
0!
#3234811406
0"
#3234921344
1!
#3235059656
1"
#3235249844
0!
#3235307906
0"
#3235556156
1"
#3235578344
1!
#3235805656
0"
#3235906844
0!
#3236055156
1"
#3236235344
1!
#3236304656
0"
#3236554156
1"
#3236563844
0!
#3236803656
0"
#3236892344
1!
#3237053156
1"
#3237223344
0!
#3237302656
0"
#3237552156
1"
#3237554344
1!
#3237803031
0"
#3237885344
0!
#3238053906
1"
#3238216344
1!
#3238304781
0"
#3238547344
0!
#3238555656
1"
#3238806531
0"
#3238878344
1!
#3239057406
1"
#3239212094
0!
#3239308281
0"
#3239545844
1!
#3239559156
1"
#3239811406
0"
#3239879594
0!
#3240063656
1"
#3240213344
1!
#3240315906
0"
#3240547094
0!
#3240568156
1"
#3240820406
0"
#3240880844
1!
#3241072656
1"
#3241216344
0!
#3241325906
0"
#3241551844
1!
#3241579156
1"
#3241832406
0"
#3241887344
0!
#3242085656
1"
#3242222844
1!
#3242338906
0"
#3242560344
0!
#3242592156
1"
#3242846781
0"
#3242897844
1!
#3243101406
1"
#3243235344
0!
#3243356031
0"
#3243572844
1!
#3243610656
1"
#3243865281
0"
#3243912094
0!
#3244119906
1"
#3244251344
1!
#3244375531
0"
#3244590594
0!
#3244631156
1"
#3244886781
0"
#3244929844
1!
#3245142406
1"
#3245270844
0!
#3245398031
0"
#3245611844
1!
#3245653656
1"
#3245910906
0"
#3245952844
0!
#3246168156
1"
#3246293844
1!
#3246425406
0"
#3246636844
0!
#3246682656
1"
#3246939906
0"
#3246979844
1!
#3247197156
1"
#3247322844
0!
#3247455156
0"
#3247665844
1!
#3247713156
1"
#3247971156
0"
#3248011094
0!
#3248229156
1"
#3248356344
1!
#3248487156
0"
#3248701594
0!
#3248745156
1"
#3249004656
0"
#3249046844
1!
#3249264156
1"
#3249394094
0!
#3249523656
0"
#3249741344
1!
#3249783156
1"
#3250042656
0"
#3250088594
0!
#3250302156
1"
#3250435844
1!
#3250562906
0"
#3250784844
0!
#3250823656
1"
#3251084406
0"
#3251133844
1!
#3251345156
1"
#3251482844
0!
#3251605906
0"
#3251831844
1!
#3251866656
1"
#3252128656
0"
#3252182844
0!
#3252390656
1"
#3252533844
1!
#3252652656
0"
#3252884844
0!
#3252914656
1"
#3253176656
0"
#3253235844
1!
#3253438656
1"
#3253589094
0!
#3253702156
0"
#3253942344
1!
#3253965656
1"
#3254229156
0"
#3254295594
0!
#3254492656
1"
#3254648844
1!
#3254756156
0"
#3255004094
0!
#3255019656
1"
#3255284156
0"
#3255359344
1!
#3255548656
1"
#3255714594
0!
#3255813156
0"
#3256069844
1!
#3256077656
1"
#3256342156
0"
#3256427594
0!
#3256606656
1"
#3256785344
1!
#3256872656
0"
#3257138656
1"
#3257143094
0!
#3257404656
0"
#3257500844
1!
#3257670656
1"
#3257860344
0!
#3257936656
0"
#3258202656
1"
#3258219844
1!
#3258469906
0"
#3258579344
0!
#3258737156
1"
#3258938844
1!
#3259004406
0"
#3259271656
1"
#3259300844
0!
#3259538906
0"
#3259662844
1!
#3259806156
1"
#3260024844
0!
#3260074906
0"
#3260343656
1"
#3260386844
1!
#3260612406
0"
#3260751344
0!
#3260881156
1"
#3261115844
1!
#3261149906
0"
#3261418656
1"
#3261480344
0!
#3261688656
0"
#3261844844
1!
#3261958656
1"
#3262211344
0!
#3262228656
0"
#3262498656
1"
#3262577844
1!
#3262768656
0"
#3262944344
0!
#3263038656
1"
#3263310156
0"
#3263310844
1!
#3263581656
1"
#3263679844
0!
#3263853156
0"
#3264048844
1!
#3264124656
1"
#3264396156
0"
#3264417844
0!
#3264667656
1"
#3264786844
1!
#3264940656
0"
#3265158344
0!
#3265213656
1"
#3265486656
0"
#3265529844
1!
#3265759656
1"
#3265901344
0!
#3266032656
0"
#3266272844
1!
#3266305656
1"
#3266580156
0"
#3266646844
0!
#3266854656
1"
#3267020844
1!
#3267129156
0"
#3267394844
0!
#3267403656
1"
#3267678156
0"
#3267768844
1!
#3267952656
1"
#3268145344
0!
#3268228656
0"
#3268504656
1"
#3268521844
1!
#3268780656
0"
#3268898344
0!
#3269056656
1"
#3269274844
1!
#3269332656
0"
#3269608656
1"
#3269653844
0!
#3269886156
0"
#3270032844
1!
#3270163656
1"
#3270411844
0!
#3270441156
0"
#3270718656
1"
#3270790844
1!
#3270996156
0"
#3271172594
0!
#3271273656
1"
#3271552656
0"
#3271554344
1!
#3271831656
1"
#3271936094
0!
#3272110656
0"
#3272317844
1!
#3272389656
1"
#3272668656
0"
#3272702094
0!
#3272947656
1"
#3273086344
1!
#3273228406
0"
#3273470594
0!
#3273509156
1"
#3273789906
0"
#3273854844
1!
#3274070656
1"
#3274242344
0!
#3274351406
0"
#3274629844
1!
#3274632156
1"
#3274914406
0"
#3275017344
0!
#3275196656
1"
#3275404844
1!
#3275478906
0"
#3275761156
1"
#3275794844
0!
#3276043406
0"
#3276184844
1!
#3276325656
1"
#3276574844
0!
#3276609406
0"
#3276893156
1"
#3276964844
1!
#3277176906
0"
#3277357594
0!
#3277460656
1"
#3277744406
0"
#3277750344
1!
#3278028156
1"
#3278143094
0!
#3278313406
0"
#3278535844
1!
#3278598656
1"
#3278883906
0"
#3278931844
0!
#3279169156
1"
#3279327844
1!
#3279454406
0"
#3279723844
0!
#3279739656
1"
#3280026406
0"
#3280119844
1!
#3280313156
1"
#3280518844
0!
#3280599906
0"
#3280886656
1"
#3280917844
1!
#3281173406
0"
#3281316844
0!
#3281460156
1"
#3281715844
1!
#3281749156
0"
#3282038156
1"
#3282117594
0!
#3282327156
0"
#3282519344
1!
#3282616156
1"
#3282905156
0"
#3282921094
0!
#3283194156
1"
#3283322844
1!
#3283484656
0"
#3283728094
0!
#3283775156
1"
#3284065656
0"
#3284133344
1!
#3284356156
1"
#3284538594
0!
#3284646656
0"
#3284937156
1"
#3284943844
1!
#3285229406
0"
#3285352344
0!
#3285521656
1"
#3285760844
1!
#3285813906
0"
#3286106156
1"
#3286169344
0!
#3286398406
0"
#3286577844
1!
#3286690656
1"
#3286984656
0"
#3286989594
0!
#3287278656
1"
#3287401344
1!
#3287572656
0"
#3287813094
0!
#3287866656
1"
#3288160656
0"
#3288224844
1!
#3288454656
1"
#3288640094
0!
#3288750656
0"
#3289046656
1"
#3289055344
1!
#3289342656
0"
#3289470594
0!
#3289638656
1"
#3289885844
1!
#3289934656
0"
#3290230656
1"
#3290304344
0!
#3290528656
0"
#3290722844
1!
#3290826656
1"
#3291124656
0"
#3291141344
0!
#3291422656
1"
#3291559844
1!
#3291720656
0"
#3291981844
0!
#3292018656
1"
#3292318156
0"
#3292403844
1!
#3292617656
1"
#3292825844
0!
#3292917156
0"
#3293216656
1"
#3293247844
1!
#3293516156
0"
#3293673844
0!
#3293815656
1"
#3294099844
1!
#3294117406
0"
#3294419156
1"
#3294525844
0!
#3294720906
0"
#3294951844
1!
#3295022656
1"
#3295324406
0"
#3295381094
0!
#3295626156
1"
#3295810344
1!
#3295929656
0"
#3296233156
1"
#3296239594
0!
#3296536656
0"
#3296668844
1!
#3296840156
1"
#3297102344
0!
#3297143656
0"
#3297447156
1"
#3297535844
1!
#3297752906
0"
#3297969344
0!
#3298058656
1"
#3298364406
0"
#3298402844
1!
#3298670156
1"
#3298839844
0!
#3298975906
0"
#3299276844
1!
#3299281656
1"
#3299589406
0"
#3299713844
0!
#3299897156
1"
#3300150844
1!
#3300204906
0"
#3300512656
1"
#3300592094
0!
#3300820406
0"
#3301033344
1!
#3301128156
1"
#3301438156
0"
#3301474594
0!
#3301748156
1"
#3301915844
1!
#3302058156
0"
#3302361344
0!
#3302368156
1"
#3302678156
0"
#3302806844
1!
#3302988156
1"
#3303252344
0!
#3303300156
0"
#3303612156
1"
#3303697844
1!
#3303924156
0"
#3304147344
0!
#3304236156
1"
#3304548156
0"
#3304596844
1!
#3304860156
1"
#3305046344
0!
#3305174656
0"
#3305489156
1"
#3305495844
1!
#3305803656
0"
#3305950344
0!
#3306118156
1"
#3306404844
1!
#3306432656
0"
#3306747156
1"
#3306859344
0!
#3307063906
0"
#3307313844
1!
#3307380656
1"
#3307697406
0"
#3307772844
0!
#3308014156
1"
#3308231844
1!
#3308330906
0"
#3308647656
1"
#3308690844
0!
#3308966406
0"
#3309149844
1!
#3309285156
1"
#3309603906
0"
#3309613844
0!
#3309922656
1"
#3310077844
1!
#3310241406
0"
#3310541844
0!
#3310560156
1"
#3310881656
0"
#3311005844
1!
#3311203156
1"
#3311474094
0!
#3311524656
0"
#3311846156
1"
#3311942344
1!
#3312167656
0"
#3312410594
0!
#3312489156
1"
#3312812656
0"
#3312878844
1!
#3313136156
1"
#3313352094
0!
#3313459656
0"
#3313783156
1"
#3313825344
1!
#3314106656
0"
#3314298594
0!
#3314430156
1"
#3314756406
0"
#3314771844
1!
#3315082656
1"
#3315250344
0!
#3315408906
0"
#3315728844
1!
#3315735156
1"
#3316061406
0"
#3316207344
0!
#3316387656
1"
#3316685844
1!
#3316716156
0"
#3317044656
1"
#3317169594
0!
#3317373156
0"
#3317653344
1!
#3317701656
1"
#3318030156
0"
#3318137094
0!
#3318358656
1"
#3318620844
1!
#3318689656
0"
#3319020656
1"
#3319110594
0!
#3319351656
0"
#3319600344
1!
#3319682656
1"
#3320013656
0"
#3320090094
0!
#3320344656
1"
#3320579844
1!
#3320678406
0"
#3321012156
1"
#3321074844
0!
#3321345906
0"
#3321569844
1!
#3321679656
1"
#3322013406
0"
#3322064844
0!
#3322347156
1"
#3322559844
1!
#3322682656
0"
#3323018156
1"
#3323060844
0!
#3323353656
0"
#3323561844
1!
#3323689156
1"
#3324026656
0"
#3324062844
0!
#3324364156
1"
#3324563844
1!
#3324701656
0"
#3325039156
1"
#3325068344
0!
#3325378406
0"
#3325572844
1!
#3325717656
1"
#3326056906
0"
#3326080094
0!
#3326396156
1"
#3326587344
1!
#3326737156
0"
#3327078156
1"
#3327097844
0!
#3327419156
0"
#3327608344
1!
#3327760156
1"
#3328103156
0"
#3328121844
0!
#3328446156
1"
#3328635344
1!
#3328789156
0"
#3329132156
1"
#3329152344
0!
#3329477406
0"
#3329669344
1!
#3329822656
1"
#3330167906
0"
#3330189844
0!
#3330513156
1"
#3330710344
1!
#3330860406
0"
#3331207656
1"
#3331234344
0!
#3331554906
0"
#3331758344
1!
#3331902156
1"
#3332251156
0"
#3332285844
0!
#3332600156
1"
#3332813344
1!
#3332949156
0"
#3333298156
1"
#3333344844
0!
#3333649156
0"
#3333876344
1!
#3334000156
1"
#3334351156
0"
#3334410844
0!
#3334702156
1"
#3334945344
1!
#3335055406
0"
#3335408656
1"
#3335483844
0!
#3335761906
0"
#3336022344
1!
#3336115156
1"
#3336470406
0"
#3336564344
0!
#3336825656
1"
#3337106344
1!
#3337180906
0"
#3337536156
1"
#3337652344
0!
#3337893906
0"
#3338198344
1!
#3338251656
1"
#3338609406
0"
#3338747844
0!
#3338967156
1"
#3339297344
1!
#3339326656
0"
#3339686156
1"
#3339851344
0!
#3340045656
0"
#3340405156
1"
#3340405344
1!
#3340767156
0"
#3340963344
0!
#3341129156
1"
#3341491156
0"
#3341521344
1!
#3341853156
1"
#3342083844
0!
#3342217656
0"
#3342582156
1"
#3342646344
1!
#3342946656
0"
#3343212344
0!
#3343311156
1"
#3343677656
0"
#3343778344
1!
#3344044156
1"
#3344348844
0!
#3344410656
0"
#3344777156
1"
#3344919344
1!
#3345146156
0"
#3345494344
0!
#3345515156
1"
#3345884156
0"
#3346069344
1!
#3346253156
1"
#3346624656
0"
#3346649344
0!
#3346996156
1"
#3347229344
1!
#3347367656
0"
#3347739156
1"
#3347813844
0!
#3348113156
0"
#3348398344
1!
#3348487156
1"
#3348861156
0"
#3348987844
0!
#3349235156
1"
#3349577344
1!
#3349611656
0"
#3349988156
1"
#3350171344
0!
#3350364656
0"
#3350741156
1"
#3350765344
1!
#3351120156
0"
#3351364344
0!
#3351499156
1"
#3351878156
0"
#3351963344
1!
#3352257156
1"
#3352568344
0!
#3352638906
0"
#3353020656
1"
#3353173344
1!
#3353402406
0"
#3353783344
0!
#3353784156
1"
#3354168406
0"
#3354393344
1!
#3354552656
1"
#3354936906
0"
#3355008844
0!
#3355321156
1"
#3355624344
1!
#3355708656
0"
#3356096156
1"
#3356245844
0!
#3356483656
0"
#3356867344
1!
#3356871156
1"
#3357261156
0"
#3357494844
0!
#3357651156
1"
#3358041156
0"
#3358122344
1!
#3358431156
1"
#3358755844
0!
#3358823906
0"
#3359216656
1"
#3359389344
1!
#3359609406
0"
#3360002156
1"
#3360028844
0!
#3360398156
0"
#3360668344
1!
#3360794156
1"
#3361190156
0"
#3361313844
0!
#3361586156
1"
#3361959344
1!
#3361985156
0"
#3362384156
1"
#3362611844
0!
#3362783156
0"
#3363182156
1"
#3363264344
1!
#3363583906
0"
#3363922844
0!
#3363985656
1"
#3364387406
0"
#3364581344
1!
#3364789156
1"
#3365194406
0"
#3365247344
0!
#3365599656
1"
#3365913344
1!
#3366004906
0"
#3366410156
1"
#3366586344
0!
#3366818656
0"
#3367227156
1"
#3367259344
1!
#3367635656
0"
#3367939844
0!
#3368044156
1"
#3368455906
0"
#3368620344
1!
#3368867656
1"
#3369279406
0"
#3369309344
0!
#3369691156
1"
#3369998344
1!
#3370106406
0"
#3370521656
1"
#3370694844
0!
#3370936906
0"
#3371352156
1"
#3371391344
1!
#3371770656
0"
#3372095844
0!
#3372189156
1"
#3372607656
0"
#3372800344
1!
#3373026156
1"
#3373448156
0"
#3373513844
0!
#3373870156
1"
#3374227344
1!
#3374292156
0"
#3374714156
1"
#3374949344
0!
#3375140156
0"
#3375566156
1"
#3375671344
1!
#3375992156
0"
#3376402344
0!
#3376418156
1"
#3376847406
0"
#3377133344
1!
#3377276656
1"
#3377705906
0"
#3377874344
0!
#3378135156
1"
#3378568656
0"
#3378615344
1!
#3379002156
1"
#3379366344
0!
#3379435656
0"
#3379869156
1"
#3380117344
1!
#3380306156
0"
#3380743156
1"
#3380878844
0!
#3381180156
0"
#3381617156
1"
#3381640344
1!
#3382058406
0"
#3382411844
0!
#3382499656
1"
#3382940906
0"
#3383183344
1!
#3383382156
1"
#3383827656
0"
#3383966344
0!
#3384273156
1"
#3384718656
0"
#3384749344
1!
#3385164156
1"
#3385544344
0!
#3385613656
0"
#3386063156
1"
#3386339344
1!
#3386512656
0"
#3386962156
1"
#3387146344
0!
#3387416656
0"
#3387871156
1"
#3387953344
1!
#3388325656
0"
#3388773344
0!
#3388780156
1"
#3389239156
0"
#3389593344
1!
#3389698156
1"
#3390157156
0"
#3390426844
0!
#3390616156
1"
#3391080156
0"
#3391260344
1!
#3391544156
1"
#3392008156
0"
#3392107344
0!
#3392472156
1"
#3392940406
0"
#3392954344
1!
#3393408656
1"
#3393816844
0!
#3393876906
0"
#3394345156
1"
#3394679344
1!
#3394818406
0"
#3395291656
1"
#3395558344
0!
#3395764906
0"
#3396238156
1"
#3396437344
1!
#3396716656
0"
#3397195156
1"
#3397333344
0!
#3397673656
0"
#3398152156
1"
#3398229344
1!
#3398635906
0"
#3399119656
1"
#3399142344
0!
#3399603406
0"
#3400055344
1!
#3400087156
1"
#3400576906
0"
#3400986844
0!
#3401066656
1"
#3401556406
0"
#3401918344
1!
#3402046156
1"
#3402541156
0"
#3402870344
0!
#3403036156
1"
#3403531156
0"
#3403822344
1!
#3404026156
1"
#3404527156
0"
#3404796344
0!
#3405028156
1"
#3405529156
0"
#3405770344
1!
#3406030156
1"
#3406534656
0"
#3406766844
0!
#3407039156
1"
#3407546406
0"
#3407763344
1!
#3408053656
1"
#3408564156
0"
#3408784344
0!
#3409074656
1"
#3409588156
0"
#3409805344
1!
#3410101656
1"
#3410618656
0"
#3410853344
0!
#3411135656
1"
#3411656156
0"
#3411901344
1!
#3412176656
1"
#3412700656
0"
#3412978344
0!
#3413224656
1"
#3413752156
0"
#3414055344
1!
#3414279656
1"
#3414811156
0"
#3415163344
0!
#3415342656
1"
#3415877156
0"
#3416271344
1!
#3416411656
1"
#3416950156
0"
#3417412344
0!
#3417488656
1"
#3418030656
0"
#3418553344
1!
#3418572656
1"
#3419118656
0"
#3419664656
1"
#3419732344
0!
#3420214156
0"
#3420763656
1"
#3420911344
1!
#3421317656
0"
#3421871656
1"
#3422131344
0!
#3422429656
0"
#3422987656
1"
#3423351344
1!
#3423550156
0"
#3424112656
1"
#3424618344
0!
#3424678656
0"
#3425244656
1"
#3425815156
0"
#3425885344
1!
#3426385656
1"
#3426960656
0"
#3427202344
0!
#3427535656
1"
#3428115656
0"
#3428519344
1!
#3428695656
1"
#3429280156
0"
#3429864656
1"
#3429897344
0!
#3430454156
0"
#3431043656
1"
#3431275344
1!
#3431637656
0"
#3432231656
1"
#3432719344
0!
#3432830656
0"
#3433429656
1"
#3434034656
0"
#3434163344
1!
#3434639656
1"
#3435249656
0"
#3435686344
0!
#3435859656
1"
#3436475156
0"
#3437090656
1"
#3437209344
1!
#3437712156
0"
#3438333656
1"
#3438823344
0!
#3438961156
0"
#3439588656
1"
#3440222156
0"
#3440437344
1!
#3440855656
1"
#3441495156
0"
#3442134656
1"
#3442162344
0!
#3442780156
0"
#3443425656
1"
#3443887344
1!
#3444078156
0"
#3444730656
1"
#3445389156
0"
#3445750344
0!
#3446047656
1"
#3446713656
0"
#3447379656
1"
#3447613344
1!
#3448052656
0"
#3448725656
1"
#3449406156
0"
#3449655344
0!
#3450086656
1"
#3450775656
0"
#3451464656
1"
#3451697344
1!
#3452161156
0"
#3452838344
0!
#3452857656
1"
#3453562156
0"
#3454266656
1"
#3454980156
0"
#3455693656
1"
#3456261344
1!
#3456415656
0"
#3457137656
1"
#3457578344
0!
#3457868656
0"
#3458599656
1"
#3459340656
0"
#3460081656
1"
#3460832656
0"
#3461529344
1!
#3461583656
1"
#3462345156
0"
#3463106656
1"
#3463143344
0!
#3463878156
0"
#3464649656
1"
#3465432656
0"
#3466215656
1"
#3467010656
0"
#3467805656
1"
#3467985344
1!
#3468612656
0"
#3469419656
1"
#3470033281
0!
#3470239656
0"
#3471059656
1"
#3471893156
0"
#3472726656
1"
#3473573656
0"
#3474420656
1"
#3475283156
0"
#3476145656
1"
#3477024656
0"
#3477113344
1!
#3477903656
1"
#3478799656
0"
#3479161281
0!
#3479695656
1"
#3480608656
0"
#3481521656
1"
#3482453156
0"
#3483384656
1"
#3484336656
0"
#3485288656
1"
#3486262656
0"
#3487236656
1"
#3488233156
0"
#3489229656
1"
#3490250656
0"
#3491271656
1"
#3492319656
0"
#3493367656
1"
#3494444656
0"
#3495521656
1"
#3496629656
0"
#3497737656
1"
#3498878656
0"
#3500019656
1"
#3501198656
0"
#3502377656
1"
#3503597656
0"
#3504817656
1"
#3506084656
0"
#3507351656
1"
#3508668656
0"
#3509985656
1"
#3511363656
0"
#3512741656
1"
#3514185656
0"
#3515629656
1"
#3517152656
0"
#3518675656
1"
#3520289656
0"
#3521903656
1"
#3523628656
0"
#3525353656
1"
#3527216656
0"
#3529079656
1"
#3531121656
0"
#3533163656
1"
#3534304656
0"
#3537727656
1"
#3539044656
0"
#3542995656
1"
#3544609656
0"
#3549451656
1"
#3551499594
0"
#3558579656
1"
#3560627594
0"
#3571710218
1"
#3572526122
1#
#3573758156
0"
#3574574060
0#
#3580838218
1"
#3581654122
1#
#3582452218
0"
#3583268122
0#
#3587294218
1"
#3588110122
1#
#3588611218
0"
#3589427122
0#
#3592562218
1"
#3593378122
1#
#3593703218
0"
#3594519122
0#
#3597126218
1"
#3597942122
1#
#3599168218
0"
#3599984122
0#
#3601210218
1"
#3602026122
1#
#3603073218
0"
#3603889122
0#
#3604936218
1"
#3605752122
1#
#3606661218
0"
#3607477122
0#
#3608386218
1"
#3609202122
1#
#3610000218
0"
#3610816122
0#
#3611614218
1"
#3612430122
1#
#3613137218
0"
#3613953122
0#
#3614660218
1"
#3615476122
1#
#3616104218
0"
#3616920122
0#
#3617548218
1"
#3618364122
1#
#3618926218
0"
#3619742122
0#
#3620304218
1"
#3621120122
1#
#3621621218
0"
#3622437122
0#
#3622938218
1"
#3623754122
1#
#3624205218
0"
#3625021122
0#
#3625472218
1"
#3626288122
1#
#3626692218
0"
#3627508122
0#
#3627912218
1"
#3628728122
1#
#3629091218
0"
#3629907122
0#
#3630270218
1"
#3631086122
1#
#3631411218
0"
#3632227122
0#
#3632552218
1"
#3633368122
1#
#3633660218
0"
#3634476122
0#
#3634768218
1"
#3635584122
1#
#3635845218
0"
#3636661122
0#
#3636922218
1"
#3637738122
1#
#3637970218
0"
#3638786122
0#
#3639018218
1"
#3639834122
1#
#3640039218
0"
#3640855122
0#
#3641060218
1"
#3641876122
1#
#3642056718
0"
#3642872622
0#
#3643053218
1"
#3643869122
1#
#3644027218
0"
#3644843122
0#
#3645001218
1"
#3645817122
1#
#3645953218
0"
#3646769122
0#
#3646905218
1"
#3647721122
1#
#3647836718
0"
#3648652622
0#
#3648768218
1"
#3649584122
1#
#3649681218
0"
#3650497122
0#
#3650594218
1"
#3651410122
1#
#3651490218
0"
#3652306122
0#
#3652386218
1"
#3653202122
1#
#3653265218
0"
#3654081122
0#
#3654144218
1"
#3654960122
1#
#3655006718
0"
#3655822622
0#
#3655869218
1"
#3656685122
1#
#3656716218
0"
#3657532122
0#
#3657563218
1"
#3658379122
1#
#3658396718
0"
#3659212622
0#
#3659230218
1"
#3660046122
1#
#3660050218
0"
#3660866122
0#
#3660870218
1"
#3661677218
0"
#3661686122
1#
#3662484218
1"
#3662493122
0#
#3663279218
0"
#3663300122
1#
#3664074218
1"
#3664095122
0#
#3664857218
0"
#3664890122
1#
#3665640218
1"
#3665673122
0#
#3666411718
0"
#3666456122
1#
#3667183218
1"
#3667227622
0#
#3667944718
0"
#3667999122
1#
#3668706218
1"
#3668760622
0#
#3669457218
0"
#3669522122
1#
#3670208218
1"
#3670273122
0#
#3670949218
0"
#3671024122
1#
#3671690218
1"
#3671765122
0#
#3672421218
0"
#3672506122
1#
#3673152218
1"
#3673237122
0#
#3673874218
0"
#3673968122
1#
#3674596218
1"
#3674690122
0#
#3675309718
0"
#3675412122
1#
#3676023218
1"
#3676125622
0#
#3676727718
0"
#3676839122
1#
#3677432218
1"
#3677543622
0#
#3678128718
0"
#3678248122
1#
#3678825218
1"
#3678944622
0#
#3679514218
0"
#3679641122
1#
#3680203218
1"
#3680330122
0#
#3680883718
0"
#3681019122
1#
#3681564218
1"
#3681699622
0#
#3682237218
0"
#3682380122
1#
#3682910218
1"
#3683053122
0#
#3683576218
0"
#3683726122
1#
#3684242218
1"
#3684392122
0#
#3684900718
0"
#3685058122
1#
#3685559218
1"
#3685716622
0#
#3686211718
0"
#3686375122
1#
#3686864218
1"
#3687027622
0#
#3687509718
0"
#3687680122
1#
#3688155218
1"
#3688325622
0#
#3688794718
0"
#3688971122
1#
#3689434218
1"
#3689610622
0#
#3690067718
0"
#3690250122
1#
#3690701218
1"
#3690883622
0#
#3691328718
0"
#3691517122
1#
#3691956218
1"
#3692144622
0#
#3692577718
0"
#3692772122
1#
#3693199218
1"
#3693393622
0#
#3693814718
0"
#3694015122
1#
#3694430218
1"
#3694630622
0#
#3695040218
0"
#3695246122
1#
#3695650218
1"
#3695856122
0#
#3696255218
0"
#3696466122
1#
#3696860218
1"
#3697071122
0#
#3697459218
0"
#3697676122
1#
#3698058218
1"
#3698275122
0#
#3698652218
0"
#3698874122
1#
#3699246218
1"
#3699468122
0#
#3699835718
0"
#3700062122
1#
#3700425218
1"
#3700651622
0#
#3701009718
0"
#3701241122
1#
#3701594218
1"
#3701825622
0#
#3702174218
0"
#3702410122
1#
#3702754218
1"
#3702990122
0#
#3703329218
0"
#3703570122
1#
#3703904218
1"
#3704145122
0#
#3704474718
0"
#3704720122
1#
#3705045218
1"
#3705290622
0#
#3705611218
0"
#3705861122
1#
#3706177218
1"
#3706427122
0#
#3706739718
0"
#3706993122
1#
#3707302218
1"
#3707555622
0#
#3707860218
0"
#3708118122
1#
#3708418218
1"
#3708676122
0#
#3708972218
0"
#3709234122
1#
#3709526218
1"
#3709788122
0#
#3710075718
0"
#3710342122
1#
#3710625218
1"
#3710891622
0#
#3711171218
0"
#3711441122
1#
#3711717218
1"
#3711987122
0#
#3712259218
0"
#3712533122
1#
#3712801218
1"
#3713075122
0#
#3713339718
0"
#3713617122
1#
#3713878218
1"
#3714155622
0#
#3714412718
0"
#3714694122
1#
#3714947218
1"
#3715228622
0#
#3715478718
0"
#3715763122
1#
#3716010218
1"
#3716294622
0#
#3716537718
0"
#3716826122
1#
#3717065218
1"
#3717353622
0#
#3717589218
0"
#3717881122
1#
#3718113218
1"
#3718405122
0#
#3718633718
0"
#3718929122
1#
#3719154218
1"
#3719449622
0#
#3719671218
0"
#3719970122
1#
#3720188218
1"
#3720487122
0#
#3720701718
0"
#3721004122
1#
#3721215218
1"
#3721517622
0#
#3721725718
0"
#3722031122
1#
#3722236218
1"
#3722541622
0#
#3722743468
0"
#3723052122
1#
#3723250718
1"
#3723559372
0#
#3723755218
0"
#3724066622
1#
#3724259718
1"
#3724571122
0#
#3724760718
0"
#3725075622
1#
#3725261718
1"
#3725576622
0#
#3725759968
0"
#3726077622
1#
#3726258218
1"
#3726575872
0#
#3726750468
0"
#3727074122
1#
#3727242718
1"
#3727566372
0#
#3727734968
0"
#3728058622
1#
#3728227218
1"
#3728550872
0#
#3728714218
0"
#3729043122
1#
#3729201218
1"
#3729530122
0#
#3729688218
0"
#3730017122
1#
#3730175218
1"
#3730504122
0#
#3730656218
0"
#3730991122
1#
#3731137218
1"
#3731472122
0#
#3731618218
0"
#3731953122
1#
#3732099218
1"
#3732434122
0#
#3732575218
0"
#3732915122
1#
#3733051218
1"
#3733391122
0#
#3733527218
0"
#3733867122
1#
#3734003218
1"
#3734343122
0#
#3734473968
0"
#3734819122
1#
#3734944718
1"
#3735289872
0#
#3735415468
0"
#3735760622
1#
#3735886218
1"
#3736231372
0#
#3736351968
0"
#3736702122
1#
#3736817718
1"
#3737167872
0#
#3737283468
0"
#3737633622
1#
#3737749218
1"
#3738099372
0#
#3738210718
0"
#3738565122
1#
#3738672218
1"
#3739026622
0#
#3739133718
0"
#3739488122
1#
#3739595218
1"
#3739949622
0#
#3740051718
0"
#3740411122
1#
#3740508218
1"
#3740867622
0#
#3740964718
0"
#3741324122
1#
#3741421218
1"
#3741780622
0#
#3741873218
0"
#3742237122
1#
#3742325218
1"
#3742689122
0#
#3742777218
0"
#3743141122
1#
#3743229218
1"
#3743593122
0#
#3743677218
0"
#3744045122
1#
#3744125218
1"
#3744493122
0#
#3744573218
0"
#3744941122
1#
#3745021218
1"
#3745389122
0#
#3745464718
0"
#3745837122
1#
#3745908218
1"
#3746280622
0#
#3746351718
0"
#3746724122
1#
#3746795218
1"
#3747167622
0#
#3747234718
0"
#3747611122
1#
#3747674218
1"
#3748050622
0#
#3748113718
0"
#3748490122
1#
#3748553218
1"
#3748929622
0#
#3748988468
0"
#3749369122
1#
#3749423718
1"
#3749804372
0#
#3749858968
0"
#3750239622
1#
#3750294218
1"
#3750674872
0#
#3750725468
0"
#3751110122
1#
#3751156718
1"
#3751541372
0#
#3751587968
0"
#3751972622
1#
#3752019218
1"
#3752403872
0#
#3752446968
0"
#3752835122
1#
#3752874718
1"
#3753262872
0#
#3753302468
0"
#3753690622
1#
#3753730218
1"
#3754118372
0#
#3754153718
0"
#3754546122
1#
#3754577218
1"
#3754969622
0#
#3755000718
0"
#3755393122
1#
#3755424218
1"
#3755816622
0#
#3755844468
0"
#3756240122
1#
#3756264718
1"
#3756660372
0#
#3756684968
0"
#3757080622
1#
#3757105218
1"
#3757500872
0#
#3757521968
0"
#3757921122
1#
#3757938718
1"
#3758337872
0#
#3758355468
0"
#3758754622
1#
#3758772218
1"
#3759171372
0#
#3759185718
0"
#3759588122
1#
#3759599218
1"
#3760001622
0#
#3760012718
0"
#3760415122
1#
#3760426218
1"
#3760828622
0#
#3760836218
0"
#3761242122
1#
#3761246218
1"
#3761652122
0#
#3761656218
0"
#3762062122
1#
#3762066218
1"
#3762472122
0#
#3762472968
0"
#3762879718
1"
#3762882122
1#
#3763286468
0"
#3763288872
0#
#3763693218
1"
#3763695622
1#
#3764096718
0"
#3764102372
0#
#3764500218
1"
#3764509122
1#
#3764903718
0"
#3764912622
0#
#3765307218
1"
#3765316122
1#
#3765707468
0"
#3765719622
0#
#3766107718
1"
#3766123122
1#
#3766507968
0"
#3766523372
0#
#3766908218
1"
#3766923622
1#
#3767305718
0"
#3767323872
0#
#3767703218
1"
#3767724122
1#
#3768100718
0"
#3768121622
0#
#3768498218
1"
#3768519122
1#
#3768892468
0"
#3768916622
0#
#3769286718
1"
#3769314122
1#
#3769680968
0"
#3769708372
0#
#3770075218
1"
#3770102622
1#
#3770466718
0"
#3770496872
0#
#3770858218
1"
#3770891122
1#
#3771249718
0"
#3771282622
0#
#3771641218
1"
#3771674122
1#
#3772029718
0"
#3772065622
0#
#3772418218
1"
#3772457122
1#
#3772806718
0"
#3772845622
0#
#3773195218
1"
#3773234122
1#
#3773580968
0"
#3773622622
0#
#3773966718
1"
#3774011122
1#
#3774352468
0"
#3774396872
0#
#3774738218
1"
#3774782622
1#
#3775121468
0"
#3775168372
0#
#3775504718
1"
#3775554122
1#
#3775887968
0"
#3775937372
0#
#3776271218
1"
#3776320622
1#
#3776651968
0"
#3776703872
0#
#3777032718
1"
#3777087122
1#
#3777413468
0"
#3777467872
0#
#3777794218
1"
#3777848622
1#
#3778172218
0"
#3778229372
0#
#3778550218
1"
#3778610122
1#
#3778928218
0"
#3778988122
0#
#3779306218
1"
#3779366122
1#
#3779681718
0"
#3779744122
0#
#3780057218
1"
#3780122122
1#
#3780432718
0"
#3780497622
0#
#3780808218
1"
#3780873122
1#
#3781181218
0"
#3781248622
0#
#3781554218
1"
#3781624122
1#
#3781927218
0"
#3781997122
0#
#3782300218
1"
#3782370122
1#
#3782670718
0"
#3782743122
0#
#3783041218
1"
#3783116122
1#
#3783411718
0"
#3783486622
0#
#3783782218
1"
#3783857122
1#
#3784150218
0"
#3784227622
0#
#3784518218
1"
#3784598122
1#
#3784886218
0"
#3784966122
0#
#3785254218
1"
#3785334122
1#
#3785619718
0"
#3785702122
0#
#3785985218
1"
#3786070122
1#
#3786350718
0"
#3786435622
0#
#3786716218
1"
#3786801122
1#
#3787079218
0"
#3787166622
0#
#3787442218
1"
#3787532122
1#
#3787805218
0"
#3787895122
0#
#3788168218
1"
#3788258122
1#
#3788529218
0"
#3788621122
0#
#3788890218
1"
#3788984122
1#
#3789251218
0"
#3789345122
0#
#3789612218
1"
#3789706122
1#
#3789970968
0"
#3790067122
0#
#3790329718
1"
#3790428122
1#
#3790688468
0"
#3790786872
0#
#3791047218
1"
#3791145622
1#
#3791403968
0"
#3791504372
0#
#3791760718
1"
#3791863122
1#
#3792117468
0"
#3792219872
0#
#3792474218
1"
#3792576622
1#
#3792828468
0"
#3792933372
0#
#3793182718
1"
#3793290122
1#
#3793536968
0"
#3793644372
0#
#3793891218
1"
#3793998622
1#
#3794243468
0"
#3794352872
0#
#3794595718
1"
#3794707122
1#
#3794947968
0"
#3795059372
0#
#3795300218
1"
#3795411622
1#
#3795650218
0"
#3795763872
0#
#3796000218
1"
#3796116122
1#
#3796350218
0"
#3796466122
0#
#3796700218
1"
#3796816122
1#
#3797048468
0"
#3797166122
0#
#3797396718
1"
#3797516122
1#
#3797744968
0"
#3797864372
0#
#3798093218
1"
#3798212622
1#
#3798439468
0"
#3798560872
0#
#3798785718
1"
#3798909122
1#
#3799131968
0"
#3799255372
0#
#3799478218
1"
#3799601622
1#
#3799822718
0"
#3799947872
0#
#3800167218
1"
#3800294122
1#
#3800511718
0"
#3800638622
0#
#3800856218
1"
#3800983122
1#
#3801198218
0"
#3801327622
0#
#3801540218
1"
#3801672122
1#
#3801882218
0"
#3802014122
0#
#3802224218
1"
#3802356122
1#
#3802564468
0"
#3802698122
0#
#3802904718
1"
#3803040122
1#
#3803244968
0"
#3803380372
0#
#3803585218
1"
#3803720622
1#
#3803923468
0"
#3804060872
0#
#3804261718
1"
#3804401122
1#
#3804599968
0"
#3804739372
0#
#3804938218
1"
#3805077622
1#
#3805274718
0"
#3805415872
0#
#3805611218
1"
#3805754122
1#
#3805947718
0"
#3806090622
0#
#3806284218
1"
#3806427122
1#
#3806618968
0"
#3806763622
0#
#3806953718
1"
#3807100122
1#
#3807288468
0"
#3807434872
0#
#3807623218
1"
#3807769622
1#
#3807956218
0"
#3808104372
0#
#3808289218
1"
#3808439122
1#
#3808622218
0"
#3808772122
0#
#3808955218
1"
#3809105122
1#
#3809285468
0"
#3809438122
0#
#3809615718
1"
#3809771122
1#
#3809945968
0"
#3810101372
0#
#3810276218
1"
#3810431622
1#
#3810606468
0"
#3810761872
0#
#3810936718
1"
#3811092122
1#
#3811264718
0"
#3811422372
0#
#3811592718
1"
#3811752622
1#
#3811920718
0"
#3812080622
0#
#3812248718
1"
#3812408622
1#
#3812576718
0"
#3812736622
0#
#3812904718
1"
#3813064622
1#
#3813230218
0"
#3813392622
0#
#3813555718
1"
#3813720622
1#
#3813881218
0"
#3814046122
0#
#3814206718
1"
#3814371622
1#
#3814532218
0"
#3814697122
0#
#3814857718
1"
#3815022622
1#
#3815180468
0"
#3815348122
0#
#3815503218
1"
#3815673622
1#
#3815825968
0"
#3815996372
0#
#3816148718
1"
#3816319122
1#
#3816471468
0"
#3816641872
0#
#3816794218
1"
#3816964622
1#
#3817114718
0"
#3817287372
0#
#3817435218
1"
#3817610122
1#
#3817755718
0"
#3817930622
0#
#3818076218
1"
#3818251122
1#
#3818396718
0"
#3818571622
0#
#3818717218
1"
#3818892122
1#
#3819035218
0"
#3819212622
0#
#3819353218
1"
#3819533122
1#
#3819671218
0"
#3819851122
0#
#3819989218
1"
#3820169122
1#
#3820307218
0"
#3820487122
0#
#3820625218
1"
#3820805122
1#
#3820940968
0"
#3821123122
0#
#3821256718
1"
#3821441122
1#
#3821572468
0"
#3821756872
0#
#3821888218
1"
#3822072622
1#
#3822203968
0"
#3822388372
0#
#3822519718
1"
#3822704122
1#
#3822833468
0"
#3823019872
0#
#3823147218
1"
#3823335622
1#
#3823460968
0"
#3823649372
0#
#3823774718
1"
#3823963122
1#
#3824088468
0"
#3824276872
0#
#3824402218
1"
#3824590622
1#
#3824713718
0"
#3824904372
0#
#3825025218
1"
#3825218122
1#
#3825336718
0"
#3825529622
0#
#3825648218
1"
#3825841122
1#
#3825959718
0"
#3826152622
0#
#3826271218
1"
#3826464122
1#
#3826580218
0"
#3826775622
0#
#3826889218
1"
#3827087122
1#
#3827198218
0"
#3827396122
0#
#3827507218
1"
#3827705122
1#
#3827816218
0"
#3828014122
0#
#3828125218
1"
#3828323122
1#
#3828432218
0"
#3828632122
0#
#3828739218
1"
#3828941122
1#
#3829046218
0"
#3829248122
0#
#3829353218
1"
#3829555122
1#
#3829660218
0"
#3829862122
0#
#3829967218
1"
#3830169122
1#
#3830272218
0"
#3830476122
0#
#3830577218
1"
#3830783122
1#
#3830882218
0"
#3831088122
0#
#3831187218
1"
#3831393122
1#
#3831492218
0"
#3831698122
0#
#3831797218
1"
#3832003122
1#
#3832100468
0"
#3832308122
0#
#3832403718
1"
#3832613122
1#
#3832706968
0"
#3832916372
0#
#3833010218
1"
#3833219622
1#
#3833313468
0"
#3833522872
0#
#3833616718
1"
#3833826122
1#
#3833917968
0"
#3834129372
0#
#3834219218
1"
#3834432622
1#
#3834520468
0"
#3834733872
0#
#3834821718
1"
#3835035122
1#
#3835122968
0"
#3835336372
0#
#3835424218
1"
#3835637622
1#
#3835723468
0"
#3835938872
0#
#3836022718
1"
#3836240122
1#
#3836321968
0"
#3836539372
0#
#3836621218
1"
#3836838622
1#
#3836920468
0"
#3837137872
0#
#3837219718
1"
#3837437122
1#
#3837516718
0"
#3837736372
0#
#3837813718
1"
#3838035622
1#
#3838110718
0"
#3838332622
0#
#3838407718
1"
#3838629622
1#
#3838704718
0"
#3838926622
0#
#3839001718
1"
#3839223622
1#
#3839297218
0"
#3839520622
0#
#3839592718
1"
#3839817622
1#
#3839888218
0"
#3840113122
0#
#3840183718
1"
#3840408622
1#
#3840479218
0"
#3840704122
0#
#3840774718
1"
#3840999622
1#
#3841068218
0"
#3841295122
0#
#3841361718
1"
#3841590622
1#
#3841655218
0"
#3841884122
0#
#3841948718
1"
#3842177622
1#
#3842242218
0"
#3842471122
0#
#3842535718
1"
#3842764622
1#
#3842827218
0"
#3843058122
0#
#3843118718
1"
#3843351622
1#
#3843410218
0"
#3843643122
0#
#3843701718
1"
#3843934622
1#
#3843993218
0"
#3844226122
0#
#3844284718
1"
#3844517622
1#
#3844574718
0"
#3844809122
0#
#3844864718
1"
#3845100622
1#
#3845154718
0"
#3845390622
0#
#3845444718
1"
#3845680622
1#
#3845734718
0"
#3845970622
0#
#3846024718
1"
#3846260622
1#
#3846312718
0"
#3846550622
0#
#3846600718
1"
#3846840622
1#
#3846888718
0"
#3847128622
0#
#3847176718
1"
#3847416622
1#
#3847464718
0"
#3847704622
0#
#3847752718
1"
#3847992622
1#
#3848039218
0"
#3848280622
0#
#3848325718
1"
#3848568622
1#
#3848612218
0"
#3848855122
0#
#3848898718
1"
#3849141622
1#
#3849185218
0"
#3849428122
0#
#3849471718
1"
#3849714622
1#
#3849756718
0"
#3850001122
0#
#3850041718
1"
#3850287622
1#
#3850326718
0"
#3850572622
0#
#3850611718
1"
#3850857622
1#
#3850896718
0"
#3851142622
0#
#3851181718
1"
#3851427622
1#
#3851465218
0"
#3851712622
0#
#3851748718
1"
#3851997622
1#
#3852032218
0"
#3852281122
0#
#3852315718
1"
#3852564622
1#
#3852599218
0"
#3852848122
0#
#3852882718
1"
#3853131622
1#
#3853164218
0"
#3853415122
0#
#3853445718
1"
#3853698622
1#
#3853727218
0"
#3853980122
0#
#3854008718
1"
#3854261622
1#
#3854290218
0"
#3854543122
0#
#3854571718
1"
#3854824622
1#
#3854851718
0"
#3855106122
0#
#3855131718
1"
#3855387622
1#
#3855411718
0"
#3855667622
0#
#3855691718
1"
#3855947622
1#
#3855971718
0"
#3856227622
0#
#3856251718
1"
#3856507622
1#
#3856530218
0"
#3856787622
0#
#3856808718
1"
#3857067622
1#
#3857087218
0"
#3857346122
0#
#3857365718
1"
#3857624622
1#
#3857644218
0"
#3857903122
0#
#3857922718
1"
#3858181622
1#
#3858199718
0"
#3858460122
0#
#3858476718
1"
#3858738622
1#
#3858753718
0"
#3859015622
0#
#3859030718
1"
#3859292622
1#
#3859307718
0"
#3859569622
0#
#3859584718
1"
#3859846622
1#
#3859860218
0"
#3860123622
0#
#3860135718
1"
#3860400622
1#
#3860411218
0"
#3860676122
0#
#3860686718
1"
#3860951622
1#
#3860962218
0"
#3861227122
0#
#3861237718
1"
#3861502622
1#
#3861511718
0"
#3861778122
0#
#3861785718
1"
#3862053622
1#
#3862059718
0"
#3862327622
0#
#3862333718
1"
#3862601622
1#
#3862607718
0"
#3862875622
0#
#3862881718
1"
#3863149622
1#
#3863154218
0"
#3863423622
0#
#3863426718
1"
#3863697622
1#
#3863699218
0"
#3863970122
0#
#3863971718
1"
#3864242622
1#
#3864244218
0"
#3864515122
0#
#3864516718
1"
#3864787622
1#
#3864787718
0"
#3865058718
1"
#3865060122
0#
#3865329718
0"
#3865332622
1#
#3865600718
1"
#3865603622
0#
#3865871718
0"
#3865874622
1#
#3866142718
1"
#3866145622
0#
#3866412218
0"
#3866416622
1#
#3866681718
1"
#3866687622
0#
#3866951218
0"
#3866958622
1#
#3867220718
1"
#3867228122
0#
#3867490218
0"
#3867497622
1#
#3867759718
1"
#3867767122
0#
#3868027718
0"
#3868036622
1#
#3868295718
1"
#3868306122
0#
#3868563718
0"
#3868575622
1#
#3868831718
1"
#3868843622
0#
#3869099718
0"
#3869111622
1#
#3869367718
1"
#3869379622
0#
#3869634718
0"
#3869647622
1#
#3869901718
1"
#3869915622
0#
#3870168718
0"
#3870183622
1#
#3870435718
1"
#3870450622
0#
#3870702718
0"
#3870717622
1#
#3870969718
1"
#3870984622
0#
#3871235468
0"
#3871251622
1#
#3871501218
1"
#3871518622
0#
#3871766968
0"
#3871785622
1#
#3872032718
1"
#3872051372
0#
#3872298468
0"
#3872317122
1#
#3872564218
1"
#3872582872
0#
#3872828468
0"
#3872848622
1#
#3873092718
1"
#3873114372
0#
#3873356968
0"
#3873380122
1#
#3873621218
1"
#3873644372
0#
#3873885468
0"
#3873908622
1#
#3874149718
1"
#3874172872
0#
#3874412468
0"
#3874437122
1#
#3874675218
1"
#3874701372
0#
#3874937968
0"
#3874965622
1#
#3875200718
1"
#3875228372
0#
#3875463468
0"
#3875491122
1#
#3875726218
1"
#3875753872
0#
#3875987718
0"
#3876016622
1#
#3876249218
1"
#3876279372
0#
#3876510718
0"
#3876542122
1#
#3876772218
1"
#3876803622
0#
#3877033718
0"
#3877065122
1#
#3877295218
1"
#3877326622
0#
#3877555468
0"
#3877588122
1#
#3877815718
1"
#3877849622
0#
#3878075968
0"
#3878111122
1#
#3878336218
1"
#3878371372
0#
#3878596468
0"
#3878631622
1#
#3878856718
1"
#3878891872
0#
#3879115468
0"
#3879152122
1#
#3879374218
1"
#3879412372
0#
#3879632968
0"
#3879672622
1#
#3879891718
1"
#3879931372
0#
#3880150468
0"
#3880190122
1#
#3880409218
1"
#3880448872
0#
#3880666968
0"
#3880707622
1#
#3880924718
1"
#3880966372
0#
#3881182468
0"
#3881225122
1#
#3881440218
1"
#3881482872
0#
#3881697968
0"
#3881740622
1#
#3881955718
1"
#3881998372
0#
#3882212218
0"
#3882256122
1#
#3882468718
1"
#3882513872
0#
#3882725218
0"
#3882771622
1#
#3882981718
1"
#3883028122
0#
#3883238218
0"
#3883284622
1#
#3883494718
1"
#3883541122
0#
#3883749968
0"
#3883797622
1#
#3884005218
1"
#3884054122
0#
#3884260468
0"
#3884310622
1#
#3884515718
1"
#3884565872
0#
#3884770968
0"
#3884821122
1#
#3885026218
1"
#3885076372
0#
#3885280468
0"
#3885331622
1#
#3885534718
1"
#3885586872
0#
#3885788968
0"
#3885842122
1#
#3886043218
1"
#3886096372
0#
#3886297468
0"
#3886350622
1#
#3886551718
1"
#3886604872
0#
#3886804593
0"
#3886859122
1#
#3887057468
1"
#3887113372
0#
#3887310343
0"
#3887367622
1#
#3887563218
1"
#3887620497
0#
#3887816093
0"
#3887873372
1#
#3888068968
1"
#3888126247
0#
#3888320843
0"
#3888379122
1#
#3888572718
1"
#3888631997
0#
#3888824593
0"
#3888884872
1#
#3889076468
1"
#3889136747
0#
#3889328343
0"
#3889388622
1#
#3889580218
1"
#3889640497
0#
#3889830718
0"
#3889892372
1#
#3890081218
1"
#3890144247
0#
#3890331718
0"
#3890396122
1#
#3890582218
1"
#3890646622
0#
#3890832718
0"
#3890897122
1#
#3891083218
1"
#3891147622
0#
#3891332718
0"
#3891398122
1#
#3891582218
1"
#3891648622
0#
#3891831718
0"
#3891899122
1#
#3892081218
1"
#3892148622
0#
#3892330718
0"
#3892398122
1#
#3892580218
1"
#3892647622
0#
#3892828468
0"
#3892897122
1#
#3893076718
1"
#3893146622
0#
#3893324968
0"
#3893396122
1#
#3893573218
1"
#3893644372
0#
#3893821468
0"
#3893892622
1#
#3894069718
1"
#3894140872
0#
#3894317968
0"
#3894389122
1#
#3894566218
1"
#3894637372
0#
#3894812718
0"
#3894885622
1#
#3895059218
1"
#3895133872
0#
#3895305718
0"
#3895382122
1#
#3895552218
1"
#3895628622
0#
#3895798718
0"
#3895875122
1#
#3896045218
1"
#3896121622
0#
#3896291718
0"
#3896368122
1#
#3896538218
1"
#3896614622
0#
#3896783343
0"
#3896861122
1#
#3897028468
1"
#3897107622
0#
#3897273593
0"
#3897354122
1#
#3897518718
1"
#3897599247
0#
#3897763843
0"
#3897844372
1#
#3898008968
1"
#3898089497
0#
#3898254093
0"
#3898334622
1#
#3898499218
1"
#3898579747
0#
#3898743093
0"
#3898824872
1#
#3898986968
1"
#3899069997
0#
#3899230843
0"
#3899315122
1#
#3899474718
1"
#3899558997
0#
#3899718593
0"
#3899802872
1#
#3899962468
1"
#3900046747
0#
#3900206343
0"
#3900290622
1#
#3900450218
1"
#3900534497
0#
#3900692718
0"
#3900778372
1#
#3900935218
1"
#3901022247
0#
#3901177718
0"
#3901266122
1#
#3901420218
1"
#3901508622
0#
#3901662718
0"
#3901751122
1#
#3901905218
1"
#3901993622
0#
#3902147718
0"
#3902236122
1#
#3902390218
1"
#3902478622
0#
#3902631093
0"
#3902721122
1#
#3902871968
1"
#3902963622
0#
#3903112843
0"
#3903206122
1#
#3903353718
1"
#3903446997
0#
#3903594593
0"
#3903687872
1#
#3903835468
1"
#3903928747
0#
#3904076343
0"
#3904169622
1#
#3904317218
1"
#3904410497
0#
#3904556843
0"
#3904651372
1#
#3904796468
1"
#3904892247
0#
#3905036093
0"
#3905133122
1#
#3905275718
1"
#3905372747
0#
#3905515343
0"
#3905612372
1#
#3905754968
1"
#3905851997
0#
#3905994593
0"
#3906091622
1#
#3906234218
1"
#3906331247
0#
#3906472593
0"
#3906570872
1#
#3906710968
1"
#3906810497
0#
#3906949343
0"
#3907050122
1#
#3907187718
1"
#3907288497
0#
#3907426093
0"
#3907526872
1#
#3907664468
1"
#3907765247
0#
#3907902843
0"
#3908003622
1#
#3908141218
1"
#3908241997
0#
#3908378218
0"
#3908480372
1#
#3908615218
1"
#3908718747
0#
#3908852218
0"
#3908957122
1#
#3909089218
1"
#3909194122
0#
#3909326218
0"
#3909431122
1#
#3909563218
1"
#3909668122
0#
#3909800218
0"
#3909905122
1#
#3910037218
1"
#3910142122
0#
#3910272968
0"
#3910379122
1#
#3910508718
1"
#3910616122
0#
#3910744468
0"
#3910853122
1#
#3910980218
1"
#3911088872
0#
#3911215968
0"
#3911324622
1#
#3911451718
1"
#3911560372
0#
#3911687468
0"
#3911796122
1#
#3911923218
1"
#3912031872
0#
#3912157718
0"
#3912267622
1#
#3912392218
1"
#3912503372
0#
#3912626718
0"
#3912739122
1#
#3912861218
1"
#3912973622
0#
#3913095718
0"
#3913208122
1#
#3913330218
1"
#3913442622
0#
#3913564718
0"
#3913677122
1#
#3913799218
1"
#3913911622
0#
#3914032718
0"
#3914146122
1#
#3914266218
1"
#3914380622
0#
#3914499718
0"
#3914615122
1#
#3914733218
1"
#3914848622
0#
#3914966718
0"
#3915082122
1#
#3915200218
1"
#3915315622
0#
#3915433718
0"
#3915549122
1#
#3915667218
1"
#3915782622
0#
#3915899468
0"
#3916016122
1#
#3916131718
1"
#3916249622
0#
#3916363968
0"
#3916483122
1#
#3916596218
1"
#3916715372
0#
#3916828468
0"
#3916947622
1#
#3917060718
1"
#3917179872
0#
#3917292968
0"
#3917412122
1#
#3917525218
1"
#3917644372
0#
#3917756218
0"
#3917876622
1#
#3917987218
1"
#3918108872
0#
#3918218218
0"
#3918341122
1#
#3918449218
1"
#3918572122
0#
#3918680218
0"
#3918803122
1#
#3918911218
1"
#3919034122
0#
#3919142218
0"
#3919265122
1#
#3919373218
1"
#3919496122
0#
#3919602968
0"
#3919727122
1#
#3919832718
1"
#3919958122
0#
#3920062468
0"
#3920189122
1#
#3920292218
1"
#3920418872
0#
#3920521968
0"
#3920648622
1#
#3920751718
1"
#3920878372
0#
#3920981468
0"
#3921108122
1#
#3921211218
1"
#3921337872
0#
#3921439718
0"
#3921567622
1#
#3921668218
1"
#3921797372
0#
#3921896718
0"
#3922027122
1#
#3922125218
1"
#3922255622
0#
#3922353718
0"
#3922484122
1#
#3922582218
1"
#3922712622
0#
#3922810718
0"
#3922941122
1#
#3923039218
1"
#3923169622
0#
#3923266843
0"
#3923398122
1#
#3923494468
1"
#3923626622
0#
#3923722093
0"
#3923855122
1#
#3923949718
1"
#3924082747
0#
#3924177343
0"
#3924310372
1#
#3924404968
1"
#3924537997
0#
#3924632593
0"
#3924765622
1#
#3924860218
1"
#3924993247
0#
#3925086593
0"
#3925220872
1#
#3925312968
1"
#3925448497
0#
#3925539343
0"
#3925676122
1#
#3925765718
1"
#3925902497
0#
#3925992093
0"
#3926128872
1#
#3926218468
1"
#3926355247
0#
#3926444843
0"
#3926581622
1#
#3926671218
1"
#3926807997
0#
#3926896593
0"
#3927034372
1#
#3927121968
1"
#3927260747
0#
#3927347343
0"
#3927487122
1#
#3927572718
1"
#3927712497
0#
#3927798093
0"
#3927937872
1#
#3928023468
1"
#3928163247
0#
#3928248843
0"
#3928388622
1#
#3928474218
1"
#3928613997
0#
#3928698468
0"
#3928839372
1#
#3928922718
1"
#3929064747
0#
#3929146968
0"
#3929290122
1#
#3929371218
1"
#3929514372
0#
#3929595468
0"
#3929738622
1#
#3929819718
1"
#3929962872
0#
#3930043968
0"
#3930187122
1#
#3930268218
1"
#3930411372
0#
#3930491218
0"
#3930635622
1#
#3930714218
1"
#3930859872
0#
#3930937218
0"
#3931084122
1#
#3931160218
1"
#3931307122
0#
#3931383218
0"
#3931530122
1#
#3931606218
1"
#3931753122
0#
#3931829218
0"
#3931976122
1#
#3932052218
1"
#3932199122
0#
#3932274343
0"
#3932422122
1#
#3932496468
1"
#3932645122
0#
#3932718593
0"
#3932868122
1#
#3932940718
1"
#3933090247
0#
#3933162843
0"
#3933312372
1#
#3933384968
1"
#3933534497
0#
#3933607093
0"
#3933756622
1#
#3933829218
1"
#3933978747
0#
#3934050093
0"
#3934200872
1#
#3934270968
1"
#3934422997
0#
#3934491843
0"
#3934645122
1#
#3934712718
1"
#3934865997
0#
#3934933593
0"
#3935086872
1#
#3935154468
1"
#3935307747
0#
#3935375343
0"
#3935528622
1#
#3935596218
1"
#3935749497
0#
#3935816218
0"
#3935970372
1#
#3936036218
1"
#3936191247
0#
#3936256218
0"
#3936412122
1#
#3936476218
1"
#3936632122
0#
#3936696218
0"
#3936852122
1#
#3936916218
1"
#3937072122
0#
#3937136218
0"
#3937292122
1#
#3937356218
1"
#3937512122
0#
#3937575343
0"
#3937732122
1#
#3937794468
1"
#3937952122
0#
#3938013593
0"
#3938172122
1#
#3938232718
1"
#3938391247
0#
#3938451843
0"
#3938610372
1#
#3938670968
1"
#3938829497
0#
#3938890093
0"
#3939048622
1#
#3939109218
1"
#3939267747
0#
#3939327218
0"
#3939486872
1#
#3939545218
1"
#3939705997
0#
#3939763218
0"
#3939925122
1#
#3939981218
1"
#3940143122
0#
#3940199218
0"
#3940361122
1#
#3940417218
1"
#3940579122
0#
#3940635218
0"
#3940797122
1#
#3940853218
1"
#3941015122
0#
#3941070218
0"
#3941233122
1#
#3941287218
1"
#3941451122
0#
#3941504218
0"
#3941669122
1#
#3941721218
1"
#3941886122
0#
#3941938218
0"
#3942103122
1#
#3942155218
1"
#3942320122
0#
#3942372218
0"
#3942537122
1#
#3942589218
1"
#3942754122
0#
#3942805468
0"
#3942971122
1#
#3943021718
1"
#3943188122
0#
#3943237968
0"
#3943405122
1#
#3943454218
1"
#3943621372
0#
#3943670468
0"
#3943837622
1#
#3943886718
1"
#3944053872
0#
#3944102968
0"
#3944270122
1#
#3944319218
1"
#3944486372
0#
#3944534218
0"
#3944702622
1#
#3944749218
1"
#3944918872
0#
#3944964218
0"
#3945135122
1#
#3945179218
1"
#3945350122
0#
#3945394218
0"
#3945565122
1#
#3945609218
1"
#3945780122
0#
#3945824218
0"
#3945995122
1#
#3946039218
1"
#3946210122
0#
#3946253343
0"
#3946425122
1#
#3946467468
1"
#3946640122
0#
#3946681593
0"
#3946855122
1#
#3946895718
1"
#3947069247
0#
#3947109843
0"
#3947283372
1#
#3947323968
1"
#3947497497
0#
#3947538093
0"
#3947711622
1#
#3947752218
1"
#3947925747
0#
#3947965468
0"
#3948139872
1#
#3948178718
1"
#3948353997
0#
#3948391968
0"
#3948568122
1#
#3948605218
1"
#3948781372
0#
#3948818468
0"
#3948994622
1#
#3949031718
1"
#3949207872
0#
#3949244968
0"
#3949421122
1#
#3949458218
1"
#3949634372
0#
#3949670593
0"
#3949847622
1#
#3949882968
1"
#3950060872
0#
#3950095343
0"
#3950274122
1#
#3950307718
1"
#3950486497
0#
#3950520093
0"
#3950698872
1#
#3950732468
1"
#3950911247
0#
#3950944843
0"
#3951123622
1#
#3951157218
1"
#3951335997
0#
#3951368468
0"
#3951548372
1#
#3951579718
1"
#3951760747
0#
#3951790968
0"
#3951973122
1#
#3952002218
1"
#3952184372
0#
#3952213468
0"
#3952395622
1#
#3952424718
1"
#3952606872
0#
#3952635968
0"
#3952818122
1#
#3952847218
1"
#3953029372
0#
#3953057593
0"
#3953240622
1#
#3953267968
1"
#3953451872
0#
#3953478343
0"
#3953663122
1#
#3953688718
1"
#3953873497
0#
#3953899093
0"
#3954083872
1#
#3954109468
1"
#3954294247
0#
#3954319843
0"
#3954504622
1#
#3954530218
1"
#3954714997
0#
#3954739718
0"
#3954925372
1#
#3954949218
1"
#3955135747
0#
#3955158718
0"
#3955346122
1#
#3955368218
1"
#3955555622
0#
#3955577718
0"
#3955765122
1#
#3955787218
1"
#3955974622
0#
#3955996718
0"
#3956184122
1#
#3956206218
1"
#3956393622
0#
#3956414968
0"
#3956603122
1#
#3956623718
1"
#3956812622
0#
#3956832468
0"
#3957022122
1#
#3957041218
1"
#3957230872
0#
#3957249968
0"
#3957439622
1#
#3957458718
1"
#3957648372
0#
#3957667468
0"
#3957857122
1#
#3957876218
1"
#3958065872
0#
#3958084093
0"
#3958274622
1#
#3958291968
1"
#3958483372
0#
#3958499843
0"
#3958692122
1#
#3958707718
1"
#3958899997
0#
#3958915593
0"
#3959107872
1#
#3959123468
1"
#3959315747
0#
#3959331343
0"
#3959523622
1#
#3959539218
1"
#3959731497
0#
#3959746218
0"
#3959939372
1#
#3959953218
1"
#3960147247
0#
#3960160218
0"
#3960355122
1#
#3960367218
1"
#3960562122
0#
#3960574218
0"
#3960769122
1#
#3960781218
1"
#3960976122
0#
#3960988218
0"
#3961183122
1#
#3961195218
1"
#3961390122
0#
#3961401343
0"
#3961597122
1#
#3961607468
1"
#3961804122
0#
#3961813593
0"
#3962011122
1#
#3962019718
1"
#3962217247
0#
#3962225843
0"
#3962423372
1#
#3962431968
1"
#3962629497
0#
#3962638093
0"
#3962835622
1#
#3962844218
1"
#3963041747
0#
#3963049593
0"
#3963247872
1#
#3963254968
1"
#3963453997
0#
#3963460343
0"
#3963660122
1#
#3963665718
1"
#3963865497
0#
#3963871093
0"
#3964070872
1#
#3964076468
1"
#3964276247
0#
#3964281843
0"
#3964481622
1#
#3964487218
1"
#3964686997
0#
#3964691718
0"
#3964892372
1#
#3964896218
1"
#3965097747
0#
#3965100718
0"
#3965303122
1#
#3965305218
1"
#3965507622
0#
#3965509718
0"
#3965712122
1#
#3965714218
1"
#3965916622
0#
#3965918718
0"
#3966121122
1#
#3966123218
1"
#3966325622
0#
#3966326843
0"
#3966530122
1#
#3966530468
1"
#3966734093
0"
#3966734622
0#
#3966937718
1"
#3966939122
1#
#3967141343
0"
#3967142747
0#
#3967344968
1"
#3967346372
1#
#3967548593
0"
#3967549997
0#
#3967752218
1"
#3967753622
1#
#3967955093
0"
#3967957247
0#
#3968157968
1"
#3968160872
1#
#3968360843
0"
#3968364497
0#
#3968563718
1"
#3968568122
1#
#3968766593
0"
#3968770997
0#
#3968969468
1"
#3968973872
1#
#3969172343
0"
#3969176747
0#
#3969375218
1"
#3969379622
1#
#3969577218
0"
#3969582497
0#
#3969779218
1"
#3969785372
1#
#3969981218
0"
#3969988247
0#
#3970183218
1"
#3970191122
1#
#3970385218
0"
#3970393122
0#
#3970587218
1"
#3970595122
1#
#3970789218
0"
#3970797122
0#
#3970991218
1"
#3970999122
1#
#3971192343
0"
#3971201122
0#
#3971393468
1"
#3971403122
1#
#3971594593
0"
#3971605122
0#
#3971795718
1"
#3971807122
1#
#3971996843
0"
#3972008247
0#
#3972197968
1"
#3972209372
1#
#3972399093
0"
#3972410497
0#
#3972600218
1"
#3972611622
1#
#3972800593
0"
#3972812747
0#
#3973000968
1"
#3973013872
1#
#3973201343
0"
#3973214997
0#
#3973401718
1"
#3973416122
1#
#3973602093
0"
#3973616497
0#
#3973802468
1"
#3973816872
1#
#3974002843
0"
#3974017247
0#
#3974203218
1"
#3974217622
1#
#3974402718
0"
#3974417997
0#
#3974602218
1"
#3974618372
1#
#3974801718
0"
#3974818747
0#
#3975001218
1"
#3975019122
1#
#3975200718
0"
#3975218622
0#
#3975400218
1"
#3975418122
1#
#3975599718
0"
#3975617622
0#
#3975799218
1"
#3975817122
1#
#3975997968
0"
#3976016622
0#
#3976196718
1"
#3976216122
1#
#3976395468
0"
#3976415622
0#
#3976594218
1"
#3976615122
1#
#3976792968
0"
#3976813872
0#
#3976991718
1"
#3977012622
1#
#3977190468
0"
#3977211372
0#
#3977389218
1"
#3977410122
1#
#3977587968
0"
#3977608872
0#
#3977786718
1"
#3977807622
1#
#3977984468
0"
#3978006372
0#
#3978182218
1"
#3978205122
1#
#3978379968
0"
#3978403872
0#
#3978577718
1"
#3978602622
1#
#3978775468
0"
#3978800372
0#
#3978973218
1"
#3978998122
1#
#3979170968
0"
#3979195872
0#
#3979368718
1"
#3979393622
1#
#3979566468
0"
#3979591372
0#
#3979764218
1"
#3979789122
1#
#3979961093
0"
#3979986872
0#
#3980157968
1"
#3980184622
1#
#3980354843
0"
#3980382372
0#
#3980551718
1"
#3980580122
1#
#3980748593
0"
#3980776997
0#
#3980945468
1"
#3980973872
1#
#3981142343
0"
#3981170747
0#
#3981339218
1"
#3981367622
1#
#3981536093
0"
#3981564497
0#
#3981732968
1"
#3981761372
1#
#3981929093
0"
#3981958247
0#
#3982125218
1"
#3982155122
1#
#3982321343
0"
#3982351997
0#
#3982517468
1"
#3982548872
1#
#3982713593
0"
#3982744997
0#
#3982909718
1"
#3982941122
1#
#3983105843
0"
#3983137247
0#
#3983301968
1"
#3983333372
1#
#3983498093
0"
#3983529497
0#
#3983694218
1"
#3983725622
1#
#3983889218
0"
#3983921747
0#
#3984084218
1"
#3984117872
1#
#3984279218
0"
#3984313997
0#
#3984474218
1"
#3984510122
1#
#3984669218
0"
#3984705122
0#
#3984864218
1"
#3984900122
1#
#3985059218
0"
#3985095122
0#
#3985254218
1"
#3985290122
1#
#3985449218
0"
#3985485122
0#
#3985644218
1"
#3985680122
1#
#3985838468
0"
#3985875122
0#
#3986032718
1"
#3986070122
1#
#3986226968
0"
#3986265122
0#
#3986421218
1"
#3986460122
1#
#3986615468
0"
#3986654372
0#
#3986809718
1"
#3986848622
1#
#3987003968
0"
#3987042872
0#
#3987198218
1"
#3987237122
1#
#3987392468
0"
#3987431372
0#
#3987586718
1"
#3987625622
1#
#3987780218
0"
#3987819872
0#
#3987973718
1"
#3988014122
1#
#3988167218
0"
#3988208372
0#
#3988360718
1"
#3988402622
1#
#3988554218
0"
#3988596122
0#
#3988747718
1"
#3988789622
1#
#3988941218
0"
#3988983122
0#
#3989134718
1"
#3989176622
1#
#3989328218
0"
#3989370122
0#
#3989521718
1"
#3989563622
1#
#3989714093
0"
#3989757122
0#
#3989906468
1"
#3989950622
1#
#3990098843
0"
#3990144122
0#
#3990291218
1"
#3990337622
1#
#3990483593
0"
#3990529997
0#
#3990675968
1"
#3990722372
1#
#3990868343
0"
#3990914747
0#
#3991060718
1"
#3991107122
1#
#3991253093
0"
#3991299497
0#
#3991445468
1"
#3991491872
1#
#3991637093
0"
#3991684247
0#
#3991828718
1"
#3991876622
1#
#3992020343
0"
#3992068997
0#
#3992211968
1"
#3992261372
1#
#3992403593
0"
#3992452997
0#
#3992595218
1"
#3992644622
1#
#3992786843
0"
#3992836247
0#
#3992978468
1"
#3993027872
1#
#3993170093
0"
#3993219497
0#
#3993361718
1"
#3993411122
1#
#3993552593
0"
#3993602747
0#
#3993743468
1"
#3993794372
1#
#3993934343
0"
#3993985997
0#
#3994125218
1"
#3994177622
1#
#3994316093
0"
#3994368497
0#
#3994506968
1"
#3994559372
1#
#3994697843
0"
#3994750247
0#
#3994888718
1"
#3994941122
1#
#3995079593
0"
#3995131997
0#
#3995270468
1"
#3995322872
1#
#3995460468
0"
#3995513747
0#
#3995650468
1"
#3995704622
1#
#3995840468
0"
#3995895497
0#
#3996030468
1"
#3996086372
1#
#3996220468
0"
#3996276372
0#
#3996410468
1"
#3996466372
1#
#3996600468
0"
#3996656372
0#
#3996790468
1"
#3996846372
1#
#3996980468
0"
#3997036372
0#
#3997170468
1"
#3997226372
1#
#3997359468
0"
#3997416372
0#
#3997548468
1"
#3997606372
1#
#3997737468
0"
#3997796372
0#
#3997926468
1"
#3997986372
1#
#3998115468
0"
#3998175372
0#
#3998304468
1"
#3998364372
1#
#3998493468
0"
#3998553372
0#
#3998682468
1"
#3998742372
1#
#3998871468
0"
#3998931372
0#
#3999060468
1"
#3999120372
1#
#3999248718
0"
#3999309372
0#
#3999436968
1"
#3999498372
1#
#3999625218
0"
#3999687372
0#
#3999813468
1"
#3999876372
1#
#4000001718
0"
#4000064622
0#
#4000189968
1"
#4000252872
1#
#4000378218
0"
#4000441122
0#
#4000566468
1"
#4000629372
1#
#4000754718
0"
#4000817622
0#
#4000942968
1"
#4001005872
1#
#4001130468
0"
#4001194122
0#
#4001317968
1"
#4001382372
1#
#4001505468
0"
#4001570622
0#
#4001692968
1"
#4001758872
1#
#4001880468
0"
#4001946372
0#
#4002067968
1"
#4002133872
1#
#4002255468
0"
#4002321372
0#
#4002442968
1"
#4002508872
1#
#4002630468
0"
#4002696372
0#
#4002817968
1"
#4002883872
1#
#4003004718
0"
#4003071372
0#
#4003191468
1"
#4003258872
1#
#4003378218
0"
#4003446372
0#
#4003564968
1"
#4003633872
1#
#4003751718
0"
#4003820622
0#
#4003938468
1"
#4004007372
1#
#4004125218
0"
#4004194122
0#
#4004311968
1"
#4004380872
1#
#4004498718
0"
#4004567622
0#
#4004685468
1"
#4004754372
1#
#4004871468
0"
#4004941122
0#
#4005057468
1"
#4005127872
1#
#4005243468
0"
#4005314622
0#
#4005429468
1"
#4005501372
1#
#4005615468
0"
#4005687372
0#
#4005801468
1"
#4005873372
1#
#4005987468
0"
#4006059372
0#
#4006173468
1"
#4006245372
1#
#4006359468
0"
#4006431372
0#
#4006545468
1"
#4006617372
1#
#4006730718
0"
#4006803372
0#
#4006915968
1"
#4006989372
1#
#4007101218
0"
#4007175372
0#
#4007286468
1"
#4007361372
1#
#4007471718
0"
#4007546622
0#
#4007656968
1"
#4007731872
1#
#4007842218
0"
#4007917122
0#
#4008027468
1"
#4008102372
1#
#4008212718
0"
#4008287622
0#
#4008397968
1"
#4008472872
1#
#4008582468
0"
#4008658122
0#
#4008766968
1"
#4008843372
1#
#4008951468
0"
#4009028622
0#
#4009135968
1"
#4009213872
1#
#4009320468
0"
#4009398372
0#
#4009504968
1"
#4009582872
1#
#4009689468
0"
#4009767372
0#
#4009873968
1"
#4009951872
1#
#4010058468
0"
#4010136372
0#
#4010242968
1"
#4010320872
1#
#4010426718
0"
#4010505372
0#
#4010610468
1"
#4010689872
1#
#4010794218
0"
#4010874372
0#
#4010977968
1"
#4011058872
1#
#4011161718
0"
#4011242622
0#
#4011345468
1"
#4011426372
1#
#4011529218
0"
#4011610122
0#
#4011712968
1"
#4011793872
1#
#4011896718
0"
#4011977622
0#
#4012080468
1"
#4012161372
1#
#4012263468
0"
#4012345122
0#
#4012446468
1"
#4012528872
1#
#4012629468
0"
#4012712622
0#
#4012812468
1"
#4012896372
1#
#4012995468
0"
#4013079372
0#
#4013178468
1"
#4013262372
1#
#4013361468
0"
#4013445372
0#
#4013544468
1"
#4013628372
1#
#4013727468
0"
#4013811372
0#
#4013910468
1"
#4013994372
1#
#4014092718
0"
#4014177372
0#
#4014274968
1"
#4014360372
1#
#4014457218
0"
#4014543372
0#
#4014639468
1"
#4014726372
1#
#4014821718
0"
#4014908622
0#
#4015003968
1"
#4015090872
1#
#4015186218
0"
#4015273122
0#
#4015368468
1"
#4015455372
1#
#4015550718
0"
#4015637622
0#
#4015732968
1"
#4015819872
1#
#4015914468
0"
#4016002122
0#
#4016095968
1"
#4016184372
1#
#4016277468
0"
#4016366622
0#
#4016458968
1"
#4016548872
1#
#4016640468
0"
#4016730372
0#
#4016821968
1"
#4016911872
1#
#4017003468
0"
#4017093372
0#
#4017184968
1"
#4017274872
1#
#4017366468
0"
#4017456372
0#
#4017547968
1"
#4017637872
1#
#4017728718
0"
#4017819372
0#
#4017909468
1"
#4018000872
1#
#4018090218
0"
#4018182372
0#
#4018270968
1"
#4018363872
1#
#4018451718
0"
#4018544622
0#
#4018632468
1"
#4018725372
1#
#4018813218
0"
#4018906122
0#
#4018993968
1"
#4019086872
1#
#4019174718
0"
#4019267622
0#
#4019355468
1"
#4019448372
1#
#4019535468
0"
#4019629122
0#
#4019715468
1"
#4019809872
1#
#4019895468
0"
#4019990622
0#
#4020075468
1"
#4020171372
1#
#4020255468
0"
#4020351372
0#
#4020435468
1"
#4020531372
1#
#4020615468
0"
#4020711372
0#
#4020795468
1"
#4020891372
1#
#4020975468
0"
#4021071372
0#
#4021155468
1"
#4021251372
1#
#4021334843
0"
#4021431372
0#
#4021514218
1"
#4021611372
1#
#4021693593
0"
#4021791372
0#
#4021872968
1"
#4021971372
1#
#4022052343
0"
#4022150747
0#
#4022231718
1"
#4022330122
1#
#4022411093
0"
#4022509497
0#
#4022590468
1"
#4022688872
1#
#4022769843
0"
#4022868247
0#
#4022949218
1"
#4023047622
1#
#4023127843
0"
#4023226997
0#
#4023306468
1"
#4023406372
1#
#4023485093
0"
#4023585747
0#
#4023663718
1"
#4023765122
1#
#4023842343
0"
#4023943747
0#
#4024020968
1"
#4024122372
1#
#4024199593
0"
#4024300997
0#
#4024378218
1"
#4024479622
1#
#4024556843
0"
#4024658247
0#
#4024735468
1"
#4024836872
1#
#4024913593
0"
#4025015497
0#
#4025091718
1"
#4025194122
1#
#4025269843
0"
#4025372747
0#
#4025447968
1"
#4025551372
1#
#4025626093
0"
#4025729497
0#
#4025804218
1"
#4025907622
1#
#4025982343
0"
#4026085747
0#
#4026160468
1"
#4026263872
1#
#4026338593
0"
#4026441997
0#
#4026516718
1"
#4026620122
1#
#4026694093
0"
#4026798247
0#
#4026871468
1"
#4026976372
1#
#4027048843
0"
#4027154497
0#
#4027226218
1"
#4027332622
1#
#4027403593
0"
#4027509997
0#
#4027580968
1"
#4027687372
1#
#4027758343
0"
#4027864747
0#
#4027935718
1"
#4028042122
1#
#4028113093
0"
#4028219497
0#
#4028290468
1"
#4028396872
1#
#4028467093
0"
#4028574247
0#
#4028643718
1"
#4028751622
1#
#4028820343
0"
#4028928997
0#
#4028996968
1"
#4029106372
1#
#4029173593
0"
#4029282997
0#
#4029350218
1"
#4029459622
1#
#4029526843
0"
#4029636247
0#
#4029703468
1"
#4029812872
1#
#4029880093
0"
#4029989497
0#
#4030056718
1"
#4030166122
1#
#4030232718
0"
#4030342747
0#
#4030408718
1"
#4030519372
1#
#4030584718
0"
#4030695997
0#
#4030760718
1"
#4030872622
1#
#4030936718
0"
#4031048622
0#
#4031112718
1"
#4031224622
1#
#4031288718
0"
#4031400622
0#
#4031464718
1"
#4031576622
1#
#4031640718
0"
#4031752622
0#
#4031816718
1"
#4031928622
1#
#4031992218
0"
#4032104622
0#
#4032167718
1"
#4032280622
1#
#4032343218
0"
#4032456622
0#
#4032518718
1"
#4032632622
1#
#4032694218
0"
#4032808122
0#
#4032869718
1"
#4032983622
1#
#4033045218
0"
#4033159122
0#
#4033220718
1"
#4033334622
1#
#4033396218
0"
#4033510122
0#
#4033571718
1"
#4033685622
1#
#4033746468
0"
#4033861122
0#
#4033921218
1"
#4034036622
1#
#4034095968
0"
#4034212122
0#
#4034270718
1"
#4034387622
1#
#4034445468
0"
#4034562372
0#
#4034620218
1"
#4034737122
1#
#4034794968
0"
#4034911872
0#
#4034969718
1"
#4035086622
1#
#4035144468
0"
#4035261372
0#
#4035319218
1"
#4035436122
1#
#4035493343
0"
#4035610872
0#
#4035667468
1"
#4035785622
1#
#4035841593
0"
#4035960372
0#
#4036015718
1"
#4036135122
1#
#4036189843
0"
#4036309247
0#
#4036363968
1"
#4036483372
1#
#4036538093
0"
#4036657497
0#
#4036712218
1"
#4036831622
1#
#4036886343
0"
#4037005747
0#
#4037060468
1"
#4037179872
1#
#4037234093
0"
#4037353997
0#
#4037407718
1"
#4037528122
1#
#4037581343
0"
#4037702247
0#
#4037754968
1"
#4037876372
1#
#4037928593
0"
#4038049997
0#
#4038102218
1"
#4038223622
1#
#4038275843
0"
#4038397247
0#
#4038449468
1"
#4038570872
1#
#4038623093
0"
#4038744497
0#
#4038796718
1"
#4038918122
1#
#4038969593
0"
#4039091747
0#
#4039142468
1"
#4039265372
1#
#4039315343
0"
#4039438997
0#
#4039488218
1"
#4039612622
1#
#4039661093
0"
#4039785497
0#
#4039833968
1"
#4039958372
1#
#4040006843
0"
#4040131247
0#
#4040179718
1"
#4040304122
1#
#4040352593
0"
#4040476997
0#
#4040525468
1"
#4040649872
1#
#4040697718
0"
#4040822747
0#
#4040869968
1"
#4040995622
1#
#4041042218
0"
#4041168497
0#
#4041214468
1"
#4041341372
1#
#4041386718
0"
#4041513622
0#
#4041558968
1"
#4041685872
1#
#4041731218
0"
#4041858122
0#
#4041903468
1"
#4042030372
1#
#4042075718
0"
#4042202622
0#
#4042247968
1"
#4042374872
1#
#4042419718
0"
#4042547122
0#
#4042591468
1"
#4042719372
1#
#4042763218
0"
#4042891622
0#
#4042934968
1"
#4043063872
1#
#4043106718
0"
#4043235622
0#
#4043278468
1"
#4043407372
1#
#4043450218
0"
#4043579122
0#
#4043621968
1"
#4043750872
1#
#4043793718
0"
#4043922622
0#
#4043965468
1"
#4044094372
1#
#4044136468
0"
#4044266122
0#
#4044307468
1"
#4044437872
1#
#4044478468
0"
#4044609622
0#
#4044649468
1"
#4044781372
1#
#4044820468
0"
#4044952372
0#
#4044991468
1"
#4045123372
1#
#4045162468
0"
#4045294372
0#
#4045333468
1"
#4045465372
1#
#4045504468
0"
#4045636372
0#
#4045675468
1"
#4045807372
1#
#4045845843
0"
#4045978372
0#
#4046016218
1"
#4046149372
1#
#4046186593
0"
#4046320372
0#
#4046356968
1"
#4046491372
1#
#4046527343
0"
#4046661747
0#
#4046697718
1"
#4046832122
1#
#4046868093
0"
#4047002497
0#
#4047038468
1"
#4047172872
1#
#4047208843
0"
#4047343247
0#
#4047379218
1"
#4047513622
1#
#4047549093
0"
#4047683997
0#
#4047718968
1"
#4047854372
1#
#4047888843
0"
#4048024747
0#
#4048058718
1"
#4048195122
1#
#4048228593
0"
#4048364997
0#
#4048398468
1"
#4048534872
1#
#4048568343
0"
#4048704747
0#
#4048738218
1"
#4048874622
1#
#4048908093
0"
#4049044497
0#
#4049077968
1"
#4049214372
1#
#4049247093
0"
#4049384247
0#
#4049416218
1"
#4049554122
1#
#4049585343
0"
#4049723997
0#
#4049754468
1"
#4049893872
1#
#4049923593
0"
#4050062997
0#
#4050092718
1"
#4050232122
1#
#4050261843
0"
#4050401247
0#
#4050430968
1"
#4050570372
1#
#4050600093
0"
#4050739497
0#
#4050769218
1"
#4050908622
1#
#4050937968
0"
#4051077747
0#
#4051106718
1"
#4051246872
1#
#4051275468
0"
#4051415997
0#
#4051444218
1"
#4051585122
1#
#4051612968
0"
#4051753872
0#
#4051781718
1"
#4051922622
1#
#4051950468
0"
#4052091372
0#
#4052119218
1"
#4052260122
1#
#4052287968
0"
#4052428872
0#
#4052456718
1"
#4052597622
1#
#4052624718
0"
#4052766372
0#
#4052792718
1"
#4052935122
1#
#4052960718
0"
#4053103872
0#
#4053128718
1"
#4053272622
1#
#4053296718
0"
#4053440622
0#
#4053464718
1"
#4053608622
1#
#4053632718
0"
#4053776622
0#
#4053800718
1"
#4053944622
1#
#4053968718
0"
#4054112622
0#
#4054136718
1"
#4054280622
1#
#4054304343
0"
#4054448622
0#
#4054471968
1"
#4054616622
1#
#4054639593
0"
#4054784622
0#
#4054807218
1"
#4054952622
1#
#4054974843
0"
#4055120247
0#
#4055142468
1"
#4055287872
1#
#4055310093
0"
#4055455497
0#
#4055477718
1"
#4055623122
1#
#4055645343
0"
#4055790747
0#
#4055812968
1"
#4055958372
1#
#4055979843
0"
#4056125997
0#
#4056146718
1"
#4056293622
1#
#4056313593
0"
#4056461247
0#
#4056480468
1"
#4056628872
1#
#4056647343
0"
#4056795747
0#
#4056814218
1"
#4056962622
1#
#4056981093
0"
#4057129497
0#
#4057147968
1"
#4057296372
1#
#4057314843
0"
#4057463247
0#
#4057481718
1"
#4057630122
1#
#4057648218
0"
#4057796997
0#
#4057814718
1"
#4057963872
1#
#4057981218
0"
#4058130747
0#
#4058147718
1"
#4058297622
1#
#4058314218
0"
#4058464122
0#
#4058480718
1"
#4058630622
1#
#4058647218
0"
#4058797122
0#
#4058813718
1"
#4058963622
1#
#4058980218
0"
#4059130122
0#
#4059146718
1"
#4059296622
1#
#4059312468
0"
#4059463122
0#
#4059478218
1"
#4059629622
1#
#4059643968
0"
#4059796122
0#
#4059809718
1"
#4059962622
1#
#4059975468
0"
#4060128372
0#
#4060141218
1"
#4060294122
1#
#4060306968
0"
#4060459872
0#
#4060472718
1"
#4060625622
1#
#4060638468
0"
#4060791372
0#
#4060804218
1"
#4060957122
1#
#4060969968
0"
#4061122872
0#
#4061135718
1"
#4061288622
1#
#4061300843
0"
#4061454372
0#
#4061465968
1"
#4061620122
1#
#4061631093
0"
#4061785872
0#
#4061796218
1"
#4061951622
1#
#4061961343
0"
#4062116747
0#
#4062126468
1"
#4062281872
1#
#4062291593
0"
#4062446997
0#
#4062456718
1"
#4062612122
1#
#4062621843
0"
#4062777247
0#
#4062786968
1"
#4062942372
1#
#4062952093
0"
#4063107497
0#
#4063117218
1"
#4063272622
1#
#4063281718
0"
#4063437747
0#
#4063446218
1"
#4063602872
1#
#4063610718
0"
#4063767997
0#
#4063775218
1"
#4063933122
1#
#4063939718
0"
#4064097622
0#
#4064104218
1"
#4064262122
1#
#4064268718
0"
#4064426622
0#
#4064433218
1"
#4064591122
1#
#4064597718
0"
#4064755622
0#
#4064762218
1"
#4064920122
1#
#4064926718
0"
#4065084622
0#
#4065091218
1"
#4065249122
1#
#4065254968
0"
#4065413622
0#
#4065418718
1"
#4065578122
1#
#4065582468
0"
#4065742622
0#
#4065746218
1"
#4065907122
1#
#4065909968
0"
#4066070872
0#
#4066073718
1"
#4066234622
1#
#4066237468
0"
#4066398372
0#
#4066401218
1"
#4066562122
1#
#4066564968
0"
#4066725872
0#
#4066728718
1"
#4066889622
1#
#4066892468
0"
#4067053372
0#
#4067056218
1"
#4067217122
1#
#4067219343
0"
#4067380872
0#
#4067382468
1"
#4067544622
1#
#4067545593
0"
#4067708372
0#
#4067708718
1"
#4067871843
0"
#4067872122
1#
#4068034968
1"
#4068035247
0#
#4068198093
0"
#4068198372
1#
#4068361218
1"
#4068361497
0#
#4068524343
0"
#4068524622
1#
#4068687468
1"
#4068687747
0#
#4068850593
0"
#4068850872
1#
#4069013718
1"
#4069013997
0#
#4069176468
0"
#4069177122
1#
#4069339218
1"
#4069340247
0#
#4069501968
0"
#4069503372
1#
#4069664718
1"
#4069666497
0#
#4069827468
0"
#4069829622
1#
#4069990218
1"
#4069992372
0#
#4070152968
0"
#4070155122
1#
#4070315718
1"
#4070317872
0#
#4070478468
0"
#4070480622
1#
#4070641218
1"
#4070643372
0#
#4070803968
0"
#4070806122
1#
#4070966718
1"
#4070968872
0#
#4071128718
0"
#4071131622
1#
#4071290718
1"
#4071294372
0#
#4071452718
0"
#4071457122
1#
#4071614718
1"
#4071619872
0#
#4071776718
0"
#4071782622
1#
#4071938718
1"
#4071944622
0#
#4072100718
0"
#4072106622
1#
#4072262718
1"
#4072268622
0#
#4072424718
0"
#4072430622
1#
#4072586718
1"
#4072592622
0#
#4072748718
0"
#4072754622
1#
#4072910718
1"
#4072916622
0#
#4073072093
0"
#4073078622
1#
#4073233468
1"
#4073240622
0#
#4073394843
0"
#4073402622
1#
#4073556218
1"
#4073564622
0#
#4073717593
0"
#4073726622
1#
#4073878968
1"
#4073887997
0#
#4074040343
0"
#4074049372
1#
#4074201718
1"
#4074210747
0#
#4074363093
0"
#4074372122
1#
#4074524468
1"
#4074533497
0#
#4074685843
0"
#4074694872
1#
#4074847218
1"
#4074856247
0#
#4075007968
0"
#4075017622
1#
#4075168718
1"
#4075178997
0#
#4075329468
0"
#4075340372
1#
#4075490218
1"
#4075501747
0#
#4075650968
0"
#4075663122
1#
#4075811718
1"
#4075823872
0#
#4075972468
0"
#4075984622
1#
#4076133218
1"
#4076145372
0#
#4076293968
0"
#4076306122
1#
#4076454718
1"
#4076466872
0#
#4076615468
0"
#4076627622
1#
#4076776218
1"
#4076788372
0#
#4076936468
0"
#4076949122
1#
#4077096718
1"
#4077109872
0#
#4077256968
0"
#4077270622
1#
#4077417218
1"
#4077431372
0#
#4077577468
0"
#4077592122
1#
#4077737718
1"
#4077752372
0#
#4077897968
0"
#4077912622
1#
#4078058218
1"
#4078072872
0#
#4078218468
0"
#4078233122
1#
#4078378718
1"
#4078393372
0#
#4078538968
0"
#4078553622
1#
#4078699218
1"
#4078713872
0#
#4078858843
0"
#4078874122
1#
#4079018468
1"
#4079034372
0#
#4079178093
0"
#4079194622
1#
#4079337718
1"
#4079354872
0#
#4079497343
0"
#4079515122
1#
#4079656968
1"
#4079674747
0#
#4079816593
0"
#4079834372
1#
#4079976218
1"
#4079993997
0#
#4080135843
0"
#4080153622
1#
#4080295468
1"
#4080313247
0#
#4080455093
0"
#4080472872
1#
#4080614718
1"
#4080632497
0#
#4080773718
0"
#4080792122
1#
#4080932718
1"
#4080951747
0#
#4081091718
0"
#4081111372
1#
#4081250718
1"
#4081270997
0#
#4081409718
0"
#4081430622
1#
#4081568718
1"
#4081589622
0#
#4081727718
0"
#4081748622
1#
#4081886718
1"
#4081907622
0#
#4082045718
0"
#4082066622
1#
#4082204718
1"
#4082225622
0#
#4082363718
0"
#4082384622
1#
#4082522718
1"
#4082543622
0#
#4082681093
0"
#4082702622
1#
#4082839468
1"
#4082861622
0#
#4082997843
0"
#4083020622
1#
#4083156218
1"
#4083179622
0#
#4083314593
0"
#4083338622
1#
#4083472968
1"
#4083496997
0#
#4083631343
0"
#4083655372
1#
#4083789718
1"
#4083813747
0#
#4083948093
0"
#4083972122
1#
#4084106468
1"
#4084130497
0#
#4084264843
0"
#4084288872
1#
#4084423218
1"
#4084447247
0#
#4084581093
0"
#4084605622
1#
#4084738968
1"
#4084763997
0#
#4084896843
0"
#4084922372
1#
#4085054718
1"
#4085080747
0#
#4085212593
0"
#4085239122
1#
#4085370468
1"
#4085396997
0#
#4085528343
0"
#4085554872
1#
#4085686218
1"
#4085712747
0#
#4085844093
0"
#4085870622
1#
#4086001968
1"
#4086028497
0#
#4086159843
0"
#4086186372
1#
#4086317718
1"
#4086344247
0#
#4086474968
0"
#4086502122
1#
#4086632218
1"
#4086659997
0#
#4086789468
0"
#4086817872
1#
#4086946718
1"
#4086975747
0#
#4087103968
0"
#4087133622
1#
#4087261218
1"
#4087290872
0#
#4087418468
0"
#4087448122
1#
#4087575718
1"
#4087605372
0#
#4087732968
0"
#4087762622
1#
#4087890218
1"
#4087919872
0#
#4088047468
0"
#4088077122
1#
#4088204718
1"
#4088234372
0#
#4088361593
0"
#4088391622
1#
#4088518468
1"
#4088548872
0#
#4088675343
0"
#4088706122
1#
#4088832218
1"
#4088863372
0#
#4088989093
0"
#4089020622
1#
#4089145968
1"
#4089177497
0#
#4089302843
0"
#4089334372
1#
#4089459718
1"
#4089491247
0#
#4089616593
0"
#4089648122
1#
#4089773468
1"
#4089804997
0#
#4089930343
0"
#4089961872
1#
#4090087218
1"
#4090118747
0#
#4090243468
0"
#4090275622
1#
#4090399718
1"
#4090432497
0#
#4090555968
0"
#4090589372
1#
#4090712218
1"
#4090746247
0#
#4090868468
0"
#4090903122
1#
#4091024718
1"
#4091059372
0#
#4091180968
0"
#4091215622
1#
#4091337218
1"
#4091371872
0#
#4091493468
0"
#4091528122
1#
#4091649718
1"
#4091684372
0#
#4091805968
0"
#4091840622
1#
#4091962218
1"
#4091996872
0#
#4092117718
0"
#4092153122
1#
#4092273218
1"
#4092309372
0#
#4092428718
0"
#4092465622
1#
#4092584218
1"
#4092621872
0#
#4092739718
0"
#4092778122
1#
#4092895218
1"
#4092933622
0#
#4093050718
0"
#4093089122
1#
#4093206218
1"
#4093244622
0#
#4093361718
0"
#4093400122
1#
#4093517218
1"
#4093555622
0#
#4093672718
0"
#4093711122
1#
#4093828218
1"
#4093866622
0#
#4093983343
0"
#4094022122
1#
#4094138468
1"
#4094177622
0#
#4094293593
0"
#4094333122
1#
#4094448718
1"
#4094488622
0#
#4094603843
0"
#4094644122
1#
#4094758968
1"
#4094799247
0#
#4094914093
0"
#4094954372
1#
#4095069218
1"
#4095109497
0#
#4095224343
0"
#4095264622
1#
#4095379468
1"
#4095419747
0#
#4095534593
0"
#4095574872
1#
#4095689718
1"
#4095729997
0#
#4095844218
0"
#4095885122
1#
#4095998718
1"
#4096040247
0#
#4096153218
0"
#4096195372
1#
#4096307718
1"
#4096350497
0#
#4096462218
0"
#4096505622
1#
#4096616718
1"
#4096660122
0#
#4096771218
0"
#4096814622
1#
#4096925718
1"
#4096969122
0#
#4097080218
0"
#4097123622
1#
#4097234718
1"
#4097278122
0#
#4097389218
0"
#4097432622
1#
#4097543718
1"
#4097587122
0#
#4097697843
0"
#4097741622
1#
#4097851968
1"
#4097896122
0#
#4098006093
0"
#4098050622
1#
#4098160218
1"
#4098205122
0#
#4098314343
0"
#4098359622
1#
#4098468468
1"
#4098513747
0#
#4098622593
0"
#4098667872
1#
#4098776718
1"
#4098821997
0#
#4098930843
0"
#4098976122
1#
#4099084968
1"
#4099130247
0#
#4099239093
0"
#4099284372
1#
#4099393218
1"
#4099438497
0#
#4099546718
0"
#4099592622
1#
#4099700218
1"
#4099746747
0#
#4099853718
0"
#4099900872
1#
#4100007218
1"
#4100054997
0#
#4100160718
0"
#4100209122
1#
#4100314218
1"
#4100362622
0#
#4100467718
0"
#4100516122
1#
#4100621218
1"
#4100669622
0#
#4100774718
0"
#4100823122
1#
#4100928218
1"
#4100976622
0#
#4101081718
0"
#4101130122
1#
#4101235218
1"
#4101283622
0#
#4101388218
0"
#4101437122
1#
#4101541218
1"
#4101590622
0#
#4101694218
0"
#4101744122
1#
#4101847218
1"
#4101897622
0#
#4102000218
0"
#4102051122
1#
#4102153218
1"
#4102204122
0#
#4102306218
0"
#4102357122
1#
#4102459218
1"
#4102510122
0#
#4102612218
0"
#4102663122
1#
#4102765218
1"
#4102816122
0#
#4102918218
0"
#4102969122
1#
#4103071218
1"
#4103122122
0#
#4103223718
0"
#4103275122
1#
#4103376218
1"
#4103428122
0#
#4103528718
0"
#4103581122
1#
#4103681218
1"
#4103734122
0#
#4103833718
0"
#4103887122
1#
#4103986218
1"
#4104039622
0#
#4104138718
0"
#4104192122
1#
#4104291218
1"
#4104344622
0#
#4104443718
0"
#4104497122
1#
#4104596218
1"
#4104649622
0#
#4104748718
0"
#4104802122
1#
#4104901218
1"
#4104954622
0#
#4105053218
0"
#4105107122
1#
#4105205218
1"
#4105259622
0#
#4105357218
0"
#4105412122
1#
#4105509218
1"
#4105564622
0#
#4105661218
0"
#4105717122
1#
#4105813218
1"
#4105869122
0#
#4105965218
0"
#4106021122
1#
#4106117218
1"
#4106173122
0#
#4106269218
0"
#4106325122
1#
#4106421218
1"
#4106477122
0#
#4106573218
0"
#4106629122
1#
#4106725218
1"
#4106781122
0#
#4106876593
0"
#4106933122
1#
#4107027968
1"
#4107085122
0#
#4107179343
0"
#4107237122
1#
#4107330718
1"
#4107389122
0#
#4107482093
0"
#4107541122
1#
#4107633468
1"
#4107692497
0#
#4107784843
0"
#4107843872
1#
#4107936218
1"
#4107995247
0#
#4108087593
0"
#4108146622
1#
#4108238968
1"
#4108297997
0#
#4108390343
0"
#4108449372
1#
#4108541718
1"
#4108600747
0#
#4108692718
0"
#4108752122
1#
#4108843718
1"
#4108903497
0#
#4108994718
0"
#4109054872
1#
#4109145718
1"
#4109206247
0#
#4109296718
0"
#4109357622
1#
#4109447718
1"
#4109508622
0#
#4109598718
0"
#4109659622
1#
#4109749718
1"
#4109810622
0#
#4109900718
0"
#4109961622
1#
#4110051718
1"
#4110112622
0#
#4110202718
0"
#4110263622
1#
#4110353718
1"
#4110414622
0#
#4110504093
0"
#4110565622
1#
#4110654468
1"
#4110716622
0#
#4110804843
0"
#4110867622
1#
#4110955218
1"
#4111018622
0#
#4111105593
0"
#4111169622
1#
#4111255968
1"
#4111319997
0#
#4111406343
0"
#4111470372
1#
#4111556718
1"
#4111620747
0#
#4111707093
0"
#4111771122
1#
#4111857468
1"
#4111921497
0#
#4112007843
0"
#4112071872
1#
#4112158218
1"
#4112222247
0#
#4112308218
0"
#4112372622
1#
#4112458218
1"
#4112522997
0#
#4112608218
0"
#4112673372
1#
#4112758218
1"
#4112823747
0#
#4112908218
0"
#4112974122
1#
#4113058218
1"
#4113124122
0#
#4113208218
0"
#4113274122
1#
#4113358218
1"
#4113424122
0#
#4113508218
0"
#4113574122
1#
#4113658218
1"
#4113724122
0#
#4113808218
0"
#4113874122
1#
#4113958218
1"
#4114024122
0#
#4114107843
0"
#4114174122
1#
#4114257468
1"
#4114324122
0#
#4114407093
0"
#4114474122
1#
#4114556718
1"
#4114624122
0#
#4114706343
0"
#4114774122
1#
#4114855968
1"
#4114923747
0#
#4115005593
0"
#4115073372
1#
#4115155218
1"
#4115222997
0#
#4115304843
0"
#4115372622
1#
#4115454468
1"
#4115522247
0#
#4115604093
0"
#4115671872
1#
#4115753718
1"
#4115821497
0#
#4115902718
0"
#4115971122
1#
#4116051718
1"
#4116120747
0#
#4116200718
0"
#4116270372
1#
#4116349718
1"
#4116419997
0#
#4116498718
0"
#4116569622
1#
#4116647718
1"
#4116718622
0#
#4116796718
0"
#4116867622
1#
#4116945718
1"
#4117016622
0#
#4117094718
0"
#4117165622
1#
#4117243718
1"
#4117314622
0#
#4117392718
0"
#4117463622
1#
#4117541718
1"
#4117612622
0#
#4117690218
0"
#4117761622
1#
#4117838718
1"
#4117910622
0#
#4117987218
0"
#4118059622
1#
#4118135718
1"
#4118208622
0#
#4118284218
0"
#4118357622
1#
#4118432718
1"
#4118506122
0#
#4118581218
0"
#4118654622
1#
#4118729718
1"
#4118803122
0#
#4118878218
0"
#4118951622
1#
#4119026718
1"
#4119100122
0#
#4119175218
0"
#4119248622
1#
#4119323718
1"
#4119397122
0#
#4119471843
0"
#4119545622
1#
#4119619968
1"
#4119694122
0#
#4119768093
0"
#4119842622
1#
#4119916218
1"
#4119991122
0#
#4120064343
0"
#4120139622
1#
#4120212468
1"
#4120287747
0#
#4120360593
0"
#4120435872
1#
#4120508718
1"
#4120583997
0#
#4120656843
0"
#4120732122
1#
#4120804968
1"
#4120880247
0#
#4120953093
0"
#4121028372
1#
#4121101218
1"
#4121176497
0#
#4121248843
0"
#4121324622
1#
#4121396468
1"
#4121472747
0#
#4121544093
0"
#4121620872
1#
#4121691718
1"
#4121768997
0#
#4121839343
0"
#4121917122
1#
#4121986968
1"
#4122064747
0#
#4122134593
0"
#4122212372
1#
#4122282218
1"
#4122359997
0#
#4122429843
0"
#4122507622
1#
#4122577468
1"
#4122655247
0#
#4122725093
0"
#4122802872
1#
#4122872718
1"
#4122950497
0#
#4123019968
0"
#4123098122
1#
#4123167218
1"
#4123245747
0#
#4123314468
0"
#4123393372
1#
#4123461718
1"
#4123540997
0#
#4123608968
0"
#4123688622
1#
#4123756218
1"
#4123835872
0#
#4123903468
0"
#4123983122
1#
#4124050718
1"
#4124130372
0#
#4124197968
0"
#4124277622
1#
#4124345218
1"
#4124424872
0#
#4124492468
0"
#4124572122
1#
#4124639718
1"
#4124719372
0#
#4124786468
0"
#4124866622
1#
#4124933218
1"
#4125013872
0#
#4125079968
0"
#4125161122
1#
#4125226718
1"
#4125308372
0#
#4125373468
0"
#4125455622
1#
#4125520218
1"
#4125602372
0#
#4125666968
0"
#4125749122
1#
#4125813718
1"
#4125895872
0#
#4125960468
0"
#4126042622
1#
#4126107218
1"
#4126189372
0#
#4126253968
0"
#4126336122
1#
#4126400718
1"
#4126482872
0#
#4126546843
0"
#4126629622
1#
#4126692968
1"
#4126776372
0#
#4126839093
0"
#4126923122
1#
#4126985218
1"
#4127069872
0#
#4127131343
0"
#4127216622
1#
#4127277468
1"
#4127362747
0#
#4127423593
0"
#4127508872
1#
#4127569718
1"
#4127654997
0#
#4127715843
0"
#4127801122
1#
#4127861968
1"
#4127947247
0#
#4128008093
0"
#4128093372
1#
#4128154218
1"
#4128239497
0#
#4128299968
0"
#4128385622
1#
#4128445718
1"
#4128531747
0#
#4128591468
0"
#4128677872
1#
#4128737218
1"
#4128823997
0#
#4128882968
0"
#4128970122
1#
#4129028718
1"
#4129115872
0#
#4129174468
0"
#4129261622
1#
#4129320218
1"
#4129407372
0#
#4129465968
0"
#4129553122
1#
#4129611718
1"
#4129698872
0#
#4129757468
0"
#4129844622
1#
#4129903218
1"
#4129990372
0#
#4130048593
0"
#4130136122
1#
#4130193968
1"
#4130281872
0#
#4130339343
0"
#4130427622
1#
#4130484718
1"
#4130573372
0#
#4130630093
0"
#4130719122
1#
#4130775468
1"
#4130864497
0#
#4130920843
0"
#4131009872
1#
#4131066218
1"
#4131155247
0#
#4131211593
0"
#4131300622
1#
#4131356968
1"
#4131445997
0#
#4131502343
0"
#4131591372
1#
#4131647718
1"
#4131736747
0#
#4131792718
0"
#4131882122
1#
#4131937718
1"
#4132027497
0#
#4132082718
0"
#4132172872
1#
#4132227718
1"
#4132318247
0#
#4132372718
0"
#4132463622
1#
#4132517718
1"
#4132608622
0#
#4132662718
0"
#4132753622
1#
#4132807718
1"
#4132898622
0#
#4132952718
0"
#4133043622
1#
#4133097718
1"
#4133188622
0#
#4133242718
0"
#4133333622
1#
#4133387718
1"
#4133478622
0#
#4133532218
0"
#4133623622
1#
#4133676718
1"
#4133768622
0#
#4133821218
0"
#4133913622
1#
#4133965718
1"
#4134058622
0#
#4134110218
0"
#4134203622
1#
#4134254718
1"
#4134348122
0#
#4134399218
0"
#4134492622
1#
#4134543718
1"
#4134637122
0#
#4134688218
0"
#4134781622
1#
#4134832718
1"
#4134926122
0#
#4134977218
0"
#4135070622
1#
#4135121718
1"
#4135215122
0#
#4135265718
0"
#4135359622
1#
#4135409718
1"
#4135504122
0#
#4135553718
0"
#4135648622
1#
#4135697718
1"
#4135793122
0#
#4135841718
0"
#4135937622
1#
#4135985718
1"
#4136081622
0#
#4136129718
0"
#4136225622
1#
#4136273718
1"
#4136369622
0#
#4136417718
0"
#4136513622
1#
#4136561718
1"
#4136657622
0#
#4136705718
0"
#4136801622
1#
#4136849718
1"
#4136945622
0#
#4136993343
0"
#4137089622
1#
#4137136968
1"
#4137233622
0#
#4137280593
0"
#4137377622
1#
#4137424218
1"
#4137521622
0#
#4137567843
0"
#4137665622
1#
#4137711468
1"
#4137809247
0#
#4137855093
0"
#4137952872
1#
#4137998718
1"
#4138096497
0#
#4138142343
0"
#4138240122
1#
#4138285968
1"
#4138383747
0#
#4138429593
0"
#4138527372
1#
#4138573218
1"
#4138670997
0#
#4138716468
0"
#4138814622
1#
#4138859718
1"
#4138958247
0#
#4139002968
0"
#4139101872
1#
#4139146218
1"
#4139245497
0#
#4139289468
0"
#4139389122
1#
#4139432718
1"
#4139532372
0#
#4139575968
0"
#4139675622
1#
#4139719218
1"
#4139818872
0#
#4139862468
0"
#4139962122
1#
#4140005718
1"
#4140105372
0#
#4140148968
0"
#4140248622
1#
#4140292218
1"
#4140391872
0#
#4140435093
0"
#4140535122
1#
#4140577968
1"
#4140678372
0#
#4140720843
0"
#4140821622
1#
#4140863718
1"
#4140964872
0#
#4141006593
0"
#4141108122
1#
#4141149468
1"
#4141250997
0#
#4141292343
0"
#4141393872
1#
#4141435218
1"
#4141536747
0#
#4141578093
0"
#4141679622
1#
#4141720968
1"
#4141822497
0#
#4141863843
0"
#4141965372
1#
#4142006718
1"
#4142108247
0#
#4142149218
0"
#4142251122
1#
#4142291718
1"
#4142393997
0#
#4142434218
0"
#4142536872
1#
#4142576718
1"
#4142679747
0#
#4142719218
0"
#4142822622
1#
#4142861718
1"
#4142965122
0#
#4143004218
0"
#4143107622
1#
#4143146718
1"
#4143250122
0#
#4143289218
0"
#4143392622
1#
#4143431718
1"
#4143535122
0#
#4143574218
0"
#4143677622
1#
#4143716718
1"
#4143820122
0#
#4143858593
0"
#4143962622
1#
#4144000468
1"
#4144105122
0#
#4144142343
0"
#4144247622
1#
#4144284218
1"
#4144390122
0#
#4144426093
0"
#4144532622
1#
#4144567968
1"
#4144674497
0#
#4144709843
0"
#4144816372
1#
#4144851718
1"
#4144958247
0#
#4144993593
0"
#4145100122
1#
#4145135468
1"
#4145241997
0#
#4145277343
0"
#4145383872
1#
#4145419218
1"
#4145525747
0#
#4145561093
0"
#4145667622
1#
#4145702968
1"
#4145809497
0#
#4145844468
0"
#4145951372
1#
#4145985968
1"
#4146093247
0#
#4146127468
0"
#4146235122
1#
#4146268968
1"
#4146376997
0#
#4146410468
0"
#4146518872
1#
#4146551968
1"
#4146660372
0#
#4146693468
0"
#4146801872
1#
#4146834968
1"
#4146943372
0#
#4146976468
0"
#4147084872
1#
#4147117968
1"
#4147226372
0#
#4147259468
0"
#4147367872
1#
#4147400968
1"
#4147509372
0#
#4147542468
0"
#4147650872
1#
#4147683968
1"
#4147792372
0#
#4147824968
0"
#4147933872
1#
#4147965968
1"
#4148075372
0#
#4148106968
0"
#4148216872
1#
#4148247968
1"
#4148358372
0#
#4148388968
0"
#4148499872
1#
#4148529968
1"
#4148640872
0#
#4148670968
0"
#4148781872
1#
#4148811968
1"
#4148922872
0#
#4148952968
0"
#4149063872
1#
#4149093968
1"
#4149204872
0#
#4149234968
0"
#4149345872
1#
#4149375968
1"
#4149486872
0#
#4149516968
0"
#4149627872
1#
#4149657968
1"
#4149768872
0#
#4149798593
0"
#4149909872
1#
#4149939218
1"
#4150050872
0#
#4150079843
0"
#4150191872
1#
#4150220468
1"
#4150332872
0#
#4150361093
0"
#4150473872
1#
#4150501718
1"
#4150614497
0#
#4150642343
0"
#4150755122
1#
#4150782968
1"
#4150895747
0#
#4150923593
0"
#4151036372
1#
#4151064218
1"
#4151176997
0#
#4151204843
0"
#4151317622
1#
#4151345468
1"
#4151458247
0#
#4151486093
0"
#4151598872
1#
#4151626718
1"
#4151739497
0#
#4151766718
0"
#4151880122
1#
#4151906718
1"
#4152020747
0#
#4152046718
0"
#4152161372
1#
#4152186718
1"
#4152301997
0#
#4152326718
0"
#4152442622
1#
#4152466718
1"
#4152582622
0#
#4152606718
0"
#4152722622
1#
#4152746718
1"
#4152862622
0#
#4152886718
0"
#4153002622
1#
#4153026718
1"
#4153142622
0#
#4153166718
0"
#4153282622
1#
#4153306718
1"
#4153422622
0#
#4153446718
0"
#4153562622
1#
#4153586718
1"
#4153702622
0#
#4153726343
0"
#4153842622
1#
#4153865968
1"
#4153982622
0#
#4154005593
0"
#4154122622
1#
#4154145218
1"
#4154262622
0#
#4154284843
0"
#4154402622
1#
#4154424468
1"
#4154542247
0#
#4154564093
0"
#4154681872
1#
#4154703718
1"
#4154821497
0#
#4154843343
0"
#4154961122
1#
#4154982968
1"
#4155100747
0#
#4155122593
0"
#4155240372
1#
#4155262218
1"
#4155379997
0#
#4155401843
0"
#4155519622
1#
#4155541468
1"
#4155659247
0#
#4155680593
0"
#4155798872
1#
#4155819718
1"
#4155938497
0#
#4155958843
0"
#4156078122
1#
#4156097968
1"
#4156217747
0#
#4156237093
0"
#4156357372
1#
#4156376218
1"
#4156496497
0#
#4156515343
0"
#4156635622
1#
#4156654468
1"
#4156774747
0#
#4156793593
0"
#4156913872
1#
#4156932718
1"
#4157052997
0#
#4157071843
0"
#4157192122
1#
#4157210968
1"
#4157331247
0#
#4157350093
0"
#4157470372
1#
#4157489218
1"
#4157609497
0#
#4157627968
0"
#4157748622
1#
#4157766718
1"
#4157887747
0#
#4157905468
0"
#4158026872
1#
#4158044218
1"
#4158165997
0#
#4158182968
0"
#4158305122
1#
#4158321718
1"
#4158443872
0#
#4158460468
0"
#4158582622
1#
#4158599218
1"
#4158721372
0#
#4158737968
0"
#4158860122
1#
#4158876718
1"
#4158998872
0#
#4159015468
0"
#4159137622
1#
#4159154218
1"
#4159276372
0#
#4159292968
0"
#4159415122
1#
#4159431718
1"
#4159553872
0#
#4159570093
0"
#4159692622
1#
#4159708468
1"
#4159831372
0#
#4159846843
0"
#4159970122
1#
#4159985218
1"
#4160108872
0#
#4160123593
0"
#4160247622
1#
#4160261968
1"
#4160385997
0#
#4160400343
0"
#4160524372
1#
#4160538718
1"
#4160662747
0#
#4160677093
0"
#4160801122
1#
#4160815468
1"
#4160939497
0#
#4160953843
0"
#4161077872
1#
#4161092218
1"
#4161216247
0#
#4161230593
0"
#4161354622
1#
#4161368968
1"
#4161492997
0#
#4161506718
0"
#4161631372
1#
#4161644468
1"
#4161769747
0#
#4161782218
0"
#4161908122
1#
#4161919968
1"
#4162046497
0#
#4162057718
0"
#4162184872
1#
#4162195468
1"
#4162322622
0#
#4162333218
0"
#4162460372
1#
#4162470968
1"
#4162598122
0#
#4162608718
0"
#4162735872
1#
#4162746468
1"
#4162873622
0#
#4162884218
0"
#4163011372
1#
#4163021968
1"
#4163149122
0#
#4163159718
0"
#4163286872
1#
#4163297468
1"
#4163424622
0#
#4163434843
0"
#4163562372
1#
#4163572218
1"
#4163700122
0#
#4163709593
0"
#4163837872
1#
#4163846968
1"
#4163975622
0#
#4163984343
0"
#4164113372
1#
#4164121718
1"
#4164250747
0#
#4164259093
0"
#4164388122
1#
#4164396468
1"
#4164525497
0#
#4164533843
0"
#4164662872
1#
#4164671218
1"
#4164800247
0#
#4164808593
0"
#4164937622
1#
#4164945968
1"
#4165074997
0#
#4165083343
0"
#4165212372
1#
#4165220718
1"
#4165349747
0#
#4165357718
0"
#4165487122
1#
#4165494718
1"
#4165624497
0#
#4165631718
0"
#4165761872
1#
#4165768718
1"
#4165899247
0#
#4165905718
0"
#4166036622
1#
#4166042718
1"
#4166173622
0#
#4166179718
0"
#4166310622
1#
#4166316718
1"
#4166447622
0#
#4166453718
0"
#4166584622
1#
#4166590718
1"
#4166721622
0#
#4166727718
0"
#4166858622
1#
#4166864718
1"
#4166995622
0#
#4167001718
0"
#4167132622
1#
#4167138718
1"
#4167269622
0#
#4167275218
0"
#4167406622
1#
#4167411718
1"
#4167543622
0#
#4167548218
0"
#4167680622
1#
#4167684718
1"
#4167817622
0#
#4167821218
0"
#4167954622
1#
#4167957718
1"
#4168091122
0#
#4168094218
0"
#4168227622
1#
#4168230718
1"
#4168364122
0#
#4168367218
0"
#4168500622
1#
#4168503718
1"
#4168637122
0#
#4168640218
0"
#4168773622
1#
#4168776718
1"
#4168910122
0#
#4168913218
0"
#4169046622
1#
#4169049718
1"
#4169183122
0#
#4169185843
0"
#4169319622
1#
#4169321968
1"
#4169456122
0#
#4169458093
0"
#4169592622
1#
#4169594218
1"
#4169729122
0#
#4169730343
0"
#4169865622
1#
#4169866468
1"
#4170001747
0#
#4170002593
0"
#4170137872
1#
#4170138718
1"
#4170273997
0#
#4170274843
0"
#4170410122
1#
#4170410968
1"
#4170546247
0#
#4170547093
0"
#4170682372
1#
#4170683218
1"
#4170818497
0#
#4170819343
0"
#4170954622
1#
#4170955468
1"
#4171090747
0#
#4171091218
0"
#4171226872
1#
#4171226968
1"
#4171362718
0"
#4171362997
0#
#4171498468
1"
#4171499122
1#
#4171634218
0"
#4171635247
0#
#4171769968
1"
#4171771372
1#
#4171905718
0"
#4171907122
0#
#4172041468
1"
#4172042872
1#
#4172177218
0"
#4172178622
0#
#4172312968
1"
#4172314372
1#
#4172448718
0"
#4172450122
0#
#4172584468
1"
#4172585872
1#
#4172720218
0"
#4172721622
0#
#4172855968
1"
#4172857372
1#
#4172991093
0"
#4172993122
0#
#4173126218
1"
#4173128872
1#
#4173261343
0"
#4173264622
0#
#4173396468
1"
#4173400372
1#
#4173531593
0"
#4173536122
0#
#4173666718
1"
#4173671872
1#
#4173801843
0"
#4173806997
0#
#4173936968
1"
#4173942122
1#
#4174072093
0"
#4174077247
0#
#4174207218
1"
#4174212372
1#
#4174342343
0"
#4174347497
0#
#4174477468
1"
#4174482622
1#
#4174612593
0"
#4174617747
0#
#4174747718
1"
#4174752872
1#
#4174882468
0"
#4174887997
0#
#4175017218
1"
#4175023122
1#
#4175151968
0"
#4175158247
0#
#4175286718
1"
#4175293372
1#
#4175421468
0"
#4175428497
0#
#4175556218
1"
#4175563622
1#
#4175690968
0"
#4175698372
0#
#4175825718
1"
#4175833122
1#
#4175960468
0"
#4175967872
0#
#4176095218
1"
#4176102622
1#
#4176229968
0"
#4176237372
0#
#4176364718
1"
#4176372122
1#
#4176499468
0"
#4176506872
0#
#4176634218
1"
#4176641622
1#
#4176768593
0"
#4176776372
0#
#4176902968
1"
#4176911122
1#
#4177037343
0"
#4177045872
0#
#4177171718
1"
#4177180622
1#
#4177306093
0"
#4177315372
0#
#4177440468
1"
#4177450122
1#
#4177574843
0"
#4177584497
0#
#4177709218
1"
#4177718872
1#
#4177843593
0"
#4177853247
0#
#4177977968
1"
#4177987622
1#
#4178112343
0"
#4178121997
0#
#4178246718
1"
#4178256372
1#
#4178381093
0"
#4178390747
0#
#4178515468
1"
#4178525122
1#
#4178649468
0"
#4178659497
0#
#4178783468
1"
#4178793872
1#
#4178917468
0"
#4178928247
0#
#4179051468
1"
#4179062622
1#
#4179185468
0"
#4179196997
0#
#4179319468
1"
#4179331372
1#
#4179453468
0"
#4179465372
0#
#4179587468
1"
#4179599372
1#
#4179721468
0"
#4179733372
0#
#4179855468
1"
#4179867372
1#
#4179989468
0"
#4180001372
0#
#4180123468
1"
#4180135372
1#
#4180257468
0"
#4180269372
0#
#4180391468
1"
#4180403372
1#
#4180525093
0"
#4180537372
0#
#4180658718
1"
#4180671372
1#
#4180792343
0"
#4180805372
0#
#4180925968
1"
#4180939372
1#
#4181059593
0"
#4181073372
0#
#4181193218
1"
#4181207372
1#
#4181326843
0"
#4181340997
0#
#4181460468
1"
#4181474622
1#
#4181594093
0"
#4181608247
0#
#4181727718
1"
#4181741872
1#
#4181861343
0"
#4181875497
0#
#4181994968
1"
#4182009122
1#
#4182128593
0"
#4182142747
0#
#4182262218
1"
#4182276372
1#
#4182395343
0"
#4182409997
0#
#4182528468
1"
#4182543622
1#
#4182661593
0"
#4182677247
0#
#4182794718
1"
#4182810872
1#
#4182927843
0"
#4182944497
0#
#4183060968
1"
#4183078122
1#
#4183194093
0"
#4183211247
0#
#4183327218
1"
#4183344372
1#
#4183460343
0"
#4183477497
0#
#4183593468
1"
#4183610622
1#
#4183726593
0"
#4183743747
0#
#4183859718
1"
#4183876872
1#
#4183992843
0"
#4184009997
0#
#4184125968
1"
#4184143122
1#
#4184258843
0"
#4184276247
0#
#4184391718
1"
#4184409372
1#
#4184524593
0"
#4184542497
0#
#4184657468
1"
#4184675622
1#
#4184790343
0"
#4184808747
0#
#4184923218
1"
#4184941872
1#
#4185056093
0"
#4185074747
0#
#4185188968
1"
#4185207622
1#
#4185321843
0"
#4185340497
0#
#4185454718
1"
#4185473372
1#
#4185587593
0"
#4185606247
0#
#4185720468
1"
#4185739122
1#
#4185853343
0"
#4185871997
0#
#4185986218
1"
#4186004872
1#
#4186118718
0"
#4186137747
0#
#4186251218
1"
#4186270622
1#
#4186383718
0"
#4186403497
0#
#4186516218
1"
#4186536372
1#
#4186648718
0"
#4186669247
0#
#4186781218
1"
#4186802122
1#
#4186913718
0"
#4186934622
0#
#4187046218
1"
#4187067122
1#
#4187178718
0"
#4187199622
0#
#4187311218
1"
#4187332122
1#
#4187443718
0"
#4187464622
0#
#4187576218
1"
#4187597122
1#
#4187708718
0"
#4187729622
0#
#4187841218
1"
#4187862122
1#
#4187973343
0"
#4187994622
0#
#4188105468
1"
#4188127122
1#
#4188237593
0"
#4188259622
0#
#4188369718
1"
#4188392122
1#
#4188501843
0"
#4188524622
0#
#4188633968
1"
#4188657122
1#
#4188766093
0"
#4188789247
0#
#4188898218
1"
#4188921372
1#
#4189030343
0"
#4189053497
0#
#4189162468
1"
#4189185622
1#
#4189294593
0"
#4189317747
0#
#4189426718
1"
#4189449872
1#
#4189558843
0"
#4189581997
0#
#4189690968
1"
#4189714122
1#
#4189822718
0"
#4189846247
0#
#4189954468
1"
#4189978372
1#
#4190086218
0"
#4190110497
0#
#4190217968
1"
#4190242622
1#
#4190349718
0"
#4190374747
0#
#4190481468
1"
#4190506872
1#
#4190613218
0"
#4190638622
0#
#4190744968
1"
#4190770372
1#
#4190876718
0"
#4190902122
0#
#4191008468
1"
#4191033872
1#
#4191140218
0"
#4191165622
0#
#4191271968
1"
#4191297372
1#
#4191403718
0"
#4191429122
0#
#4191535468
1"
#4191560872
1#
#4191666593
0"
#4191692622
0#
#4191797718
1"
#4191824372
1#
#4191928843
0"
#4191956122
0#
#4192059968
1"
#4192087872
1#
#4192191093
0"
#4192219622
0#
#4192322218
1"
#4192351372
1#
#4192453343
0"
#4192482497
0#
#4192584468
1"
#4192613622
1#
#4192715593
0"
#4192744747
0#
#4192846718
1"
#4192875872
1#
#4192977843
0"
#4193006997
0#
#4193108968
1"
#4193138122
1#
#4193240093
0"
#4193269247
0#
#4193371218
1"
#4193400372
1#
#4193501968
0"
#4193531497
0#
#4193632718
1"
#4193662622
1#
#4193763468
0"
#4193793747
0#
#4193894218
1"
#4193924872
1#
#4194024968
0"
#4194055997
0#
#4194155718
1"
#4194187122
1#
#4194286468
0"
#4194317872
0#
#4194417218
1"
#4194448622
1#
#4194547968
0"
#4194579372
0#
#4194678718
1"
#4194710122
1#
#4194809468
0"
#4194840872
0#
#4194940218
1"
#4194971622
1#
#4195070968
0"
#4195102372
0#
#4195201718
1"
#4195233122
1#
#4195332218
0"
#4195363872
0#
#4195462718
1"
#4195494622
1#
#4195593218
0"
#4195625372
0#
#4195723718
1"
#4195756122
1#
#4195854218
0"
#4195886872
0#
#4195984718
1"
#4196017622
1#
#4196115218
0"
#4196148122
0#
#4196245718
1"
#4196278622
1#
#4196376218
0"
#4196409122
0#
#4196506718
1"
#4196539622
1#
#4196637218
0"
#4196670122
0#
#4196767718
1"
#4196800622
1#
#4196898218
0"
#4196931122
0#
#4197028718
1"
#4197061622
1#
#4197158843
0"
#4197192122
0#
#4197288968
1"
#4197322622
1#
#4197419093
0"
#4197453122
0#
#4197549218
1"
#4197583622
1#
#4197679343
0"
#4197714122
0#
#4197809468
1"
#4197844622
1#
#4197939593
0"
#4197974747
0#
#4198069718
1"
#4198104872
1#
#4198199843
0"
#4198234997
0#
#4198329968
1"
#4198365122
1#
#4198460093
0"
#4198495247
0#
#4198590218
1"
#4198625372
1#
#4198720343
0"
#4198755497
0#
#4198850468
1"
#4198885622
1#
#4198980218
0"
#4199015747
0#
#4199109968
1"
#4199145872
1#
#4199239718
0"
#4199275997
0#
#4199369468
1"
#4199406122
1#
#4199499218
0"
#4199536247
0#
#4199628968
1"
#4199666372
1#
#4199758718
0"
#4199796122
0#
#4199888468
1"
#4199925872
1#
#4200018218
0"
#4200055622
0#
#4200147968
1"
#4200185372
1#
#4200277718
0"
#4200315122
0#
#4200407468
1"
#4200444872
1#
#4200537218
0"
#4200574622
0#
#4200666968
1"
#4200704372
1#
#4200796343
0"
#4200834122
0#
#4200925718
1"
#4200963872
1#
#4201055093
0"
#4201093622
0#
#4201184468
1"
#4201223372
1#
#4201313843
0"
#4201353122
0#
#4201443218
1"
#4201482872
1#
#4201572593
0"
#4201612247
0#
#4201701968
1"
#4201741622
1#
#4201831343
0"
#4201870997
0#
#4201960718
1"
#4202000372
1#
#4202090093
0"
#4202129747
0#
#4202219468
1"
#4202259122
1#
#4202348843
0"
#4202388497
0#
#4202478218
1"
#4202517872
1#
#4202607218
0"
#4202647247
0#
#4202736218
1"
#4202776622
1#
#4202865218
0"
#4202905997
0#
#4202994218
1"
#4203035372
1#
#4203123218
0"
#4203164747
0#
#4203252218
1"
#4203294122
1#
#4203381218
0"
#4203423122
0#
#4203510218
1"
#4203552122
1#
#4203639218
0"
#4203681122
0#
#4203768218
1"
#4203810122
1#
#4203897218
0"
#4203939122
0#
#4204026218
1"
#4204068122
1#
#4204155218
0"
#4204197122
0#
#4204284218
1"
#4204326122
1#
#4204412968
0"
#4204455122
0#
#4204541718
1"
#4204584122
1#
#4204670468
0"
#4204713122
0#
#4204799218
1"
#4204842122
1#
#4204927968
0"
#4204971122
0#
#4205056718
1"
#4205100122
1#
#4205185468
0"
#4205228872
0#
#4205314218
1"
#4205357622
1#
#4205442968
0"
#4205486372
0#
#4205571718
1"
#4205615122
1#
#4205700468
0"
#4205743872
0#
#4205829218
1"
#4205872622
1#
#4205957968
0"
#4206001372
0#
#4206086718
1"
#4206130122
1#
#4206215093
0"
#4206258872
0#
#4206343468
1"
#4206387622
1#
#4206471843
0"
#4206516372
0#
#4206600218
1"
#4206645122
1#
#4206728593
0"
#4206773872
0#
#4206856968
1"
#4206902622
1#
#4206985343
0"
#4207030997
0#
#4207113718
1"
#4207159372
1#
#4207242093
0"
#4207287747
0#
#4207370468
1"
#4207416122
1#
#4207498843
0"
#4207544497
0#
#4207627218
1"
#4207672872
1#
#4207755593
0"
#4207801247
0#
#4207883968
1"
#4207929622
1#
#4208011968
0"
#4208057997
0#
#4208139968
1"
#4208186372
1#
#4208267968
0"
#4208314747
0#
#4208395968
1"
#4208443122
1#
#4208523968
0"
#4208571497
0#
#4208651968
1"
#4208699872
1#
#4208779968
0"
#4208827872
0#
#4208907968
1"
#4208955872
1#
#4209035968
0"
#4209083872
0#
#4209163968
1"
#4209211872
1#
#4209291968
0"
#4209339872
0#
#4209419968
1"
#4209467872
1#
#4209547968
0"
#4209595872
0#
#4209675968
1"
#4209723872
1#
#4209803593
0"
#4209851872
0#
#4209931218
1"
#4209979872
1#
#4210058843
0"
#4210107872
0#
#4210186468
1"
#4210235872
1#
#4210314093
0"
#4210363872
0#
#4210441718
1"
#4210491872
1#
#4210569343
0"
#4210619497
0#
#4210696968
1"
#4210747122
1#
#4210824593
0"
#4210874747
0#
#4210952218
1"
#4211002372
1#
#4211079843
0"
#4211129997
0#
#4211207468
1"
#4211257622
1#
#4211335093
0"
#4211385247
0#
#4211462718
1"
#4211512872
1#
#4211590031
0"
#4211640497
0#
#4211717343
1"
#4211768122
1#
#4211844656
0"
#4211895747
0#
#4211971968
1"
#4212023372
1#
#4212099281
0"
#4212150997
0#
#4212226593
1"
#4212278622
1#
#4212353906
0"
#4212405935
0#
#4212481218
1"
#4212533247
1#
#4212608531
0"
#4212660560
0#
#4212735843
1"
#4212787872
1#
#4212863156
0"
#4212915185
0#
#4212990468
1"
#4213042497
1#
#4213117781
0"
#4213169810
0#
#4213245093
1"
#4213297122
1#
#4213372031
0"
#4213424435
0#
#4213498968
1"
#4213551747
1#
#4213625906
0"
#4213679060
0#
#4213752843
1"
#4213806372
1#
#4213879781
0"
#4213933685
0#
#4214006718
1"
#4214060997
1#
#4214133656
0"
#4214187935
0#
#4214260593
1"
#4214314872
1#
#4214387531
0"
#4214441810
0#
#4214514468
1"
#4214568747
1#
#4214641406
0"
#4214695685
0#
#4214768343
1"
#4214822622
1#
#4214895281
0"
#4214949560
0#
#4215022218
1"
#4215076497
1#
#4215148843
0"
#4215203435
0#
#4215275468
1"
#4215330372
1#
#4215402093
0"
#4215457310
0#
#4215528718
1"
#4215584247
1#
#4215655343
0"
#4215711185
0#
#4215781968
1"
#4215838122
1#
#4215908593
0"
#4215964747
0#
#4216035218
1"
#4216091372
1#
#4216161843
0"
#4216217997
0#
#4216288468
1"
#4216344622
1#
#4216415093
0"
#4216471247
0#
#4216541718
1"
#4216597872
1#
#4216668343
0"
#4216724497
0#
#4216794968
1"
#4216851122
1#
#4216921218
0"
#4216977747
0#
#4217047468
1"
#4217104372
1#
#4217173718
0"
#4217230997
0#
#4217299968
1"
#4217357622
1#
#4217426218
0"
#4217484247
0#
#4217552468
1"
#4217610872
1#
#4217678718
0"
#4217737122
0#
#4217804968
1"
#4217863372
1#
#4217931218
0"
#4217989622
0#
#4218057468
1"
#4218115872
1#
#4218183718
0"
#4218242122
0#
#4218309968
1"
#4218368372
1#
#4218436218
0"
#4218494622
0#
#4218562468
1"
#4218620872
1#
#4218688406
0"
#4218747122
0#
#4218814343
1"
#4218873372
1#
#4218940281
0"
#4218999622
0#
#4219066218
1"
#4219125872
1#
#4219192156
0"
#4219252122
0#
#4219318093
1"
#4219378372
1#
#4219444031
0"
#4219504310
0#
#4219569968
1"
#4219630247
1#
#4219695906
0"
#4219756185
0#
#4219821843
1"
#4219882122
1#
#4219947781
0"
#4220008060
0#
#4220073718
1"
#4220133997
1#
#4220199656
0"
#4220259935
0#
#4220325593
1"
#4220385872
1#
#4220451218
0"
#4220511810
0#
#4220576843
1"
#4220637747
1#
#4220702468
0"
#4220763685
0#
#4220828093
1"
#4220889622
1#
#4220953718
0"
#4221015560
0#
#4221079343
1"
#4221141497
1#
#4221204968
0"
#4221267122
0#
#4221330593
1"
#4221392747
1#
#4221456218
0"
#4221518372
0#
#4221581843
1"
#4221643997
1#
#4221707468
0"
#4221769622
0#
#4221833093
1"
#4221895247
1#
#4221958718
0"
#4222020872
0#
#4222084343
1"
#4222146497
1#
#4222209593
0"
#4222272122
0#
#4222334843
1"
#4222397747
1#
#4222460093
0"
#4222523372
0#
#4222585343
1"
#4222648997
1#
#4222710593
0"
#4222774622
0#
#4222835843
1"
#4222900247
1#
#4222961093
0"
#4223025497
0#
#4223086343
1"
#4223150747
1#
#4223211593
0"
#4223275997
0#
#4223336843
1"
#4223401247
1#
#4223462093
0"
#4223526497
0#
#4223587343
1"
#4223651747
1#
#4223712593
0"
#4223776997
0#
#4223837843
1"
#4223902247
1#
#4223962781
0"
#4224027497
0#
#4224087718
1"
#4224152747
1#
#4224212656
0"
#4224277997
0#
#4224337593
1"
#4224403247
1#
#4224462531
0"
#4224528497
0#
#4224587468
1"
#4224653747
1#
#4224712406
0"
#4224778685
0#
#4224837343
1"
#4224903622
1#
#4224962281
0"
#4225028560
0#
#4225087218
1"
#4225153497
1#
#4225212156
0"
#4225278435
0#
#4225337093
1"
#4225403372
1#
#4225462031
0"
#4225528310
0#
#4225586968
1"
#4225653247
1#
#4225711531
0"
#4225778185
0#
#4225836093
1"
#4225903122
1#
#4225960656
0"
#4226028060
0#
#4226085218
1"
#4226152997
1#
#4226209781
0"
#4226277935
0#
#4226334343
1"
#4226402872
1#
#4226458906
0"
#4226527435
0#
#4226583468
1"
#4226651997
1#
#4226708031
0"
#4226776560
0#
#4226832593
1"
#4226901122
1#
#4226957156
0"
#4227025685
0#
#4227081718
1"
#4227150247
1#
#4227206281
0"
#4227274810
0#
#4227330843
1"
#4227399372
1#
#4227455406
0"
#4227523935
0#
#4227579968
1"
#4227648497
1#
#4227704093
0"
#4227773060
0#
#4227828218
1"
#4227897622
1#
#4227952343
0"
#4228022185
0#
#4228076468
1"
#4228146747
1#
#4228200593
0"
#4228271310
0#
#4228324718
1"
#4228395872
1#
#4228448843
0"
#4228519997
0#
#4228572968
1"
#4228644122
1#
#4228697093
0"
#4228768247
0#
#4228821218
1"
#4228892372
1#
#4228945343
0"
#4229016497
0#
#4229069468
1"
#4229140622
1#
#4229193593
0"
#4229264747
0#
#4229317718
1"
#4229388872
1#
#4229441843
0"
#4229512997
0#
#4229565968
1"
#4229637122
1#
#4229689718
0"
#4229761247
0#
#4229813468
1"
#4229885372
1#
#4229937218
0"
#4230009497
0#
#4230060968
1"
#4230133622
1#
#4230184718
0"
#4230257747
0#
#4230308468
1"
#4230381872
1#
#4230432218
0"
#4230505622
0#
#4230555968
1"
#4230629372
1#
#4230679718
0"
#4230753122
0#
#4230803468
1"
#4230876872
1#
#4230927218
0"
#4231000622
0#
#4231050968
1"
#4231124372
1#
#4231174718
0"
#4231248122
0#
#4231298468
1"
#4231371872
1#
#4231422218
0"
#4231495622
0#
#4231545968
1"
#4231619372
1#
#4231669406
0"
#4231743122
0#
#4231792843
1"
#4231866872
1#
#4231916281
0"
#4231990622
0#
#4232039718
1"
#4232114372
1#
#4232163156
0"
#4232238122
0#
#4232286593
1"
#4232361872
1#
#4232410031
0"
#4232485310
0#
#4232533468
1"
#4232608747
1#
#4232656906
0"
#4232732185
0#
#4232780343
1"
#4232855622
1#
#4232903781
0"
#4232979060
0#
#4233027218
1"
#4233102497
1#
#4233150656
0"
#4233225935
0#
#4233274093
1"
#4233349372
1#
#4233397531
0"
#4233472810
0#
#4233520968
1"
#4233596247
1#
#4233644031
0"
#4233719685
0#
#4233767093
1"
#4233843122
1#
#4233890156
0"
#4233966560
0#
#4234013218
1"
#4234089997
1#
#4234136281
0"
#4234213435
0#
#4234259343
1"
#4234336872
1#
#4234382406
0"
#4234459935
0#
#4234505468
1"
#4234582997
1#
#4234628531
0"
#4234706060
0#
#4234751593
1"
#4234829122
1#
#4234874656
0"
#4234952185
0#
#4234997718
1"
#4235075247
1#
#4235120781
0"
#4235198310
0#
#4235243843
1"
#4235321372
1#
#4235366906
0"
#4235444435
0#
#4235489968
1"
#4235567497
1#
#4235612718
0"
#4235690560
0#
#4235735468
1"
#4235813622
1#
#4235858218
0"
#4235936685
0#
#4235980968
1"
#4236059747
1#
#4236103718
0"
#4236182810
0#
#4236226468
1"
#4236305872
1#
#4236349218
0"
#4236428622
0#
#4236471968
1"
#4236551372
1#
#4236594718
0"
#4236674122
0#
#4236717468
1"
#4236796872
1#
#4236840218
0"
#4236919622
0#
#4236962968
1"
#4237042372
1#
#4237085718
0"
#4237165122
0#
#4237208468
1"
#4237287872
1#
#4237331218
0"
#4237410622
0#
#4237453968
1"
#4237533372
1#
#4237576406
0"
#4237656122
0#
#4237698843
1"
#4237778872
1#
#4237821281
0"
#4237901622
0#
#4237943718
1"
#4238024372
1#
#4238066156
0"
#4238147122
0#
#4238188593
1"
#4238269872
1#
#4238311031
0"
#4238392310
0#
#4238433468
1"
#4238514747
1#
#4238555906
0"
#4238637185
0#
#4238678343
1"
#4238759622
1#
#4238800781
0"
#4238882060
0#
#4238923218
1"
#4239004497
1#
#4239045656
0"
#4239126935
0#
#4239168093
1"
#4239249372
1#
#4239290531
0"
#4239371810
0#
#4239412968
1"
#4239494247
1#
#4239535093
0"
#4239616685
0#
#4239657218
1"
#4239739122
1#
#4239779343
0"
#4239861560
0#
#4239901468
1"
#4239983997
1#
#4240023593
0"
#4240106435
0#
#4240145718
1"
#4240228872
1#
#4240267843
0"
#4240350997
0#
#4240389968
1"
#4240473122
1#
#4240512093
0"
#4240595247
0#
#4240634218
1"
#4240717372
1#
#4240756343
0"
#4240839497
0#
#4240878468
1"
#4240961622
1#
#4241000593
0"
#4241083747
0#
#4241122718
1"
#4241205872
1#
#4241244843
0"
#4241327997
0#
#4241366968
1"
#4241450122
1#
#4241488718
0"
#4241572247
0#
#4241610468
1"
#4241694372
1#
#4241732218
0"
#4241816497
0#
#4241853968
1"
#4241938622
1#
#4241975718
0"
#4242060747
0#
#4242097468
1"
#4242182872
1#
#4242219218
0"
#4242304622
0#
#4242340968
1"
#4242426372
1#
#4242462718
0"
#4242548122
0#
#4242584468
1"
#4242669872
1#
#4242706218
0"
#4242791622
0#
#4242827968
1"
#4242913372
1#
#4242949718
0"
#4243035122
0#
#4243071468
1"
#4243156872
1#
#4243193218
0"
#4243278622
0#
#4243314968
1"
#4243400372
1#
#4243436218
0"
#4243522122
0#
#4243557468
1"
#4243643872
1#
#4243678718
0"
#4243765622
0#
#4243799968
1"
#4243887372
1#
#4243921218
0"
#4244009122
0#
#4244042468
1"
#4244130872
1#
#4244163718
0"
#4244252122
0#
#4244284968
1"
#4244373372
1#
#4244406218
0"
#4244494622
0#
#4244527468
1"
#4244615872
1#
#4244648718
0"
#4244737122
0#
#4244769968
1"
#4244858372
1#
#4244891218
0"
#4244979622
0#
#4245012468
1"
#4245100872
1#
#4245133718
0"
#4245222122
0#
#4245254968
1"
#4245343372
1#
#4245375906
0"
#4245464622
0#
#4245496843
1"
#4245585872
1#
#4245617781
0"
#4245707122
0#
#4245738718
1"
#4245828372
1#
#4245859656
0"
#4245949622
0#
#4245980593
1"
#4246070872
1#
#4246101531
0"
#4246191810
0#
#4246222468
1"
#4246312747
1#
#4246343406
0"
#4246433685
0#
#4246464343
1"
#4246554622
1#
#4246585281
0"
#4246675560
0#
#4246706218
1"
#4246796497
1#
#4246827156
0"
#4246917435
0#
#4246948093
1"
#4247038372
1#
#4247069031
0"
#4247159310
0#
#4247189968
1"
#4247280247
1#
#4247310593
0"
#4247401185
0#
#4247431218
1"
#4247522122
1#
#4247551843
0"
#4247643060
0#
#4247672468
1"
#4247763997
1#
#4247793093
0"
#4247884935
0#
#4247913718
1"
#4248005872
1#
#4248034343
0"
#4248126497
0#
#4248154968
1"
#4248247122
1#
#4248275593
0"
#4248367747
0#
#4248396218
1"
#4248488372
1#
#4248516843
0"
#4248608997
0#
#4248637468
1"
#4248729622
1#
#4248758093
0"
#4248850247
0#
#4248878718
1"
#4248970872
1#
#4248999343
0"
#4249091497
0#
#4249119968
1"
#4249212122
1#
#4249240218
0"
#4249332747
0#
#4249360468
1"
#4249453372
1#
#4249480718
0"
#4249573997
0#
#4249600968
1"
#4249694622
1#
#4249721218
0"
#4249815247
0#
#4249841468
1"
#4249935872
1#
#4249961718
0"
#4250056122
0#
#4250081968
1"
#4250176372
1#
#4250202218
0"
#4250296622
0#
#4250322468
1"
#4250416872
1#
#4250442718
0"
#4250537122
0#
#4250562968
1"
#4250657372
1#
#4250683218
0"
#4250777622
0#
#4250803468
1"
#4250897872
1#
#4250923718
0"
#4251018122
0#
#4251043968
1"
#4251138372
1#
#4251163906
0"
#4251258622
0#
#4251283843
1"
#4251378872
1#
#4251403781
0"
#4251499122
0#
#4251523718
1"
#4251619372
1#
#4251643656
0"
#4251739622
0#
#4251763593
1"
#4251859872
1#
#4251883531
0"
#4251979810
0#
#4252003468
1"
#4252099747
1#
#4252123406
0"
#4252219685
0#
#4252243343
1"
#4252339622
1#
#4252363281
0"
#4252459560
0#
#4252483218
1"
#4252579497
1#
#4252603156
0"
#4252699435
0#
#4252723093
1"
#4252819372
1#
#4252843031
0"
#4252939310
0#
#4252962968
1"
#4253059247
1#
#4253082593
0"
#4253179185
0#
#4253202218
1"
#4253299122
1#
#4253321843
0"
#4253419060
0#
#4253441468
1"
#4253538997
1#
#4253561093
0"
#4253658935
0#
#4253680718
1"
#4253778872
1#
#4253800343
0"
#4253898497
0#
#4253919968
1"
#4254018122
1#
#4254039593
0"
#4254137747
0#
#4254159218
1"
#4254257372
1#
#4254278843
0"
#4254376997
0#
#4254398468
1"
#4254496622
1#
#4254518093
0"
#4254616247
0#
#4254637718
1"
#4254735872
1#
#4254757343
0"
#4254855497
0#
#4254876968
1"
#4254975122
1#
#4254996281
0"
#4255094747
0#
#4255115593
1"
#4255214372
1#
#4255234906
0"
#4255333997
0#
#4255354218
1"
#4255453622
1#
#4255473531
0"
#4255573247
0#
#4255592843
1"
#4255692872
1#
#4255712156
0"
#4255812185
0#
#4255831468
1"
#4255931497
1#
#4255950781
0"
#4256050810
0#
#4256070093
1"
#4256170122
1#
#4256189406
0"
#4256289435
0#
#4256308718
1"
#4256408747
1#
#4256428031
0"
#4256528060
0#
#4256547343
1"
#4256647372
1#
#4256666656
0"
#4256766685
0#
#4256785968
1"
#4256885997
1#
#4256904968
0"
#4257005310
0#
#4257023968
1"
#4257124622
1#
#4257142968
0"
#4257243935
0#
#4257261968
1"
#4257363247
1#
#4257380968
0"
#4257482560
0#
#4257499968
1"
#4257601872
1#
#4257618968
0"
#4257720872
0#
#4257737968
1"
#4257839872
1#
#4257856968
0"
#4257958872
0#
#4257975968
1"
#4258077872
1#
#4258094968
0"
#4258196872
0#
#4258213968
1"
#4258315872
1#
#4258332968
0"
#4258434872
0#
#4258451968
1"
#4258553872
1#
#4258570968
0"
#4258672872
0#
#4258689968
1"
#4258791872
1#
#4258808593
0"
#4258910872
0#
#4258927218
1"
#4259029872
1#
#4259045843
0"
#4259148872
0#
#4259164468
1"
#4259267872
1#
#4259283093
0"
#4259386872
0#
#4259401718
1"
#4259505872
1#
#4259520343
0"
#4259624497
0#
#4259638968
1"
#4259743122
1#
#4259757593
0"
#4259861747
0#
#4259876218
1"
#4259980372
1#
#4259994843
0"
#4260098997
0#
#4260113468
1"
#4260217622
1#
#4260232093
0"
#4260336247
0#
#4260350718
1"
#4260454872
1#
#4260469343
0"
#4260573497
0#
#4260587968
1"
#4260692122
1#
#4260706281
0"
#4260810747
0#
#4260824593
1"
#4260929372
1#
#4260942906
0"
#4261047997
0#
#4261061218
1"
#4261166622
1#
#4261179531
0"
#4261285247
0#
#4261297843
1"
#4261403872
1#
#4261416156
0"
#4261522185
0#
#4261534468
1"
#4261640497
1#
#4261652781
0"
#4261758810
0#
#4261771093
1"
#4261877122
1#
#4261889406
0"
#4261995435
0#
#4262007718
1"
#4262113747
1#
#4262126031
0"
#4262232060
0#
#4262244343
1"
#4262350372
1#
#4262362656
0"
#4262468685
0#
#4262480968
1"
#4262586997
1#
#4262598968
0"
#4262705310
0#
#4262716968
1"
#4262823622
1#
#4262834968
0"
#4262941935
0#
#4262952968
1"
#4263060247
1#
#4263070968
0"
#4263178560
0#
#4263188968
1"
#4263296872
1#
#4263306968
0"
#4263414872
0#
#4263424968
1"
#4263532872
1#
#4263542968
0"
#4263650872
0#
#4263660968
1"
#4263768872
1#
#4263778968
0"
#4263886872
0#
#4263896968
1"
#4264004872
1#
#4264014968
0"
#4264122872
0#
#4264132968
1"
#4264240872
1#
#4264250968
0"
#4264358872
0#
#4264368968
1"
#4264476872
1#
#4264486656
0"
#4264594872
0#
#4264604343
1"
#4264712872
1#
#4264722031
0"
#4264830872
0#
#4264839718
1"
#4264948872
1#
#4264957406
0"
#4265066872
0#
#4265075093
1"
#4265184872
1#
#4265192781
0"
#4265302560
0#
#4265310468
1"
#4265420247
1#
#4265428156
0"
#4265537935
0#
#4265545843
1"
#4265655622
1#
#4265663531
0"
#4265773310
0#
#4265781218
1"
#4265890997
1#
#4265898906
0"
#4266008685
0#
#4266016593
1"
#4266126372
1#
#4266134281
0"
#4266244060
0#
#4266251968
1"
#4266361747
1#
#4266369343
0"
#4266479435
0#
#4266486718
1"
#4266597122
1#
#4266604093
0"
#4266714810
0#
#4266721468
1"
#4266832497
1#
#4266838843
0"
#4266950185
0#
#4266956218
1"
#4267067872
1#
#4267073593
0"
#4267185247
0#
#4267190968
1"
#4267302622
1#
#4267308343
0"
#4267419997
0#
#4267425718
1"
#4267537372
1#
#4267543093
0"
#4267654747
0#
#4267660468
1"
#4267772122
1#
#4267777843
0"
#4267889497
0#
#4267895218
1"
#4268006872
1#
#4268012593
0"
#4268124247
0#
#4268129968
1"
#4268241622
1#
#4268247031
0"
#4268358997
0#
#4268364093
1"
#4268476372
1#
#4268481156
0"
#4268593747
0#
#4268598218
1"
#4268711122
1#
#4268715281
0"
#4268828497
0#
#4268832343
1"
#4268945872
1#
#4268949406
0"
#4269062935
0#
#4269066468
1"
#4269179997
1#
#4269183531
0"
#4269297060
0#
#4269300593
1"
#4269414122
1#
#4269417656
0"
#4269531185
0#
#4269534718
1"
#4269648247
1#
#4269651781
0"
#4269765310
0#
#4269768843
1"
#4269882372
1#
#4269885906
0"
#4269999435
0#
#4270002968
1"
#4270116497
1#
#4270119718
0"
#4270233560
0#
#4270236468
1"
#4270350622
1#
#4270353218
0"
#4270467685
0#
#4270469968
1"
#4270584747
1#
#4270586718
0"
#4270701810
0#
#4270703468
1"
#4270818872
1#
#4270820218
0"
#4270935622
0#
#4270936968
1"
#4271052372
1#
#4271053718
0"
#4271169122
0#
#4271170468
1"
#4271285872
1#
#4271287218
0"
#4271402622
0#
#4271403968
1"
#4271519372
1#
#4271520718
0"
#4271636122
0#
#4271637468
1"
#4271752872
1#
#4271754218
0"
#4271869622
0#
#4271870968
1"
#4271986372
1#
#4271987406
0"
#4272103122
0#
#4272103843
1"
#4272219872
1#
#4272220281
0"
#4272336622
0#
#4272336718
1"
#4272453156
0"
#4272453372
1#
#4272569593
1"
#4272570122
0#
#4272686031
0"
#4272686872
1#
#4272802468
1"
#4272803310
0#
#4272918906
0"
#4272919747
1#
#4273035343
1"
#4273036185
0#
#4273151781
0"
#4273152622
1#
#4273268218
1"
#4273269060
0#
#4273384656
0"
#4273385497
1#
#4273501093
1"
#4273501935
0#
#4273617531
0"
#4273618372
1#
#4273733968
1"
#4273734810
0#
#4273850093
0"
#4273851247
1#
#4273966218
1"
#4273967685
0#
#4274082343
0"
#4274084122
1#
#4274198468
1"
#4274200560
0#
#4274314593
0"
#4274316997
1#
#4274430718
1"
#4274433435
0#
#4274546843
0"
#4274549872
1#
#4274662968
1"
#4274665997
0#
#4274779093
0"
#4274782122
1#
#4274895218
1"
#4274898247
0#
#4275011343
0"
#4275014372
1#
#4275127468
1"
#4275130497
0#
#4275243593
0"
#4275246622
1#
#4275359718
1"
#4275362747
0#
#4275475843
0"
#4275478872
1#
#4275591968
1"
#4275594997
0#
#4275707968
0"
#4275711122
1#
#4275823968
1"
#4275827247
0#
#4275939968
0"
#4275943372
1#
#4276055968
1"
#4276059497
0#
#4276171968
0"
#4276175622
1#
#4276287968
1"
#4276291747
0#
#4276403968
0"
#4276407872
1#
#4276519968
1"
#4276523872
0#
#4276635968
0"
#4276639872
1#
#4276751968
1"
#4276755872
0#
#4276867968
0"
#4276871872
1#
#4276983968
1"
#4276987872
0#
#4277099968
0"
#4277103872
1#
#4277215968
1"
#4277219872
0#
#4277331968
0"
#4277335872
1#
#4277447968
1"
#4277451872
0#
#4277563656
0"
#4277567872
1#
#4277679343
1"
#4277683872
0#
#4277795031
0"
#4277799872
1#
#4277910718
1"
#4277915872
0#
#4278026406
0"
#4278031872
1#
#4278142093
1"
#4278147872
0#
#4278257781
0"
#4278263872
1#
#4278373468
1"
#4278379560
0#
#4278489156
0"
#4278495247
1#
#4278604843
1"
#4278610935
0#
#4278720531
0"
#4278726622
1#
#4278836218
1"
#4278842310
0#
#4278951906
0"
#4278957997
1#
#4279067593
1"
#4279073685
0#
#4279183281
0"
#4279189372
1#
#4279298968
1"
#4279305060
0#
#4279414343
0"
#4279420747
1#
#4279529718
1"
#4279536435
0#
#4279645093
0"
#4279652122
1#
#4279760468
1"
#4279767810
0#
#4279875843
0"
#4279883497
1#
#4279991218
1"
#4279999185
0#
#4280106593
0"
#4280114872
1#
#4280221968
1"
#4280230247
0#
#4280337343
0"
#4280345622
1#
#4280452718
1"
#4280460997
0#
#4280568093
0"
#4280576372
1#
#4280683468
1"
#4280691747
0#
#4280798843
0"
#4280807122
1#
#4280914218
1"
#4280922497
0#
#4281029593
0"
#4281037872
1#
#4281144968
1"
#4281153247
0#
#4281260031
0"
#4281268622
1#
#4281375093
1"
#4281383997
0#
#4281490156
0"
#4281499372
1#
#4281605218
1"
#4281614747
0#
#4281720281
0"
#4281730122
1#
#4281835343
1"
#4281845497
0#
#4281950406
0"
#4281960872
1#
#4282065468
1"
#4282075935
0#
#4282180531
0"
#4282190997
1#
#4282295593
1"
#4282306060
0#
#4282410656
0"
#4282421122
1#
#4282525718
1"
#4282536185
0#
#4282640781
0"
#4282651247
1#
#4282755843
1"
#4282766310
0#
#4282870906
0"
#4282881372
1#
#4282985968
1"
#4282996435
0#
#4283100718
0"
#4283111497
1#
#4283215468
1"
#4283226560
0#
#4283330218
0"
#4283341622
1#
#4283444968
1"
#4283456685
0#
#4283559718
0"
#4283571747
1#
#4283674468
1"
#4283686810
0#
#4283789218
0"
#4283801872
1#
#4283903968
1"
#4283916622
0#
#4284018718
0"
#4284031372
1#
#4284133468
1"
#4284146122
0#
#4284248218
0"
#4284260872
1#
#4284362968
1"
#4284375622
0#
#4284477718
0"
#4284490372
1#
#4284592468
1"
#4284605122
0#
#4284707218
0"
#4284719872
1#
#4284821968
1"
#4284834622
0#
#4284936406
0"
#4284949372
1#
#4285050843
1"
#4285064122
0#
#4285165281
0"
#4285178872
1#
#4285279718
1"
#4285293622
0#
#4285394156
0"
#4285408372
1#
#4285508593
1"
#4285523122
0#
#4285623031
0"
#4285637872
1#
#4285737468
1"
#4285752310
0#
#4285851906
0"
#4285866747
1#
#4285966343
1"
#4285981185
0#
#4286080781
0"
#4286095622
1#
#4286195218
1"
#4286210060
0#
#4286309656
0"
#4286324497
1#
#4286424093
1"
#4286438935
0#
#4286538531
0"
#4286553372
1#
#4286652968
1"
#4286667810
0#
#4286767093
0"
#4286782247
1#
#4286881218
1"
#4286896685
0#
#4286995343
0"
#4287011122
1#
#4287109468
1"
#4287125560
0#
#4287223593
0"
#4287239997
1#
#4287337718
1"
#4287354435
0#
#4287451843
0"
#4287468872
1#
#4287565968
1"
#4287582997
0#
#4287680093
0"
#4287697122
1#
#4287794218
1"
#4287811247
0#
#4287908343
0"
#4287925372
1#
#4288022468
1"
#4288039497
0#
#4288136593
0"
#4288153622
1#
#4288250718
1"
#4288267747
0#
#4288364843
0"
#4288381872
1#
#4288478968
1"
#4288495997
0#
#4288592781
0"
#4288610122
1#
#4288706593
1"
#4288724247
0#
#4288820406
0"
#4288838372
1#
#4288934218
1"
#4288952497
0#
#4289048031
0"
#4289066622
1#
#4289161843
1"
#4289180747
0#
#4289275656
0"
#4289294872
1#
#4289389468
1"
#4289408685
0#
#4289503281
0"
#4289522497
1#
#4289617093
1"
#4289636310
0#
#4289730906
0"
#4289750122
1#
#4289844718
1"
#4289863935
0#
#4289958531
0"
#4289977747
1#
#4290072343
1"
#4290091560
0#
#4290186156
0"
#4290205372
1#
#4290299968
1"
#4290319185
0#
#4290413593
0"
#4290432997
1#
#4290527218
1"
#4290546810
0#
#4290640843
0"
#4290660622
1#
#4290754468
1"
#4290774435
0#
#4290868093
0"
#4290888247
1#
#4290981718
1"
#4291002060
0#
#4291095343
0"
#4291115872
1#
#4291208968
1"
#4291229497
0#
#4291322593
0"
#4291343122
1#
#4291436218
1"
#4291456747
0#
#4291549843
0"
#4291570372
1#
#4291663468
1"
#4291683997
0#
#4291777093
0"
#4291797622
1#
#4291890718
1"
#4291911247
0#
#4292004343
0"
#4292024872
1#
#4292117968
1"
#4292138497
0#
#4292231281
0"
#4292252122
1#
#4292344593
1"
#4292365747
0#
#4292457906
0"
#4292479372
1#
#4292571218
1"
#4292592997
0#
#4292684531
0"
#4292706622
1#
#4292797843
1"
#4292820247
0#
#4292911156
0"
#4292933872
1#
#4293024468
1"
#4293047185
0#
#4293137781
0"
#4293160497
1#
#4293251093
1"
#4293273810
0#
#4293364406
0"
#4293387122
1#
#4293477718
1"
#4293500435
0#
#4293591031
0"
#4293613747
1#
#4293704343
1"
#4293727060
0#
#4293817656
0"
#4293840372
1#
#4293930968
1"
#4293953685
0#
#4294043968
0"
#4294066997
1#
#4294156968
1"
#4294180310
0#
#4294269968
0"
#4294293622
1#
#4294382968
1"
#4294406935
0#
#4294495968
0"
#4294520247
1#
#4294608968
1"
#4294633560
0#
#4294721968
0"
#4294746872
1#
#4294834968
1"
#4294859872
0#
#4294947968
0"
#4294972872
1#
#4295060968
1"
#4295085872
0#
#4295173968
0"
#4295198872
1#
#4295286968
1"
#4295311872
0#
#4295399968
0"
#4295424872
1#
#4295512968
1"
#4295537872
0#
#4295625968
0"
#4295650872
1#
#4295738968
1"
#4295763872
0#
#4295851656
0"
#4295876872
1#
#4295964343
1"
#4295989872
0#
#4296077031
0"
#4296102872
1#
#4296189718
1"
#4296215872
0#
#4296302406
0"
#4296328872
1#
#4296415093
1"
#4296441872
0#
#4296527781
0"
#4296554872
1#
#4296640468
1"
#4296667560
0#
#4296753156
0"
#4296780247
1#
#4296865843
1"
#4296892935
0#
#4296978531
0"
#4297005622
1#
#4297091218
1"
#4297118310
0#
#4297203906
0"
#4297230997
1#
#4297316593
1"
#4297343685
0#
#4297429281
0"
#4297456372
1#
#4297541968
1"
#4297569060
0#
#4297654343
0"
#4297681747
1#
#4297766718
1"
#4297794435
0#
#4297879093
0"
#4297907122
1#
#4297991468
1"
#4298019810
0#
#4298103843
0"
#4298132497
1#
#4298216218
1"
#4298245185
0#
#4298328593
0"
#4298357872
1#
#4298440968
1"
#4298470247
0#
#4298553343
0"
#4298582622
1#
#4298665718
1"
#4298694997
0#
#4298778093
0"
#4298807372
1#
#4298890468
1"
#4298919747
0#
#4299002843
0"
#4299032122
1#
#4299115218
1"
#4299144497
0#
#4299227593
0"
#4299256872
1#
#4299339968
1"
#4299369247
0#
#4299452218
0"
#4299481622
1#
#4299564468
1"
#4299593997
0#
#4299676718
0"
#4299706372
1#
#4299788968
1"
#4299818747
0#
#4299901218
0"
#4299931122
1#
#4300013468
1"
#4300043497
0#
#4300125718
0"
#4300155872
1#
#4300237968
1"
#4300268122
0#
#4300350218
0"
#4300380372
1#
#4300462468
1"
#4300492622
0#
#4300574718
0"
#4300604872
1#
#4300686968
1"
#4300717122
0#
#4300799218
0"
#4300829372
1#
#4300911468
1"
#4300941622
0#
#4301023718
0"
#4301053872
1#
#4301135968
1"
#4301166122
0#
#4301247968
0"
#4301278372
1#
#4301359968
1"
#4301390622
0#
#4301471968
0"
#4301502872
1#
#4301583968
1"
#4301615122
0#
#4301695968
0"
#4301727372
1#
#4301807968
1"
#4301839622
0#
#4301919968
0"
#4301951872
1#
#4302031968
1"
#4302063872
0#
#4302143968
0"
#4302175872
1#
#4302255968
1"
#4302287872
0#
#4302367968
0"
#4302399872
1#
#4302479968
1"
#4302511872
0#
#4302591968
0"
#4302623872
1#
#4302703968
1"
#4302735872
0#
#4302815968
0"
#4302847872
1#
#4302927968
1"
#4302959872
0#
#4303039656
0"
#4303071872
1#
#4303151343
1"
#4303183872
0#
#4303263031
0"
#4303295872
1#
#4303374718
1"
#4303407872
0#
#4303486406
0"
#4303519872
1#
#4303598093
1"
#4303631872
0#
#4303709781
0"
#4303743872
1#
#4303821468
1"
#4303855560
0#
#4303933156
0"
#4303967247
1#
#4304044843
1"
#4304078935
0#
#4304156531
0"
#4304190622
1#
#4304268218
1"
#4304302310
0#
#4304379906
0"
#4304413997
1#
#4304491593
1"
#4304525685
0#
#4304603281
0"
#4304637372
1#
#4304714968
1"
#4304749060
0#
#4304826343
0"
#4304860747
1#
#4304937718
1"
#4304972435
0#
#4305049093
0"
#4305084122
1#
#4305160468
1"
#4305195810
0#
#4305271843
0"
#4305307497
1#
#4305383218
1"
#4305419185
0#
#4305494593
0"
#4305530872
1#
#4305605968
1"
#4305642247
0#
#4305717343
0"
#4305753622
1#
#4305828718
1"
#4305864997
0#
#4305940093
0"
#4305976372
1#
#4306051468
1"
#4306087747
0#
#4306162843
0"
#4306199122
1#
#4306274218
1"
#4306310497
0#
#4306385593
0"
#4306421872
1#
#4306496968
1"
#4306533247
0#
#4306608156
0"
#4306644622
1#
#4306719343
1"
#4306755997
0#
#4306830531
0"
#4306867372
1#
#4306941718
1"
#4306978747
0#
#4307052906
0"
#4307090122
1#
#4307164093
1"
#4307201497
0#
#4307275281
0"
#4307312872
1#
#4307386468
1"
#4307424060
0#
#4307497656
0"
#4307535247
1#
#4307608843
1"
#4307646435
0#
#4307720031
0"
#4307757622
1#
#4307831218
1"
#4307868810
0#
#4307942406
0"
#4307979997
1#
#4308053593
1"
#4308091185
0#
#4308164781
0"
#4308202372
1#
#4308275968
1"
#4308313560
0#
#4308386843
0"
#4308424747
1#
#4308497718
1"
#4308535935
0#
#4308608593
0"
#4308647122
1#
#4308719468
1"
#4308758310
0#
#4308830343
0"
#4308869497
1#
#4308941218
1"
#4308980685
0#
#4309052093
0"
#4309091872
1#
#4309162968
1"
#4309202747
0#
#4309273843
0"
#4309313622
1#
#4309384718
1"
#4309424497
0#
#4309495593
0"
#4309535372
1#
#4309606468
1"
#4309646247
0#
#4309717343
0"
#4309757122
1#
#4309828218
1"
#4309867997
0#
#4309939093
0"
#4309978872
1#
#4310049968
1"
#4310089747
0#
#4310160531
0"
#4310200622
1#
#4310271093
1"
#4310311497
0#
#4310381656
0"
#4310422372
1#
#4310492218
1"
#4310533247
0#
#4310602781
0"
#4310644122
1#
#4310713343
1"
#4310754997
0#
#4310823906
0"
#4310865872
1#
#4310934468
1"
#4310976435
0#
#4311045031
0"
#4311086997
1#
#4311155593
1"
#4311197560
0#
#4311266156
0"
#4311308122
1#
#4311376718
1"
#4311418685
0#
#4311487281
0"
#4311529247
1#
#4311597843
1"
#4311639810
0#
#4311708406
0"
#4311750372
1#
#4311818968
1"
#4311860935
0#
#4311929531
0"
#4311971497
1#
#4312040093
1"
#4312082060
0#
#4312150406
0"
#4312192622
1#
#4312260718
1"
#4312303185
0#
#4312371031
0"
#4312413747
1#
#4312481343
1"
#4312524310
0#
#4312591656
0"
#4312634872
1#
#4312701968
1"
#4312745435
0#
#4312812281
0"
#4312855997
1#
#4312922593
1"
#4312966310
0#
#4313032906
0"
#4313076622
1#
#4313143218
1"
#4313186935
0#
#4313253531
0"
#4313297247
1#
#4313363843
1"
#4313407560
0#
#4313474156
0"
#4313517872
1#
#4313584468
1"
#4313628185
0#
#4313694781
0"
#4313738497
1#
#4313805093
1"
#4313848810
0#
#4313915406
0"
#4313959122
1#
#4314025718
1"
#4314069435
0#
#4314135718
0"
#4314179747
1#
#4314245718
1"
#4314290060
0#
#4314355718
0"
#4314400372
1#
#4314465718
1"
#4314510685
0#
#4314575718
0"
#4314620997
1#
#4314685718
1"
#4314731310
0#
#4314795718
0"
#4314841622
1#
#4314905718
1"
#4314951622
0#
#4315015718
0"
#4315061622
1#
#4315125718
1"
#4315171622
0#
#4315235718
0"
#4315281622
1#
#4315345718
1"
#4315391622
0#
#4315455718
0"
#4315501622
1#
#4315565718
1"
#4315611622
0#
#4315675718
0"
#4315721622
1#
#4315785718
1"
#4315831622
0#
#4315895718
0"
#4315941622
1#
#4316005718
1"
#4316051622
0#
#4316115406
0"
#4316161622
1#
#4316225093
1"
#4316271622
0#
#4316334781
0"
#4316381622
1#
#4316444468
1"
#4316491622
0#
#4316554156
0"
#4316601622
1#
#4316663843
1"
#4316711622
0#
#4316773531
0"
#4316821622
1#
#4316883218
1"
#4316931310
0#
#4316992906
0"
#4317040997
1#
#4317102593
1"
#4317150685
0#
#4317212281
0"
#4317260372
1#
#4317321968
1"
#4317370060
0#
#4317431656
0"
#4317479747
1#
#4317541343
1"
#4317589435
0#
#4317651031
0"
#4317699122
1#
#4317760718
1"
#4317808810
0#
#4317870406
0"
#4317918497
1#
#4317980093
1"
#4318028185
0#
#4318089468
0"
#4318137872
1#
#4318198843
1"
#4318247560
0#
#4318308218
0"
#4318357247
1#
#4318417593
1"
#4318466935
0#
#4318526968
0"
#4318576622
1#
#4318636343
1"
#4318686310
0#
#4318745718
0"
#4318795997
1#
#4318855093
1"
#4318905372
0#
#4318964468
0"
#4319014747
1#
#4319073843
1"
#4319124122
0#
#4319183218
0"
#4319233497
1#
#4319292593
1"
#4319342872
0#
#4319401968
0"
#4319452247
1#
#4319511343
1"
#4319561622
0#
#4319620718
0"
#4319670997
1#
#4319730093
1"
#4319780372
0#
#4319839468
0"
#4319889747
1#
#4319948843
1"
#4319999122
0#
#4320057968
0"
#4320108497
1#
#4320167093
1"
#4320217872
0#
#4320276218
0"
#4320327247
1#
#4320385343
1"
#4320436622
0#
#4320494468
0"
#4320545997
1#
#4320603593
1"
#4320655372
0#
#4320712718
0"
#4320764747
1#
#4320821843
1"
#4320873872
0#
#4320930968
0"
#4320982997
1#
#4321040093
1"
#4321092122
0#
#4321149218
0"
#4321201247
1#
#4321258343
1"
#4321310372
0#
#4321367468
0"
#4321419497
1#
#4321476593
1"
#4321528622
0#
#4321585718
0"
#4321637747
1#
#4321694843
1"
#4321746872
0#
#4321803968
0"
#4321855997
1#
#4321913093
1"
#4321965122
0#
#4322021906
0"
#4322074247
1#
#4322130718
1"
#4322183372
0#
#4322239531
0"
#4322292497
1#
#4322348343
1"
#4322401622
0#
#4322457156
0"
#4322510747
1#
#4322565968
1"
#4322619872
0#
#4322674781
0"
#4322728997
1#
#4322783593
1"
#4322837810
0#
#4322892406
0"
#4322946622
1#
#4323001218
1"
#4323055435
0#
#4323110031
0"
#4323164247
1#
#4323218843
1"
#4323273060
0#
#4323327656
0"
#4323381872
1#
#4323436468
1"
#4323490685
0#
#4323545281
0"
#4323599497
1#
#4323654093
1"
#4323708310
0#
#4323762906
0"
#4323817122
1#
#4323871718
1"
#4323925935
0#
#4323980218
0"
#4324034747
1#
#4324088718
1"
#4324143560
0#
#4324197218
0"
#4324252372
1#
#4324305718
1"
#4324361185
0#
#4324414218
0"
#4324469997
1#
#4324522718
1"
#4324578810
0#
#4324631218
0"
#4324687622
1#
#4324739718
1"
#4324796122
0#
#4324848218
0"
#4324904622
1#
#4324956718
1"
#4325013122
0#
#4325065218
0"
#4325121622
1#
#4325173718
1"
#4325230122
0#
#4325282218
0"
#4325338622
1#
#4325390718
1"
#4325447122
0#
#4325499218
0"
#4325555622
1#
#4325607718
1"
#4325664122
0#
#4325716218
0"
#4325772622
1#
#4325824718
1"
#4325881122
0#
#4325933093
0"
#4325989622
1#
#4326041468
1"
#4326098122
0#
#4326149843
0"
#4326206622
1#
#4326258218
1"
#4326315122
0#
#4326366593
0"
#4326423622
1#
#4326474968
1"
#4326532122
0#
#4326583343
0"
#4326640622
1#
#4326691718
1"
#4326748997
0#
#4326800093
0"
#4326857372
1#
#4326908468
1"
#4326965747
0#
#4327016843
0"
#4327074122
1#
#4327125218
1"
#4327182497
0#
#4327233593
0"
#4327290872
1#
#4327341968
1"
#4327399247
0#
#4327450343
0"
#4327507622
1#
#4327558718
1"
#4327615997
0#
#4327667093
0"
#4327724372
1#
#4327775468
1"
#4327832747
0#
#4327883593
0"
#4327941122
1#
#4327991718
1"
#4328049497
0#
#4328099843
0"
#4328157872
1#
#4328207968
1"
#4328266247
0#
#4328316093
0"
#4328374622
1#
#4328424218
1"
#4328482997
0#
#4328532343
0"
#4328591372
1#
#4328640468
1"
#4328699497
0#
#4328748593
0"
#4328807622
1#
#4328856718
1"
#4328915747
0#
#4328964843
0"
#4329023872
1#
#4329072968
1"
#4329131997
0#
#4329181093
0"
#4329240122
1#
#4329289218
1"
#4329348247
0#
#4329397343
0"
#4329456372
1#
#4329505468
1"
#4329564497
0#
#4329613593
0"
#4329672622
1#
#4329721718
1"
#4329780747
0#
#4329829531
0"
#4329888872
1#
#4329937343
1"
#4329996997
0#
#4330045156
0"
#4330105122
1#
#4330152968
1"
#4330213247
0#
#4330260781
0"
#4330321372
1#
#4330368593
1"
#4330429497
0#
#4330476406
0"
#4330537622
1#
#4330584218
1"
#4330645435
0#
#4330692031
0"
#4330753247
1#
#4330799843
1"
#4330861060
0#
#4330907656
0"
#4330968872
1#
#4331015468
1"
#4331076685
0#
#4331123281
0"
#4331184497
1#
#4331231093
1"
#4331292310
0#
#4331338906
0"
#4331400122
1#
#4331446718
1"
#4331507935
0#
#4331554531
0"
#4331615747
1#
#4331662343
1"
#4331723560
0#
#4331769843
0"
#4331831372
1#
#4331877343
1"
#4331939185
0#
#4331984843
0"
#4332046997
1#
#4332092343
1"
#4332154810
0#
#4332199843
0"
#4332262622
1#
#4332307343
1"
#4332370435
0#
#4332414843
0"
#4332478247
1#
#4332522343
1"
#4332585747
0#
#4332629843
0"
#4332693247
1#
#4332737343
1"
#4332800747
0#
#4332844843
0"
#4332908247
1#
#4332952343
1"
#4333015747
0#
#4333059843
0"
#4333123247
1#
#4333167343
1"
#4333230747
0#
#4333274843
0"
#4333338247
1#
#4333382343
1"
#4333445747
0#
#4333489843
0"
#4333553247
1#
#4333597343
1"
#4333660747
0#
#4333704531
0"
#4333768247
1#
#4333811718
1"
#4333875747
0#
#4333918906
0"
#4333983247
1#
#4334026093
1"
#4334090747
0#
#4334133281
0"
#4334198247
1#
#4334240468
1"
#4334305747
0#
#4334347656
0"
#4334413247
1#
#4334454843
1"
#4334520435
0#
#4334562031
0"
#4334627622
1#
#4334669218
1"
#4334734810
0#
#4334776406
0"
#4334841997
1#
#4334883593
1"
#4334949185
0#
#4334990781
0"
#4335056372
1#
#4335097968
1"
#4335163560
0#
#4335205156
0"
#4335270747
1#
#4335312343
1"
#4335377935
0#
#4335419531
0"
#4335485122
1#
#4335526718
1"
#4335592310
0#
#4335633656
0"
#4335699497
1#
#4335740593
1"
#4335806685
0#
#4335847531
0"
#4335913872
1#
#4335954468
1"
#4336021060
0#
#4336061406
0"
#4336128247
1#
#4336168343
1"
#4336235435
0#
#4336275281
0"
#4336342622
1#
#4336382218
1"
#4336449560
0#
#4336489156
0"
#4336556497
1#
#4336596093
1"
#4336663435
0#
#4336703031
0"
#4336770372
1#
#4336809968
1"
#4336877310
0#
#4336916906
0"
#4336984247
1#
#4337023843
1"
#4337091185
0#
#4337130781
0"
#4337198122
1#
#4337237718
1"
#4337305060
0#
#4337344656
0"
#4337411997
1#
#4337451593
1"
#4337518935
0#
#4337558343
0"
#4337625872
1#
#4337665093
1"
#4337732810
0#
#4337771843
0"
#4337839747
1#
#4337878593
1"
#4337946685
0#
#4337985343
0"
#4338053622
1#
#4338092093
1"
#4338160560
0#
#4338198843
0"
#4338267497
1#
#4338305593
1"
#4338374247
0#
#4338412343
0"
#4338480997
1#
#4338519093
1"
#4338587747
0#
#4338625843
0"
#4338694497
1#
#4338732593
1"
#4338801247
0#
#4338839343
0"
#4338907997
1#
#4338946093
1"
#4339014747
0#
#4339052843
0"
#4339121497
1#
#4339159593
1"
#4339228247
0#
#4339266343
0"
#4339334997
1#
#4339373093
1"
#4339441747
0#
#4339479593
0"
#4339548497
1#
#4339586093
1"
#4339655247
0#
#4339692593
0"
#4339761997
1#
#4339799093
1"
#4339868747
0#
#4339905593
0"
#4339975497
1#
#4340012093
1"
#4340082247
0#
#4340118593
0"
#4340188997
1#
#4340225093
1"
#4340295497
0#
#4340331593
0"
#4340401997
1#
#4340438093
1"
#4340508497
0#
#4340544593
0"
#4340614997
1#
#4340651093
1"
#4340721497
0#
#4340757593
0"
#4340827997
1#
#4340864093
1"
#4340934497
0#
#4340970593
0"
#4341040997
1#
#4341077093
1"
#4341147497
0#
#4341183593
0"
#4341253997
1#
#4341290093
1"
#4341360497
0#
#4341396281
0"
#4341466997
1#
#4341502468
1"
#4341573497
0#
#4341608656
0"
#4341679997
1#
#4341714843
1"
#4341786497
0#
#4341821031
0"
#4341892997
1#
#4341927218
1"
#4341999497
0#
#4342033406
0"
#4342105997
1#
#4342139593
1"
#4342212185
0#
#4342245781
0"
#4342318372
1#
#4342351968
1"
#4342424560
0#
#4342458156
0"
#4342530747
1#
#4342564343
1"
#4342636935
0#
#4342670531
0"
#4342743122
1#
#4342776718
1"
#4342849310
0#
#4342882906
0"
#4342955497
1#
#4342989093
1"
#4343061685
0#
#4343095281
0"
#4343167872
1#
#4343201468
1"
#4343274060
0#
#4343307343
0"
#4343380247
1#
#4343413218
1"
#4343486435
0#
#4343519093
0"
#4343592622
1#
#4343624968
1"
#4343698810
0#
#4343730843
0"
#4343804997
1#
#4343836718
1"
#4343911185
0#
#4343942593
0"
#4344017372
1#
#4344048468
1"
#4344123247
0#
#4344154343
0"
#4344229122
1#
#4344260218
1"
#4344334997
0#
#4344366093
0"
#4344440872
1#
#4344471968
1"
#4344546747
0#
#4344577843
0"
#4344652622
1#
#4344683718
1"
#4344758497
0#
#4344789593
0"
#4344864372
1#
#4344895468
1"
#4344970247
0#
#4345001343
0"
#4345076122
1#
#4345107218
1"
#4345181997
0#
#4345212843
0"
#4345287872
1#
#4345318468
1"
#4345393747
0#
#4345424093
0"
#4345499622
1#
#4345529718
1"
#4345605497
0#
#4345635343
0"
#4345711372
1#
#4345740968
1"
#4345817247
0#
#4345846593
0"
#4345923122
1#
#4345952218
1"
#4346028747
0#
#4346057843
0"
#4346134372
1#
#4346163468
1"
#4346239997
0#
#4346269093
0"
#4346345622
1#
#4346374718
1"
#4346451247
0#
#4346480343
0"
#4346556872
1#
#4346585968
1"
#4346662497
0#
#4346691593
0"
#4346768122
1#
#4346797218
1"
#4346873747
0#
#4346902843
0"
#4346979372
1#
#4347008468
1"
#4347084997
0#
#4347113968
0"
#4347190622
1#
#4347219468
1"
#4347296247
0#
#4347324968
0"
#4347401872
1#
#4347430468
1"
#4347507497
0#
#4347535968
0"
#4347613122
1#
#4347641468
1"
#4347718747
0#
#4347746968
0"
#4347824372
1#
#4347852468
1"
#4347929872
0#
#4347957968
0"
#4348035372
1#
#4348063468
1"
#4348140872
0#
#4348168968
0"
#4348246372
1#
#4348274468
1"
#4348351872
0#
#4348379968
0"
#4348457372
1#
#4348485468
1"
#4348562872
0#
#4348590968
0"
#4348668372
1#
#4348696468
1"
#4348773872
0#
#4348801968
0"
#4348879372
1#
#4348907468
1"
#4348984872
0#
#4349012656
0"
#4349090372
1#
#4349117843
1"
#4349195872
0#
#4349223031
0"
#4349301372
1#
#4349328218
1"
#4349406872
0#
#4349433406
0"
#4349512372
1#
#4349538593
1"
#4349617872
0#
#4349643781
0"
#4349723372
1#
#4349748968
1"
#4349828560
0#
#4349854156
0"
#4349933747
1#
#4349959343
1"
#4350038935
0#
#4350064531
0"
#4350144122
1#
#4350169718
1"
#4350249310
0#
#4350274906
0"
#4350354497
1#
#4350380093
1"
#4350459685
0#
#4350485281
0"
#4350564872
1#
#4350590468
1"
#4350670060
0#
#4350695656
0"
#4350775247
1#
#4350800843
1"
#4350880435
0#
#4350905781
0"
#4350985622
1#
#4351010718
1"
#4351090810
0#
#4351115656
0"
#4351195997
1#
#4351220593
1"
#4351301185
0#
#4351325531
0"
#4351406372
1#
#4351430468
1"
#4351511560
0#
#4351535406
0"
#4351616747
1#
#4351640343
1"
#4351721685
0#
#4351745281
0"
#4351826622
1#
#4351850218
1"
#4351931560
0#
#4351955156
0"
#4352036497
1#
#4352060093
1"
#4352141435
0#
#4352165031
0"
#4352246372
1#
#4352269968
1"
#4352351310
0#
#4352374906
0"
#4352456247
1#
#4352479843
1"
#4352561185
0#
#4352584781
0"
#4352666122
1#
#4352689718
1"
#4352771060
0#
#4352794343
0"
#4352875997
1#
#4352898968
1"
#4352980935
0#
#4353003593
0"
#4353085872
1#
#4353108218
1"
#4353190810
0#
#4353212843
0"
#4353295747
1#
#4353317468
1"
#4353400685
0#
#4353422093
0"
#4353505622
1#
#4353526718
1"
#4353610247
0#
#4353631343
0"
#4353714872
1#
#4353735968
1"
#4353819497
0#
#4353840593
0"
#4353924122
1#
#4353945218
1"
#4354028747
0#
#4354049843
0"
#4354133372
1#
#4354154468
1"
#4354237997
0#
#4354259093
0"
#4354342622
1#
#4354363718
1"
#4354447247
0#
#4354468343
0"
#4354551872
1#
#4354572968
1"
#4354656497
0#
#4354677468
0"
#4354761122
1#
#4354781968
1"
#4354865747
0#
#4354886468
0"
#4354970372
1#
#4354990968
1"
#4355074997
0#
#4355095468
0"
#4355179622
1#
#4355199968
1"
#4355284247
0#
#4355304468
0"
#4355388872
1#
#4355408968
1"
#4355493372
0#
#4355513468
0"
#4355597872
1#
#4355617968
1"
#4355702372
0#
#4355722468
0"
#4355806872
1#
#4355826968
1"
#4355911372
0#
#4355931468
0"
#4356015872
1#
#4356035968
1"
#4356120372
0#
#4356140468
0"
#4356224872
1#
#4356244968
1"
#4356329372
0#
#4356349468
0"
#4356433872
1#
#4356453968
1"
#4356538372
0#
#4356558156
0"
#4356642872
1#
#4356662343
1"
#4356747372
0#
#4356766531
0"
#4356851872
1#
#4356870718
1"
#4356956372
0#
#4356974906
0"
#4357060872
1#
#4357079093
1"
#4357165372
0#
#4357183281
0"
#4357269872
1#
#4357287468
1"
#4357374060
0#
#4357391656
0"
#4357478247
1#
#4357495843
1"
#4357582435
0#
#4357600031
0"
#4357686622
1#
#4357704218
1"
#4357790810
0#
#4357808406
0"
#4357894997
1#
#4357912593
1"
#4357999185
0#
#4358016781
0"
#4358103372
1#
#4358120968
1"
#4358207560
0#
#4358225156
0"
#4358311747
1#
#4358329343
1"
#4358415935
0#
#4358433281
0"
#4358520122
1#
#4358537218
1"
#4358624310
0#
#4358641156
0"
#4358728497
1#
#4358745093
1"
#4358832685
0#
#4358849031
0"
#4358936872
1#
#4358952968
1"
#4359041060
0#
#4359056906
0"
#4359145247
1#
#4359160843
1"
#4359249185
0#
#4359264781
0"
#4359353122
1#
#4359368718
1"
#4359457060
0#
#4359472656
0"
#4359560997
1#
#4359576593
1"
#4359664935
0#
#4359680531
0"
#4359768872
1#
#4359784468
1"
#4359872810
0#
#4359888406
0"
#4359976747
1#
#4359992343
1"
#4360080685
0#
#4360096281
0"
#4360184622
1#
#4360200218
1"
#4360288560
0#
#4360303843
0"
#4360392497
1#
#4360407468
1"
#4360496435
0#
#4360511093
0"
#4360600372
1#
#4360614718
1"
#4360704310
0#
#4360718343
0"
#4360808247
1#
#4360821968
1"
#4360912185
0#
#4360925593
0"
#4361016122
1#
#4361029218
1"
#4361119747
0#
#4361132843
0"
#4361223372
1#
#4361236468
1"
#4361326997
0#
#4361340093
0"
#4361430622
1#
#4361443718
1"
#4361534247
0#
#4361547343
0"
#4361637872
1#
#4361650968
1"
#4361741497
0#
#4361754593
0"
#4361845122
1#
#4361858218
1"
#4361948747
0#
#4361961843
0"
#4362052372
1#
#4362065468
1"
#4362155997
0#
#4362168968
0"
#4362259622
1#
#4362272468
1"
#4362363247
0#
#4362375968
0"
#4362466872
1#
#4362479468
1"
#4362570497
0#
#4362582968
0"
#4362674122
1#
#4362686468
1"
#4362777747
0#
#4362789968
0"
#4362881372
1#
#4362893468
1"
#4362984872
0#
#4362996968
0"
#4363088372
1#
#4363100468
1"
#4363191872
0#
#4363203968
0"
#4363295372
1#
#4363307468
1"
#4363398872
0#
#4363410968
0"
#4363502372
1#
#4363514468
1"
#4363605872
0#
#4363617968
0"
#4363709372
1#
#4363721468
1"
#4363812872
0#
#4363824968
0"
#4363916372
1#
#4363928468
1"
#4364019872
0#
#4364031718
0"
#4364123372
1#
#4364134968
1"
#4364226872
0#
#4364238218
0"
#4364330372
1#
#4364341468
1"
#4364433872
0#
#4364444718
0"
#4364537372
1#
#4364547968
1"
#4364640872
0#
#4364651218
0"
#4364744372
1#
#4364754468
1"
#4364847622
0#
#4364857718
0"
#4364950872
1#
#4364960968
1"
#4365054122
0#
#4365064218
0"
#4365157372
1#
#4365167468
1"
#4365260622
0#
#4365270718
0"
#4365363872
1#
#4365373968
1"
#4365467122
0#
#4365477218
0"
#4365570372
1#
#4365580468
1"
#4365673622
0#
#4365683718
0"
#4365776872
1#
#4365786968
1"
#4365880122
0#
#4365889906
0"
#4365983372
1#
#4365992843
1"
#4366086622
0#
#4366095781
0"
#4366189872
1#
#4366198718
1"
#4366293122
0#
#4366301656
0"
#4366396372
1#
#4366404593
1"
#4366499622
0#
#4366507531
0"
#4366602872
1#
#4366610468
1"
#4366705810
0#
#4366713406
0"
#4366808747
1#
#4366816343
1"
#4366911685
0#
#4366919281
0"
#4367014622
1#
#4367022218
1"
#4367117560
0#
#4367125156
0"
#4367220497
1#
#4367228093
1"
#4367323435
0#
#4367331031
0"
#4367426372
1#
#4367433968
1"
#4367529310
0#
#4367536906
0"
#4367632247
1#
#4367639843
1"
#4367735185
0#
#4367742656
0"
#4367838122
1#
#4367845468
1"
#4367941060
0#
#4367948281
0"
#4368043997
1#
#4368051093
1"
#4368146935
0#
#4368153906
0"
#4368249872
1#
#4368256718
1"
#4368352810
0#
#4368359531
0"
#4368455747
1#
#4368462343
1"
#4368558560
0#
#4368565156
0"
#4368661372
1#
#4368667968
1"
#4368764185
0#
#4368770781
0"
#4368866997
1#
#4368873593
1"
#4368969810
0#
#4368976406
0"
#4369072622
1#
#4369079218
1"
#4369175435
0#
#4369182031
0"
#4369278247
1#
#4369284843
1"
#4369381060
0#
#4369387656
0"
#4369483872
1#
#4369490468
1"
#4369586685
0#
#4369592968
0"
#4369689497
1#
#4369695468
1"
#4369792310
0#
#4369797968
0"
#4369895122
1#
#4369900468
1"
#4369997935
0#
#4370002968
0"
#4370100747
1#
#4370105468
1"
#4370203560
0#
#4370207968
0"
#4370306372
1#
#4370310468
1"
#4370408872
0#
#4370412968
0"
#4370511372
1#
#4370515468
1"
#4370613872
0#
#4370617968
0"
#4370716372
1#
#4370720468
1"
#4370818872
0#
#4370822968
0"
#4370921372
1#
#4370925468
1"
#4371023872
0#
#4371027968
0"
#4371126372
1#
#4371130468
1"
#4371228872
0#
#4371232968
0"
#4371331372
1#
#4371335468
1"
#4371433872
0#
#4371437718
0"
#4371536372
1#
#4371539968
1"
#4371638872
0#
#4371642218
0"
#4371741372
1#
#4371744468
1"
#4371843872
0#
#4371846718
0"
#4371946372
1#
#4371948968
1"
#4372048872
0#
#4372051218
0"
#4372151372
1#
#4372153468
1"
#4372253622
0#
#4372255718
0"
#4372355872
1#
#4372357968
1"
#4372458122
0#
#4372460218
0"
#4372560372
1#
#4372562468
1"
#4372662622
0#
#4372664718
0"
#4372764872
1#
#4372766968
1"
#4372867122
0#
#4372869218
0"
#4372969372
1#
#4372971468
1"
#4373071622
0#
#4373073718
0"
#4373173872
1#
#4373175968
1"
#4373276122
0#
#4373277906
0"
#4373378372
1#
#4373379843
1"
#4373480622
0#
#4373481781
0"
#4373582872
1#
#4373583718
1"
#4373685122
0#
#4373685656
0"
#4373787372
1#
#4373787593
1"
#4373889531
0"
#4373889622
0#
#4373991468
1"
#4373991872
1#
#4374093406
0"
#4374093810
0#
#4374195343
1"
#4374195747
1#
#4374297281
0"
#4374297685
0#
#4374399218
1"
#4374399622
1#
#4374501156
0"
#4374501560
0#
#4374603093
1"
#4374603497
1#
#4374705031
0"
#4374705435
0#
#4374806968
1"
#4374807372
1#
#4374908906
0"
#4374909310
0#
#4375010843
1"
#4375011247
1#
#4375112656
0"
#4375113185
0#
#4375214468
1"
#4375215122
1#
#4375316281
0"
#4375317060
0#
#4375418093
1"
#4375418997
1#
#4375519906
0"
#4375520935
0#
#4375621718
1"
#4375622872
1#
#4375723531
0"
#4375724810
0#
#4375825343
1"
#4375826747
1#
#4375927156
0"
#4375928560
0#
#4376028968
1"
#4376030372
1#
#4376130781
0"
#4376132185
0#
#4376232593
1"
#4376233997
1#
#4376334406
0"
#4376335810
0#
#4376436218
1"
#4376437622
1#
#4376538031
0"
#4376539435
0#
#4376639843
1"
#4376641247
1#
#4376741656
0"
#4376743060
0#
#4376843468
1"
#4376844872
1#
#4376945031
0"
#4376946685
0#
#4377046593
1"
#4377048497
1#
#4377148156
0"
#4377150310
0#
#4377249718
1"
#4377252122
1#
#4377351281
0"
#4377353935
0#
#4377452843
1"
#4377455747
1#
#4377554406
0"
#4377557560
0#
#4377655968
1"
#4377659372
1#
#4377757531
0"
#4377760935
0#
#4377859093
1"
#4377862497
1#
#4377960656
0"
#4377964060
0#
#4378062218
1"
#4378065622
1#
#4378163781
0"
#4378167185
0#
#4378265343
1"
#4378268747
1#
#4378366906
0"
#4378370310
0#
#4378468468
1"
#4378471872
1#
#4378570031
0"
#4378573435
0#
#4378671593
1"
#4378674997
1#
#4378773031
0"
#4378776560
0#
#4378874468
1"
#4378878122
1#
#4378975906
0"
#4378979685
0#
#4379077343
1"
#4379081247
1#
#4379178781
0"
#4379182810
0#
#4379280218
1"
#4379284372
1#
#4379381656
0"
#4379385935
0#
#4379483093
1"
#4379487497
1#
#4379584531
0"
#4379588935
0#
#4379685968
1"
#4379690372
1#
#4379787406
0"
#4379791810
0#
#4379888843
1"
#4379893247
1#
#4379990281
0"
#4379994685
0#
#4380091718
1"
#4380096122
1#
#4380193156
0"
#4380197560
0#
#4380294593
1"
#4380298997
1#
#4380396031
0"
#4380400435
0#
#4380497468
1"
#4380501872
1#
#4380598593
0"
#4380603310
0#
#4380699718
1"
#4380704747
1#
#4380800843
0"
#4380806185
0#
#4380901968
1"
#4380907622
1#
#4381003093
0"
#4381009060
0#
#4381104218
1"
#4381110497
1#
#4381205343
0"
#4381211935
0#
#4381306468
1"
#4381313372
1#
#4381407593
0"
#4381414497
0#
#4381508718
1"
#4381515622
1#
#4381609843
0"
#4381616747
0#
#4381710968
1"
#4381717872
1#
#4381812093
0"
#4381818997
0#
#4381913218
1"
#4381920122
1#
#4382014343
0"
#4382021247
0#
#4382115468
1"
#4382122372
1#
#4382216593
0"
#4382223497
0#
#4382317718
1"
#4382324622
1#
#4382418593
0"
#4382425747
0#
#4382519468
1"
#4382526872
1#
#4382620343
0"
#4382627997
0#
#4382721218
1"
#4382729122
1#
#4382822093
0"
#4382830247
0#
#4382922968
1"
#4382931372
1#
#4383023843
0"
#4383032497
0#
#4383124718
1"
#4383133622
1#
#4383225593
0"
#4383234497
0#
#4383326468
1"
#4383335372
1#
#4383427343
0"
#4383436247
0#
#4383528218
1"
#4383537122
1#
#4383629093
0"
#4383637997
0#
#4383729968
1"
#4383738872
1#
#4383830843
0"
#4383839747
0#
#4383931718
1"
#4383940622
1#
#4384032593
0"
#4384041497
0#
#4384133468
1"
#4384142372
1#
#4384234218
0"
#4384243247
0#
#4384334968
1"
#4384344122
1#
#4384435718
0"
#4384444997
0#
#4384536468
1"
#4384545872
1#
#4384637218
0"
#4384646747
0#
#4384737968
1"
#4384747622
1#
#4384838718
0"
#4384848497
0#
#4384939468
1"
#4384949372
1#
#4385040218
0"
#4385050122
0#
#4385140968
1"
#4385150872
1#
#4385241718
0"
#4385251622
0#
#4385342468
1"
#4385352372
1#
#4385443218
0"
#4385453122
0#
#4385543968
1"
#4385553872
1#
#4385644718
0"
#4385654622
0#
#4385745468
1"
#4385755372
1#
#4385846218
0"
#4385856122
0#
#4385946968
1"
#4385956872
1#
#4386047406
0"
#4386057622
0#
#4386147843
1"
#4386158372
1#
#4386248281
0"
#4386259122
0#
#4386348718
1"
#4386359872
1#
#4386449156
0"
#4386460622
0#
#4386549593
1"
#4386561372
1#
#4386650031
0"
#4386662122
0#
#4386750468
1"
#4386762872
1#
#4386850906
0"
#4386863310
0#
#4386951343
1"
#4386963747
1#
#4387051781
0"
#4387064185
0#
#4387152218
1"
#4387164622
1#
#4387252656
0"
#4387265060
0#
#4387353093
1"
#4387365497
1#
#4387453531
0"
#4387465935
0#
#4387553968
1"
#4387566372
1#
#4387654406
0"
#4387666810
0#
#4387754843
1"
#4387767247
1#
#4387855031
0"
#4387867685
0#
#4387955218
1"
#4387968122
1#
#4388055406
0"
#4388068560
0#
#4388155593
1"
#4388168997
1#
#4388255781
0"
#4388269435
0#
#4388355968
1"
#4388369872
1#
#4388456156
0"
#4388470310
0#
#4388556343
1"
#4388570747
1#
#4388656531
0"
#4388670935
0#
#4388756718
1"
#4388771122
1#
#4388856906
0"
#4388871310
0#
#4388957093
1"
#4388971497
1#
#4389057281
0"
#4389071685
0#
#4389157468
1"
#4389171872
1#
#4389257656
0"
#4389272060
0#
#4389357843
1"
#4389372247
1#
#4389458031
0"
#4389472435
0#
#4389558218
1"
#4389572622
1#
#4389658281
0"
#4389672810
0#
#4389758343
1"
#4389772997
1#
#4389858406
0"
#4389873185
0#
#4389958468
1"
#4389973372
1#
#4390058531
0"
#4390073560
0#
#4390158593
1"
#4390173747
1#
#4390258656
0"
#4390273935
0#
#4390358718
1"
#4390374122
1#
#4390458781
0"
#4390474185
0#
#4390558843
1"
#4390574247
1#
#4390658906
0"
#4390674310
0#
#4390758968
1"
#4390774372
1#
#4390859031
0"
#4390874435
0#
#4390959093
1"
#4390974497
1#
#4391059156
0"
#4391074560
0#
#4391159218
1"
#4391174622
1#
#4391259281
0"
#4391274685
0#
#4391359343
1"
#4391374747
1#
#4391459343
0"
#4391474810
0#
#4391559343
1"
#4391574872
1#
#4391659343
0"
#4391674935
0#
#4391759343
1"
#4391774997
1#
#4391859343
0"
#4391875060
0#
#4391959343
1"
#4391975122
1#
#4392059343
0"
#4392075185
0#
#4392159343
1"
#4392175247
1#
#4392259343
0"
#4392275247
0#
#4392359343
1"
#4392375247
1#
#4392459343
0"
#4392475247
0#
#4392559343
1"
#4392575247
1#
#4392659343
0"
#4392675247
0#
#4392759343
1"
#4392775247
1#
#4392859343
0"
#4392875247
0#
#4392959343
1"
#4392975247
1#
#4393059343
0"
#4393075247
0#
#4393159343
1"
#4393175247
1#
#4393259343
0"
#4393275247
0#
#4393359343
1"
#4393375247
1#
#4393459343
0"
#4393475247
0#
#4393559343
1"
#4393575247
1#
#4393659343
0"
#4393675247
0#
#4393759343
1"
#4393775247
1#
#4393859343
0"
#4393875247
0#
#4393959343
1"
#4393975247
1#
#4394059343
0"
#4394075247
0#
#4394159343
1"
#4394175247
1#
#4394259343
0"
#4394275247
0#
#4394359343
1"
#4394375247
1#
#4394459343
0"
#4394475247
0#
#4394559343
1"
#4394575247
1#
#4394659343
0"
#4394675247
0#
#4394759343
1"
#4394775247
1#
#4394859343
0"
#4394875247
0#
#4394959343
1"
#4394975247
1#
#4395059343
0"
#4395075247
0#
#4395159343
1"
#4395175247
1#
#4395259343
0"
#4395275247
0#
#4395359343
1"
#4395375247
1#
#4395459343
0"
#4395475247
0#
#4395559343
1"
#4395575247
1#
#4395659343
0"
#4395675247
0#
#4395759343
1"
#4395775247
1#
#4395859343
0"
#4395875247
0#
#4395959343
1"
#4395975247
1#
#4396059343
0"
#4396075247
0#
#4396159343
1"
#4396175247
1#
#4396259343
0"
#4396275247
0#
#4396359343
1"
#4396375247
1#
#4396459343
0"
#4396475247
0#
#4396559343
1"
#4396575247
1#
#4396659343
0"
#4396675247
0#
#4396759343
1"
#4396775247
1#
#4396859343
0"
#4396875247
0#
#4396959343
1"
#4396975247
1#
#4397059343
0"
#4397075247
0#
#4397159343
1"
#4397175247
1#
#4397259343
0"
#4397275247
0#
#4397359343
1"
#4397375247
1#
#4397459343
0"
#4397475247
0#
#4397559343
1"
#4397575247
1#
#4397659343
0"
#4397675247
0#
#4397759343
1"
#4397775247
1#
#4397859343
0"
#4397875247
0#
#4397959343
1"
#4397975247
1#
#4398059343
0"
#4398075247
0#
#4398159343
1"
#4398175247
1#
#4398259343
0"
#4398275247
0#
#4398359343
1"
#4398375247
1#
#4398459343
0"
#4398475247
0#
#4398559343
1"
#4398575247
1#
#4398659343
0"
#4398675247
0#
#4398759343
1"
#4398775247
1#
#4398859343
0"
#4398875247
0#
#4398959343
1"
#4398975247
1#
#4399059343
0"
#4399075247
0#
#4399159343
1"
#4399175247
1#
#4399259343
0"
#4399275247
0#
#4399359343
1"
#4399375247
1#
#4399459343
0"
#4399475247
0#
#4399559343
1"
#4399575247
1#
#4399659343
0"
#4399675247
0#
#4399759343
1"
#4399775247
1#
#4399859343
0"
#4399875247
0#
#4399959343
1"
#4399975247
1#
#4400059343
0"
#4400075247
0#
#4400159343
1"
#4400175247
1#
#4400259343
0"
#4400275247
0#
#4400359343
1"
#4400375247
1#
#4400459343
0"
#4400475247
0#
#4400559343
1"
#4400575247
1#
#4400659343
0"
#4400675247
0#
#4400759343
1"
#4400775247
1#
#4400859343
0"
#4400875247
0#
#4400959343
1"
#4400975247
1#
#4401059343
0"
#4401075247
0#
#4401159343
1"
#4401175247
1#
#4401259343
0"
#4401275247
0#
#4401359343
1"
#4401375247
1#
#4401459343
0"
#4401475247
0#
#4401559343
1"
#4401575247
1#
#4401659343
0"
#4401675247
0#
#4401759343
1"
#4401775247
1#
#4401859343
0"
#4401875247
0#
#4401959343
1"
#4401975247
1#
#4402059343
0"
#4402075247
0#
#4402159343
1"
#4402175247
1#
#4402259343
0"
#4402275247
0#
#4402359343
1"
#4402375247
1#
#4402459343
0"
#4402475247
0#
#4402559343
1"
#4402575247
1#
#4402659343
0"
#4402675247
0#
#4402759343
1"
#4402775247
1#
#4402859343
0"
#4402875247
0#
#4402959343
1"
#4402975247
1#
#4403059343
0"
#4403075247
0#
#4403159343
1"
#4403175247
1#
#4403259343
0"
#4403275247
0#
#4403359343
1"
#4403375247
1#
#4403459343
0"
#4403475247
0#
#4403559343
1"
#4403575247
1#
#4403659343
0"
#4403675247
0#
#4403759343
1"
#4403775247
1#
#4403859343
0"
#4403875247
0#
#4403959343
1"
#4403975247
1#
#4404059343
0"
#4404075247
0#
#4404159343
1"
#4404175247
1#
#4404259343
0"
#4404275247
0#
#4404359343
1"
#4404375247
1#
#4404459343
0"
#4404475247
0#
#4404559343
1"
#4404575247
1#
#4404659343
0"
#4404675247
0#
#4404759343
1"
#4404775247
1#
#4404859343
0"
#4404875247
0#
#4404959343
1"
#4404975247
1#
#4405059343
0"
#4405075247
0#
#4405159343
1"
#4405175247
1#
#4405259343
0"
#4405275247
0#
#4405359343
1"
#4405375247
1#
#4405459343
0"
#4405475247
0#
#4405559343
1"
#4405575247
1#
#4405659343
0"
#4405675247
0#
#4405759343
1"
#4405775247
1#
#4405859343
0"
#4405875247
0#
#4405959343
1"
#4405975247
1#
#4406059343
0"
#4406075247
0#
#4406159343
1"
#4406175247
1#
#4406259343
0"
#4406275247
0#
#4406359343
1"
#4406375247
1#
#4406459343
0"
#4406475247
0#
#4406559343
1"
#4406575247
1#
#4406659343
0"
#4406675247
0#
#4406759343
1"
#4406775247
1#
#4406859343
0"
#4406875247
0#
#4406959343
1"
#4406975247
1#
#4407059343
0"
#4407075247
0#
#4407159343
1"
#4407175247
1#
#4407259343
0"
#4407275247
0#
#4407359343
1"
#4407375247
1#
#4407459343
0"
#4407475247
0#
#4407559343
1"
#4407575247
1#
#4407659343
0"
#4407675247
0#
#4407759343
1"
#4407775247
1#
#4407859343
0"
#4407875247
0#
#4407959343
1"
#4407975247
1#
#4408059343
0"
#4408075247
0#
#4408159343
1"
#4408175247
1#
#4408259343
0"
#4408275247
0#
#4408359343
1"
#4408375247
1#
#4408459343
0"
#4408475247
0#
#4408559343
1"
#4408575247
1#
#4408659343
0"
#4408675247
0#
#4408759343
1"
#4408775247
1#
#4408859343
0"
#4408875247
0#
#4408959343
1"
#4408975247
1#
#4409059343
0"
#4409075247
0#
#4409159343
1"
#4409175247
1#
#4409259343
0"
#4409275247
0#
#4409359343
1"
#4409375247
1#
#4409459343
0"
#4409475247
0#
#4409559343
1"
#4409575247
1#
#4409659343
0"
#4409675247
0#
#4409759343
1"
#4409775247
1#
#4409859343
0"
#4409875247
0#
#4409959343
1"
#4409975247
1#
#4410059343
0"
#4410075247
0#
#4410159343
1"
#4410175247
1#
#4410259343
0"
#4410275247
0#
#4410359343
1"
#4410375247
1#
#4410459343
0"
#4410475247
0#
#4410559343
1"
#4410575247
1#
#4410659343
0"
#4410675247
0#
#4410759343
1"
#4410775247
1#
#4410859343
0"
#4410875247
0#
#4410959343
1"
#4410975247
1#
#4411059343
0"
#4411075247
0#
#4411159343
1"
#4411175247
1#
#4411259343
0"
#4411275247
0#
#4411359343
1"
#4411375247
1#
#4411459343
0"
#4411475247
0#
#4411559343
1"
#4411575247
1#
#4411659343
0"
#4411675247
0#
#4411759343
1"
#4411775247
1#
#4411859343
0"
#4411875247
0#
#4411959343
1"
#4411975247
1#
#4412059343
0"
#4412075247
0#
#4412159343
1"
#4412175247
1#
#4412259343
0"
#4412275247
0#
#4412359343
1"
#4412375247
1#
#4412459343
0"
#4412475247
0#
#4412559343
1"
#4412575247
1#
#4412659343
0"
#4412675247
0#
#4412759343
1"
#4412775247
1#
#4412859343
0"
#4412875247
0#
#4412959343
1"
#4412975247
1#
#4413059343
0"
#4413075247
0#
#4413159343
1"
#4413175247
1#
#4413259343
0"
#4413275247
0#
#4413359343
1"
#4413375247
1#
#4413459343
0"
#4413475247
0#
#4413559343
1"
#4413575247
1#
#4413659343
0"
#4413675247
0#
#4413759343
1"
#4413775247
1#
#4413859343
0"
#4413875247
0#
#4413959343
1"
#4413975247
1#
#4414059343
0"
#4414075247
0#
#4414159343
1"
#4414175247
1#
#4414259343
0"
#4414275247
0#
#4414359343
1"
#4414375247
1#
#4414459343
0"
#4414475247
0#
#4414559343
1"
#4414575247
1#
#4414659343
0"
#4414675247
0#
#4414759343
1"
#4414775247
1#
#4414859343
0"
#4414875247
0#
#4414959343
1"
#4414975247
1#
#4415059343
0"
#4415075247
0#
#4415159343
1"
#4415175247
1#
#4415259343
0"
#4415275247
0#
#4415359343
1"
#4415375247
1#
#4415459343
0"
#4415475247
0#
#4415559343
1"
#4415575247
1#
#4415659343
0"
#4415675247
0#
#4415759343
1"
#4415775247
1#
#4415859343
0"
#4415875247
0#
#4415959343
1"
#4415975247
1#
#4416059343
0"
#4416075247
0#
#4416159343
1"
#4416175247
1#
#4416259343
0"
#4416275247
0#
#4416359343
1"
#4416375247
1#
#4416459343
0"
#4416475247
0#
#4416559343
1"
#4416575247
1#
#4416659343
0"
#4416675247
0#
#4416759343
1"
#4416775247
1#
#4416859343
0"
#4416875247
0#
#4416959343
1"
#4416975247
1#
#4417059343
0"
#4417075247
0#
#4417159343
1"
#4417175247
1#
#4417259343
0"
#4417275247
0#
#4417359343
1"
#4417375247
1#
#4417459343
0"
#4417475247
0#
#4417559343
1"
#4417575247
1#
#4417659343
0"
#4417675247
0#
#4417759343
1"
#4417775247
1#
#4417859343
0"
#4417875247
0#
#4417959343
1"
#4417975247
1#
#4418059343
0"
#4418075247
0#
#4418159343
1"
#4418175247
1#
#4418259343
0"
#4418275247
0#
#4418359343
1"
#4418375247
1#
#4418459343
0"
#4418475247
0#
#4418559343
1"
#4418575247
1#
#4418659343
0"
#4418675247
0#
#4418759343
1"
#4418775247
1#
#4418859343
0"
#4418875247
0#
#4418959343
1"
#4418975247
1#
#4419059343
0"
#4419075247
0#
#4419159343
1"
#4419175247
1#
#4419259343
0"
#4419275247
0#
#4419359343
1"
#4419375247
1#
#4419459343
0"
#4419475247
0#
#4419559343
1"
#4419575247
1#
#4419659343
0"
#4419675247
0#
#4419759343
1"
#4419775247
1#
#4419859343
0"
#4419875247
0#
#4419959343
1"
#4419975247
1#
#4420059343
0"
#4420075247
0#
#4420159343
1"
#4420175247
1#
#4420259343
0"
#4420275247
0#
#4420359343
1"
#4420375247
1#
#4420459343
0"
#4420475247
0#
#4420559343
1"
#4420575247
1#
#4420659343
0"
#4420675247
0#
#4420759343
1"
#4420775247
1#
#4420859343
0"
#4420875247
0#
#4420959343
1"
#4420975247
1#
#4421059343
0"
#4421075247
0#
#4421159343
1"
#4421175247
1#
#4421259343
0"
#4421275247
0#
#4421359343
1"
#4421375247
1#
#4421459343
0"
#4421475247
0#
#4421559343
1"
#4421575247
1#
#4421659343
0"
#4421675247
0#
#4421759343
1"
#4421775247
1#
#4421859343
0"
#4421875247
0#
#4421959343
1"
#4421975247
1#
#4422059343
0"
#4422075247
0#
#4422159343
1"
#4422175247
1#
#4422259343
0"
#4422275247
0#
#4422359343
1"
#4422375247
1#
#4422459343
0"
#4422475247
0#
#4422559343
1"
#4422575247
1#
#4422659343
0"
#4422675247
0#
#4422759343
1"
#4422775247
1#
#4422859343
0"
#4422875247
0#
#4422959343
1"
#4422975247
1#
#4423059343
0"
#4423075247
0#
#4423159343
1"
#4423175247
1#
#4423259343
0"
#4423275247
0#
#4423359343
1"
#4423375247
1#
#4423459343
0"
#4423475247
0#
#4423559343
1"
#4423575247
1#
#4423659343
0"
#4423675247
0#
#4423759343
1"
#4423775247
1#
#4423859343
0"
#4423875247
0#
#4423959343
1"
#4423975247
1#
#4424059343
0"
#4424075247
0#
#4424159343
1"
#4424175247
1#
#4424259343
0"
#4424275247
0#
#4424359343
1"
#4424375247
1#
#4424459343
0"
#4424475247
0#
#4424559343
1"
#4424575247
1#
#4424659343
0"
#4424675247
0#
#4424759343
1"
#4424775247
1#
#4424859343
0"
#4424875247
0#
#4424959343
1"
#4424975247
1#
#4425059343
0"
#4425075247
0#
#4425159343
1"
#4425175247
1#
#4425259343
0"
#4425275247
0#
#4425359343
1"
#4425375247
1#
#4425459343
0"
#4425475247
0#
#4425559343
1"
#4425575247
1#
#4425659343
0"
#4425675247
0#
#4425759343
1"
#4425775247
1#
#4425859343
0"
#4425875247
0#
#4425959343
1"
#4425975247
1#
#4426059343
0"
#4426075247
0#
#4426159343
1"
#4426175247
1#
#4426259343
0"
#4426275247
0#
#4426359343
1"
#4426375247
1#
#4426459343
0"
#4426475247
0#
#4426559343
1"
#4426575247
1#
#4426659343
0"
#4426675247
0#
#4426759343
1"
#4426775247
1#
#4426859343
0"
#4426875247
0#
#4426959343
1"
#4426975247
1#
#4427059343
0"
#4427075247
0#
#4427159343
1"
#4427175247
1#
#4427259343
0"
#4427275247
0#
#4427359343
1"
#4427375247
1#
#4427459343
0"
#4427475247
0#
#4427559343
1"
#4427575247
1#
#4427659343
0"
#4427675247
0#
#4427759343
1"
#4427775247
1#
#4427859343
0"
#4427875247
0#
#4427959343
1"
#4427975247
1#
#4428059343
0"
#4428075247
0#
#4428159343
1"
#4428175247
1#
#4428259343
0"
#4428275247
0#
#4428359343
1"
#4428375247
1#
#4428459343
0"
#4428475247
0#
#4428559343
1"
#4428575247
1#
#4428659343
0"
#4428675247
0#
#4428759343
1"
#4428775247
1#
#4428859343
0"
#4428875247
0#
#4428959343
1"
#4428975247
1#
#4429059343
0"
#4429075247
0#
#4429159343
1"
#4429175247
1#
#4429259343
0"
#4429275247
0#
#4429359343
1"
#4429375247
1#
#4429459343
0"
#4429475247
0#
#4429559343
1"
#4429575247
1#
#4429659343
0"
#4429675247
0#
#4429759343
1"
#4429775247
1#
#4429859343
0"
#4429875247
0#
#4429959343
1"
#4429975247
1#
#4430059343
0"
#4430075247
0#
#4430159343
1"
#4430175247
1#
#4430259343
0"
#4430275247
0#
#4430359343
1"
#4430375247
1#
#4430459343
0"
#4430475247
0#
#4430559343
1"
#4430575247
1#
#4430659343
0"
#4430675247
0#
#4430759343
1"
#4430775247
1#
#4430859343
0"
#4430875247
0#
#4430959343
1"
#4430975247
1#
#4431059343
0"
#4431075247
0#
#4431159343
1"
#4431175247
1#
#4431259343
0"
#4431275247
0#
#4431359343
1"
#4431375247
1#
#4431459343
0"
#4431475247
0#
#4431559343
1"
#4431575247
1#
#4431659343
0"
#4431675247
0#
#4431759343
1"
#4431775247
1#
#4431859343
0"
#4431875247
0#
#4431959343
1"
#4431975247
1#
#4432059343
0"
#4432075247
0#
#4432159343
1"
#4432175247
1#
#4432259343
0"
#4432275247
0#
#4432359343
1"
#4432375247
1#
#4432459343
0"
#4432475247
0#
#4432559343
1"
#4432575247
1#
#4432659343
0"
#4432675247
0#
#4432759343
1"
#4432775247
1#
#4432859343
0"
#4432875247
0#
#4432959343
1"
#4432975247
1#
#4433059343
0"
#4433075247
0#
#4433159343
1"
#4433175247
1#
#4433259343
0"
#4433275247
0#
#4433359343
1"
#4433375247
1#
#4433459343
0"
#4433475247
0#
#4433559343
1"
#4433575247
1#
#4433659343
0"
#4433675247
0#
#4433759343
1"
#4433775247
1#
#4433859343
0"
#4433875247
0#
#4433959343
1"
#4433975247
1#
#4434059343
0"
#4434075247
0#
#4434159343
1"
#4434175247
1#
#4434259343
0"
#4434275247
0#
#4434359343
1"
#4434375247
1#
#4434459343
0"
#4434475247
0#
#4434559343
1"
#4434575247
1#
#4434659343
0"
#4434675247
0#
#4434759343
1"
#4434775247
1#
#4434859343
0"
#4434875247
0#
#4434959343
1"
#4434975247
1#
#4435059343
0"
#4435075247
0#
#4435159343
1"
#4435175247
1#
#4435259343
0"
#4435275247
0#
#4435359343
1"
#4435375247
1#
#4435459343
0"
#4435475247
0#
#4435559343
1"
#4435575247
1#
#4435659343
0"
#4435675247
0#
#4435759343
1"
#4435775247
1#
#4435859343
0"
#4435875247
0#
#4435959343
1"
#4435975247
1#
#4436059343
0"
#4436075247
0#
#4436159343
1"
#4436175247
1#
#4436259343
0"
#4436275247
0#
#4436359343
1"
#4436375247
1#
#4436459343
0"
#4436475247
0#
#4436559343
1"
#4436575247
1#
#4436659343
0"
#4436675247
0#
#4436759343
1"
#4436775247
1#
#4436859343
0"
#4436875247
0#
#4436959343
1"
#4436975247
1#
#4437059343
0"
#4437075247
0#
#4437159343
1"
#4437175247
1#
#4437259343
0"
#4437275247
0#
#4437359343
1"
#4437375247
1#
#4437459343
0"
#4437475247
0#
#4437559343
1"
#4437575247
1#
#4437659343
0"
#4437675247
0#
#4437759343
1"
#4437775247
1#
#4437859343
0"
#4437875247
0#
#4437959343
1"
#4437975247
1#
#4438059343
0"
#4438075247
0#
#4438159343
1"
#4438175247
1#
#4438259343
0"
#4438275247
0#
#4438359343
1"
#4438375247
1#
#4438459343
0"
#4438475247
0#
#4438559343
1"
#4438575247
1#
#4438659343
0"
#4438675247
0#
#4438759343
1"
#4438775247
1#
#4438859343
0"
#4438875247
0#
#4438959343
1"
#4438975247
1#
#4439059343
0"
#4439075247
0#
#4439159343
1"
#4439175247
1#
#4439259343
0"
#4439275247
0#
#4439359343
1"
#4439375247
1#
#4439459343
0"
#4439475247
0#
#4439559343
1"
#4439575247
1#
#4439659343
0"
#4439675247
0#
#4439759343
1"
#4439775247
1#
#4439859343
0"
#4439875247
0#
#4439959343
1"
#4439975247
1#
#4440059343
0"
#4440075247
0#
#4440159343
1"
#4440175247
1#
#4440259343
0"
#4440275247
0#
#4440359343
1"
#4440375247
1#
#4440459343
0"
#4440475247
0#
#4440559343
1"
#4440575247
1#
#4440659343
0"
#4440675247
0#
#4440759343
1"
#4440775247
1#
#4440859343
0"
#4440875247
0#
#4440959343
1"
#4440975247
1#
#4441059343
0"
#4441075247
0#
#4441159343
1"
#4441175247
1#
#4441259343
0"
#4441275247
0#
#4441359343
1"
#4441375247
1#
#4441459343
0"
#4441475247
0#
#4441559343
1"
#4441575247
1#
#4441659343
0"
#4441675247
0#
#4441759343
1"
#4441775247
1#
#4441859343
0"
#4441875247
0#
#4441959343
1"
#4441975247
1#
#4442059343
0"
#4442075247
0#
#4442159343
1"
#4442175247
1#
#4442259343
0"
#4442275247
0#
#4442359343
1"
#4442375247
1#
#4442459343
0"
#4442475247
0#
#4442559343
1"
#4442575247
1#
#4442659343
0"
#4442675247
0#
#4442759343
1"
#4442775247
1#
#4442859343
0"
#4442875247
0#
#4442959343
1"
#4442975247
1#
#4443059343
0"
#4443075247
0#
#4443159343
1"
#4443175247
1#
#4443259343
0"
#4443275247
0#
#4443359343
1"
#4443375247
1#
#4443459343
0"
#4443475247
0#
#4443559343
1"
#4443575247
1#
#4443659343
0"
#4443675247
0#
#4443759343
1"
#4443775247
1#
#4443859343
0"
#4443875247
0#
#4443959343
1"
#4443975247
1#
#4444059343
0"
#4444075247
0#
#4444159343
1"
#4444175247
1#
#4444259343
0"
#4444275247
0#
#4444359343
1"
#4444375247
1#
#4444459343
0"
#4444475247
0#
#4444559343
1"
#4444575247
1#
#4444659343
0"
#4444675247
0#
#4444759343
1"
#4444775247
1#
#4444859343
0"
#4444875247
0#
#4444959343
1"
#4444975247
1#
#4445059343
0"
#4445075247
0#
#4445159343
1"
#4445175247
1#
#4445259343
0"
#4445275247
0#
#4445359343
1"
#4445375247
1#
#4445459343
0"
#4445475247
0#
#4445559343
1"
#4445575247
1#
#4445659343
0"
#4445675247
0#
#4445759343
1"
#4445775247
1#
#4445859343
0"
#4445875247
0#
#4445959343
1"
#4445975247
1#
#4446059343
0"
#4446075247
0#
#4446159343
1"
#4446175247
1#
#4446259343
0"
#4446275247
0#
#4446359343
1"
#4446375247
1#
#4446459343
0"
#4446475247
0#
#4446559343
1"
#4446575247
1#
#4446659343
0"
#4446675247
0#
#4446759343
1"
#4446775247
1#
#4446859343
0"
#4446875247
0#
#4446959343
1"
#4446975247
1#
#4447059343
0"
#4447075247
0#
#4447159343
1"
#4447175247
1#
#4447259343
0"
#4447275247
0#
#4447359343
1"
#4447375247
1#
#4447459343
0"
#4447475247
0#
#4447559343
1"
#4447575247
1#
#4447659343
0"
#4447675247
0#
#4447759343
1"
#4447775247
1#
#4447859343
0"
#4447875247
0#
#4447959343
1"
#4447975247
1#
#4448059343
0"
#4448075247
0#
#4448159343
1"
#4448175247
1#
#4448259343
0"
#4448275247
0#
#4448359343
1"
#4448375247
1#
#4448459343
0"
#4448475247
0#
#4448559343
1"
#4448575247
1#
#4448659343
0"
#4448675247
0#
#4448759343
1"
#4448775247
1#
#4448859343
0"
#4448875247
0#
#4448959343
1"
#4448975247
1#
#4449059343
0"
#4449075247
0#
#4449159343
1"
#4449175247
1#
#4449259343
0"
#4449275247
0#
#4449359343
1"
#4449375247
1#
#4449459343
0"
#4449475247
0#
#4449559343
1"
#4449575247
1#
#4449659343
0"
#4449675247
0#
#4449759343
1"
#4449775247
1#
#4449859343
0"
#4449875247
0#
#4449959343
1"
#4449975247
1#
#4450059343
0"
#4450075247
0#
#4450159343
1"
#4450175247
1#
#4450259343
0"
#4450275247
0#
#4450359343
1"
#4450375247
1#
#4450459343
0"
#4450475247
0#
#4450559343
1"
#4450575247
1#
#4450659343
0"
#4450675247
0#
#4450759343
1"
#4450775247
1#
#4450859343
0"
#4450875247
0#
#4450959343
1"
#4450975247
1#
#4451059343
0"
#4451075247
0#
#4451159343
1"
#4451175247
1#
#4451259343
0"
#4451275247
0#
#4451359343
1"
#4451375247
1#
#4451459343
0"
#4451475247
0#
#4451559343
1"
#4451575247
1#
#4451659343
0"
#4451675247
0#
#4451759343
1"
#4451775247
1#
#4451859343
0"
#4451875247
0#
#4451959343
1"
#4451975247
1#
#4452059343
0"
#4452075247
0#
#4452159343
1"
#4452175247
1#
#4452259343
0"
#4452275247
0#
#4452359343
1"
#4452375247
1#
#4452459343
0"
#4452475247
0#
#4452559343
1"
#4452575247
1#
#4452659343
0"
#4452675247
0#
#4452759343
1"
#4452775247
1#
#4452859343
0"
#4452875247
0#
#4452959343
1"
#4452975247
1#
#4453059343
0"
#4453075247
0#
#4453159343
1"
#4453175247
1#
#4453259343
0"
#4453275247
0#
#4453359343
1"
#4453375247
1#
#4453459343
0"
#4453475247
0#
#4453559343
1"
#4453575247
1#
#4453659343
0"
#4453675247
0#
#4453759343
1"
#4453775247
1#
#4453859343
0"
#4453875247
0#
#4453959343
1"
#4453975247
1#
#4454059343
0"
#4454075247
0#
#4454159343
1"
#4454175247
1#
#4454259343
0"
#4454275247
0#
#4454359343
1"
#4454375247
1#
#4454459343
0"
#4454475247
0#
#4454559343
1"
#4454575247
1#
#4454659343
0"
#4454675247
0#
#4454759343
1"
#4454775247
1#
#4454859343
0"
#4454875247
0#
#4454959343
1"
#4454975247
1#
#4455059343
0"
#4455075247
0#
#4455159343
1"
#4455175247
1#
#4455259343
0"
#4455275247
0#
#4455359343
1"
#4455375247
1#
#4455459343
0"
#4455475247
0#
#4455559343
1"
#4455575247
1#
#4455659343
0"
#4455675247
0#
#4455759343
1"
#4455775247
1#
#4455859343
0"
#4455875247
0#
#4455959343
1"
#4455975247
1#
#4456059343
0"
#4456075247
0#
#4456159343
1"
#4456175247
1#
#4456259343
0"
#4456275247
0#
#4456359343
1"
#4456375247
1#
#4456459343
0"
#4456475247
0#
#4456559343
1"
#4456575247
1#
#4456659343
0"
#4456675247
0#
#4456759343
1"
#4456775247
1#
#4456859343
0"
#4456875247
0#
#4456959343
1"
#4456975247
1#
#4457059343
0"
#4457075247
0#
#4457159343
1"
#4457175247
1#
#4457259343
0"
#4457275247
0#
#4457359343
1"
#4457375247
1#
#4457459343
0"
#4457475247
0#
#4457559343
1"
#4457575247
1#
#4457659343
0"
#4457675247
0#
#4457759343
1"
#4457775247
1#
#4457859343
0"
#4457875247
0#
#4457959343
1"
#4457975247
1#
#4458059343
0"
#4458075247
0#
#4458159343
1"
#4458175247
1#
#4458259343
0"
#4458275247
0#
#4458359343
1"
#4458375247
1#
#4458459343
0"
#4458475247
0#
#4458559343
1"
#4458575247
1#
#4458659343
0"
#4458675247
0#
#4458759343
1"
#4458775247
1#
#4458859343
0"
#4458875247
0#
#4458959343
1"
#4458975247
1#
#4459059343
0"
#4459075247
0#
#4459159343
1"
#4459175247
1#
#4459259343
0"
#4459275247
0#
#4459359343
1"
#4459375247
1#
#4459459343
0"
#4459475247
0#
#4459559343
1"
#4459575247
1#
#4459659343
0"
#4459675247
0#
#4459759343
1"
#4459775247
1#
#4459859343
0"
#4459875247
0#
#4459959343
1"
#4459975247
1#
#4460059343
0"
#4460075247
0#
#4460159343
1"
#4460175247
1#
#4460259343
0"
#4460275247
0#
#4460359343
1"
#4460375247
1#
#4460459343
0"
#4460475247
0#
#4460559343
1"
#4460575247
1#
#4460659343
0"
#4460675247
0#
#4460759343
1"
#4460775247
1#
#4460859343
0"
#4460875247
0#
#4460959343
1"
#4460975247
1#
#4461059343
0"
#4461075247
0#
#4461159343
1"
#4461175247
1#
#4461259343
0"
#4461275247
0#
#4461359343
1"
#4461375247
1#
#4461459343
0"
#4461475247
0#
#4461559343
1"
#4461575247
1#
#4461659343
0"
#4461675247
0#
#4461759343
1"
#4461775247
1#
#4461859343
0"
#4461875247
0#
#4461959343
1"
#4461975247
1#
#4462059343
0"
#4462075247
0#
#4462159343
1"
#4462175247
1#
#4462259343
0"
#4462275247
0#
#4462359343
1"
#4462375247
1#
#4462459343
0"
#4462475247
0#
#4462559343
1"
#4462575247
1#
#4462659343
0"
#4462675247
0#
#4462759343
1"
#4462775247
1#
#4462859343
0"
#4462875247
0#
#4462959343
1"
#4462975247
1#
#4463059343
0"
#4463075247
0#
#4463159343
1"
#4463175247
1#
#4463259343
0"
#4463275247
0#
#4463359343
1"
#4463375247
1#
#4463459343
0"
#4463475247
0#
#4463559343
1"
#4463575247
1#
#4463659343
0"
#4463675247
0#
#4463759343
1"
#4463775247
1#
#4463859343
0"
#4463875247
0#
#4463959343
1"
#4463975247
1#
#4464059343
0"
#4464075247
0#
#4464159343
1"
#4464175247
1#
#4464259343
0"
#4464275247
0#
#4464359343
1"
#4464375247
1#
#4464459343
0"
#4464475247
0#
#4464559343
1"
#4464575247
1#
#4464659343
0"
#4464675247
0#
#4464759343
1"
#4464775247
1#
#4464859343
0"
#4464875247
0#
#4464959343
1"
#4464975247
1#
#4465059343
0"
#4465075247
0#
#4465159343
1"
#4465175247
1#
#4465259343
0"
#4465275247
0#
#4465359343
1"
#4465375247
1#
#4465459343
0"
#4465475247
0#
#4465559343
1"
#4465575247
1#
#4465659343
0"
#4465675247
0#
#4465759343
1"
#4465775247
1#
#4465859343
0"
#4465875247
0#
#4465959343
1"
#4465975247
1#
#4466059343
0"
#4466075247
0#
#4466159343
1"
#4466175247
1#
#4466259343
0"
#4466275247
0#
#4466359343
1"
#4466375247
1#
#4466459343
0"
#4466475247
0#
#4466559343
1"
#4466575247
1#
#4466659343
0"
#4466675247
0#
#4466759343
1"
#4466775247
1#
#4466859343
0"
#4466875247
0#
#4466959343
1"
#4466975247
1#
#4467059343
0"
#4467075247
0#
#4467159343
1"
#4467175247
1#
#4467259343
0"
#4467275247
0#
#4467359343
1"
#4467375247
1#
#4467459343
0"
#4467475247
0#
#4467559343
1"
#4467575247
1#
#4467659343
0"
#4467675247
0#
#4467759343
1"
#4467775247
1#
#4467859343
0"
#4467875247
0#
#4467959343
1"
#4467975247
1#
#4468059343
0"
#4468075247
0#
#4468159343
1"
#4468175247
1#
#4468259343
0"
#4468275247
0#
#4468359343
1"
#4468375247
1#
#4468459343
0"
#4468475247
0#
#4468559343
1"
#4468575247
1#
#4468659343
0"
#4468675247
0#
#4468759343
1"
#4468775247
1#
#4468859343
0"
#4468875247
0#
#4468959343
1"
#4468975247
1#
#4469059343
0"
#4469075247
0#
#4469159343
1"
#4469175247
1#
#4469259343
0"
#4469275247
0#
#4469359343
1"
#4469375247
1#
#4469459343
0"
#4469475247
0#
#4469559343
1"
#4469575247
1#
#4469659343
0"
#4469675247
0#
#4469759343
1"
#4469775247
1#
#4469859343
0"
#4469875247
0#
#4469959343
1"
#4469975247
1#
#4470059343
0"
#4470075247
0#
#4470159343
1"
#4470175247
1#
#4470259343
0"
#4470275247
0#
#4470359343
1"
#4470375247
1#
#4470459343
0"
#4470475247
0#
#4470559343
1"
#4470575247
1#
#4470659343
0"
#4470675247
0#
#4470759343
1"
#4470775247
1#
#4470859343
0"
#4470875247
0#
#4470959343
1"
#4470975247
1#
#4471059343
0"
#4471075247
0#
#4471159343
1"
#4471175247
1#
#4471259343
0"
#4471275247
0#
#4471359343
1"
#4471375247
1#
#4471459343
0"
#4471475247
0#
#4471559343
1"
#4471575247
1#
#4471659343
0"
#4471675247
0#
#4471759343
1"
#4471775247
1#
#4471859343
0"
#4471875247
0#
#4471959343
1"
#4471975247
1#
#4472059343
0"
#4472075247
0#
#4472159343
1"
#4472175247
1#
#4472259343
0"
#4472275247
0#
#4472359343
1"
#4472375247
1#
#4472459343
0"
#4472475247
0#
#4472559343
1"
#4472575247
1#
#4472659343
0"
#4472675247
0#
#4472759343
1"
#4472775247
1#
#4472859343
0"
#4472875247
0#
#4472959343
1"
#4472975247
1#
#4473059343
0"
#4473075247
0#
#4473159343
1"
#4473175247
1#
#4473259343
0"
#4473275247
0#
#4473359343
1"
#4473375247
1#
#4473459343
0"
#4473475247
0#
#4473559343
1"
#4473575247
1#
#4473659343
0"
#4473675247
0#
#4473759343
1"
#4473775247
1#
#4473859343
0"
#4473875247
0#
#4473959343
1"
#4473975247
1#
#4474059343
0"
#4474075247
0#
#4474159343
1"
#4474175247
1#
#4474259343
0"
#4474275247
0#
#4474359343
1"
#4474375247
1#
#4474459343
0"
#4474475247
0#
#4474559343
1"
#4474575247
1#
#4474659343
0"
#4474675247
0#
#4474759343
1"
#4474775247
1#
#4474859343
0"
#4474875247
0#
#4474959343
1"
#4474975247
1#
#4475059343
0"
#4475075247
0#
#4475159343
1"
#4475175247
1#
#4475259343
0"
#4475275247
0#
#4475359343
1"
#4475375247
1#
#4475459343
0"
#4475475247
0#
#4475559343
1"
#4475575247
1#
#4475659343
0"
#4475675247
0#
#4475759343
1"
#4475775247
1#
#4475859343
0"
#4475875247
0#
#4475959343
1"
#4475975247
1#
#4476059343
0"
#4476075247
0#
#4476159343
1"
#4476175247
1#
#4476259343
0"
#4476275247
0#
#4476359343
1"
#4476375247
1#
#4476459343
0"
#4476475247
0#
#4476559343
1"
#4476575247
1#
#4476659343
0"
#4476675247
0#
#4476759343
1"
#4476775247
1#
#4476859343
0"
#4476875247
0#
#4476959343
1"
#4476975247
1#
#4477059343
0"
#4477075247
0#
#4477159343
1"
#4477175247
1#
#4477259343
0"
#4477275247
0#
#4477359343
1"
#4477375247
1#
#4477459343
0"
#4477475247
0#
#4477559343
1"
#4477575247
1#
#4477659343
0"
#4477675247
0#
#4477759343
1"
#4477775247
1#
#4477859343
0"
#4477875247
0#
#4477959343
1"
#4477975247
1#
#4478059343
0"
#4478075247
0#
#4478159343
1"
#4478175247
1#
#4478259343
0"
#4478275247
0#
#4478359343
1"
#4478375247
1#
#4478459343
0"
#4478475247
0#
#4478559343
1"
#4478575247
1#
#4478659343
0"
#4478675247
0#
#4478759343
1"
#4478775247
1#
#4478859343
0"
#4478875247
0#
#4478959343
1"
#4478975247
1#
#4479059343
0"
#4479075247
0#
#4479159343
1"
#4479175247
1#
#4479259343
0"
#4479275247
0#
#4479359343
1"
#4479375247
1#
#4479459343
0"
#4479475247
0#
#4479559343
1"
#4479575247
1#
#4479659343
0"
#4479675247
0#
#4479759343
1"
#4479775247
1#
#4479859343
0"
#4479875247
0#
#4479959343
1"
#4479975247
1#
#4480059343
0"
#4480075247
0#
#4480159343
1"
#4480175247
1#
#4480259343
0"
#4480275247
0#
#4480359343
1"
#4480375247
1#
#4480459406
0"
#4480475247
0#
#4480559468
1"
#4480575247
1#
#4480659531
0"
#4480675247
0#
#4480759593
1"
#4480775247
1#
#4480859656
0"
#4480875247
0#
#4480959718
1"
#4480975247
1#
#4481059781
0"
#4481075247
0#
#4481159843
1"
#4481175247
1#
#4481259906
0"
#4481275247
0#
#4481359968
1"
#4481375247
1#
#4481460031
0"
#4481475247
0#
#4481560093
1"
#4481575247
1#
#4481660156
0"
#4481675247
0#
#4481760218
1"
#4481775247
1#
#4481860281
0"
#4481875247
0#
#4481960343
1"
#4481975247
1#
#4482060406
0"
#4482075247
0#
#4482160468
1"
#4482175247
1#
#4482260531
0"
#4482275247
0#
#4482360593
1"
#4482375247
1#
#4482460906
0"
#4482475247
0#
#4482561218
1"
#4482575247
1#
#4482661531
0"
#4482675247
0#
#4482761843
1"
#4482775247
1#
#4482862156
0"
#4482875247
0#
#4482962468
1"
#4482975247
1#
#4483062781
0"
#4483075247
0#
#4483163093
1"
#4483175247
1#
#4483263406
0"
#4483275247
0#
#4483363718
1"
#4483375247
1#
#4483464031
0"
#4483475247
0#
#4483564343
1"
#4483575247
1#
#4483664656
0"
#4483675247
0#
#4483764968
1"
#4483775247
1#
#4483865281
0"
#4483875247
0#
#4483965593
1"
#4483975247
1#
#4484065906
0"
#4484075247
0#
#4484166218
1"
#4484175247
1#
#4484266781
0"
#4484275247
0#
#4484367343
1"
#4484375247
1#
#4484467906
0"
#4484475247
0#
#4484568468
1"
#4484575247
1#
#4484669031
0"
#4484675247
0#
#4484769593
1"
#4484775247
1#
#4484870156
0"
#4484875247
0#
#4484970718
1"
#4484975247
1#
#4485071281
0"
#4485075247
0#
#4485171843
1"
#4485175247
1#
#4485272406
0"
#4485275247
0#
#4485372968
1"
#4485375247
1#
#4485473531
0"
#4485475247
0#
#4485574093
1"
#4485575247
1#
#4485674656
0"
#4485675247
0#
#4485775218
1"
#4485775247
1#
#4485875247
0#
#4485875781
0"
#4485975247
1#
#4485976343
1"
#4486075247
0#
#4486077093
0"
#4486175247
1#
#4486177843
1"
#4486275247
0#
#4486278593
0"
#4486375247
1#
#4486379343
1"
#4486475247
0#
#4486480093
0"
#4486575247
1#
#4486580843
1"
#4486675247
0#
#4486681593
0"
#4486775247
1#
#4486782343
1"
#4486875247
0#
#4486883093
0"
#4486975247
1#
#4486983843
1"
#4487075247
0#
#4487084593
0"
#4487175247
1#
#4487185343
1"
#4487275247
0#
#4487286093
0"
#4487375247
1#
#4487386843
1"
#4487475247
0#
#4487487593
0"
#4487575247
1#
#4487588343
1"
#4487675247
0#
#4487689093
0"
#4487775247
1#
#4487789843
1"
#4487875247
0#
#4487890718
0"
#4487975247
1#
#4487991593
1"
#4488075247
0#
#4488092468
0"
#4488175247
1#
#4488193343
1"
#4488275247
0#
#4488294218
0"
#4488375247
1#
#4488395093
1"
#4488475247
0#
#4488495968
0"
#4488575247
1#
#4488596843
1"
#4488675247
0#
#4488697718
0"
#4488775247
1#
#4488798593
1"
#4488875247
0#
#4488899468
0"
#4488975247
1#
#4489000343
1"
#4489075247
0#
#4489101218
0"
#4489175247
1#
#4489202093
1"
#4489275247
0#
#4489302968
0"
#4489375247
1#
#4489403843
1"
#4489475247
0#
#4489504718
0"
#4489575247
1#
#4489605593
1"
#4489675247
0#
#4489706718
0"
#4489775247
1#
#4489807843
1"
#4489875247
0#
#4489908968
0"
#4489975247
1#
#4490010093
1"
#4490075247
0#
#4490111218
0"
#4490175247
1#
#4490212343
1"
#4490275247
0#
#4490313468
0"
#4490375247
1#
#4490414593
1"
#4490475247
0#
#4490515718
0"
#4490575247
1#
#4490616843
1"
#4490675247
0#
#4490717968
0"
#4490775247
1#
#4490819093
1"
#4490875247
0#
#4490920218
0"
#4490975247
1#
#4491021343
1"
#4491075247
0#
#4491122468
0"
#4491175247
1#
#4491223593
1"
#4491275247
0#
#4491324718
0"
#4491375247
1#
#4491425843
1"
#4491475247
0#
#4491527281
0"
#4491575247
1#
#4491628718
1"
#4491675247
0#
#4491730156
0"
#4491775247
1#
#4491831593
1"
#4491875247
0#
#4491933031
0"
#4491975247
1#
#4492034468
1"
#4492075247
0#
#4492135906
0"
#4492175247
1#
#4492237343
1"
#4492275247
0#
#4492338781
0"
#4492375247
1#
#4492440218
1"
#4492475247
0#
#4492541656
0"
#4492575247
1#
#4492643093
1"
#4492675247
0#
#4492744531
0"
#4492775247
1#
#4492845968
1"
#4492875247
0#
#4492947406
0"
#4492975247
1#
#4493048843
1"
#4493075247
0#
#4493150281
0"
#4493175247
1#
#4493251718
1"
#4493275247
0#
#4493353281
0"
#4493375247
1#
#4493454843
1"
#4493475247
0#
#4493556406
0"
#4493575247
1#
#4493657968
1"
#4493675247
0#
#4493759531
0"
#4493775247
1#
#4493861093
1"
#4493875247
0#
#4493962656
0"
#4493975247
1#
#4494064218
1"
#4494075247
0#
#4494165781
0"
#4494175247
1#
#4494267343
1"
#4494275247
0#
#4494368906
0"
#4494375247
1#
#4494470468
1"
#4494475247
0#
#4494572031
0"
#4494575247
1#
#4494673593
1"
#4494675247
0#
#4494775156
0"
#4494775247
1#
#4494875247
0#
#4494876718
1"
#4494975247
1#
#4494978281
0"
#4495075247
0#
#4495079843
1"
#4495175247
1#
#4495181656
0"
#4495275247
0#
#4495283468
1"
#4495375247
1#
#4495385281
0"
#4495475247
0#
#4495487093
1"
#4495575247
1#
#4495588906
0"
#4495675247
0#
#4495690718
1"
#4495775247
1#
#4495792531
0"
#4495875247
0#
#4495894343
1"
#4495975247
1#
#4495996156
0"
#4496075247
0#
#4496097968
1"
#4496175247
1#
#4496199781
0"
#4496275247
0#
#4496301593
1"
#4496375247
1#
#4496403406
0"
#4496475247
0#
#4496505218
1"
#4496575247
1#
#4496607031
0"
#4496675247
0#
#4496708843
1"
#4496775247
1#
#4496810656
0"
#4496875247
0#
#4496912468
1"
#4496975247
1#
#4497014593
0"
#4497075247
0#
#4497116718
1"
#4497175247
1#
#4497218843
0"
#4497275247
0#
#4497320968
1"
#4497375247
1#
#4497423093
0"
#4497475247
0#
#4497525218
1"
#4497575247
1#
#4497627343
0"
#4497675247
0#
#4497729468
1"
#4497775247
1#
#4497831593
0"
#4497875247
0#
#4497933718
1"
#4497975247
1#
#4498035843
0"
#4498075247
0#
#4498137968
1"
#4498175247
1#
#4498240093
0"
#4498275247
0#
#4498342218
1"
#4498375247
1#
#4498444343
0"
#4498475247
0#
#4498546468
1"
#4498575247
1#
#4498648593
0"
#4498675247
0#
#4498750718
1"
#4498775247
1#
#4498852968
0"
#4498875247
0#
#4498955218
1"
#4498975247
1#
#4499057468
0"
#4499075247
0#
#4499159718
1"
#4499175247
1#
#4499261968
0"
#4499275247
0#
#4499364218
1"
#4499375247
1#
#4499466468
0"
#4499475247
0#
#4499568718
1"
#4499575247
1#
#4499670968
0"
#4499675247
0#
#4499773218
1"
#4499775247
1#
#4499875247
0#
#4499875468
0"
#4499975247
1#
#4499977718
1"
#4500075247
0#
#4500079968
0"
#4500175247
1#
#4500182218
1"
#4500275247
0#
#4500284468
0"
#4500375247
1#
#4500386718
1"
#4500475247
0#
#4500488968
0"
#4500575247
1#
#4500591218
1"
#4500675247
0#
#4500693718
0"
#4500775247
1#
#4500796218
1"
#4500875247
0#
#4500898718
0"
#4500975247
1#
#4501001218
1"
#4501075247
0#
#4501103718
0"
#4501175247
1#
#4501206218
1"
#4501275247
0#
#4501308718
0"
#4501375247
1#
#4501411218
1"
#4501475247
0#
#4501513718
0"
#4501575247
1#
#4501616218
1"
#4501675247
0#
#4501718718
0"
#4501775247
1#
#4501821218
1"
#4501875247
0#
#4501923718
0"
#4501975247
1#
#4502026218
1"
#4502075247
0#
#4502128718
0"
#4502175247
1#
#4502231218
1"
#4502275247
0#
#4502333718
0"
#4502375247
1#
#4502436218
1"
#4502475247
0#
#4502539031
0"
#4502575247
1#
#4502641843
1"
#4502675247
0#
#4502744656
0"
#4502775247
1#
#4502847468
1"
#4502875247
0#
#4502950281
0"
#4502975247
1#
#4503053093
1"
#4503075247
0#
#4503155906
0"
#4503175247
1#
#4503258718
1"
#4503275247
0#
#4503361531
0"
#4503375247
1#
#4503464343
1"
#4503475247
0#
#4503567156
0"
#4503575247
1#
#4503669968
1"
#4503675247
0#
#4503772781
0"
#4503775247
1#
#4503875247
0#
#4503875593
1"
#4503975247
1#
#4503978406
0"
#4504075247
0#
#4504081218
1"
#4504175247
1#
#4504184031
0"
#4504275247
0#
#4504286843
1"
#4504375247
1#
#4504389781
0"
#4504475247
0#
#4504492718
1"
#4504575247
1#
#4504595656
0"
#4504675247
0#
#4504698593
1"
#4504775247
1#
#4504801531
0"
#4504875247
0#
#4504904468
1"
#4504975247
1#
#4505007406
0"
#4505075247
0#
#4505110343
1"
#4505175247
1#
#4505213281
0"
#4505275247
0#
#4505316218
1"
#4505375247
1#
#4505419156
0"
#4505475247
0#
#4505522093
1"
#4505575247
1#
#4505625031
0"
#4505675247
0#
#4505727968
1"
#4505775247
1#
#4505830906
0"
#4505875247
0#
#4505933843
1"
#4505975247
1#
#4506036781
0"
#4506075247
0#
#4506139718
1"
#4506175247
1#
#4506242968
0"
#4506275247
0#
#4506346218
1"
#4506375247
1#
#4506449468
0"
#4506475247
0#
#4506552718
1"
#4506575247
1#
#4506655968
0"
#4506675247
0#
#4506759218
1"
#4506775247
1#
#4506862468
0"
#4506875247
0#
#4506965718
1"
#4506975247
1#
#4507068968
0"
#4507075247
0#
#4507172218
1"
#4507175247
1#
#4507275247
0#
#4507275468
0"
#4507375247
1#
#4507378718
1"
#4507475247
0#
#4507481968
0"
#4507575247
1#
#4507585218
1"
#4507675247
0#
#4507688468
0"
#4507775247
1#
#4507791718
1"
#4507875247
0#
#4507894968
0"
#4507975247
1#
#4507998218
1"
#4508075247
0#
#4508101718
0"
#4508175247
1#
#4508205218
1"
#4508275247
0#
#4508308718
0"
#4508375247
1#
#4508412218
1"
#4508475247
0#
#4508515718
0"
#4508575247
1#
#4508619218
1"
#4508675247
0#
#4508722718
0"
#4508775247
1#
#4508826218
1"
#4508875247
0#
#4508929718
0"
#4508975247
1#
#4509033218
1"
#4509075247
0#
#4509136718
0"
#4509175247
1#
#4509240218
1"
#4509275247
0#
#4509343718
0"
#4509375247
1#
#4509447218
1"
#4509475247
0#
#4509550718
0"
#4509575247
1#
#4509654218
1"
#4509675247
0#
#4509757718
0"
#4509775247
1#
#4509861218
1"
#4509875247
0#
#4509964843
0"
#4509975247
1#
#4510068468
1"
#4510075247
0#
#4510172093
0"
#4510175247
1#
#4510275247
0#
#4510275718
1"
#4510375247
1#
#4510379343
0"
#4510475247
0#
#4510482968
1"
#4510575247
1#
#4510586593
0"
#4510675247
0#
#4510690218
1"
#4510775247
1#
#4510793843
0"
#4510875247
0#
#4510897468
1"
#4510975247
1#
#4511001093
0"
#4511075247
0#
#4511104718
1"
#4511175247
1#
#4511208343
0"
#4511275247
0#
#4511311968
1"
#4511375247
1#
#4511415593
0"
#4511475247
0#
#4511519218
1"
#4511575247
1#
#4511622843
0"
#4511675247
0#
#4511726468
1"
#4511775247
1#
#4511830406
0"
#4511875247
0#
#4511934343
1"
#4511975247
1#
#4512038281
0"
#4512075247
0#
#4512142218
1"
#4512175247
1#
#4512246156
0"
#4512275247
0#
#4512350093
1"
#4512375247
1#
#4512454031
0"
#4512475247
0#
#4512557968
1"
#4512575247
1#
#4512661906
0"
#4512675247
0#
#4512765843
1"
#4512775247
1#
#4512869781
0"
#4512875247
0#
#4512973718
1"
#4512975247
1#
#4513075247
0#
#4513077656
0"
#4513175247
1#
#4513181593
1"
#4513275247
0#
#4513285531
0"
#4513375247
1#
#4513389468
1"
#4513475247
0#
#4513493406
0"
#4513575247
1#
#4513597343
1"
#4513675247
0#
#4513701531
0"
#4513775247
1#
#4513805718
1"
#4513875247
0#
#4513909906
0"
#4513975247
1#
#4514014093
1"
#4514075247
0#
#4514118281
0"
#4514175247
1#
#4514222468
1"
#4514275247
0#
#4514326656
0"
#4514375247
1#
#4514430843
1"
#4514475247
0#
#4514535031
0"
#4514575247
1#
#4514639218
1"
#4514675247
0#
#4514743406
0"
#4514775247
1#
#4514847593
1"
#4514875247
0#
#4514951781
0"
#4514975247
1#
#4515055968
1"
#4515075247
0#
#4515160156
0"
#4515175247
1#
#4515264343
1"
#4515275247
0#
#4515368531
0"
#4515375247
1#
#4515472718
1"
#4515475247
0#
#4515575247
1#
#4515577218
0"
#4515675247
0#
#4515681718
1"
#4515775247
1#
#4515786218
0"
#4515875247
0#
#4515890718
1"
#4515975247
1#
#4515995218
0"
#4516075247
0#
#4516099718
1"
#4516175247
1#
#4516204218
0"
#4516275247
0#
#4516308718
1"
#4516375247
1#
#4516413218
0"
#4516475247
0#
#4516517718
1"
#4516575247
1#
#4516622218
0"
#4516675247
0#
#4516726718
1"
#4516775247
1#
#4516831218
0"
#4516875247
0#
#4516935718
1"
#4516975247
1#
#4517040218
0"
#4517075247
0#
#4517144718
1"
#4517175247
1#
#4517249218
0"
#4517275247
0#
#4517353718
1"
#4517375247
1#
#4517458343
0"
#4517475247
0#
#4517562968
1"
#4517575247
1#
#4517667593
0"
#4517675247
0#
#4517772218
1"
#4517775247
1#
#4517875247
0#
#4517876843
0"
#4517975247
1#
#4517981468
1"
#4518075247
0#
#4518086093
0"
#4518175247
1#
#4518190718
1"
#4518275247
0#
#4518295343
0"
#4518375247
1#
#4518399968
1"
#4518475247
0#
#4518504593
0"
#4518575247
1#
#4518609218
1"
#4518675247
0#
#4518713843
0"
#4518775247
1#
#4518818468
1"
#4518875247
0#
#4518923093
0"
#4518975247
1#
#4519027718
1"
#4519075247
0#
#4519132343
0"
#4519175247
1#
#4519236968
1"
#4519275247
0#
#4519341906
0"
#4519375247
1#
#4519446843
1"
#4519475247
0#
#4519551781
0"
#4519575247
1#
#4519656718
1"
#4519675247
0#
#4519761656
0"
#4519775247
1#
#4519866593
1"
#4519875247
0#
#4519971531
0"
#4519975247
1#
#4520075247
0#
#4520076468
1"
#4520175247
1#
#4520181406
0"
#4520275247
0#
#4520286343
1"
#4520375247
1#
#4520391281
0"
#4520475247
0#
#4520496218
1"
#4520575247
1#
#4520601156
0"
#4520675247
0#
#4520706093
1"
#4520775247
1#
#4520811031
0"
#4520875247
0#
#4520915968
1"
#4520975247
1#
#4521020906
0"
#4521075247
0#
#4521125843
1"
#4521175247
1#
#4521231031
0"
#4521275247
0#
#4521336218
1"
#4521375247
1#
#4521441406
0"
#4521475247
0#
#4521546593
1"
#4521575247
1#
#4521651781
0"
#4521675247
0#
#4521756968
1"
#4521775247
1#
#4521862156
0"
#4521875247
0#
#4521967343
1"
#4521975247
1#
#4522072531
0"
#4522075247
0#
#4522175247
1#
#4522177718
1"
#4522275247
0#
#4522282906
0"
#4522375247
1#
#4522388093
1"
#4522475247
0#
#4522493281
0"
#4522575247
1#
#4522598468
1"
#4522675247
0#
#4522703656
0"
#4522775247
1#
#4522808843
1"
#4522875247
0#
#4522914031
0"
#4522975247
1#
#4523019218
1"
#4523075247
0#
#4523124718
0"
#4523175247
1#
#4523230218
1"
#4523275247
0#
#4523335718
0"
#4523375247
1#
#4523441218
1"
#4523475247
0#
#4523546718
0"
#4523575247
1#
#4523652218
1"
#4523675247
0#
#4523757718
0"
#4523775247
1#
#4523863218
1"
#4523875247
0#
#4523968718
0"
#4523975247
1#
#4524074218
1"
#4524075247
0#
#4524175247
1#
#4524179718
0"
#4524275247
0#
#4524285218
1"
#4524375247
1#
#4524390718
0"
#4524475247
0#
#4524496218
1"
#4524575247
1#
#4524601718
0"
#4524675247
0#
#4524707218
1"
#4524775247
1#
#4524812718
0"
#4524875247
0#
#4524918218
1"
#4524975247
1#
#4525023843
0"
#4525075247
0#
#4525129468
1"
#4525175247
1#
#4525235093
0"
#4525275247
0#
#4525340718
1"
#4525375247
1#
#4525446343
0"
#4525475247
0#
#4525551968
1"
#4525575247
1#
#4525657593
0"
#4525675247
0#
#4525763218
1"
#4525775247
1#
#4525868843
0"
#4525875247
0#
#4525974468
1"
#4525975247
1#
#4526075247
0#
#4526080093
0"
#4526175247
1#
#4526185718
1"
#4526275247
0#
#4526291343
0"
#4526375247
1#
#4526396968
1"
#4526475247
0#
#4526502593
0"
#4526575247
1#
#4526608218
1"
#4526675247
0#
#4526713843
0"
#4526775247
1#
#4526819468
1"
#4526875247
0#
#4526925343
0"
#4526975247
1#
#4527031218
1"
#4527075247
0#
#4527137093
0"
#4527175247
1#
#4527242968
1"
#4527275247
0#
#4527348843
0"
#4527375247
1#
#4527454718
1"
#4527475247
0#
#4527560593
0"
#4527575247
1#
#4527666468
1"
#4527675247
0#
#4527772343
0"
#4527775247
1#
#4527875247
0#
#4527878218
1"
#4527975247
1#
#4527984093
0"
#4528075247
0#
#4528089968
1"
#4528175247
1#
#4528195843
0"
#4528275247
0#
#4528301718
1"
#4528375247
1#
#4528407593
0"
#4528475247
0#
#4528513468
1"
#4528575247
1#
#4528619343
0"
#4528675247
0#
#4528725218
1"
#4528775247
1#
#4528831406
0"
#4528875247
0#
#4528937593
1"
#4528975247
1#
#4529043781
0"
#4529075247
0#
#4529149968
1"
#4529175247
1#
#4529256156
0"
#4529275247
0#
#4529362343
1"
#4529375247
1#
#4529468531
0"
#4529475247
0#
#4529574718
1"
#4529575247
1#
#4529675247
0#
#4529680906
0"
#4529775247
1#
#4529787093
1"
#4529875247
0#
#4529893281
0"
#4529975247
1#
#4529999468
1"
#4530075247
0#
#4530105656
0"
#4530175247
1#
#4530211843
1"
#4530275247
0#
#4530318031
0"
#4530375247
1#
#4530424218
1"
#4530475247
0#
#4530530406
0"
#4530575247
1#
#4530636593
1"
#4530675247
0#
#4530743093
0"
#4530775247
1#
#4530849593
1"
#4530875247
0#
#4530956093
0"
#4530975247
1#
#4531062593
1"
#4531075247
0#
#4531169093
0"
#4531175247
1#
#4531275247
0#
#4531275593
1"
#4531375247
1#
#4531382093
0"
#4531475247
0#
#4531488593
1"
#4531575247
1#
#4531595093
0"
#4531675247
0#
#4531701593
1"
#4531775247
1#
#4531808093
0"
#4531875247
0#
#4531914593
1"
#4531975247
1#
#4532021093
0"
#4532075247
0#
#4532127593
1"
#4532175247
1#
#4532234093
0"
#4532275247
0#
#4532340593
1"
#4532375247
1#
#4532447093
0"
#4532475247
0#
#4532553593
1"
#4532575247
1#
#4532660343
0"
#4532675247
0#
#4532767093
1"
#4532775247
1#
#4532873843
0"
#4532875247
0#
#4532975247
1#
#4532980593
1"
#4533075247
0#
#4533087343
0"
#4533175247
1#
#4533194093
1"
#4533275247
0#
#4533300843
0"
#4533375247
1#
#4533407593
1"
#4533475247
0#
#4533514343
0"
#4533575247
1#
#4533621093
1"
#4533675247
0#
#4533727843
0"
#4533775247
1#
#4533834593
1"
#4533875247
0#
#4533941343
0"
#4533975247
1#
#4534048093
1"
#4534075247
0#
#4534154843
0"
#4534175247
1#
#4534261593
1"
#4534275247
0#
#4534368343
0"
#4534375247
1#
#4534475093
1"
#4534475247
0#
#4534575247
1#
#4534582031
0"
#4534675247
0#
#4534688968
1"
#4534775247
1#
#4534795906
0"
#4534875247
0#
#4534902843
1"
#4534975247
1#
#4535009781
0"
#4535075247
0#
#4535116718
1"
#4535175247
1#
#4535223656
0"
#4535275247
0#
#4535330593
1"
#4535375247
1#
#4535437531
0"
#4535475247
0#
#4535544468
1"
#4535575247
1#
#4535651406
0"
#4535675247
0#
#4535758343
1"
#4535775247
1#
#4535865281
0"
#4535875247
0#
#4535972218
1"
#4535975247
1#
#4536075247
0#
#4536079156
0"
#4536175247
1#
#4536186093
1"
#4536275247
0#
#4536293031
0"
#4536375247
1#
#4536399968
1"
#4536475247
0#
#4536507156
0"
#4536575247
1#
#4536614343
1"
#4536675247
0#
#4536721531
0"
#4536775247
1#
#4536828718
1"
#4536875247
0#
#4536935906
0"
#4536975247
1#
#4537043093
1"
#4537075247
0#
#4537150281
0"
#4537175247
1#
#4537257468
1"
#4537275247
0#
#4537364656
0"
#4537375247
1#
#4537471843
1"
#4537475247
0#
#4537575247
1#
#4537579031
0"
#4537675247
0#
#4537686218
1"
#4537775247
1#
#4537793406
0"
#4537875247
0#
#4537900593
1"
#4537975247
1#
#4538007781
0"
#4538075247
0#
#4538114968
1"
#4538175247
1#
#4538222156
0"
#4538275247
0#
#4538329343
1"
#4538375247
1#
#4538436843
0"
#4538475247
0#
#4538544343
1"
#4538575247
1#
#4538651843
0"
#4538675247
0#
#4538759343
1"
#4538775247
1#
#4538866843
0"
#4538875247
0#
#4538974343
1"
#4538975247
1#
#4539075247
0#
#4539081843
0"
#4539175247
1#
#4539189343
1"
#4539275247
0#
#4539296843
0"
#4539375247
1#
#4539404343
1"
#4539475247
0#
#4539511843
0"
#4539575247
1#
#4539619343
1"
#4539675247
0#
#4539726843
0"
#4539775247
1#
#4539834343
1"
#4539875247
0#
#4539941843
0"
#4539975247
1#
#4540049343
1"
#4540075247
0#
#4540156843
0"
#4540175247
1#
#4540264343
1"
#4540275247
0#
#4540372156
0"
#4540375247
1#
#4540475247
0#
#4540479968
1"
#4540575247
1#
#4540587781
0"
#4540675247
0#
#4540695593
1"
#4540775247
1#
#4540803406
0"
#4540875247
0#
#4540911218
1"
#4540975247
1#
#4541019031
0"
#4541075247
0#
#4541126843
1"
#4541175247
1#
#4541234656
0"
#4541275247
0#
#4541342468
1"
#4541375247
1#
#4541450281
0"
#4541475247
0#
#4541558093
1"
#4541575247
1#
#4541665906
0"
#4541675247
0#
#4541773718
1"
#4541775247
1#
#4541875247
0#
#4541881531
0"
#4541975247
1#
#4541989343
1"
#4542075247
0#
#4542097156
0"
#4542175247
1#
#4542204968
1"
#4542275247
0#
#4542313093
0"
#4542375247
1#
#4542421218
1"
#4542475247
0#
#4542529343
0"
#4542575247
1#
#4542637468
1"
#4542675247
0#
#4542745593
0"
#4542775247
1#
#4542853718
1"
#4542875247
0#
#4542961843
0"
#4542975247
1#
#4543069968
1"
#4543075247
0#
#4543175247
1#
#4543178093
0"
#4543275247
0#
#4543286218
1"
#4543375247
1#
#4543394343
0"
#4543475247
0#
#4543502468
1"
#4543575247
1#
#4543610593
0"
#4543675247
0#
#4543718718
1"
#4543775247
1#
#4543826843
0"
#4543875247
0#
#4543934968
1"
#4543975247
1#
#4544043093
0"
#4544075247
0#
#4544151218
1"
#4544175247
1#
#4544259593
0"
#4544275247
0#
#4544367968
1"
#4544375247
1#
#4544475247
0#
#4544476343
0"
#4544575247
1#
#4544584718
1"
#4544675247
0#
#4544693093
0"
#4544775247
1#
#4544801468
1"
#4544875247
0#
#4544909843
0"
#4544975247
1#
#4545018218
1"
#4545075247
0#
#4545126593
0"
#4545175247
1#
#4545234968
1"
#4545275247
0#
#4545343343
0"
#4545375247
1#
#4545451718
1"
#4545475247
0#
#4545560093
0"
#4545575247
1#
#4545668468
1"
#4545675247
0#
#4545775247
1#
#4545776843
0"
#4545875247
0#
#4545885218
1"
#4545975247
1#
#4545993593
0"
#4546075247
0#
#4546101968
1"
#4546175247
1#
#4546210656
0"
#4546275247
0#
#4546319343
1"
#4546375247
1#
#4546428031
0"
#4546475247
0#
#4546536718
1"
#4546575247
1#
#4546645406
0"
#4546675247
0#
#4546754093
1"
#4546775247
1#
#4546862781
0"
#4546875247
0#
#4546971468
1"
#4546975247
1#
#4547075247
0#
#4547080156
0"
#4547175247
1#
#4547188843
1"
#4547275247
0#
#4547297531
0"
#4547375247
1#
#4547406218
1"
#4547475247
0#
#4547514906
0"
#4547575247
1#
#4547623593
1"
#4547675247
0#
#4547732281
0"
#4547775247
1#
#4547840968
1"
#4547875247
0#
#4547949656
0"
#4547975247
1#
#4548058343
1"
#4548075247
0#
#4548167156
0"
#4548175247
1#
#4548275247
0#
#4548275968
1"
#4548375247
1#
#4548384781
0"
#4548475247
0#
#4548493593
1"
#4548575247
1#
#4548602406
0"
#4548675247
0#
#4548711218
1"
#4548775247
1#
#4548820031
0"
#4548875247
0#
#4548928843
1"
#4548975247
1#
#4549037656
0"
#4549075247
0#
#4549146468
1"
#4549175247
1#
#4549255281
0"
#4549275247
0#
#4549364093
1"
#4549375247
1#
#4549472906
0"
#4549475247
0#
#4549575247
1#
#4549581718
1"
#4549675247
0#
#4549690531
0"
#4549775247
1#
#4549799343
1"
#4549875247
0#
#4549908156
0"
#4549975247
1#
#4550016968
1"
#4550075247
0#
#4550126093
0"
#4550175247
1#
#4550235218
1"
#4550275247
0#
#4550344343
0"
#4550375247
1#
#4550453468
1"
#4550475247
0#
#4550562593
0"
#4550575247
1#
#4550671718
1"
#4550675247
0#
#4550775247
1#
#4550780843
0"
#4550875247
0#
#4550889968
1"
#4550975247
1#
#4550999093
0"
#4551075247
0#
#4551108218
1"
#4551175247
1#
#4551217343
0"
#4551275247
0#
#4551326468
1"
#4551375247
1#
#4551435593
0"
#4551475247
0#
#4551544718
1"
#4551575247
1#
#4551653843
0"
#4551675247
0#
#4551762968
1"
#4551775247
1#
#4551872093
0"
#4551875247
0#
#4551975247
1#
#4551981218
1"
#4552075247
0#
#4552090593
0"
#4552175247
1#
#4552199968
1"
#4552275247
0#
#4552309343
0"
#4552375247
1#
#4552418718
1"
#4552475247
0#
#4552528093
0"
#4552575247
1#
#4552637468
1"
#4552675247
0#
#4552746843
0"
#4552775247
1#
#4552856218
1"
#4552875247
0#
#4552965593
0"
#4552975247
1#
#4553074968
1"
#4553075247
0#
#4553175247
1#
#4553184343
0"
#4553275247
0#
#4553293718
1"
#4553375247
1#
#4553403093
0"
#4553475247
0#
#4553512468
1"
#4553575247
1#
#4553621843
0"
#4553675247
0#
#4553731218
1"
#4553775247
1#
#4553840593
0"
#4553875247
0#
#4553949968
1"
#4553975247
1#
#4554059656
0"
#4554075247
0#
#4554169343
1"
#4554175247
1#
#4554275247
0#
#4554279031
0"
#4554375247
1#
#4554388718
1"
#4554475247
0#
#4554498406
0"
#4554575247
1#
#4554608093
1"
#4554675247
0#
#4554717781
0"
#4554775247
1#
#4554827468
1"
#4554875247
0#
#4554937156
0"
#4554975247
1#
#4555046843
1"
#4555075247
0#
#4555156531
0"
#4555175247
1#
#4555266218
1"
#4555275247
0#
#4555375247
1#
#4555375906
0"
#4555475247
0#
#4555485593
1"
#4555575247
1#
#4555595281
0"
#4555675247
0#
#4555704968
1"
#4555775247
1#
#4555814656
0"
#4555875247
0#
#4555924343
1"
#4555975247
1#
#4556034343
0"
#4556075247
0#
#4556144343
1"
#4556175247
1#
#4556254343
0"
#4556275247
0#
#4556364343
1"
#4556375247
1#
#4556474343
0"
#4556475247
0#
#4556575247
1#
#4556584343
1"
#4556675247
0#
#4556694343
0"
#4556775247
1#
#4556804343
1"
#4556875247
0#
#4556914343
0"
#4556975247
1#
#4557024343
1"
#4557075247
0#
#4557134343
0"
#4557175247
1#
#4557244343
1"
#4557275247
0#
#4557354343
0"
#4557375247
1#
#4557464343
1"
#4557475247
0#
#4557574343
0"
#4557575247
1#
#4557675247
0#
#4557684343
1"
#4557775247
1#
#4557794343
0"
#4557875247
0#
#4557904343
1"
#4557975247
1#
#4558014656
0"
#4558075247
0#
#4558124968
1"
#4558175247
1#
#4558235281
0"
#4558275247
0#
#4558345593
1"
#4558375247
1#
#4558455906
0"
#4558475247
0#
#4558566218
1"
#4558575247
1#
#4558675247
0#
#4558676531
0"
#4558775247
1#
#4558786843
1"
#4558875247
0#
#4558897156
0"
#4558975247
1#
#4559007468
1"
#4559075247
0#
#4559117781
0"
#4559175247
1#
#4559228093
1"
#4559275247
0#
#4559338406
0"
#4559375247
1#
#4559448718
1"
#4559475247
0#
#4559559031
0"
#4559575247
1#
#4559669343
1"
#4559675247
0#
#4559775247
1#
#4559779656
0"
#4559875247
0#
#4559889968
1"
#4559975247
1#
#4560000531
0"
#4560075247
0#
#4560111093
1"
#4560175247
1#
#4560221656
0"
#4560275247
0#
#4560332218
1"
#4560375247
1#
#4560442781
0"
#4560475247
0#
#4560553343
1"
#4560575247
1#
#4560663906
0"
#4560675247
0#
#4560774468
1"
#4560775247
1#
#4560875247
0#
#4560885031
0"
#4560975247
1#
#4560995593
1"
#4561075247
0#
#4561106156
0"
#4561175247
1#
#4561216718
1"
#4561275247
0#
#4561327281
0"
#4561375247
1#
#4561437843
1"
#4561475247
0#
#4561548406
0"
#4561575247
1#
#4561658968
1"
#4561675247
0#
#4561769531
0"
#4561775247
1#
#4561875247
0#
#4561880093
1"
#4561975247
1#
#4561990968
0"
#4562075247
0#
#4562101843
1"
#4562175247
1#
#4562212718
0"
#4562275247
0#
#4562323593
1"
#4562375247
1#
#4562434468
0"
#4562475247
0#
#4562545343
1"
#4562575247
1#
#4562656218
0"
#4562675247
0#
#4562767093
1"
#4562775247
1#
#4562875247
0#
#4562877968
0"
#4562975247
1#
#4562988843
1"
#4563075247
0#
#4563099718
0"
#4563175247
1#
#4563210593
1"
#4563275247
0#
#4563321468
0"
#4563375247
1#
#4563432343
1"
#4563475247
0#
#4563543218
0"
#4563575247
1#
#4563654093
1"
#4563675247
0#
#4563764968
0"
#4563775247
1#
#4563875247
0#
#4563875843
1"
#4563975247
1#
#4563987031
0"
#4564075247
0#
#4564098218
1"
#4564175247
1#
#4564209406
0"
#4564275247
0#
#4564320593
1"
#4564375247
1#
#4564431781
0"
#4564475247
0#
#4564542968
1"
#4564575247
1#
#4564654156
0"
#4564675247
0#
#4564765343
1"
#4564775247
1#
#4564875247
0#
#4564876531
0"
#4564975247
1#
#4564987718
1"
#4565075247
0#
#4565098906
0"
#4565175247
1#
#4565210093
1"
#4565275247
0#
#4565321281
0"
#4565375247
1#
#4565432468
1"
#4565475247
0#
#4565543656
0"
#4565575247
1#
#4565654843
1"
#4565675247
0#
#4565766031
0"
#4565775247
1#
#4565875247
0#
#4565877218
1"
#4565975247
1#
#4565988718
0"
#4566075247
0#
#4566100218
1"
#4566175247
1#
#4566211718
0"
#4566275247
0#
#4566323218
1"
#4566375247
1#
#4566434718
0"
#4566475247
0#
#4566546218
1"
#4566575247
1#
#4566657718
0"
#4566675247
0#
#4566769218
1"
#4566775247
1#
#4566875247
0#
#4566880718
0"
#4566975247
1#
#4566992218
1"
#4567075247
0#
#4567103718
0"
#4567175247
1#
#4567215218
1"
#4567275247
0#
#4567326718
0"
#4567375247
1#
#4567438218
1"
#4567475247
0#
#4567549718
0"
#4567575247
1#
#4567661218
1"
#4567675247
0#
#4567772906
0"
#4567775247
1#
#4567875247
0#
#4567884593
1"
#4567975247
1#
#4567996281
0"
#4568075247
0#
#4568107968
1"
#4568175247
1#
#4568219656
0"
#4568275247
0#
#4568331343
1"
#4568375247
1#
#4568443031
0"
#4568475247
0#
#4568554718
1"
#4568575247
1#
#4568666406
0"
#4568675247
0#
#4568775247
1#
#4568778093
1"
#4568875247
0#
#4568889781
0"
#4568975247
1#
#4569001468
1"
#4569075247
0#
#4569113156
0"
#4569175247
1#
#4569224843
1"
#4569275247
0#
#4569336531
0"
#4569375247
1#
#4569448218
1"
#4569475247
0#
#4569560218
0"
#4569575247
1#
#4569672218
1"
#4569675247
0#
#4569775247
1#
#4569784218
0"
#4569875247
0#
#4569896218
1"
#4569975247
1#
#4570008218
0"
#4570075247
0#
#4570120218
1"
#4570175247
1#
#4570232218
0"
#4570275247
0#
#4570344218
1"
#4570375247
1#
#4570456218
0"
#4570475247
0#
#4570568218
1"
#4570575247
1#
#4570675247
0#
#4570680218
0"
#4570775247
1#
#4570792218
1"
#4570875247
0#
#4570904218
0"
#4570975247
1#
#4571016218
1"
#4571075247
0#
#4571128218
0"
#4571175247
1#
#4571240218
1"
#4571275247
0#
#4571352468
0"
#4571375247
1#
#4571464718
1"
#4571475247
0#
#4571575247
1#
#4571576968
0"
#4571675247
0#
#4571689218
1"
#4571775247
1#
#4571801468
0"
#4571875247
0#
#4571913718
1"
#4571975247
1#
#4572025968
0"
#4572075247
0#
#4572138218
1"
#4572175247
1#
#4572250468
0"
#4572275247
0#
#4572362718
1"
#4572375247
1#
#4572474968
0"
#4572475247
0#
#4572575247
1#
#4572587218
1"
#4572675247
0#
#4572699468
0"
#4572775247
1#
#4572811718
1"
#4572875247
0#
#4572923968
0"
#4572975247
1#
#4573036218
1"
#4573075247
0#
#4573148781
0"
#4573175247
1#
#4573261343
1"
#4573275247
0#
#4573373906
0"
#4573375247
1#
#4573475247
0#
#4573486468
1"
#4573575247
1#
#4573599031
0"
#4573675247
0#
#4573711593
1"
#4573775247
1#
#4573824156
0"
#4573875247
0#
#4573936718
1"
#4573975247
1#
#4574049281
0"
#4574075247
0#
#4574161843
1"
#4574175247
1#
#4574274406
0"
#4574275247
0#
#4574375247
1#
#4574386968
1"
#4574475247
0#
#4574499531
0"
#4574575247
1#
#4574612093
1"
#4574675247
0#
#4574724656
0"
#4574775247
1#
#4574837218
1"
#4574875247
0#
#4574950093
0"
#4574975247
1#
#4575062968
1"
#4575075247
0#
#4575175247
1#
#4575175843
0"
#4575275247
0#
#4575288718
1"
#4575375247
1#
#4575401593
0"
#4575475247
0#
#4575514468
1"
#4575575247
1#
#4575627343
0"
#4575675247
0#
#4575740218
1"
#4575775247
1#
#4575853093
0"
#4575875247
0#
#4575965968
1"
#4575975247
1#
#4576075247
0#
#4576078843
0"
#4576175247
1#
#4576191718
1"
#4576275247
0#
#4576304593
0"
#4576375247
1#
#4576417468
1"
#4576475247
0#
#4576530343
0"
#4576575247
1#
#4576643218
1"
#4576675247
0#
#4576756218
0"
#4576775247
1#
#4576869218
1"
#4576875247
0#
#4576975247
1#
#4576982218
0"
#4577075247
0#
#4577095218
1"
#4577175247
1#
#4577208218
0"
#4577275247
0#
#4577321218
1"
#4577375247
1#
#4577434218
0"
#4577475247
0#
#4577547218
1"
#4577575247
1#
#4577660218
0"
#4577675247
0#
#4577773218
1"
#4577775247
1#
#4577875247
0#
#4577886218
0"
#4577975247
1#
#4577999218
1"
#4578075247
0#
#4578112218
0"
#4578175247
1#
#4578225218
1"
#4578275247
0#
#4578338218
0"
#4578375247
1#
#4578451218
1"
#4578475247
0#
#4578564531
0"
#4578575247
1#
#4578675247
0#
#4578677843
1"
#4578775247
1#
#4578791156
0"
#4578875247
0#
#4578904468
1"
#4578975247
1#
#4579017781
0"
#4579075247
0#
#4579131093
1"
#4579175247
1#
#4579244406
0"
#4579275247
0#
#4579357718
1"
#4579375247
1#
#4579471031
0"
#4579475247
0#
#4579575247
1#
#4579584343
1"
#4579675247
0#
#4579697656
0"
#4579775247
1#
#4579810968
1"
#4579875247
0#
#4579924281
0"
#4579975247
1#
#4580037593
1"
#4580075247
0#
#4580150906
0"
#4580175247
1#
#4580264218
1"
#4580275247
0#
#4580375247
1#
#4580377843
0"
#4580475247
0#
#4580491468
1"
#4580575247
1#
#4580605093
0"
#4580675247
0#
#4580718718
1"
#4580775247
1#
#4580832343
0"
#4580875247
0#
#4580945968
1"
#4580975247
1#
#4581059593
0"
#4581075247
0#
#4581173218
1"
#4581175247
1#
#4581275247
0#
#4581286843
0"
#4581375247
1#
#4581400468
1"
#4581475247
0#
#4581514093
0"
#4581575247
1#
#4581627718
1"
#4581675247
0#
#4581741343
0"
#4581775247
1#
#4581854968
1"
#4581875247
0#
#4581968593
0"
#4581975247
1#
#4582075247
0#
#4582082218
1"
#4582175247
1#
#4582196156
0"
#4582275247
0#
#4582310093
1"
#4582375247
1#
#4582424031
0"
#4582475247
0#
#4582537968
1"
#4582575247
1#
#4582651906
0"
#4582675247
0#
#4582765843
1"
#4582775247
1#
#4582875247
0#
#4582879781
0"
#4582975247
1#
#4582993718
1"
#4583075247
0#
#4583107656
0"
#4583175247
1#
#4583221593
1"
#4583275247
0#
#4583335531
0"
#4583375247
1#
#4583449468
1"
#4583475247
0#
#4583563406
0"
#4583575247
1#
#4583675247
0#
#4583677343
1"
#4583775247
1#
#4583791281
0"
#4583875247
0#
#4583905218
1"
#4583975247
1#
#4584019468
0"
#4584075247
0#
#4584133718
1"
#4584175247
1#
#4584247968
0"
#4584275247
0#
#4584362218
1"
#4584375247
1#
#4584475247
0#
#4584476468
0"
#4584575247
1#
#4584590718
1"
#4584675247
0#
#4584704968
0"
#4584775247
1#
#4584819218
1"
#4584875247
0#
#4584933468
0"
#4584975247
1#
#4585047718
1"
#4585075247
0#
#4585161968
0"
#4585175247
1#
#4585275247
0#
#4585276218
1"
#4585375247
1#
#4585390468
0"
#4585475247
0#
#4585504718
1"
#4585575247
1#
#4585618968
0"
#4585675247
0#
#4585733218
1"
#4585775247
1#
#4585847781
0"
#4585875247
0#
#4585962343
1"
#4585975247
1#
#4586075247
0#
#4586076906
0"
#4586175247
1#
#4586191468
1"
#4586275247
0#
#4586306031
0"
#4586375247
1#
#4586420593
1"
#4586475247
0#
#4586535156
0"
#4586575247
1#
#4586649718
1"
#4586675247
0#
#4586764281
0"
#4586775247
1#
#4586875247
0#
#4586878843
1"
#4586975247
1#
#4586993406
0"
#4587075247
0#
#4587107968
1"
#4587175247
1#
#4587222531
0"
#4587275247
0#
#4587337093
1"
#4587375247
1#
#4587451656
0"
#4587475247
0#
#4587566218
1"
#4587575247
1#
#4587675247
0#
#4587680968
0"
#4587775247
1#
#4587795718
1"
#4587875247
0#
#4587910468
0"
#4587975247
1#
#4588025218
1"
#4588075247
0#
#4588139968
0"
#4588175247
1#
#4588254718
1"
#4588275247
0#
#4588369468
0"
#4588375247
1#
#4588475247
0#
#4588484218
1"
#4588575247
1#
#4588598968
0"
#4588675247
0#
#4588713718
1"
#4588775247
1#
#4588828468
0"
#4588875247
0#
#4588943218
1"
#4588975247
1#
#4589057968
0"
#4589075247
0#
#4589172718
1"
#4589175247
1#
#4589275247
0#
#4589287468
0"
#4589375247
1#
#4589402218
1"
#4589475247
0#
#4589517281
0"
#4589575247
1#
#4589632343
1"
#4589675247
0#
#4589747406
0"
#4589775247
1#
#4589862468
1"
#4589875247
0#
#4589975247
1#
#4589977531
0"
#4590075247
0#
#4590092593
1"
#4590175247
1#
#4590207656
0"
#4590275247
0#
#4590322718
1"
#4590375247
1#
#4590437781
0"
#4590475247
0#
#4590552843
1"
#4590575247
1#
#4590667906
0"
#4590675247
0#
#4590775247
1#
#4590782968
1"
#4590875247
0#
#4590898031
0"
#4590975247
1#
#4591013093
1"
#4591075247
0#
#4591128156
0"
#4591175247
1#
#4591243218
1"
#4591275247
0#
#4591358593
0"
#4591375247
1#
#4591473968
1"
#4591475247
0#
#4591575247
1#
#4591589343
0"
#4591675247
0#
#4591704718
1"
#4591775247
1#
#4591820093
0"
#4591875247
0#
#4591935468
1"
#4591975247
1#
#4592050843
0"
#4592075247
0#
#4592166218
1"
#4592175247
1#
#4592275247
0#
#4592281593
0"
#4592375247
1#
#4592396968
1"
#4592475247
0#
#4592512343
0"
#4592575247
1#
#4592627718
1"
#4592675247
0#
#4592743093
0"
#4592775247
1#
#4592858468
1"
#4592875247
0#
#4592973843
0"
#4592975247
1#
#4593075247
0#
#4593089218
1"
#4593175247
1#
#4593204906
0"
#4593275247
0#
#4593320593
1"
#4593375247
1#
#4593436281
0"
#4593475247
0#
#4593551968
1"
#4593575247
1#
#4593667656
0"
#4593675247
0#
#4593775247
1#
#4593783343
1"
#4593875247
0#
#4593899031
0"
#4593975247
1#
#4594014718
1"
#4594075247
0#
#4594130406
0"
#4594175247
1#
#4594246093
1"
#4594275247
0#
#4594361781
0"
#4594375247
1#
#4594475247
0#
#4594477468
1"
#4594575247
1#
#4594593156
0"
#4594675247
0#
#4594708843
1"
#4594775247
1#
#4594824531
0"
#4594875247
0#
#4594940218
1"
#4594975247
1#
#4595056218
0"
#4595075247
0#
#4595172218
1"
#4595175247
1#
#4595275247
0#
#4595288218
0"
#4595375247
1#
#4595404218
1"
#4595475247
0#
#4595520218
0"
#4595575247
1#
#4595636218
1"
#4595675247
0#
#4595752218
0"
#4595775247
1#
#4595868218
1"
#4595875247
0#
#4595975247
1#
#4595984218
0"
#4596075247
0#
#4596100218
1"
#4596175247
1#
#4596216218
0"
#4596275247
0#
#4596332218
1"
#4596375247
1#
#4596448218
0"
#4596475247
0#
#4596564218
1"
#4596575247
1#
#4596675247
0#
#4596680218
0"
#4596775247
1#
#4596796218
1"
#4596875247
0#
#4596912531
0"
#4596975247
1#
#4597028843
1"
#4597075247
0#
#4597145156
0"
#4597175247
1#
#4597261468
1"
#4597275247
0#
#4597375247
1#
#4597377781
0"
#4597475247
0#
#4597494093
1"
#4597575247
1#
#4597610406
0"
#4597675247
0#
#4597726718
1"
#4597775247
1#
#4597843031
0"
#4597875247
0#
#4597959343
1"
#4597975247
1#
#4598075247
0#
#4598075656
0"
#4598175247
1#
#4598191968
1"
#4598275247
0#
#4598308281
0"
#4598375247
1#
#4598424593
1"
#4598475247
0#
#4598540906
0"
#4598575247
1#
#4598657218
1"
#4598675247
0#
#4598773843
0"
#4598775247
1#
#4598875247
0#
#4598890468
1"
#4598975247
1#
#4599007093
0"
#4599075247
0#
#4599123718
1"
#4599175247
1#
#4599240343
0"
#4599275247
0#
#4599356968
1"
#4599375247
1#
#4599473593
0"
#4599475247
0#
#4599575247
1#
#4599590218
1"
#4599675247
0#
#4599706843
0"
#4599775247
1#
#4599823468
1"
#4599875247
0#
#4599940093
0"
#4599975247
1#
#4600056718
1"
#4600075247
0#
#4600173343
0"
#4600175247
1#
#4600275247
0#
#4600289968
1"
#4600375247
1#
#4600406593
0"
#4600475247
0#
#4600523218
1"
#4600575247
1#
#4600640156
0"
#4600675247
0#
#4600757093
1"
#4600775247
1#
#4600874031
0"
#4600875247
0#
#4600975247
1#
#4600990968
1"
#4601075247
0#
#4601107906
0"
#4601175247
1#
#4601224843
1"
#4601275247
0#
#4601341781
0"
#4601375247
1#
#4601458718
1"
#4601475247
0#
#4601575247
1#
#4601575656
0"
#4601675247
0#
#4601692593
1"
#4601775247
1#
#4601809531
0"
#4601875247
0#
#4601926468
1"
#4601975247
1#
#4602043406
0"
#4602075247
0#
#4602160343
1"
#4602175247
1#
#4602275247
0#
#4602277281
0"
#4602375247
1#
#4602394218
1"
#4602475247
0#
#4602511468
0"
#4602575247
1#
#4602628718
1"
#4602675247
0#
#4602745968
0"
#4602775247
1#
#4602863218
1"
#4602875247
0#
#4602975247
1#
#4602980468
0"
#4603075247
0#
#4603097718
1"
#4603175247
1#
#4603214968
0"
#4603275247
0#
#4603332218
1"
#4603375247
1#
#4603449468
0"
#4603475247
0#
#4603566718
1"
#4603575247
1#
#4603675247
0#
#4603683968
0"
#4603775247
1#
#4603801218
1"
#4603875247
0#
#4603918468
0"
#4603975247
1#
#4604035718
1"
#4604075247
0#
#4604152968
0"
#4604175247
1#
#4604270218
1"
#4604275247
0#
#4604375247
1#
#4604387781
0"
#4604475247
0#
#4604505343
1"
#4604575247
1#
#4604622906
0"
#4604675247
0#
#4604740468
1"
#4604775247
1#
#4604858031
0"
#4604875247
0#
#4604975247
1#
#4604975593
1"
#4605075247
0#
#4605093156
0"
#4605175247
1#
#4605210718
1"
#4605275247
0#
#4605328281
0"
#4605375247
1#
#4605445843
1"
#4605475247
0#
#4605563406
0"
#4605575247
1#
#4605675247
0#
#4605680968
1"
#4605775247
1#
#4605798531
0"
#4605875247
0#
#4605916093
1"
#4605975247
1#
#4606033656
0"
#4606075247
0#
#4606151218
1"
#4606175247
1#
#4606269093
0"
#4606275247
0#
#4606375247
1#
#4606386968
1"
#4606475247
0#
#4606504843
0"
#4606575247
1#
#4606622718
1"
#4606675247
0#
#4606740593
0"
#4606775247
1#
#4606858468
1"
#4606875247
0#
#4606975247
1#
#4606976343
0"
#4607075247
0#
#4607094218
1"
#4607175247
1#
#4607212093
0"
#4607275247
0#
#4607329968
1"
#4607375247
1#
#4607447843
0"
#4607475247
0#
#4607565718
1"
#4607575247
1#
#4607675247
0#
#4607683593
0"
#4607775247
1#
#4607801468
1"
#4607875247
0#
#4607919343
0"
#4607975247
1#
#4608037218
1"
#4608075247
0#
#4608155406
0"
#4608175247
1#
#4608273593
1"
#4608275247
0#
#4608375247
1#
#4608391781
0"
#4608475247
0#
#4608509968
1"
#4608575247
1#
#4608628156
0"
#4608675247
0#
#4608746343
1"
#4608775247
1#
#4608864531
0"
#4608875247
0#
#4608975247
1#
#4608982718
1"
#4609075247
0#
#4609100906
0"
#4609175247
1#
#4609219093
1"
#4609275247
0#
#4609337281
0"
#4609375247
1#
#4609455468
1"
#4609475247
0#
#4609573656
0"
#4609575247
1#
#4609675247
0#
#4609691843
1"
#4609775247
1#
#4609810031
0"
#4609875247
0#
#4609928218
1"
#4609975247
1#
#4610046718
0"
#4610075247
0#
#4610165218
1"
#4610175247
1#
#4610275247
0#
#4610283718
0"
#4610375247
1#
#4610402218
1"
#4610475247
0#
#4610520718
0"
#4610575247
1#
#4610639218
1"
#4610675247
0#
#4610757718
0"
#4610775247
1#
#4610875247
0#
#4610876218
1"
#4610975247
1#
#4610994718
0"
#4611075247
0#
#4611113218
1"
#4611175247
1#
#4611231718
0"
#4611275247
0#
#4611350218
1"
#4611375247
1#
#4611468718
0"
#4611475247
0#
#4611575247
1#
#4611587218
1"
#4611675247
0#
#4611705718
0"
#4611775247
1#
#4611824218
1"
#4611875247
0#
#4611943031
0"
#4611975247
1#
#4612061843
1"
#4612075247
0#
#4612175247
1#
#4612180656
0"
#4612275247
0#
#4612299468
1"
#4612375247
1#
#4612418281
0"
#4612475247
0#
#4612537093
1"
#4612575247
1#
#4612655906
0"
#4612675247
0#
#4612774718
1"
#4612775247
1#
#4612875247
0#
#4612893531
0"
#4612975247
1#
#4613012343
1"
#4613075247
0#
#4613131156
0"
#4613175247
1#
#4613249968
1"
#4613275247
0#
#4613368781
0"
#4613375247
1#
#4613475247
0#
#4613487593
1"
#4613575247
1#
#4613606406
0"
#4613675247
0#
#4613725218
1"
#4613775247
1#
#4613844406
0"
#4613875247
0#
#4613963593
1"
#4613975247
1#
#4614075247
0#
#4614082781
0"
#4614175247
1#
#4614201968
1"
#4614275247
0#
#4614321156
0"
#4614375247
1#
#4614440343
1"
#4614475247
0#
#4614559531
0"
#4614575247
1#
#4614675247
0#
#4614678718
1"
#4614775247
1#
#4614797906
0"
#4614875247
0#
#4614917093
1"
#4614975247
1#
#4615036281
0"
#4615075247
0#
#4615155468
1"
#4615175247
1#
#4615274656
0"
#4615275247
0#
#4615375247
1#
#4615393843
1"
#4615475247
0#
#4615513031
0"
#4615575247
1#
#4615632218
1"
#4615675247
0#
#4615751718
0"
#4615775247
1#
#4615871218
1"
#4615875247
0#
#4615975247
1#
#4615990718
0"
#4616075247
0#
#4616110218
1"
#4616175247
1#
#4616229718
0"
#4616275247
0#
#4616349218
1"
#4616375247
1#
#4616468718
0"
#4616475247
0#
#4616575247
1#
#4616588218
1"
#4616675247
0#
#4616707718
0"
#4616775247
1#
#4616827218
1"
#4616875247
0#
#4616946718
0"
#4616975247
1#
#4617066218
1"
#4617075247
0#
#4617175247
1#
#4617185718
0"
#4617275247
0#
#4617305218
1"
#4617375247
1#
#4617424718
0"
#4617475247
0#
#4617544218
1"
#4617575247
1#
#4617664031
0"
#4617675247
0#
#4617775247
1#
#4617783843
1"
#4617875247
0#
#4617903656
0"
#4617975247
1#
#4618023468
1"
#4618075247
0#
#4618143281
0"
#4618175247
1#
#4618263093
1"
#4618275247
0#
#4618375247
1#
#4618382906
0"
#4618475247
0#
#4618502718
1"
#4618575247
1#
#4618622531
0"
#4618675247
0#
#4618742343
1"
#4618775247
1#
#4618862156
0"
#4618875247
0#
#4618975247
1#
#4618981968
1"
#4619075247
0#
#4619101781
0"
#4619175247
1#
#4619221593
1"
#4619275247
0#
#4619341406
0"
#4619375247
1#
#4619461218
1"
#4619475247
0#
#4619575247
1#
#4619581343
0"
#4619675247
0#
#4619701468
1"
#4619775247
1#
#4619821593
0"
#4619875247
0#
#4619941718
1"
#4619975247
1#
#4620061843
0"
#4620075247
0#
#4620175247
1#
#4620181968
1"
#4620275247
0#
#4620302093
0"
#4620375247
1#
#4620422218
1"
#4620475247
0#
#4620542343
0"
#4620575247
1#
#4620662468
1"
#4620675247
0#
#4620775247
1#
#4620782593
0"
#4620875247
0#
#4620902718
1"
#4620975247
1#
#4621022843
0"
#4621075247
0#
#4621142968
1"
#4621175247
1#
#4621263093
0"
#4621275247
0#
#4621375247
1#
#4621383218
1"
#4621475247
0#
#4621503656
0"
#4621575247
1#
#4621624093
1"
#4621675247
0#
#4621744531
0"
#4621775247
1#
#4621864968
1"
#4621875247
0#
#4621975247
1#
#4621985406
0"
#4622075247
0#
#4622105843
1"
#4622175247
1#
#4622226281
0"
#4622275247
0#
#4622346718
1"
#4622375247
1#
#4622467156
0"
#4622475247
0#
#4622575247
1#
#4622587593
1"
#4622675247
0#
#4622708031
0"
#4622775247
1#
#4622828468
1"
#4622875247
0#
#4622948906
0"
#4622975247
1#
#4623069343
1"
#4623075247
0#
#4623175247
1#
#4623189781
0"
#4623275247
0#
#4623310218
1"
#4623375247
1#
#4623431031
0"
#4623475247
0#
#4623551843
1"
#4623575247
1#
#4623672656
0"
#4623675247
0#
#4623775247
1#
#4623793468
1"
#4623875247
0#
#4623914281
0"
#4623975247
1#
#4624035093
1"
#4624075247
0#
#4624155906
0"
#4624175247
1#
#4624275247
0#
#4624276718
1"
#4624375247
1#
#4624397531
0"
#4624475247
0#
#4624518343
1"
#4624575247
1#
#4624639156
0"
#4624675247
0#
#4624759968
1"
#4624775247
1#
#4624875247
0#
#4624880781
0"
#4624975247
1#
#4625001593
1"
#4625075247
0#
#4625122406
0"
#4625175247
1#
#4625243218
1"
#4625275247
0#
#4625364343
0"
#4625375247
1#
#4625475247
0#
#4625485468
1"
#4625575247
1#
#4625606593
0"
#4625675247
0#
#4625727718
1"
#4625775247
1#
#4625848843
0"
#4625875247
0#
#4625969968
1"
#4625975247
1#
#4626075247
0#
#4626091093
0"
#4626175247
1#
#4626212218
1"
#4626275247
0#
#4626333343
0"
#4626375247
1#
#4626454468
1"
#4626475247
0#
#4626575247
1#
#4626575593
0"
#4626675247
0#
#4626696718
1"
#4626775247
1#
#4626817843
0"
#4626875247
0#
#4626938968
1"
#4626975247
1#
#4627060093
0"
#4627075247
0#
#4627175247
1#
#4627181218
1"
#4627275247
0#
#4627302656
0"
#4627375247
1#
#4627424093
1"
#4627475247
0#
#4627545531
0"
#4627575247
1#
#4627666968
1"
#4627675247
0#
#4627775247
1#
#4627788406
0"
#4627875247
0#
#4627909843
1"
#4627975247
1#
#4628031281
0"
#4628075247
0#
#4628152718
1"
#4628175247
1#
#4628274156
0"
#4628275247
0#
#4628375247
1#
#4628395593
1"
#4628475247
0#
#4628517031
0"
#4628575247
1#
#4628638468
1"
#4628675247
0#
#4628759906
0"
#4628775247
1#
#4628875247
0#
#4628881343
1"
#4628975247
1#
#4629002781
0"
#4629075247
0#
#4629124218
1"
#4629175247
1#
#4629245968
0"
#4629275247
0#
#4629367718
1"
#4629375247
1#
#4629475247
0#
#4629489468
0"
#4629575247
1#
#4629611218
1"
#4629675247
0#
#4629732968
0"
#4629775247
1#
#4629854718
1"
#4629875247
0#
#4629975247
1#
#4629976468
0"
#4630075247
0#
#4630098218
1"
#4630175247
1#
#4630219968
0"
#4630275247
0#
#4630341718
1"
#4630375247
1#
#4630463468
0"
#4630475247
0#
#4630575247
1#
#4630585218
1"
#4630675247
0#
#4630706968
0"
#4630775247
1#
#4630828718
1"
#4630875247
0#
#4630950468
0"
#4630975247
1#
#4631072218
1"
#4631075247
0#
#4631175247
1#
#4631194343
0"
#4631275247
0#
#4631316468
1"
#4631375247
1#
#4631438593
0"
#4631475247
0#
#4631560718
1"
#4631575247
1#
#4631675247
0#
#4631682843
0"
#4631775247
1#
#4631804968
1"
#4631875247
0#
#4631927093
0"
#4631975247
1#
#4632049218
1"
#4632075247
0#
#4632171343
0"
#4632175247
1#
#4632275247
0#
#4632293468
1"
#4632375247
1#
#4632415593
0"
#4632475247
0#
#4632537718
1"
#4632575247
1#
#4632659843
0"
#4632675247
0#
#4632775247
1#
#4632781968
1"
#4632875247
0#
#4632904093
0"
#4632975247
1#
#4633026218
1"
#4633075247
0#
#4633148656
0"
#4633175247
1#
#4633271093
1"
#4633275247
0#
#4633375247
1#
#4633393531
0"
#4633475247
0#
#4633515968
1"
#4633575247
1#
#4633638406
0"
#4633675247
0#
#4633760843
1"
#4633775247
1#
#4633875247
0#
#4633883281
0"
#4633975247
1#
#4634005718
1"
#4634075247
0#
#4634128156
0"
#4634175247
1#
#4634250593
1"
#4634275247
0#
#4634373031
0"
#4634375247
1#
#4634475247
0#
#4634495468
1"
#4634575247
1#
#4634617906
0"
#4634675247
0#
#4634740343
1"
#4634775247
1#
#4634862781
0"
#4634875247
0#
#4634975247
1#
#4634985218
1"
#4635075247
0#
#4635107968
0"
#4635175247
1#
#4635230718
1"
#4635275247
0#
#4635353468
0"
#4635375247
1#
#4635475247
0#
#4635476218
1"
#4635575247
1#
#4635598968
0"
#4635675247
0#
#4635721718
1"
#4635775247
1#
#4635844468
0"
#4635875247
0#
#4635967218
1"
#4635975247
1#
#4636075247
0#
#4636089968
0"
#4636175247
1#
#4636212718
1"
#4636275247
0#
#4636335468
0"
#4636375247
1#
#4636458218
1"
#4636475247
0#
#4636575247
1#
#4636580968
0"
#4636675247
0#
#4636703718
1"
#4636775247
1#
#4636826468
0"
#4636875247
0#
#4636949218
1"
#4636975247
1#
#4637072468
0"
#4637075247
0#
#4637175247
1#
#4637195718
1"
#4637275247
0#
#4637318968
0"
#4637375247
1#
#4637442218
1"
#4637475247
0#
#4637565468
0"
#4637575247
1#
#4637675247
0#
#4637688718
1"
#4637775247
1#
#4637811968
0"
#4637875247
0#
#4637935218
1"
#4637975247
1#
#4638058468
0"
#4638075247
0#
#4638175247
1#
#4638181718
1"
#4638275247
0#
#4638304968
0"
#4638375247
1#
#4638428218
1"
#4638475247
0#
#4638551468
0"
#4638575247
1#
#4638674718
1"
#4638675247
0#
#4638775247
1#
#4638797968
0"
#4638875247
0#
#4638921218
1"
#4638975247
1#
#4639044781
0"
#4639075247
0#
#4639168343
1"
#4639175247
1#
#4639275247
0#
#4639291906
0"
#4639375247
1#
#4639415468
1"
#4639475247
0#
#4639539031
0"
#4639575247
1#
#4639662593
1"
#4639675247
0#
#4639775247
1#
#4639786156
0"
#4639875247
0#
#4639909718
1"
#4639975247
1#
#4640033281
0"
#4640075247
0#
#4640156843
1"
#4640175247
1#
#4640275247
0#
#4640280406
0"
#4640375247
1#
#4640403968
1"
#4640475247
0#
#4640527531
0"
#4640575247
1#
#4640651093
1"
#4640675247
0#
#4640774656
0"
#4640775247
1#
#4640875247
0#
#4640898218
1"
#4640975247
1#
#4641022156
0"
#4641075247
0#
#4641146093
1"
#4641175247
1#
#4641270031
0"
#4641275247
0#
#4641375247
1#
#4641393968
1"
#4641475247
0#
#4641517906
0"
#4641575247
1#
#4641641843
1"
#4641675247
0#
#4641765781
0"
#4641775247
1#
#4641875247
0#
#4641889718
1"
#4641975247
1#
#4642013656
0"
#4642075247
0#
#4642137593
1"
#4642175247
1#
#4642261531
0"
#4642275247
0#
#4642375247
1#
#4642385468
1"
#4642475247
0#
#4642509406
0"
#4642575247
1#
#4642633343
1"
#4642675247
0#
#4642757281
0"
#4642775247
1#
#4642875247
0#
#4642881218
1"
#4642975247
1#
#4643005468
0"
#4643075247
0#
#4643129718
1"
#4643175247
1#
#4643253968
0"
#4643275247
0#
#4643375247
1#
#4643378218
1"
#4643475247
0#
#4643502468
0"
#4643575247
1#
#4643626718
1"
#4643675247
0#
#4643750968
0"
#4643775247
1#
#4643875218
1"
#4643875247
0#
#4643975247
1#
#4643999468
0"
#4644075247
0#
#4644123718
1"
#4644175247
1#
#4644247968
0"
#4644275247
0#
#4644372218
1"
#4644375247
1#
#4644475247
0#
#4644496468
0"
#4644575247
1#
#4644620718
1"
#4644675247
0#
#4644744968
0"
#4644775247
1#
#4644869218
1"
#4644875247
0#
#4644975247
1#
#4644993781
0"
#4645075247
0#
#4645118343
1"
#4645175247
1#
#4645242906
0"
#4645275247
0#
#4645367468
1"
#4645375247
1#
#4645475247
0#
#4645492031
0"
#4645575247
1#
#4645616593
1"
#4645675247
0#
#4645741156
0"
#4645775247
1#
#4645865718
1"
#4645875247
0#
#4645975247
1#
#4645990281
0"
#4646075247
0#
#4646114843
1"
#4646175247
1#
#4646239406
0"
#4646275247
0#
#4646363968
1"
#4646375247
1#
#4646475247
0#
#4646488531
0"
#4646575247
1#
#4646613093
1"
#4646675247
0#
#4646737656
0"
#4646775247
1#
#4646862218
1"
#4646875247
0#
#4646975247
1#
#4646987156
0"
#4647075247
0#
#4647112093
1"
#4647175247
1#
#4647237031
0"
#4647275247
0#
#4647361968
1"
#4647375247
1#
#4647475247
0#
#4647486906
0"
#4647575247
1#
#4647611843
1"
#4647675247
0#
#4647736781
0"
#4647775247
1#
#4647861718
1"
#4647875247
0#
#4647975247
1#
#4647986656
0"
#4648075247
0#
#4648111593
1"
#4648175247
1#
#4648236531
0"
#4648275247
0#
#4648361468
1"
#4648375247
1#
#4648475247
0#
#4648486406
0"
#4648575247
1#
#4648611343
1"
#4648675247
0#
#4648736281
0"
#4648775247
1#
#4648861218
1"
#4648875247
0#
#4648975247
1#
#4648986656
0"
#4649075247
0#
#4649112093
1"
#4649175247
1#
#4649237531
0"
#4649275247
0#
#4649362968
1"
#4649375247
1#
#4649475247
0#
#4649488406
0"
#4649575247
1#
#4649613843
1"
#4649675247
0#
#4649739281
0"
#4649775247
1#
#4649864718
1"
#4649875247
0#
#4649975247
1#
#4649990156
0"
#4650075247
0#
#4650115593
1"
#4650175247
1#
#4650241031
0"
#4650275247
0#
#4650366468
1"
#4650375247
1#
#4650475247
0#
#4650491906
0"
#4650575247
1#
#4650617343
1"
#4650675247
0#
#4650742781
0"
#4650775247
1#
#4650868218
1"
#4650875247
0#
#4650975247
1#
#4650994031
0"
#4651075247
0#
#4651119843
1"
#4651175247
1#
#4651245656
0"
#4651275247
0#
#4651371468
1"
#4651375247
1#
#4651475247
0#
#4651497281
0"
#4651575247
1#
#4651623093
1"
#4651675247
0#
#4651748906
0"
#4651775247
1#
#4651874718
1"
#4651875247
0#
#4651975247
1#
#4652000531
0"
#4652075247
0#
#4652126343
1"
#4652175247
1#
#4652252156
0"
#4652275247
0#
#4652375247
1#
#4652377968
1"
#4652475247
0#
#4652503781
0"
#4652575247
1#
#4652629593
1"
#4652675247
0#
#4652755718
0"
#4652775247
1#
#4652875247
0#
#4652881843
1"
#4652975247
1#
#4653007968
0"
#4653075247
0#
#4653134093
1"
#4653175247
1#
#4653260218
0"
#4653275247
0#
#4653375247
1#
#4653386343
1"
#4653475247
0#
#4653512468
0"
#4653575247
1#
#4653638593
1"
#4653675247
0#
#4653764718
0"
#4653775247
1#
#4653875247
0#
#4653890843
1"
#4653975247
1#
#4654016968
0"
#4654075247
0#
#4654143093
1"
#4654175247
1#
#4654269218
0"
#4654275247
0#
#4654375247
1#
#4654395343
1"
#4654475247
0#
#4654521593
0"
#4654575247
1#
#4654647843
1"
#4654675247
0#
#4654774093
0"
#4654775247
1#
#4654875247
0#
#4654900343
1"
#4654975247
1#
#4655026593
0"
#4655075247
0#
#4655152843
1"
#4655175247
1#
#4655275247
0#
#4655279093
0"
#4655375247
1#
#4655405343
1"
#4655475247
0#
#4655531593
0"
#4655575247
1#
#4655657843
1"
#4655675247
0#
#4655775247
1#
#4655784093
0"
#4655875247
0#
#4655910343
1"
#4655975247
1#
#4656036593
0"
#4656075247
0#
#4656162843
1"
#4656175247
1#
#4656275247
0#
#4656289468
0"
#4656375247
1#
#4656416093
1"
#4656475247
0#
#4656542718
0"
#4656575247
1#
#4656669343
1"
#4656675247
0#
#4656775247
1#
#4656795968
0"
#4656875247
0#
#4656922593
1"
#4656975247
1#
#4657049218
0"
#4657075247
0#
#4657175247
1#
#4657175843
1"
#4657275247
0#
#4657302468
0"
#4657375247
1#
#4657429093
1"
#4657475247
0#
#4657555718
0"
#4657575247
1#
#4657675247
0#
#4657682343
1"
#4657775247
1#
#4657808968
0"
#4657875247
0#
#4657935593
1"
#4657975247
1#
#4658062718
0"
#4658075247
0#
#4658175247
1#
#4658189843
1"
#4658275247
0#
#4658316968
0"
#4658375247
1#
#4658444093
1"
#4658475247
0#
#4658571218
0"
#4658575247
1#
#4658675247
0#
#4658698343
1"
#4658775247
1#
#4658825468
0"
#4658875247
0#
#4658952593
1"
#4658975247
1#
#4659075247
0#
#4659079718
0"
#4659175247
1#
#4659206843
1"
#4659275247
0#
#4659333968
0"
#4659375247
1#
#4659461093
1"
#4659475247
0#
#4659575247
1#
#4659588218
0"
#4659675247
0#
#4659715343
1"
#4659775247
1#
#4659842843
0"
#4659875247
0#
#4659970343
1"
#4659975247
1#
#4660075247
0#
#4660097843
0"
#4660175247
1#
#4660225343
1"
#4660275247
0#
#4660352843
0"
#4660375247
1#
#4660475247
0#
#4660480343
1"
#4660575247
1#
#4660607843
0"
#4660675247
0#
#4660735343
1"
#4660775247
1#
#4660862843
0"
#4660875247
0#
#4660975247
1#
#4660990343
1"
#4661075247
0#
#4661117843
0"
#4661175247
1#
#4661245343
1"
#4661275247
0#
#4661372843
0"
#4661375247
1#
#4661475247
0#
#4661500343
1"
#4661575247
1#
#4661627968
0"
#4661675247
0#
#4661755593
1"
#4661775247
1#
#4661875247
0#
#4661883218
0"
#4661975247
1#
#4662010843
1"
#4662075247
0#
#4662138468
0"
#4662175247
1#
#4662266093
1"
#4662275247
0#
#4662375247
1#
#4662393718
0"
#4662475247
0#
#4662521343
1"
#4662575247
1#
#4662648968
0"
#4662675247
0#
#4662775247
1#
#4662776593
1"
#4662875247
0#
#4662904218
0"
#4662975247
1#
#4663031843
1"
#4663075247
0#
#4663159468
0"
#4663175247
1#
#4663275247
0#
#4663287093
1"
#4663375247
1#
#4663415343
0"
#4663475247
0#
#4663543593
1"
#4663575247
1#
#4663671843
0"
#4663675247
0#
#4663775247
1#
#4663800093
1"
#4663875247
0#
#4663928343
0"
#4663975247
1#
#4664056593
1"
#4664075247
0#
#4664175247
1#
#4664184843
0"
#4664275247
0#
#4664313093
1"
#4664375247
1#
#4664441343
0"
#4664475247
0#
#4664569593
1"
#4664575247
1#
#4664675247
0#
#4664697843
0"
#4664775247
1#
#4664826093
1"
#4664875247
0#
#4664954343
0"
#4664975247
1#
#4665075247
0#
#4665082593
1"
#4665175247
1#
#4665211218
0"
#4665275247
0#
#4665339843
1"
#4665375247
1#
#4665468468
0"
#4665475247
0#
#4665575247
1#
#4665597093
1"
#4665675247
0#
#4665725718
0"
#4665775247
1#
#4665854343
1"
#4665875247
0#
#4665975247
1#
#4665982968
0"
#4666075247
0#
#4666111593
1"
#4666175247
1#
#4666240218
0"
#4666275247
0#
#4666368843
1"
#4666375247
1#
#4666475247
0#
#4666497468
0"
#4666575247
1#
#4666626093
1"
#4666675247
0#
#4666754718
0"
#4666775247
1#
#4666875247
0#
#4666883343
1"
#4666975247
1#
#4667012218
0"
#4667075247
0#
#4667141093
1"
#4667175247
1#
#4667269968
0"
#4667275247
0#
#4667375247
1#
#4667398843
1"
#4667475247
0#
#4667527718
0"
#4667575247
1#
#4667656593
1"
#4667675247
0#
#4667775247
1#
#4667785468
0"
#4667875247
0#
#4667914343
1"
#4667975247
1#
#4668043218
0"
#4668075247
0#
#4668172093
1"
#4668175247
1#
#4668275247
0#
#4668300968
0"
#4668375247
1#
#4668429843
1"
#4668475247
0#
#4668558718
0"
#4668575247
1#
#4668675247
0#
#4668687593
1"
#4668775247
1#
#4668816843
0"
#4668875247
0#
#4668946093
1"
#4668975247
1#
#4669075247
0#
#4669075343
0"
#4669175247
1#
#4669204593
1"
#4669275247
0#
#4669333843
0"
#4669375247
1#
#4669463093
1"
#4669475247
0#
#4669575247
1#
#4669592343
0"
#4669675247
0#
#4669721593
1"
#4669775247
1#
#4669850843
0"
#4669875247
0#
#4669975247
1#
#4669980093
1"
#4670075247
0#
#4670109343
0"
#4670175247
1#
#4670238593
1"
#4670275247
0#
#4670367843
0"
#4670375247
1#
#4670475247
0#
#4670497093
1"
#4670575247
1#
#4670626718
0"
#4670675247
0#
#4670756343
1"
#4670775247
1#
#4670875247
0#
#4670885968
0"
#4670975247
1#
#4671015593
1"
#4671075247
0#
#4671145218
0"
#4671175247
1#
#4671274843
1"
#4671275247
0#
#4671375247
1#
#4671404468
0"
#4671475247
0#
#4671534093
1"
#4671575247
1#
#4671663718
0"
#4671675247
0#
#4671775247
1#
#4671793343
1"
#4671875247
0#
#4671922968
0"
#4671975247
1#
#4672052593
1"
#4672075247
0#
#4672175247
1#
#4672182218
0"
#4672275247
0#
#4672311843
1"
#4672375247
1#
#4672441843
0"
#4672475247
0#
#4672571843
1"
#4672575247
1#
#4672675247
0#
#4672701843
0"
#4672775247
1#
#4672831843
1"
#4672875247
0#
#4672961843
0"
#4672975247
1#
#4673075247
0#
#4673091843
1"
#4673175247
1#
#4673221843
0"
#4673275247
0#
#4673351843
1"
#4673375247
1#
#4673475247
0#
#4673481843
0"
#4673575247
1#
#4673611843
1"
#4673675247
0#
#4673741843
0"
#4673775247
1#
#4673871843
1"
#4673875247
0#
#4673975247
1#
#4674001843
0"
#4674075247
0#
#4674131843
1"
#4674175247
1#
#4674262218
0"
#4674275247
0#
#4674375247
1#
#4674392593
1"
#4674475247
0#
#4674522968
0"
#4674575247
1#
#4674653343
1"
#4674675247
0#
#4674775247
1#
#4674783718
0"
#4674875247
0#
#4674914093
1"
#4674975247
1#
#4675044468
0"
#4675075247
0#
#4675174843
1"
#4675175247
1#
#4675275247
0#
#4675305218
0"
#4675375247
1#
#4675435593
1"
#4675475247
0#
#4675565968
0"
#4675575247
1#
#4675675247
0#
#4675696343
1"
#4675775247
1#
#4675826718
0"
#4675875247
0#
#4675957093
1"
#4675975247
1#
#4676075247
0#
#4676087718
0"
#4676175247
1#
#4676218343
1"
#4676275247
0#
#4676348968
0"
#4676375247
1#
#4676475247
0#
#4676479593
1"
#4676575247
1#
#4676610218
0"
#4676675247
0#
#4676740843
1"
#4676775247
1#
#4676871468
0"
#4676875247
0#
#4676975247
1#
#4677002093
1"
#4677075247
0#
#4677132718
0"
#4677175247
1#
#4677263343
1"
#4677275247
0#
#4677375247
1#
#4677393968
0"
#4677475247
0#
#4677524593
1"
#4677575247
1#
#4677655218
0"
#4677675247
0#
#4677775247
1#
#4677785843
1"
#4677875247
0#
#4677916843
0"
#4677975247
1#
#4678047843
1"
#4678075247
0#
#4678175247
1#
#4678178843
0"
#4678275247
0#
#4678309843
1"
#4678375247
1#
#4678440843
0"
#4678475247
0#
#4678571843
1"
#4678575247
1#
#4678675247
0#
#4678702843
0"
#4678775247
1#
#4678833843
1"
#4678875247
0#
#4678964843
0"
#4678975247
1#
#4679075247
0#
#4679095843
1"
#4679175247
1#
#4679226843
0"
#4679275247
0#
#4679357843
1"
#4679375247
1#
#4679475247
0#
#4679488843
0"
#4679575247
1#
#4679619843
1"
#4679675247
0#
#4679751218
0"
#4679775247
1#
#4679875247
0#
#4679882593
1"
#4679975247
1#
#4680013968
0"
#4680075247
0#
#4680145343
1"
#4680175247
1#
#4680275247
0#
#4680276718
0"
#4680375247
1#
#4680408093
1"
#4680475247
0#
#4680539468
0"
#4680575247
1#
#4680670843
1"
#4680675247
0#
#4680775247
1#
#4680802218
0"
#4680875247
0#
#4680933593
1"
#4680975247
1#
#4681064968
0"
#4681075247
0#
#4681175247
1#
#4681196343
1"
#4681275247
0#
#4681327718
0"
#4681375247
1#
#4681459093
1"
#4681475247
0#
#4681575247
1#
#4681590968
0"
#4681675247
0#
#4681722843
1"
#4681775247
1#
#4681854718
0"
#4681875247
0#
#4681975247
1#
#4681986593
1"
#4682075247
0#
#4682118468
0"
#4682175247
1#
#4682250343
1"
#4682275247
0#
#4682375247
1#
#4682382218
0"
#4682475247
0#
#4682514093
1"
#4682575247
1#
#4682645968
0"
#4682675247
0#
#4682775247
1#
#4682777843
1"
#4682875247
0#
#4682909718
0"
#4682975247
1#
#4683041593
1"
#4683075247
0#
#4683173468
0"
#4683175247
1#
#4683275247
0#
#4683305343
1"
#4683375247
1#
#4683437593
0"
#4683475247
0#
#4683569843
1"
#4683575247
1#
#4683675247
0#
#4683702093
0"
#4683775247
1#
#4683834343
1"
#4683875247
0#
#4683966593
0"
#4683975247
1#
#4684075247
0#
#4684098843
1"
#4684175247
1#
#4684231093
0"
#4684275247
0#
#4684363343
1"
#4684375247
1#
#4684475247
0#
#4684495593
0"
#4684575247
1#
#4684627843
1"
#4684675247
0#
#4684760093
0"
#4684775247
1#
#4684875247
0#
#4684892343
1"
#4684975247
1#
#4685024593
0"
#4685075247
0#
#4685156843
1"
#4685175247
1#
#4685275247
0#
#4685289468
0"
#4685375247
1#
#4685422093
1"
#4685475247
0#
#4685554718
0"
#4685575247
1#
#4685675247
0#
#4685687343
1"
#4685775247
1#
#4685819968
0"
#4685875247
0#
#4685952593
1"
#4685975247
1#
#4686075247
0#
#4686085218
0"
#4686175247
1#
#4686217843
1"
#4686275247
0#
#4686350468
0"
#4686375247
1#
#4686475247
0#
#4686483093
1"
#4686575247
1#
#4686615718
0"
#4686675247
0#
#4686748343
1"
#4686775247
1#
#4686875247
0#
#4686880968
0"
#4686975247
1#
#4687013593
1"
#4687075247
0#
#4687146593
0"
#4687175247
1#
#4687275247
0#
#4687279593
1"
#4687375247
1#
#4687412593
0"
#4687475247
0#
#4687545593
1"
#4687575247
1#
#4687675247
0#
#4687678593
0"
#4687775247
1#
#4687811593
1"
#4687875247
0#
#4687944593
0"
#4687975247
1#
#4688075247
0#
#4688077593
1"
#4688175247
1#
#4688210593
0"
#4688275247
0#
#4688343593
1"
#4688375247
1#
#4688475247
0#
#4688476593
0"
#4688575247
1#
#4688609593
1"
#4688675247
0#
#4688742593
0"
#4688775247
1#
#4688875247
0#
#4688875593
1"
#4688975247
1#
#4689008843
0"
#4689075247
0#
#4689142093
1"
#4689175247
1#
#4689275247
0#
#4689275343
0"
#4689375247
1#
#4689408593
1"
#4689475247
0#
#4689541843
0"
#4689575247
1#
#4689675093
1"
#4689675247
0#
#4689775247
1#
#4689808343
0"
#4689875247
0#
#4689941593
1"
#4689975247
1#
#4690074843
0"
#4690075247
0#
#4690175247
1#
#4690208093
1"
#4690275247
0#
#4690341343
0"
#4690375247
1#
#4690474593
1"
#4690475247
0#
#4690575247
1#
#4690607843
0"
#4690675247
0#
#4690741093
1"
#4690775247
1#
#4690874718
0"
#4690875247
0#
#4690975247
1#
#4691008343
1"
#4691075247
0#
#4691141968
0"
#4691175247
1#
#4691275247
0#
#4691275593
1"
#4691375247
1#
#4691409218
0"
#4691475247
0#
#4691542843
1"
#4691575247
1#
#4691675247
0#
#4691676468
0"
#4691775247
1#
#4691810093
1"
#4691875247
0#
#4691943718
0"
#4691975247
1#
#4692075247
0#
#4692077343
1"
#4692175247
1#
#4692210968
0"
#4692275247
0#
#4692344593
1"
#4692375247
1#
#4692475247
0#
#4692478218
0"
#4692575247
1#
#4692611843
1"
#4692675247
0#
#4692746093
0"
#4692775247
1#
#4692875247
0#
#4692880343
1"
#4692975247
1#
#4693014593
0"
#4693075247
0#
#4693148843
1"
#4693175247
1#
#4693275247
0#
#4693283093
0"
#4693375247
1#
#4693417343
1"
#4693475247
0#
#4693551593
0"
#4693575247
1#
#4693675247
0#
#4693685843
1"
#4693775247
1#
#4693820093
0"
#4693875247
0#
#4693954343
1"
#4693975247
1#
#4694075247
0#
#4694088593
0"
#4694175247
1#
#4694222843
1"
#4694275247
0#
#4694357093
0"
#4694375247
1#
#4694475247
0#
#4694491343
1"
#4694575247
1#
#4694625968
0"
#4694675247
0#
#4694760593
1"
#4694775247
1#
#4694875247
0#
#4694895218
0"
#4694975247
1#
#4695029843
1"
#4695075247
0#
#4695164468
0"
#4695175247
1#
#4695275247
0#
#4695299093
1"
#4695375247
1#
#4695433718
0"
#4695475247
0#
#4695568343
1"
#4695575247
1#
#4695675247
0#
#4695702968
0"
#4695775247
1#
#4695837593
1"
#4695875247
0#
#4695972218
0"
#4695975247
1#
#4696075247
0#
#4696106843
1"
#4696175247
1#
#4696241468
0"
#4696275247
0#
#4696375247
1#
#4696376093
1"
#4696475247
0#
#4696511093
0"
#4696575247
1#
#4696646093
1"
#4696675247
0#
#4696775247
1#
#4696781093
0"
#4696875247
0#
#4696916093
1"
#4696975247
1#
#4697051093
0"
#4697075247
0#
#4697175247
1#
#4697186093
1"
#4697275247
0#
#4697321093
0"
#4697375247
1#
#4697456093
1"
#4697475247
0#
#4697575247
1#
#4697591093
0"
#4697675247
0#
#4697726093
1"
#4697775247
1#
#4697861093
0"
#4697875247
0#
#4697975247
1#
#4697996093
1"
#4698075247
0#
#4698131093
0"
#4698175247
1#
#4698266093
1"
#4698275247
0#
#4698375247
1#
#4698401468
0"
#4698475247
0#
#4698536843
1"
#4698575247
1#
#4698672218
0"
#4698675247
0#
#4698775247
1#
#4698807593
1"
#4698875247
0#
#4698942968
0"
#4698975247
1#
#4699075247
0#
#4699078343
1"
#4699175247
1#
#4699213718
0"
#4699275247
0#
#4699349093
1"
#4699375247
1#
#4699475247
0#
#4699484468
0"
#4699575247
1#
#4699619843
1"
#4699675247
0#
#4699755218
0"
#4699775247
1#
#4699875247
0#
#4699890593
1"
#4699975247
1#
#4700025968
0"
#4700075247
0#
#4700161343
1"
#4700175247
1#
#4700275247
0#
#4700297218
0"
#4700375247
1#
#4700433093
1"
#4700475247
0#
#4700568968
0"
#4700575247
1#
#4700675247
0#
#4700704843
1"
#4700775247
1#
#4700840718
0"
#4700875247
0#
#4700975247
1#
#4700976593
1"
#4701075247
0#
#4701112468
0"
#4701175247
1#
#4701248343
1"
#4701275247
0#
#4701375247
1#
#4701384218
0"
#4701475247
0#
#4701520093
1"
#4701575247
1#
#4701655968
0"
#4701675247
0#
#4701775247
1#
#4701791843
1"
#4701875247
0#
#4701927718
0"
#4701975247
1#
#4702063593
1"
#4702075247
0#
#4702175247
1#
#4702199843
0"
#4702275247
0#
#4702336093
1"
#4702375247
1#
#4702472343
0"
#4702475247
0#
#4702575247
1#
#4702608593
1"
#4702675247
0#
#4702744843
0"
#4702775247
1#
#4702875247
0#
#4702881093
1"
#4702975247
1#
#4703017343
0"
#4703075247
0#
#4703153593
1"
#4703175247
1#
#4703275247
0#
#4703289843
0"
#4703375247
1#
#4703426093
1"
#4703475247
0#
#4703562343
0"
#4703575247
1#
#4703675247
0#
#4703698593
1"
#4703775247
1#
#4703834843
0"
#4703875247
0#
#4703971093
1"
#4703975247
1#
#4704075247
0#
#4704107718
0"
#4704175247
1#
#4704244343
1"
#4704275247
0#
#4704375247
1#
#4704380968
0"
#4704475247
0#
#4704517593
1"
#4704575247
1#
#4704654218
0"
#4704675247
0#
#4704775247
1#
#4704790843
1"
#4704875247
0#
#4704927468
0"
#4704975247
1#
#4705064093
1"
#4705075247
0#
#4705175247
1#
#4705200718
0"
#4705275247
0#
#4705337343
1"
#4705375247
1#
#4705473968
0"
#4705475247
0#
#4705575247
1#
#4705610593
1"
#4705675247
0#
#4705747218
0"
#4705775247
1#
#4705875247
0#
#4705883843
1"
#4705975247
1#
#4706021093
0"
#4706075247
0#
#4706158343
1"
#4706175247
1#
#4706275247
0#
#4706295593
0"
#4706375247
1#
#4706432843
1"
#4706475247
0#
#4706570093
0"
#4706575247
1#
#4706675247
0#
#4706707343
1"
#4706775247
1#
#4706844593
0"
#4706875247
0#
#4706975247
1#
#4706981843
1"
#4707075247
0#
#4707119093
0"
#4707175247
1#
#4707256343
1"
#4707275247
0#
#4707375247
1#
#4707393593
0"
#4707475247
0#
#4707530843
1"
#4707575247
1#
#4707668093
0"
#4707675247
0#
#4707775247
1#
#4707805343
1"
#4707875247
0#
#4707942968
0"
#4707975247
1#
#4708075247
0#
#4708080593
1"
#4708175247
1#
#4708218218
0"
#4708275247
0#
#4708355843
1"
#4708375247
1#
#4708475247
0#
#4708493468
0"
#4708575247
1#
#4708631093
1"
#4708675247
0#
#4708768718
0"
#4708775247
1#
#4708875247
0#
#4708906343
1"
#4708975247
1#
#4709043968
0"
#4709075247
0#
#4709175247
1#
#4709181593
1"
#4709275247
0#
#4709319218
0"
#4709375247
1#
#4709456843
1"
#4709475247
0#
#4709575247
1#
#4709594468
0"
#4709675247
0#
#4709732093
1"
#4709775247
1#
#4709870093
0"
#4709875247
0#
#4709975247
1#
#4710008093
1"
#4710075247
0#
#4710146093
0"
#4710175247
1#
#4710275247
0#
#4710284093
1"
#4710375247
1#
#4710422093
0"
#4710475247
0#
#4710560093
1"
#4710575247
1#
#4710675247
0#
#4710698093
0"
#4710775247
1#
#4710836093
1"
#4710875247
0#
#4710974093
0"
#4710975247
1#
#4711075247
0#
#4711112093
1"
#4711175247
1#
#4711250093
0"
#4711275247
0#
#4711375247
1#
#4711388093
1"
#4711475247
0#
#4711526093
0"
#4711575247
1#
#4711664093
1"
#4711675247
0#
#4711775247
1#
#4711802593
0"
#4711875247
0#
#4711941093
1"
#4711975247
1#
#4712075247
0#
#4712079593
0"
#4712175247
1#
#4712218093
1"
#4712275247
0#
#4712356593
0"
#4712375247
1#
#4712475247
0#
#4712495093
1"
#4712575247
1#
#4712633593
0"
#4712675247
0#
#4712772093
1"
#4712775247
1#
#4712875247
0#
#4712910593
0"
#4712975247
1#
#4713049093
1"
#4713075247
0#
#4713175247
1#
#4713187593
0"
#4713275247
0#
#4713326093
1"
#4713375247
1#
#4713464593
0"
#4713475247
0#
#4713575247
1#
#4713603093
1"
#4713675247
0#
#4713741968
0"
#4713775247
1#
#4713875247
0#
#4713880843
1"
#4713975247
1#
#4714019718
0"
#4714075247
0#
#4714158593
1"
#4714175247
1#
#4714275247
0#
#4714297468
0"
#4714375247
1#
#4714436343
1"
#4714475247
0#
#4714575218
0"
#4714575247
1#
#4714675247
0#
#4714714093
1"
#4714775247
1#
#4714852968
0"
#4714875247
0#
#4714975247
1#
#4714991843
1"
#4715075247
0#
#4715130718
0"
#4715175247
1#
#4715269593
1"
#4715275247
0#
#4715375247
1#
#4715408468
0"
#4715475247
0#
#4715547343
1"
#4715575247
1#
#4715675247
0#
#4715686593
0"
#4715775247
1#
#4715825843
1"
#4715875247
0#
#4715965093
0"
#4715975247
1#
#4716075247
0#
#4716104343
1"
#4716175247
1#
#4716243593
0"
#4716275247
0#
#4716375247
1#
#4716382843
1"
#4716475247
0#
#4716522093
0"
#4716575247
1#
#4716661343
1"
#4716675247
0#
#4716775247
1#
#4716800593
0"
#4716875247
0#
#4716939843
1"
#4716975247
1#
#4717075247
0#
#4717079093
0"
#4717175247
1#
#4717218343
1"
#4717275247
0#
#4717357593
0"
#4717375247
1#
#4717475247
0#
#4717496843
1"
#4717575247
1#
#4717636718
0"
#4717675247
0#
#4717775247
1#
#4717776593
1"
#4717875247
0#
#4717916468
0"
#4717975247
1#
#4718056343
1"
#4718075247
0#
#4718175247
1#
#4718196218
0"
#4718275247
0#
#4718336093
1"
#4718375247
1#
#4718475247
0#
#4718475968
0"
#4718575247
1#
#4718615843
1"
#4718675247
0#
#4718755718
0"
#4718775247
1#
#4718875247
0#
#4718895593
1"
#4718975247
1#
#4719035468
0"
#4719075247
0#
#4719175247
1#
#4719175343
1"
#4719275247
0#
#4719315218
0"
#4719375247
1#
#4719455093
1"
#4719475247
0#
#4719575247
1#
#4719595343
0"
#4719675247
0#
#4719735593
1"
#4719775247
1#
#4719875247
0#
#4719875843
0"
#4719975247
1#
#4720016093
1"
#4720075247
0#
#4720156343
0"
#4720175247
1#
#4720275247
0#
#4720296593
1"
#4720375247
1#
#4720436843
0"
#4720475247
0#
#4720575247
1#
#4720577093
1"
#4720675247
0#
#4720717343
0"
#4720775247
1#
#4720857593
1"
#4720875247
0#
#4720975247
1#
#4720997843
0"
#4721075247
0#
#4721138093
1"
#4721175247
1#
#4721275247
0#
#4721278343
0"
#4721375247
1#
#4721418593
1"
#4721475247
0#
#4721559343
0"
#4721575247
1#
#4721675247
0#
#4721700093
1"
#4721775247
1#
#4721840843
0"
#4721875247
0#
#4721975247
1#
#4721981593
1"
#4722075247
0#
#4722122343
0"
#4722175247
1#
#4722263093
1"
#4722275247
0#
#4722375247
1#
#4722403843
0"
#4722475247
0#
#4722544593
1"
#4722575247
1#
#4722675247
0#
#4722685343
0"
#4722775247
1#
#4722826093
1"
#4722875247
0#
#4722966843
0"
#4722975247
1#
#4723075247
0#
#4723107593
1"
#4723175247
1#
#4723248343
0"
#4723275247
0#
#4723375247
1#
#4723389093
1"
#4723475247
0#
#4723530218
0"
#4723575247
1#
#4723671343
1"
#4723675247
0#
#4723775247
1#
#4723812468
0"
#4723875247
0#
#4723953593
1"
#4723975247
1#
#4724075247
0#
#4724094718
0"
#4724175247
1#
#4724235843
1"
#4724275247
0#
#4724375247
1#
#4724376968
0"
#4724475247
0#
#4724518093
1"
#4724575247
1#
#4724659218
0"
#4724675247
0#
#4724775247
1#
#4724800343
1"
#4724875247
0#
#4724941468
0"
#4724975247
1#
#4725075247
0#
#4725082593
1"
#4725175247
1#
#4725223718
0"
#4725275247
0#
#4725364843
1"
#4725375247
1#
#4725475247
0#
#4725506593
0"
#4725575247
1#
#4725648343
1"
#4725675247
0#
#4725775247
1#
#4725790093
0"
#4725875247
0#
#4725931843
1"
#4725975247
1#
#4726073593
0"
#4726075247
0#
#4726175247
1#
#4726215343
1"
#4726275247
0#
#4726357093
0"
#4726375247
1#
#4726475247
0#
#4726498843
1"
#4726575247
1#
#4726640593
0"
#4726675247
0#
#4726775247
1#
#4726782343
1"
#4726875247
0#
#4726924093
0"
#4726975247
1#
#4727065843
1"
#4727075247
0#
#4727175247
1#
#4727207593
0"
#4727275247
0#
#4727349343
1"
#4727375247
1#
#4727475247
0#
#4727491468
0"
#4727575247
1#
#4727633593
1"
#4727675247
0#
#4727775247
1#
#4727775718
0"
#4727875247
0#
#4727917843
1"
#4727975247
1#
#4728059968
0"
#4728075247
0#
#4728175247
1#
#4728202093
1"
#4728275247
0#
#4728344218
0"
#4728375247
1#
#4728475247
0#
#4728486343
1"
#4728575247
1#
#4728628468
0"
#4728675247
0#
#4728770593
1"
#4728775247
1#
#4728875247
0#
#4728912718
0"
#4728975247
1#
#4729054843
1"
#4729075247
0#
#4729175247
1#
#4729196968
0"
#4729275247
0#
#4729339093
1"
#4729375247
1#
#4729475247
0#
#4729481718
0"
#4729575247
1#
#4729624343
1"
#4729675247
0#
#4729766968
0"
#4729775247
1#
#4729875247
0#
#4729909593
1"
#4729975247
1#
#4730052218
0"
#4730075247
0#
#4730175247
1#
#4730194843
1"
#4730275247
0#
#4730337468
0"
#4730375247
1#
#4730475247
0#
#4730480093
1"
#4730575247
1#
#4730622718
0"
#4730675247
0#
#4730765343
1"
#4730775247
1#
#4730875247
0#
#4730907968
0"
#4730975247
1#
#4731050593
1"
#4731075247
0#
#4731175247
1#
#4731193218
0"
#4731275247
0#
#4731335843
1"
#4731375247
1#
#4731475247
0#
#4731478843
0"
#4731575247
1#
#4731621843
1"
#4731675247
0#
#4731764843
0"
#4731775247
1#
#4731875247
0#
#4731907843
1"
#4731975247
1#
#4732050843
0"
#4732075247
0#
#4732175247
1#
#4732193843
1"
#4732275247
0#
#4732336843
0"
#4732375247
1#
#4732475247
0#
#4732479843
1"
#4732575247
1#
#4732622843
0"
#4732675247
0#
#4732765843
1"
#4732775247
1#
#4732875247
0#
#4732908843
0"
#4732975247
1#
#4733051843
1"
#4733075247
0#
#4733175247
1#
#4733194843
0"
#4733275247
0#
#4733337843
1"
#4733375247
1#
#4733475247
0#
#4733481218
0"
#4733575247
1#
#4733624593
1"
#4733675247
0#
#4733767968
0"
#4733775247
1#
#4733875247
0#
#4733911343
1"
#4733975247
1#
#4734054718
0"
#4734075247
0#
#4734175247
1#
#4734198093
1"
#4734275247
0#
#4734341468
0"
#4734375247
1#
#4734475247
0#
#4734484843
1"
#4734575247
1#
#4734628218
0"
#4734675247
0#
#4734771593
1"
#4734775247
1#
#4734875247
0#
#4734914968
0"
#4734975247
1#
#4735058343
1"
#4735075247
0#
#4735175247
1#
#4735202093
0"
#4735275247
0#
#4735345843
1"
#4735375247
1#
#4735475247
0#
#4735489593
0"
#4735575247
1#
#4735633343
1"
#4735675247
0#
#4735775247
1#
#4735777093
0"
#4735875247
0#
#4735920843
1"
#4735975247
1#
#4736064593
0"
#4736075247
0#
#4736175247
1#
#4736208343
1"
#4736275247
0#
#4736352093
0"
#4736375247
1#
#4736475247
0#
#4736495843
1"
#4736575247
1#
#4736639593
0"
#4736675247
0#
#4736775247
1#
#4736783343
1"
#4736875247
0#
#4736927843
0"
#4736975247
1#
#4737072343
1"
#4737075247
0#
#4737175247
1#
#4737216843
0"
#4737275247
0#
#4737361343
1"
#4737375247
1#
#4737475247
0#
#4737505843
0"
#4737575247
1#
#4737650343
1"
#4737675247
0#
#4737775247
1#
#4737794843
0"
#4737875247
0#
#4737939343
1"
#4737975247
1#
#4738075247
0#
#4738083843
0"
#4738175247
1#
#4738228343
1"
#4738275247
0#
#4738372843
0"
#4738375247
1#
#4738475247
0#
#4738517343
1"
#4738575247
1#
#4738662218
0"
#4738675247
0#
#4738775247
1#
#4738807093
1"
#4738875247
0#
#4738951968
0"
#4738975247
1#
#4739075247
0#
#4739096843
1"
#4739175247
1#
#4739241718
0"
#4739275247
0#
#4739375247
1#
#4739386593
1"
#4739475247
0#
#4739531468
0"
#4739575247
1#
#4739675247
0#
#4739676343
1"
#4739775247
1#
#4739821218
0"
#4739875247
0#
#4739966093
1"
#4739975247
1#
#4740075247
0#
#4740110968
0"
#4740175247
1#
#4740255843
1"
#4740275247
0#
#4740375247
1#
#4740401093
0"
#4740475247
0#
#4740546343
1"
#4740575247
1#
#4740675247
0#
#4740691593
0"
#4740775247
1#
#4740836843
1"
#4740875247
0#
#4740975247
1#
#4740982093
0"
#4741075247
0#
#4741127343
1"
#4741175247
1#
#4741272593
0"
#4741275247
0#
#4741375247
1#
#4741417843
1"
#4741475247
0#
#4741563093
0"
#4741575247
1#
#4741675247
0#
#4741708343
1"
#4741775247
1#
#4741853593
0"
#4741875247
0#
#4741975247
1#
#4741998843
1"
#4742075247
0#
#4742144468
0"
#4742175247
1#
#4742275247
0#
#4742290093
1"
#4742375247
1#
#4742435718
0"
#4742475247
0#
#4742575247
1#
#4742581343
1"
#4742675247
0#
#4742726968
0"
#4742775247
1#
#4742872593
1"
#4742875247
0#
#4742975247
1#
#4743018218
0"
#4743075247
0#
#4743163843
1"
#4743175247
1#
#4743275247
0#
#4743309468
0"
#4743375247
1#
#4743455093
1"
#4743475247
0#
#4743575247
1#
#4743600718
0"
#4743675247
0#
#4743746343
1"
#4743775247
1#
#4743875247
0#
#4743892468
0"
#4743975247
1#
#4744038593
1"
#4744075247
0#
#4744175247
1#
#4744184718
0"
#4744275247
0#
#4744330843
1"
#4744375247
1#
#4744475247
0#
#4744476968
0"
#4744575247
1#
#4744623093
1"
#4744675247
0#
#4744769218
0"
#4744775247
1#
#4744875247
0#
#4744915343
1"
#4744975247
1#
#4745061468
0"
#4745075247
0#
#4745175247
1#
#4745207593
1"
#4745275247
0#
#4745353718
0"
#4745375247
1#
#4745475247
0#
#4745499843
1"
#4745575247
1#
#4745646343
0"
#4745675247
0#
#4745775247
1#
#4745792843
1"
#4745875247
0#
#4745939343
0"
#4745975247
1#
#4746075247
0#
#4746085843
1"
#4746175247
1#
#4746232343
0"
#4746275247
0#
#4746375247
1#
#4746378843
1"
#4746475247
0#
#4746525343
0"
#4746575247
1#
#4746671843
1"
#4746675247
0#
#4746775247
1#
#4746818343
0"
#4746875247
0#
#4746964843
1"
#4746975247
1#
#4747075247
0#
#4747111343
0"
#4747175247
1#
#4747257843
1"
#4747275247
0#
#4747375247
1#
#4747404843
0"
#4747475247
0#
#4747551843
1"
#4747575247
1#
#4747675247
0#
#4747698843
0"
#4747775247
1#
#4747845843
1"
#4747875247
0#
#4747975247
1#
#4747992843
0"
#4748075247
0#
#4748139843
1"
#4748175247
1#
#4748275247
0#
#4748286843
0"
#4748375247
1#
#4748433843
1"
#4748475247
0#
#4748575247
1#
#4748580843
0"
#4748675247
0#
#4748727843
1"
#4748775247
1#
#4748874843
0"
#4748875247
0#
#4748975247
1#
#4749021843
1"
#4749075247
0#
#4749169218
0"
#4749175247
1#
#4749275247
0#
#4749316593
1"
#4749375247
1#
#4749463968
0"
#4749475247
0#
#4749575247
1#
#4749611343
1"
#4749675247
0#
#4749758718
0"
#4749775247
1#
#4749875247
0#
#4749906093
1"
#4749975247
1#
#4750053468
0"
#4750075247
0#
#4750175247
1#
#4750200843
1"
#4750275247
0#
#4750348218
0"
#4750375247
1#
#4750475247
0#
#4750495593
1"
#4750575247
1#
#4750642968
0"
#4750675247
0#
#4750775247
1#
#4750790343
1"
#4750875247
0#
#4750938343
0"
#4750975247
1#
#4751075247
0#
#4751086343
1"
#4751175247
1#
#4751234343
0"
#4751275247
0#
#4751375247
1#
#4751382343
1"
#4751475247
0#
#4751530343
0"
#4751575247
1#
#4751675247
0#
#4751678343
1"
#4751775247
1#
#4751826343
0"
#4751875247
0#
#4751974343
1"
#4751975247
1#
#4752075247
0#
#4752122343
0"
#4752175247
1#
#4752270343
1"
#4752275247
0#
#4752375247
1#
#4752418343
0"
#4752475247
0#
#4752566343
1"
#4752575247
1#
#4752675247
0#
#4752714718
0"
#4752775247
1#
#4752863093
1"
#4752875247
0#
#4752975247
1#
#4753011468
0"
#4753075247
0#
#4753159843
1"
#4753175247
1#
#4753275247
0#
#4753308218
0"
#4753375247
1#
#4753456593
1"
#4753475247
0#
#4753575247
1#
#4753604968
0"
#4753675247
0#
#4753753343
1"
#4753775247
1#
#4753875247
0#
#4753901718
0"
#4753975247
1#
#4754050093
1"
#4754075247
0#
#4754175247
1#
#4754198468
0"
#4754275247
0#
#4754346843
1"
#4754375247
1#
#4754475247
0#
#4754495593
0"
#4754575247
1#
#4754644343
1"
#4754675247
0#
#4754775247
1#
#4754793093
0"
#4754875247
0#
#4754941843
1"
#4754975247
1#
#4755075247
0#
#4755090593
0"
#4755175247
1#
#4755239343
1"
#4755275247
0#
#4755375247
1#
#4755388093
0"
#4755475247
0#
#4755536843
1"
#4755575247
1#
#4755675247
0#
#4755685593
0"
#4755775247
1#
#4755834343
1"
#4755875247
0#
#4755975247
1#
#4755983093
0"
#4756075247
0#
#4756131843
1"
#4756175247
1#
#4756275247
0#
#4756281218
0"
#4756375247
1#
#4756430593
1"
#4756475247
0#
#4756575247
1#
#4756579968
0"
#4756675247
0#
#4756729343
1"
#4756775247
1#
#4756875247
0#
#4756878718
0"
#4756975247
1#
#4757028093
1"
#4757075247
0#
#4757175247
1#
#4757177468
0"
#4757275247
0#
#4757326843
1"
#4757375247
1#
#4757475247
0#
#4757476218
0"
#4757575247
1#
#4757625593
1"
#4757675247
0#
#4757774968
0"
#4757775247
1#
#4757875247
0#
#4757924343
1"
#4757975247
1#
#4758074093
0"
#4758075247
0#
#4758175247
1#
#4758223843
1"
#4758275247
0#
#4758373593
0"
#4758375247
1#
#4758475247
0#
#4758523343
1"
#4758575247
1#
#4758673093
0"
#4758675247
0#
#4758775247
1#
#4758822843
1"
#4758875247
0#
#4758972593
0"
#4758975247
1#
#4759075247
0#
#4759122343
1"
#4759175247
1#
#4759272093
0"
#4759275247
0#
#4759375247
1#
#4759421843
1"
#4759475247
0#
#4759571593
0"
#4759575247
1#
#4759675247
0#
#4759721343
1"
#4759775247
1#
#4759871718
0"
#4759875247
0#
#4759975247
1#
#4760022093
1"
#4760075247
0#
#4760172468
0"
#4760175247
1#
#4760275247
0#
#4760322843
1"
#4760375247
1#
#4760473218
0"
#4760475247
0#
#4760575247
1#
#4760623593
1"
#4760675247
0#
#4760773968
0"
#4760775247
1#
#4760875247
0#
#4760924343
1"
#4760975247
1#
#4761074718
0"
#4761075247
0#
#4761175247
1#
#4761225093
1"
#4761275247
0#
#4761375247
1#
#4761375468
0"
#4761475247
0#
#4761525843
1"
#4761575247
1#
#4761675247
0#
#4761676718
0"
#4761775247
1#
#4761827593
1"
#4761875247
0#
#4761975247
1#
#4761978468
0"
#4762075247
0#
#4762129343
1"
#4762175247
1#
#4762275247
0#
#4762280218
0"
#4762375247
1#
#4762431093
1"
#4762475247
0#
#4762575247
1#
#4762581968
0"
#4762675247
0#
#4762732843
1"
#4762775247
1#
#4762875247
0#
#4762883718
0"
#4762975247
1#
#4763034593
1"
#4763075247
0#
#4763175247
1#
#4763185468
0"
#4763275247
0#
#4763336343
1"
#4763375247
1#
#4763475247
0#
#4763487593
0"
#4763575247
1#
#4763638843
1"
#4763675247
0#
#4763775247
1#
#4763790093
0"
#4763875247
0#
#4763941343
1"
#4763975247
1#
#4764075247
0#
#4764092593
0"
#4764175247
1#
#4764243843
1"
#4764275247
0#
#4764375247
1#
#4764395093
0"
#4764475247
0#
#4764546343
1"
#4764575247
1#
#4764675247
0#
#4764697593
0"
#4764775247
1#
#4764848843
1"
#4764875247
0#
#4764975247
1#
#4765000093
0"
#4765075247
0#
#4765151343
1"
#4765175247
1#
#4765275247
0#
#4765303093
0"
#4765375247
1#
#4765454843
1"
#4765475247
0#
#4765575247
1#
#4765606593
0"
#4765675247
0#
#4765758343
1"
#4765775247
1#
#4765875247
0#
#4765910093
0"
#4765975247
1#
#4766061843
1"
#4766075247
0#
#4766175247
1#
#4766213593
0"
#4766275247
0#
#4766365343
1"
#4766375247
1#
#4766475247
0#
#4766517093
0"
#4766575247
1#
#4766668843
1"
#4766675247
0#
#4766775247
1#
#4766820593
0"
#4766875247
0#
#4766972343
1"
#4766975247
1#
#4767075247
0#
#4767124593
0"
#4767175247
1#
#4767275247
0#
#4767276843
1"
#4767375247
1#
#4767429093
0"
#4767475247
0#
#4767575247
1#
#4767581343
1"
#4767675247
0#
#4767733593
0"
#4767775247
1#
#4767875247
0#
#4767885843
1"
#4767975247
1#
#4768038093
0"
#4768075247
0#
#4768175247
1#
#4768190343
1"
#4768275247
0#
#4768342593
0"
#4768375247
1#
#4768475247
0#
#4768494843
1"
#4768575247
1#
#4768647093
0"
#4768675247
0#
#4768775247
1#
#4768799343
1"
#4768875247
0#
#4768952218
0"
#4768975247
1#
#4769075247
0#
#4769105093
1"
#4769175247
1#
#4769257968
0"
#4769275247
0#
#4769375247
1#
#4769410843
1"
#4769475247
0#
#4769563718
0"
#4769575247
1#
#4769675247
0#
#4769716593
1"
#4769775247
1#
#4769869468
0"
#4769875247
0#
#4769975247
1#
#4770022343
1"
#4770075247
0#
#4770175218
0"
#4770175247
1#
#4770275247
0#
#4770328093
1"
#4770375247
1#
#4770475247
0#
#4770480968
0"
#4770575247
1#
#4770633843
1"
#4770675247
0#
#4770775247
1#
#4770787093
0"
#4770875247
0#
#4770940343
1"
#4770975247
1#
#4771075247
0#
#4771093593
0"
#4771175247
1#
#4771246843
1"
#4771275247
0#
#4771375247
1#
#4771400093
0"
#4771475247
0#
#4771553343
1"
#4771575247
1#
#4771675247
0#
#4771706593
0"
#4771775247
1#
#4771859843
1"
#4771875247
0#
#4771975247
1#
#4772013093
0"
#4772075247
0#
#4772166343
1"
#4772175247
1#
#4772275247
0#
#4772319593
0"
#4772375247
1#
#4772472843
1"
#4772475247
0#
#4772575247
1#
#4772626718
0"
#4772675247
0#
#4772775247
1#
#4772780593
1"
#4772875247
0#
#4772934468
0"
#4772975247
1#
#4773075247
0#
#4773088343
1"
#4773175247
1#
#4773242218
0"
#4773275247
0#
#4773375247
1#
#4773396093
1"
#4773475247
0#
#4773549968
0"
#4773575247
1#
#4773675247
0#
#4773703843
1"
#4773775247
1#
#4773857718
0"
#4773875247
0#
#4773975247
1#
#4774011593
1"
#4774075247
0#
#4774165468
0"
#4774175247
1#
#4774275247
0#
#4774319343
1"
#4774375247
1#
#4774473593
0"
#4774475247
0#
#4774575247
1#
#4774627843
1"
#4774675247
0#
#4774775247
1#
#4774782093
0"
#4774875247
0#
#4774936343
1"
#4774975247
1#
#4775075247
0#
#4775090593
0"
#4775175247
1#
#4775244843
1"
#4775275247
0#
#4775375247
1#
#4775399093
0"
#4775475247
0#
#4775553343
1"
#4775575247
1#
#4775675247
0#
#4775707593
0"
#4775775247
1#
#4775861843
1"
#4775875247
0#
#4775975247
1#
#4776016093
0"
#4776075247
0#
#4776170343
1"
#4776175247
1#
#4776275247
0#
#4776325343
0"
#4776375247
1#
#4776475247
0#
#4776480343
1"
#4776575247
1#
#4776635343
0"
#4776675247
0#
#4776775247
1#
#4776790343
1"
#4776875247
0#
#4776945343
0"
#4776975247
1#
#4777075247
0#
#4777100343
1"
#4777175247
1#
#4777255343
0"
#4777275247
0#
#4777375247
1#
#4777410343
1"
#4777475247
0#
#4777565343
0"
#4777575247
1#
#4777675247
0#
#4777720343
1"
#4777775247
1#
#4777875247
0#
#4777875343
0"
#4777975247
1#
#4778030343
1"
#4778075247
0#
#4778175247
1#
#4778185718
0"
#4778275247
0#
#4778341093
1"
#4778375247
1#
#4778475247
0#
#4778496468
0"
#4778575247
1#
#4778651843
1"
#4778675247
0#
#4778775247
1#
#4778807218
0"
#4778875247
0#
#4778962593
1"
#4778975247
1#
#4779075247
0#
#4779117968
0"
#4779175247
1#
#4779273343
1"
#4779275247
0#
#4779375247
1#
#4779428718
0"
#4779475247
0#
#4779575247
1#
#4779584093
1"
#4779675247
0#
#4779739468
0"
#4779775247
1#
#4779875247
0#
#4779894843
1"
#4779975247
1#
#4780050843
0"
#4780075247
0#
#4780175247
1#
#4780206843
1"
#4780275247
0#
#4780362843
0"
#4780375247
1#
#4780475247
0#
#4780518843
1"
#4780575247
1#
#4780674843
0"
#4780675247
0#
#4780775247
1#
#4780830843
1"
#4780875247
0#
#4780975247
1#
#4780986843
0"
#4781075247
0#
#4781142843
1"
#4781175247
1#
#4781275247
0#
#4781298843
0"
#4781375247
1#
#4781454843
1"
#4781475247
0#
#4781575247
1#
#4781610843
0"
#4781675247
0#
#4781766843
1"
#4781775247
1#
#4781875247
0#
#4781923468
0"
#4781975247
1#
#4782075247
0#
#4782080093
1"
#4782175247
1#
#4782236718
0"
#4782275247
0#
#4782375247
1#
#4782393343
1"
#4782475247
0#
#4782549968
0"
#4782575247
1#
#4782675247
0#
#4782706593
1"
#4782775247
1#
#4782863218
0"
#4782875247
0#
#4782975247
1#
#4783019843
1"
#4783075247
0#
#4783175247
1#
#4783176468
0"
#4783275247
0#
#4783333093
1"
#4783375247
1#
#4783475247
0#
#4783489718
0"
#4783575247
1#
#4783646343
1"
#4783675247
0#
#4783775247
1#
#4783803468
0"
#4783875247
0#
#4783960593
1"
#4783975247
1#
#4784075247
0#
#4784117718
0"
#4784175247
1#
#4784274843
1"
#4784275247
0#
#4784375247
1#
#4784431968
0"
#4784475247
0#
#4784575247
1#
#4784589093
1"
#4784675247
0#
#4784746218
0"
#4784775247
1#
#4784875247
0#
#4784903343
1"
#4784975247
1#
#4785060468
0"
#4785075247
0#
#4785175247
1#
#4785217593
1"
#4785275247
0#
#4785374718
0"
#4785375247
1#
#4785475247
0#
#4785531843
1"
#4785575247
1#
#4785675247
0#
#4785689468
0"
#4785775247
1#
#4785847093
1"
#4785875247
0#
#4785975247
1#
#4786004718
0"
#4786075247
0#
#4786162343
1"
#4786175247
1#
#4786275247
0#
#4786319968
0"
#4786375247
1#
#4786475247
0#
#4786477593
1"
#4786575247
1#
#4786635218
0"
#4786675247
0#
#4786775247
1#
#4786792843
1"
#4786875247
0#
#4786950468
0"
#4786975247
1#
#4787075247
0#
#4787108093
1"
#4787175247
1#
#4787265718
0"
#4787275247
0#
#4787375247
1#
#4787423343
1"
#4787475247
0#
#4787575247
1#
#4787581718
0"
#4787675247
0#
#4787740093
1"
#4787775247
1#
#4787875247
0#
#4787898468
0"
#4787975247
1#
#4788056843
1"
#4788075247
0#
#4788175247
1#
#4788215218
0"
#4788275247
0#
#4788373593
1"
#4788375247
1#
#4788475247
0#
#4788531968
0"
#4788575247
1#
#4788675247
0#
#4788690343
1"
#4788775247
1#
#4788848718
0"
#4788875247
0#
#4788975247
1#
#4789007093
1"
#4789075247
0#
#4789165468
0"
#4789175247
1#
#4789275247
0#
#4789323843
1"
#4789375247
1#
#4789475247
0#
#4789482593
0"
#4789575247
1#
#4789641343
1"
#4789675247
0#
#4789775247
1#
#4789800093
0"
#4789875247
0#
#4789958843
1"
#4789975247
1#
#4790075247
0#
#4790117593
0"
#4790175247
1#
#4790275247
0#
#4790276343
1"
#4790375247
1#
#4790435093
0"
#4790475247
0#
#4790575247
1#
#4790593843
1"
#4790675247
0#
#4790752593
0"
#4790775247
1#
#4790875247
0#
#4790911343
1"
#4790975247
1#
#4791070093
0"
#4791075247
0#
#4791175247
1#
#4791228843
1"
#4791275247
0#
#4791375247
1#
#4791388218
0"
#4791475247
0#
#4791547593
1"
#4791575247
1#
#4791675247
0#
#4791706968
0"
#4791775247
1#
#4791866343
1"
#4791875247
0#
#4791975247
1#
#4792025718
0"
#4792075247
0#
#4792175247
1#
#4792185093
1"
#4792275247
0#
#4792344468
0"
#4792375247
1#
#4792475247
0#
#4792503843
1"
#4792575247
1#
#4792663218
0"
#4792675247
0#
#4792775247
1#
#4792822593
1"
#4792875247
0#
#4792975247
1#
#4792981968
0"
#4793075247
0#
#4793141343
1"
#4793175247
1#
#4793275247
0#
#4793301468
0"
#4793375247
1#
#4793461593
1"
#4793475247
0#
#4793575247
1#
#4793621718
0"
#4793675247
0#
#4793775247
1#
#4793781843
1"
#4793875247
0#
#4793941968
0"
#4793975247
1#
#4794075247
0#
#4794102093
1"
#4794175247
1#
#4794262218
0"
#4794275247
0#
#4794375247
1#
#4794422343
1"
#4794475247
0#
#4794575247
1#
#4794582468
0"
#4794675247
0#
#4794742593
1"
#4794775247
1#
#4794875247
0#
#4794902718
0"
#4794975247
1#
#4795062843
1"
#4795075247
0#
#4795175247
1#
#4795223343
0"
#4795275247
0#
#4795375247
1#
#4795383843
1"
#4795475247
0#
#4795544343
0"
#4795575247
1#
#4795675247
0#
#4795704843
1"
#4795775247
1#
#4795865343
0"
#4795875247
0#
#4795975247
1#
#4796025843
1"
#4796075247
0#
#4796175247
1#
#4796186343
0"
#4796275247
0#
#4796346843
1"
#4796375247
1#
#4796475247
0#
#4796507343
0"
#4796575247
1#
#4796667843
1"
#4796675247
0#
#4796775247
1#
#4796828343
0"
#4796875247
0#
#4796975247
1#
#4796988843
1"
#4797075247
0#
#4797149968
0"
#4797175247
1#
#4797275247
0#
#4797311093
1"
#4797375247
1#
#4797472218
0"
#4797475247
0#
#4797575247
1#
#4797633343
1"
#4797675247
0#
#4797775247
1#
#4797794468
0"
#4797875247
0#
#4797955593
1"
#4797975247
1#
#4798075247
0#
#4798116718
0"
#4798175247
1#
#4798275247
0#
#4798277843
1"
#4798375247
1#
#4798438968
0"
#4798475247
0#
#4798575247
1#
#4798600093
1"
#4798675247
0#
#4798761218
0"
#4798775247
1#
#4798875247
0#
#4798922343
1"
#4798975247
1#
#4799075247
0#
#4799084093
0"
#4799175247
1#
#4799245843
1"
#4799275247
0#
#4799375247
1#
#4799407593
0"
#4799475247
0#
#4799569343
1"
#4799575247
1#
#4799675247
0#
#4799731093
0"
#4799775247
1#
#4799875247
0#
#4799892843
1"
#4799975247
1#
#4800054593
0"
#4800075247
0#
#4800175247
1#
#4800216343
1"
#4800275247
0#
#4800375247
1#
#4800378093
0"
#4800475247
0#
#4800539843
1"
#4800575247
1#
#4800675247
0#
#4800701593
0"
#4800775247
1#
#4800863343
1"
#4800875247
0#
#4800975247
1#
#4801025843
0"
#4801075247
0#
#4801175247
1#
#4801188343
1"
#4801275247
0#
#4801350843
0"
#4801375247
1#
#4801475247
0#
#4801513343
1"
#4801575247
1#
#4801675247
0#
#4801675843
0"
#4801775247
1#
#4801838343
1"
#4801875247
0#
#4801975247
1#
#4802000843
0"
#4802075247
0#
#4802163343
1"
#4802175247
1#
#4802275247
0#
#4802325843
0"
#4802375247
1#
#4802475247
0#
#4802488343
1"
#4802575247
1#
#4802650843
0"
#4802675247
0#
#4802775247
1#
#4802813343
1"
#4802875247
0#
#4802975247
1#
#4802976468
0"
#4803075247
0#
#4803139593
1"
#4803175247
1#
#4803275247
0#
#4803302718
0"
#4803375247
1#
#4803465843
1"
#4803475247
0#
#4803575247
1#
#4803628968
0"
#4803675247
0#
#4803775247
1#
#4803792093
1"
#4803875247
0#
#4803955218
0"
#4803975247
1#
#4804075247
0#
#4804118343
1"
#4804175247
1#
#4804275247
0#
#4804281468
0"
#4804375247
1#
#4804444593
1"
#4804475247
0#
#4804575247
1#
#4804607718
0"
#4804675247
0#
#4804770843
1"
#4804775247
1#
#4804875247
0#
#4804934468
0"
#4804975247
1#
#4805075247
0#
#4805098093
1"
#4805175247
1#
#4805261718
0"
#4805275247
0#
#4805375247
1#
#4805425343
1"
#4805475247
0#
#4805575247
1#
#4805588968
0"
#4805675247
0#
#4805752593
1"
#4805775247
1#
#4805875247
0#
#4805916218
0"
#4805975247
1#
#4806075247
0#
#4806079843
1"
#4806175247
1#
#4806243468
0"
#4806275247
0#
#4806375247
1#
#4806407093
1"
#4806475247
0#
#4806570718
0"
#4806575247
1#
#4806675247
0#
#4806734343
1"
#4806775247
1#
#4806875247
0#
#4806898593
0"
#4806975247
1#
#4807062843
1"
#4807075247
0#
#4807175247
1#
#4807227093
0"
#4807275247
0#
#4807375247
1#
#4807391343
1"
#4807475247
0#
#4807555593
0"
#4807575247
1#
#4807675247
0#
#4807719843
1"
#4807775247
1#
#4807875247
0#
#4807884093
0"
#4807975247
1#
#4808048343
1"
#4808075247
0#
#4808175247
1#
#4808212593
0"
#4808275247
0#
#4808375247
1#
#4808376843
1"
#4808475247
0#
#4808541093
0"
#4808575247
1#
#4808675247
0#
#4808705343
1"
#4808775247
1#
#4808870218
0"
#4808875247
0#
#4808975247
1#
#4809035093
1"
#4809075247
0#
#4809175247
1#
#4809199968
0"
#4809275247
0#
#4809364843
1"
#4809375247
1#
#4809475247
0#
#4809529718
0"
#4809575247
1#
#4809675247
0#
#4809694593
1"
#4809775247
1#
#4809859468
0"
#4809875247
0#
#4809975247
1#
#4810024343
1"
#4810075247
0#
#4810175247
1#
#4810189218
0"
#4810275247
0#
#4810354093
1"
#4810375247
1#
#4810475247
0#
#4810518968
0"
#4810575247
1#
#4810675247
0#
#4810683843
1"
#4810775247
1#
#4810849343
0"
#4810875247
0#
#4810975247
1#
#4811014843
1"
#4811075247
0#
#4811175247
1#
#4811180343
0"
#4811275247
0#
#4811345843
1"
#4811375247
1#
#4811475247
0#
#4811511343
0"
#4811575247
1#
#4811675247
0#
#4811676843
1"
#4811775247
1#
#4811842343
0"
#4811875247
0#
#4811975247
1#
#4812007843
1"
#4812075247
0#
#4812173343
0"
#4812175247
1#
#4812275247
0#
#4812338843
1"
#4812375247
1#
#4812475247
0#
#4812504343
0"
#4812575247
1#
#4812669843
1"
#4812675247
0#
#4812775247
1#
#4812836093
0"
#4812875247
0#
#4812975247
1#
#4813002343
1"
#4813075247
0#
#4813168593
0"
#4813175247
1#
#4813275247
0#
#4813334843
1"
#4813375247
1#
#4813475247
0#
#4813501093
0"
#4813575247
1#
#4813667343
1"
#4813675247
0#
#4813775247
1#
#4813833593
0"
#4813875247
0#
#4813975247
1#
#4813999843
1"
#4814075247
0#
#4814166093
0"
#4814175247
1#
#4814275247
0#
#4814332343
1"
#4814375247
1#
#4814475247
0#
#4814498593
0"
#4814575247
1#
#4814664843
1"
#4814675247
0#
#4814775247
1#
#4814831718
0"
#4814875247
0#
#4814975247
1#
#4814998593
1"
#4815075247
0#
#4815165468
0"
#4815175247
1#
#4815275247
0#
#4815332343
1"
#4815375247
1#
#4815475247
0#
#4815499218
0"
#4815575247
1#
#4815666093
1"
#4815675247
0#
#4815775247
1#
#4815832968
0"
#4815875247
0#
#4815975247
1#
#4815999843
1"
#4816075247
0#
#4816166718
0"
#4816175247
1#
#4816275247
0#
#4816333593
1"
#4816375247
1#
#4816475247
0#
#4816500468
0"
#4816575247
1#
#4816667343
1"
#4816675247
0#
#4816775247
1#
#4816834718
0"
#4816875247
0#
#4816975247
1#
#4817002093
1"
#4817075247
0#
#4817169468
0"
#4817175247
1#
#4817275247
0#
#4817336843
1"
#4817375247
1#
#4817475247
0#
#4817504218
0"
#4817575247
1#
#4817671593
1"
#4817675247
0#
#4817775247
1#
#4817838968
0"
#4817875247
0#
#4817975247
1#
#4818006343
1"
#4818075247
0#
#4818173718
0"
#4818175247
1#
#4818275247
0#
#4818341093
1"
#4818375247
1#
#4818475247
0#
#4818509093
0"
#4818575247
1#
#4818675247
0#
#4818677093
1"
#4818775247
1#
#4818845093
0"
#4818875247
0#
#4818975247
1#
#4819013093
1"
#4819075247
0#
#4819175247
1#
#4819181093
0"
#4819275247
0#
#4819349093
1"
#4819375247
1#
#4819475247
0#
#4819517093
0"
#4819575247
1#
#4819675247
0#
#4819685093
1"
#4819775247
1#
#4819853093
0"
#4819875247
0#
#4819975247
1#
#4820021093
1"
#4820075247
0#
#4820175247
1#
#4820189593
0"
#4820275247
0#
#4820358093
1"
#4820375247
1#
#4820475247
0#
#4820526593
0"
#4820575247
1#
#4820675247
0#
#4820695093
1"
#4820775247
1#
#4820863593
0"
#4820875247
0#
#4820975247
1#
#4821032093
1"
#4821075247
0#
#4821175247
1#
#4821200593
0"
#4821275247
0#
#4821369093
1"
#4821375247
1#
#4821475247
0#
#4821537593
0"
#4821575247
1#
#4821675247
0#
#4821706093
1"
#4821775247
1#
#4821875218
0"
#4821875247
0#
#4821975247
1#
#4822044343
1"
#4822075247
0#
#4822175247
1#
#4822213468
0"
#4822275247
0#
#4822375247
1#
#4822382593
1"
#4822475247
0#
#4822551718
0"
#4822575247
1#
#4822675247
0#
#4822720843
1"
#4822775247
1#
#4822875247
0#
#4822889968
0"
#4822975247
1#
#4823059093
1"
#4823075247
0#
#4823175247
1#
#4823228218
0"
#4823275247
0#
#4823375247
1#
#4823397343
1"
#4823475247
0#
#4823566968
0"
#4823575247
1#
#4823675247
0#
#4823736593
1"
#4823775247
1#
#4823875247
0#
#4823906218
0"
#4823975247
1#
#4824075247
0#
#4824075843
1"
#4824175247
1#
#4824245468
0"
#4824275247
0#
#4824375247
1#
#4824415093
1"
#4824475247
0#
#4824575247
1#
#4824584718
0"
#4824675247
0#
#4824754343
1"
#4824775247
1#
#4824875247
0#
#4824923968
0"
#4824975247
1#
#4825075247
0#
#4825093593
1"
#4825175247
1#
#4825263968
0"
#4825275247
0#
#4825375247
1#
#4825434343
1"
#4825475247
0#
#4825575247
1#
#4825604718
0"
#4825675247
0#
#4825775093
1"
#4825775247
1#
#4825875247
0#
#4825945468
0"
#4825975247
1#
#4826075247
0#
#4826115843
1"
#4826175247
1#
#4826275247
0#
#4826286218
0"
#4826375247
1#
#4826456593
1"
#4826475247
0#
#4826575247
1#
#4826626968
0"
#4826675247
0#
#4826775247
1#
#4826797343
1"
#4826875247
0#
#4826968343
0"
#4826975247
1#
#4827075247
0#
#4827139343
1"
#4827175247
1#
#4827275247
0#
#4827310343
0"
#4827375247
1#
#4827475247
0#
#4827481343
1"
#4827575247
1#
#4827652343
0"
#4827675247
0#
#4827775247
1#
#4827823343
1"
#4827875247
0#
#4827975247
1#
#4827994343
0"
#4828075247
0#
#4828165343
1"
#4828175247
1#
#4828275247
0#
#4828336343
0"
#4828375247
1#
#4828475247
0#
#4828507343
1"
#4828575247
1#
#4828675247
0#
#4828678843
0"
#4828775247
1#
#4828850343
1"
#4828875247
0#
#4828975247
1#
#4829021843
0"
#4829075247
0#
#4829175247
1#
#4829193343
1"
#4829275247
0#
#4829364843
0"
#4829375247
1#
#4829475247
0#
#4829536343
1"
#4829575247
1#
#4829675247
0#
#4829707843
0"
#4829775247
1#
#4829875247
0#
#4829879343
1"
#4829975247
1#
#4830050843
0"
#4830075247
0#
#4830175247
1#
#4830222343
1"
#4830275247
0#
#4830375247
1#
#4830394593
0"
#4830475247
0#
#4830566843
1"
#4830575247
1#
#4830675247
0#
#4830739093
0"
#4830775247
1#
#4830875247
0#
#4830911343
1"
#4830975247
1#
#4831075247
0#
#4831083593
0"
#4831175247
1#
#4831255843
1"
#4831275247
0#
#4831375247
1#
#4831428093
0"
#4831475247
0#
#4831575247
1#
#4831600343
1"
#4831675247
0#
#4831772593
0"
#4831775247
1#
#4831875247
0#
#4831944843
1"
#4831975247
1#
#4832075247
0#
#4832117468
0"
#4832175247
1#
#4832275247
0#
#4832290093
1"
#4832375247
1#
#4832462718
0"
#4832475247
0#
#4832575247
1#
#4832635343
1"
#4832675247
0#
#4832775247
1#
#4832807968
0"
#4832875247
0#
#4832975247
1#
#4832980593
1"
#4833075247
0#
#4833153218
0"
#4833175247
1#
#4833275247
0#
#4833325843
1"
#4833375247
1#
#4833475247
0#
#4833498468
0"
#4833575247
1#
#4833671093
1"
#4833675247
0#
#4833775247
1#
#4833844468
0"
#4833875247
0#
#4833975247
1#
#4834017843
1"
#4834075247
0#
#4834175247
1#
#4834191218
0"
#4834275247
0#
#4834364593
1"
#4834375247
1#
#4834475247
0#
#4834537968
0"
#4834575247
1#
#4834675247
0#
#4834711343
1"
#4834775247
1#
#4834875247
0#
#4834884718
0"
#4834975247
1#
#4835058093
1"
#4835075247
0#
#4835175247
1#
#4835231468
0"
#4835275247
0#
#4835375247
1#
#4835404843
1"
#4835475247
0#
#4835575247
1#
#4835578968
0"
#4835675247
0#
#4835753093
1"
#4835775247
1#
#4835875247
0#
#4835927218
0"
#4835975247
1#
#4836075247
0#
#4836101343
1"
#4836175247
1#
#4836275247
0#
#4836275468
0"
#4836375247
1#
#4836449593
1"
#4836475247
0#
#4836575247
1#
#4836623718
0"
#4836675247
0#
#4836775247
1#
#4836797843
1"
#4836875247
0#
#4836971968
0"
#4836975247
1#
#4837075247
0#
#4837146093
1"
#4837175247
1#
#4837275247
0#
#4837320593
0"
#4837375247
1#
#4837475247
0#
#4837495093
1"
#4837575247
1#
#4837669593
0"
#4837675247
0#
#4837775247
1#
#4837844093
1"
#4837875247
0#
#4837975247
1#
#4838018593
0"
#4838075247
0#
#4838175247
1#
#4838193093
1"
#4838275247
0#
#4838367593
0"
#4838375247
1#
#4838475247
0#
#4838542093
1"
#4838575247
1#
#4838675247
0#
#4838716593
0"
#4838775247
1#
#4838875247
0#
#4838891093
1"
#4838975247
1#
#4839066343
0"
#4839075247
0#
#4839175247
1#
#4839241593
1"
#4839275247
0#
#4839375247
1#
#4839416843
0"
#4839475247
0#
#4839575247
1#
#4839592093
1"
#4839675247
0#
#4839767343
0"
#4839775247
1#
#4839875247
0#
#4839942593
1"
#4839975247
1#
#4840075247
0#
#4840117843
0"
#4840175247
1#
#4840275247
0#
#4840293093
1"
#4840375247
1#
#4840468343
0"
#4840475247
0#
#4840575247
1#
#4840643593
1"
#4840675247
0#
#4840775247
1#
#4840819593
0"
#4840875247
0#
#4840975247
1#
#4840995593
1"
#4841075247
0#
#4841171593
0"
#4841175247
1#
#4841275247
0#
#4841347593
1"
#4841375247
1#
#4841475247
0#
#4841523593
0"
#4841575247
1#
#4841675247
0#
#4841699593
1"
#4841775247
1#
#4841875247
0#
#4841875593
0"
#4841975247
1#
#4842051593
1"
#4842075247
0#
#4842175247
1#
#4842227593
0"
#4842275247
0#
#4842375247
1#
#4842403593
1"
#4842475247
0#
#4842575247
1#
#4842580218
0"
#4842675247
0#
#4842756843
1"
#4842775247
1#
#4842875247
0#
#4842933468
0"
#4842975247
1#
#4843075247
0#
#4843110093
1"
#4843175247
1#
#4843275247
0#
#4843286718
0"
#4843375247
1#
#4843463343
1"
#4843475247
0#
#4843575247
1#
#4843639968
0"
#4843675247
0#
#4843775247
1#
#4843816593
1"
#4843875247
0#
#4843975247
1#
#4843993218
0"
#4844075247
0#
#4844169843
1"
#4844175247
1#
#4844275247
0#
#4844346968
0"
#4844375247
1#
#4844475247
0#
#4844524093
1"
#4844575247
1#
#4844675247
0#
#4844701218
0"
#4844775247
1#
#4844875247
0#
#4844878343
1"
#4844975247
1#
#4845055468
0"
#4845075247
0#
#4845175247
1#
#4845232593
1"
#4845275247
0#
#4845375247
1#
#4845409718
0"
#4845475247
0#
#4845575247
1#
#4845586843
1"
#4845675247
0#
#4845763968
0"
#4845775247
1#
#4845875247
0#
#4845941093
1"
#4845975247
1#
#4846075247
0#
#4846118968
0"
#4846175247
1#
#4846275247
0#
#4846296843
1"
#4846375247
1#
#4846474718
0"
#4846475247
0#
#4846575247
1#
#4846652593
1"
#4846675247
0#
#4846775247
1#
#4846830468
0"
#4846875247
0#
#4846975247
1#
#4847008343
1"
#4847075247
0#
#4847175247
1#
#4847186218
0"
#4847275247
0#
#4847364093
1"
#4847375247
1#
#4847475247
0#
#4847541968
0"
#4847575247
1#
#4847675247
0#
#4847719843
1"
#4847775247
1#
#4847875247
0#
#4847898468
0"
#4847975247
1#
#4848075247
0#
#4848077093
1"
#4848175247
1#
#4848255718
0"
#4848275247
0#
#4848375247
1#
#4848434343
1"
#4848475247
0#
#4848575247
1#
#4848612968
0"
#4848675247
0#
#4848775247
1#
#4848791593
1"
#4848875247
0#
#4848970218
0"
#4848975247
1#
#4849075247
0#
#4849148843
1"
#4849175247
1#
#4849275247
0#
#4849327468
0"
#4849375247
1#
#4849475247
0#
#4849506093
1"
#4849575247
1#
#4849675247
0#
#4849685468
0"
#4849775247
1#
#4849864843
1"
#4849875247
0#
#4849975247
1#
#4850044218
0"
#4850075247
0#
#4850175247
1#
#4850223593
1"
#4850275247
0#
#4850375247
1#
#4850402968
0"
#4850475247
0#
#4850575247
1#
#4850582343
1"
#4850675247
0#
#4850761718
0"
#4850775247
1#
#4850875247
0#
#4850941093
1"
#4850975247
1#
#4851075247
0#
#4851120468
0"
#4851175247
1#
#4851275247
0#
#4851299843
1"
#4851375247
1#
#4851475247
0#
#4851479843
0"
#4851575247
1#
#4851659843
1"
#4851675247
0#
#4851775247
1#
#4851839843
0"
#4851875247
0#
#4851975247
1#
#4852019843
1"
#4852075247
0#
#4852175247
1#
#4852199843
0"
#4852275247
0#
#4852375247
1#
#4852379843
1"
#4852475247
0#
#4852559843
0"
#4852575247
1#
#4852675247
0#
#4852739843
1"
#4852775247
1#
#4852875247
0#
#4852919843
0"
#4852975247
1#
#4853075247
0#
#4853099843
1"
#4853175247
1#
#4853275247
0#
#4853280343
0"
#4853375247
1#
#4853460843
1"
#4853475247
0#
#4853575247
1#
#4853641343
0"
#4853675247
0#
#4853775247
1#
#4853821843
1"
#4853875247
0#
#4853975247
1#
#4854002343
0"
#4854075247
0#
#4854175247
1#
#4854182843
1"
#4854275247
0#
#4854363343
0"
#4854375247
1#
#4854475247
0#
#4854543843
1"
#4854575247
1#
#4854675247
0#
#4854724343
0"
#4854775247
1#
#4854875247
0#
#4854904843
1"
#4854975247
1#
#4855075247
0#
#4855086093
0"
#4855175247
1#
#4855267343
1"
#4855275247
0#
#4855375247
1#
#4855448593
0"
#4855475247
0#
#4855575247
1#
#4855629843
1"
#4855675247
0#
#4855775247
1#
#4855811093
0"
#4855875247
0#
#4855975247
1#
#4855992343
1"
#4856075247
0#
#4856173593
0"
#4856175247
1#
#4856275247
0#
#4856354843
1"
#4856375247
1#
#4856475247
0#
#4856536093
0"
#4856575247
1#
#4856675247
0#
#4856717343
1"
#4856775247
1#
#4856875247
0#
#4856899343
0"
#4856975247
1#
#4857075247
0#
#4857081343
1"
#4857175247
1#
#4857263343
0"
#4857275247
0#
#4857375247
1#
#4857445343
1"
#4857475247
0#
#4857575247
1#
#4857627343
0"
#4857675247
0#
#4857775247
1#
#4857809343
1"
#4857875247
0#
#4857975247
1#
#4857991343
0"
#4858075247
0#
#4858173343
1"
#4858175247
1#
#4858275247
0#
#4858355343
0"
#4858375247
1#
#4858475247
0#
#4858537343
1"
#4858575247
1#
#4858675247
0#
#4858720093
0"
#4858775247
1#
#4858875247
0#
#4858902843
1"
#4858975247
1#
#4859075247
0#
#4859085593
0"
#4859175247
1#
#4859268343
1"
#4859275247
0#
#4859375247
1#
#4859451093
0"
#4859475247
0#
#4859575247
1#
#4859633843
1"
#4859675247
0#
#4859775247
1#
#4859816593
0"
#4859875247
0#
#4859975247
1#
#4859999343
1"
#4860075247
0#
#4860175247
1#
#4860182093
0"
#4860275247
0#
#4860364843
1"
#4860375247
1#
#4860475247
0#
#4860548343
0"
#4860575247
1#
#4860675247
0#
#4860731843
1"
#4860775247
1#
#4860875247
0#
#4860915343
0"
#4860975247
1#
#4861075247
0#
#4861098843
1"
#4861175247
1#
#4861275247
0#
#4861282343
0"
#4861375247
1#
#4861465843
1"
#4861475247
0#
#4861575247
1#
#4861649343
0"
#4861675247
0#
#4861775247
1#
#4861832843
1"
#4861875247
0#
#4861975247
1#
#4862016343
0"
#4862075247
0#
#4862175247
1#
#4862199843
1"
#4862275247
0#
#4862375247
1#
#4862384093
0"
#4862475247
0#
#4862568343
1"
#4862575247
1#
#4862675247
0#
#4862752593
0"
#4862775247
1#
#4862875247
0#
#4862936843
1"
#4862975247
1#
#4863075247
0#
#4863121093
0"
#4863175247
1#
#4863275247
0#
#4863305343
1"
#4863375247
1#
#4863475247
0#
#4863489593
0"
#4863575247
1#
#4863673843
1"
#4863675247
0#
#4863775247
1#
#4863858093
0"
#4863875247
0#
#4863975247
1#
#4864042343
1"
#4864075247
0#
#4864175247
1#
#4864227343
0"
#4864275247
0#
#4864375247
1#
#4864412343
1"
#4864475247
0#
#4864575247
1#
#4864597343
0"
#4864675247
0#
#4864775247
1#
#4864782343
1"
#4864875247
0#
#4864967343
0"
#4864975247
1#
#4865075247
0#
#4865152343
1"
#4865175247
1#
#4865275247
0#
#4865337343
0"
#4865375247
1#
#4865475247
0#
#4865522343
1"
#4865575247
1#
#4865675247
0#
#4865707343
0"
#4865775247
1#
#4865875247
0#
#4865892343
1"
#4865975247
1#
#4866075247
0#
#4866078093
0"
#4866175247
1#
#4866263843
1"
#4866275247
0#
#4866375247
1#
#4866449593
0"
#4866475247
0#
#4866575247
1#
#4866635343
1"
#4866675247
0#
#4866775247
1#
#4866821093
0"
#4866875247
0#
#4866975247
1#
#4867006843
1"
#4867075247
0#
#4867175247
1#
#4867192593
0"
#4867275247
0#
#4867375247
1#
#4867378343
1"
#4867475247
0#
#4867564093
0"
#4867575247
1#
#4867675247
0#
#4867749843
1"
#4867775247
1#
#4867875247
0#
#4867936343
0"
#4867975247
1#
#4868075247
0#
#4868122843
1"
#4868175247
1#
#4868275247
0#
#4868309343
0"
#4868375247
1#
#4868475247
0#
#4868495843
1"
#4868575247
1#
#4868675247
0#
#4868682343
0"
#4868775247
1#
#4868868843
1"
#4868875247
0#
#4868975247
1#
#4869055343
0"
#4869075247
0#
#4869175247
1#
#4869241843
1"
#4869275247
0#
#4869375247
1#
#4869428343
0"
#4869475247
0#
#4869575247
1#
#4869614843
1"
#4869675247
0#
#4869775247
1#
#4869802343
0"
#4869875247
0#
#4869975247
1#
#4869989843
1"
#4870075247
0#
#4870175247
1#
#4870177343
0"
#4870275247
0#
#4870364843
1"
#4870375247
1#
#4870475247
0#
#4870552343
0"
#4870575247
1#
#4870675247
0#
#4870739843
1"
#4870775247
1#
#4870875247
0#
#4870927343
0"
#4870975247
1#
#4871075247
0#
#4871114843
1"
#4871175247
1#
#4871275247
0#
#4871302343
0"
#4871375247
1#
#4871475247
0#
#4871489843
1"
#4871575247
1#
#4871675247
0#
#4871678093
0"
#4871775247
1#
#4871866343
1"
#4871875247
0#
#4871975247
1#
#4872054593
0"
#4872075247
0#
#4872175247
1#
#4872242843
1"
#4872275247
0#
#4872375247
1#
#4872431093
0"
#4872475247
0#
#4872575247
1#
#4872619343
1"
#4872675247
0#
#4872775247
1#
#4872807593
0"
#4872875247
0#
#4872975247
1#
#4872995843
1"
#4873075247
0#
#4873175247
1#
#4873184093
0"
#4873275247
0#
#4873372343
1"
#4873375247
1#
#4873475247
0#
#4873561343
0"
#4873575247
1#
#4873675247
0#
#4873750343
1"
#4873775247
1#
#4873875247
0#
#4873939343
0"
#4873975247
1#
#4874075247
0#
#4874128343
1"
#4874175247
1#
#4874275247
0#
#4874317343
0"
#4874375247
1#
#4874475247
0#
#4874506343
1"
#4874575247
1#
#4874675247
0#
#4874695343
0"
#4874775247
1#
#4874875247
0#
#4874884343
1"
#4874975247
1#
#4875073343
0"
#4875075247
0#
#4875175247
1#
#4875262343
1"
#4875275247
0#
#4875375247
1#
#4875452093
0"
#4875475247
0#
#4875575247
1#
#4875641843
1"
#4875675247
0#
#4875775247
1#
#4875831593
0"
#4875875247
0#
#4875975247
1#
#4876021343
1"
#4876075247
0#
#4876175247
1#
#4876211093
0"
#4876275247
0#
#4876375247
1#
#4876400843
1"
#4876475247
0#
#4876575247
1#
#4876590593
0"
#4876675247
0#
#4876775247
1#
#4876780343
1"
#4876875247
0#
#4876970093
0"
#4876975247
1#
#4877075247
0#
#4877159843
1"
#4877175247
1#
#4877275247
0#
#4877350468
0"
#4877375247
1#
#4877475247
0#
#4877541093
1"
#4877575247
1#
#4877675247
0#
#4877731718
0"
#4877775247
1#
#4877875247
0#
#4877922343
1"
#4877975247
1#
#4878075247
0#
#4878112968
0"
#4878175247
1#
#4878275247
0#
#4878303593
1"
#4878375247
1#
#4878475247
0#
#4878494218
0"
#4878575247
1#
#4878675247
0#
#4878684843
1"
#4878775247
1#
#4878875247
0#
#4878875468
0"
#4878975247
1#
#4879066093
1"
#4879075247
0#
#4879175247
1#
#4879257468
0"
#4879275247
0#
#4879375247
1#
#4879448843
1"
#4879475247
0#
#4879575247
1#
#4879640218
0"
#4879675247
0#
#4879775247
1#
#4879831593
1"
#4879875247
0#
#4879975247
1#
#4880022968
0"
#4880075247
0#
#4880175247
1#
#4880214343
1"
#4880275247
0#
#4880375247
1#
#4880405718
0"
#4880475247
0#
#4880575247
1#
#4880597093
1"
#4880675247
0#
#4880775247
1#
#4880788468
0"
#4880875247
0#
#4880975247
1#
#4880979843
1"
#4881075247
0#
#4881172218
0"
#4881175247
1#
#4881275247
0#
#4881364593
1"
#4881375247
1#
#4881475247
0#
#4881556968
0"
#4881575247
1#
#4881675247
0#
#4881749343
1"
#4881775247
1#
#4881875247
0#
#4881941718
0"
#4881975247
1#
#4882075247
0#
#4882134093
1"
#4882175247
1#
#4882275247
0#
#4882326468
0"
#4882375247
1#
#4882475247
0#
#4882518843
1"
#4882575247
1#
#4882675247
0#
#4882711218
0"
#4882775247
1#
#4882875247
0#
#4882903593
1"
#4882975247
1#
#4883075247
0#
#4883096718
0"
#4883175247
1#
#4883275247
0#
#4883289843
1"
#4883375247
1#
#4883475247
0#
#4883482968
0"
#4883575247
1#
#4883675247
0#
#4883676093
1"
#4883775247
1#
#4883869218
0"
#4883875247
0#
#4883975247
1#
#4884062343
1"
#4884075247
0#
#4884175247
1#
#4884255468
0"
#4884275247
0#
#4884375247
1#
#4884448593
1"
#4884475247
0#
#4884575247
1#
#4884641718
0"
#4884675247
0#
#4884775247
1#
#4884834843
1"
#4884875247
0#
#4884975247
1#
#4885028843
0"
#4885075247
0#
#4885175247
1#
#4885222843
1"
#4885275247
0#
#4885375247
1#
#4885416843
0"
#4885475247
0#
#4885575247
1#
#4885610843
1"
#4885675247
0#
#4885775247
1#
#4885804843
0"
#4885875247
0#
#4885975247
1#
#4885998843
1"
#4886075247
0#
#4886175247
1#
#4886192843
0"
#4886275247
0#
#4886375247
1#
#4886386843
1"
#4886475247
0#
#4886575247
1#
#4886580843
0"
#4886675247
0#
#4886774843
1"
#4886775247
1#
#4886875247
0#
#4886969843
0"
#4886975247
1#
#4887075247
0#
#4887164843
1"
#4887175247
1#
#4887275247
0#
#4887359843
0"
#4887375247
1#
#4887475247
0#
#4887554843
1"
#4887575247
1#
#4887675247
0#
#4887749843
0"
#4887775247
1#
#4887875247
0#
#4887944843
1"
#4887975247
1#
#4888075247
0#
#4888139843
0"
#4888175247
1#
#4888275247
0#
#4888334843
1"
#4888375247
1#
#4888475247
0#
#4888529843
0"
#4888575247
1#
#4888675247
0#
#4888724843
1"
#4888775247
1#
#4888875247
0#
#4888920593
0"
#4888975247
1#
#4889075247
0#
#4889116343
1"
#4889175247
1#
#4889275247
0#
#4889312093
0"
#4889375247
1#
#4889475247
0#
#4889507843
1"
#4889575247
1#
#4889675247
0#
#4889703593
0"
#4889775247
1#
#4889875247
0#
#4889899343
1"
#4889975247
1#
#4890075247
0#
#4890095093
0"
#4890175247
1#
#4890275247
0#
#4890290843
1"
#4890375247
1#
#4890475247
0#
#4890486593
0"
#4890575247
1#
#4890675247
0#
#4890682343
1"
#4890775247
1#
#4890875247
0#
#4890878968
0"
#4890975247
1#
#4891075247
0#
#4891075593
1"
#4891175247
1#
#4891272218
0"
#4891275247
0#
#4891375247
1#
#4891468843
1"
#4891475247
0#
#4891575247
1#
#4891665468
0"
#4891675247
0#
#4891775247
1#
#4891862093
1"
#4891875247
0#
#4891975247
1#
#4892058718
0"
#4892075247
0#
#4892175247
1#
#4892255343
1"
#4892275247
0#
#4892375247
1#
#4892451968
0"
#4892475247
0#
#4892575247
1#
#4892648593
1"
#4892675247
0#
#4892775247
1#
#4892846343
0"
#4892875247
0#
#4892975247
1#
#4893044093
1"
#4893075247
0#
#4893175247
1#
#4893241843
0"
#4893275247
0#
#4893375247
1#
#4893439593
1"
#4893475247
0#
#4893575247
1#
#4893637343
0"
#4893675247
0#
#4893775247
1#
#4893835093
1"
#4893875247
0#
#4893975247
1#
#4894032843
0"
#4894075247
0#
#4894175247
1#
#4894230593
1"
#4894275247
0#
#4894375247
1#
#4894428343
0"
#4894475247
0#
#4894575247
1#
#4894626093
1"
#4894675247
0#
#4894775247
1#
#4894824593
0"
#4894875247
0#
#4894975247
1#
#4895023093
1"
#4895075247
0#
#4895175247
1#
#4895221593
0"
#4895275247
0#
#4895375247
1#
#4895420093
1"
#4895475247
0#
#4895575247
1#
#4895618593
0"
#4895675247
0#
#4895775247
1#
#4895817093
1"
#4895875247
0#
#4895975247
1#
#4896015593
0"
#4896075247
0#
#4896175247
1#
#4896214093
1"
#4896275247
0#
#4896375247
1#
#4896412593
0"
#4896475247
0#
#4896575247
1#
#4896611093
1"
#4896675247
0#
#4896775247
1#
#4896810593
0"
#4896875247
0#
#4896975247
1#
#4897010093
1"
#4897075247
0#
#4897175247
1#
#4897209593
0"
#4897275247
0#
#4897375247
1#
#4897409093
1"
#4897475247
0#
#4897575247
1#
#4897608593
0"
#4897675247
0#
#4897775247
1#
#4897808093
1"
#4897875247
0#
#4897975247
1#
#4898007593
0"
#4898075247
0#
#4898175247
1#
#4898207093
1"
#4898275247
0#
#4898375247
1#
#4898406593
0"
#4898475247
0#
#4898575247
1#
#4898606093
1"
#4898675247
0#
#4898775247
1#
#4898806468
0"
#4898875247
0#
#4898975247
1#
#4899006843
1"
#4899075247
0#
#4899175247
1#
#4899207218
0"
#4899275247
0#
#4899375247
1#
#4899407593
1"
#4899475247
0#
#4899575247
1#
#4899607968
0"
#4899675247
0#
#4899775247
1#
#4899808343
1"
#4899875247
0#
#4899975247
1#
#4900008718
0"
#4900075247
0#
#4900175247
1#
#4900209093
1"
#4900275247
0#
#4900375247
1#
#4900409468
0"
#4900475247
0#
#4900575247
1#
#4900609843
1"
#4900675247
0#
#4900775247
1#
#4900810968
0"
#4900875247
0#
#4900975247
1#
#4901012093
1"
#4901075247
0#
#4901175247
1#
#4901213218
0"
#4901275247
0#
#4901375247
1#
#4901414343
1"
#4901475247
0#
#4901575247
1#
#4901615468
0"
#4901675247
0#
#4901775247
1#
#4901816593
1"
#4901875247
0#
#4901975247
1#
#4902017718
0"
#4902075247
0#
#4902175247
1#
#4902218843
1"
#4902275247
0#
#4902375247
1#
#4902420843
0"
#4902475247
0#
#4902575247
1#
#4902622843
1"
#4902675247
0#
#4902775247
1#
#4902824843
0"
#4902875247
0#
#4902975247
1#
#4903026843
1"
#4903075247
0#
#4903175247
1#
#4903228843
0"
#4903275247
0#
#4903375247
1#
#4903430843
1"
#4903475247
0#
#4903575247
1#
#4903632843
0"
#4903675247
0#
#4903775247
1#
#4903834843
1"
#4903875247
0#
#4903975247
1#
#4904037718
0"
#4904075247
0#
#4904175247
1#
#4904240593
1"
#4904275247
0#
#4904375247
1#
#4904443468
0"
#4904475247
0#
#4904575247
1#
#4904646343
1"
#4904675247
0#
#4904775247
1#
#4904849218
0"
#4904875247
0#
#4904975247
1#
#4905052093
1"
#4905075247
0#
#4905175247
1#
#4905254968
0"
#4905275247
0#
#4905375247
1#
#4905457843
1"
#4905475247
0#
#4905575247
1#
#4905661468
0"
#4905675247
0#
#4905775247
1#
#4905865093
1"
#4905875247
0#
#4905975247
1#
#4906068718
0"
#4906075247
0#
#4906175247
1#
#4906272343
1"
#4906275247
0#
#4906375247
1#
#4906475247
0#
#4906475968
0"
#4906575247
1#
#4906675247
0#
#4906679593
1"
#4906775247
1#
#4906875247
0#
#4906883218
0"
#4906975247
1#
#4907075247
0#
#4907086843
1"
#4907175247
1#
#4907275247
0#
#4907291343
0"
#4907375247
1#
#4907475247
0#
#4907495843
1"
#4907575247
1#
#4907675247
0#
#4907700343
0"
#4907775247
1#
#4907875247
0#
#4907904843
1"
#4907975247
1#
#4908075247
0#
#4908109343
0"
#4908175247
1#
#4908275247
0#
#4908313843
1"
#4908375247
1#
#4908475247
0#
#4908518343
0"
#4908575247
1#
#4908675247
0#
#4908722843
1"
#4908775247
1#
#4908875247
0#
#4908928218
0"
#4908975247
1#
#4909075247
0#
#4909133593
1"
#4909175247
1#
#4909275247
0#
#4909338968
0"
#4909375247
1#
#4909475247
0#
#4909544343
1"
#4909575247
1#
#4909675247
0#
#4909749718
0"
#4909775247
1#
#4909875247
0#
#4909955093
1"
#4909975247
1#
#4910075247
0#
#4910160468
0"
#4910175247
1#
#4910275247
0#
#4910365843
1"
#4910375247
1#
#4910475247
0#
#4910571968
0"
#4910575247
1#
#4910675247
0#
#4910775247
1#
#4910778093
1"
#4910875247
0#
#4910975247
1#
#4910984218
0"
#4911075247
0#
#4911175247
1#
#4911190343
1"
#4911275247
0#
#4911375247
1#
#4911396468
0"
#4911475247
0#
#4911575247
1#
#4911602593
1"
#4911675247
0#
#4911775247
1#
#4911808718
0"
#4911875247
0#
#4911975247
1#
#4912014843
1"
#4912075247
0#
#4912175247
1#
#4912221843
0"
#4912275247
0#
#4912375247
1#
#4912428843
1"
#4912475247
0#
#4912575247
1#
#4912635843
0"
#4912675247
0#
#4912775247
1#
#4912842843
1"
#4912875247
0#
#4912975247
1#
#4913049843
0"
#4913075247
0#
#4913175247
1#
#4913256843
1"
#4913275247
0#
#4913375247
1#
#4913463843
0"
#4913475247
0#
#4913575247
1#
#4913670843
1"
#4913675247
0#
#4913775247
1#
#4913875247
0#
#4913878718
0"
#4913975247
1#
#4914075247
0#
#4914086593
1"
#4914175247
1#
#4914275247
0#
#4914294468
0"
#4914375247
1#
#4914475247
0#
#4914502343
1"
#4914575247
1#
#4914675247
0#
#4914710218
0"
#4914775247
1#
#4914875247
0#
#4914918093
1"
#4914975247
1#
#4915075247
0#
#4915125968
0"
#4915175247
1#
#4915275247
0#
#4915333843
1"
#4915375247
1#
#4915475247
0#
#4915542593
0"
#4915575247
1#
#4915675247
0#
#4915751343
1"
#4915775247
1#
#4915875247
0#
#4915960093
0"
#4915975247
1#
#4916075247
0#
#4916168843
1"
#4916175247
1#
#4916275247
0#
#4916375247
1#
#4916377593
0"
#4916475247
0#
#4916575247
1#
#4916586343
1"
#4916675247
0#
#4916775247
1#
#4916795093
0"
#4916875247
0#
#4916975247
1#
#4917003843
1"
#4917075247
0#
#4917175247
1#
#4917213343
0"
#4917275247
0#
#4917375247
1#
#4917422843
1"
#4917475247
0#
#4917575247
1#
#4917632343
0"
#4917675247
0#
#4917775247
1#
#4917841843
1"
#4917875247
0#
#4917975247
1#
#4918051343
0"
#4918075247
0#
#4918175247
1#
#4918260843
1"
#4918275247
0#
#4918375247
1#
#4918470343
0"
#4918475247
0#
#4918575247
1#
#4918675247
0#
#4918679843
1"
#4918775247
1#
#4918875247
0#
#4918890218
0"
#4918975247
1#
#4919075247
0#
#4919100593
1"
#4919175247
1#
#4919275247
0#
#4919310968
0"
#4919375247
1#
#4919475247
0#
#4919521343
1"
#4919575247
1#
#4919675247
0#
#4919731718
0"
#4919775247
1#
#4919875247
0#
#4919942093
1"
#4919975247
1#
#4920075247
0#
#4920152468
0"
#4920175247
1#
#4920275247
0#
#4920362843
1"
#4920375247
1#
#4920475247
0#
#4920574093
0"
#4920575247
1#
#4920675247
0#
#4920775247
1#
#4920785343
1"
#4920875247
0#
#4920975247
1#
#4920996593
0"
#4921075247
0#
#4921175247
1#
#4921207843
1"
#4921275247
0#
#4921375247
1#
#4921419093
0"
#4921475247
0#
#4921575247
1#
#4921630343
1"
#4921675247
0#
#4921775247
1#
#4921841593
0"
#4921875247
0#
#4921975247
1#
#4922052843
1"
#4922075247
0#
#4922175247
1#
#4922265218
0"
#4922275247
0#
#4922375247
1#
#4922475247
0#
#4922477593
1"
#4922575247
1#
#4922675247
0#
#4922689968
0"
#4922775247
1#
#4922875247
0#
#4922902343
1"
#4922975247
1#
#4923075247
0#
#4923114718
0"
#4923175247
1#
#4923275247
0#
#4923327093
1"
#4923375247
1#
#4923475247
0#
#4923539468
0"
#4923575247
1#
#4923675247
0#
#4923751843
1"
#4923775247
1#
#4923875247
0#
#4923965093
0"
#4923975247
1#
#4924075247
0#
#4924175247
1#
#4924178343
1"
#4924275247
0#
#4924375247
1#
#4924391593
0"
#4924475247
0#
#4924575247
1#
#4924604843
1"
#4924675247
0#
#4924775247
1#
#4924818093
0"
#4924875247
0#
#4924975247
1#
#4925031343
1"
#4925075247
0#
#4925175247
1#
#4925244593
0"
#4925275247
0#
#4925375247
1#
#4925457843
1"
#4925475247
0#
#4925575247
1#
#4925671968
0"
#4925675247
0#
#4925775247
1#
#4925875247
0#
#4925886093
1"
#4925975247
1#
#4926075247
0#
#4926100218
0"
#4926175247
1#
#4926275247
0#
#4926314343
1"
#4926375247
1#
#4926475247
0#
#4926528468
0"
#4926575247
1#
#4926675247
0#
#4926742593
1"
#4926775247
1#
#4926875247
0#
#4926956718
0"
#4926975247
1#
#4927075247
0#
#4927170843
1"
#4927175247
1#
#4927275247
0#
#4927375247
1#
#4927385843
0"
#4927475247
0#
#4927575247
1#
#4927600843
1"
#4927675247
0#
#4927775247
1#
#4927815843
0"
#4927875247
0#
#4927975247
1#
#4928030843
1"
#4928075247
0#
#4928175247
1#
#4928245843
0"
#4928275247
0#
#4928375247
1#
#4928460843
1"
#4928475247
0#
#4928575247
1#
#4928675247
0#
#4928675843
0"
#4928775247
1#
#4928875247
0#
#4928890843
1"
#4928975247
1#
#4929075247
0#
#4929107093
0"
#4929175247
1#
#4929275247
0#
#4929323343
1"
#4929375247
1#
#4929475247
0#
#4929539593
0"
#4929575247
1#
#4929675247
0#
#4929755843
1"
#4929775247
1#
#4929875247
0#
#4929972093
0"
#4929975247
1#
#4930075247
0#
#4930175247
1#
#4930188343
1"
#4930275247
0#
#4930375247
1#
#4930404593
0"
#4930475247
0#
#4930575247
1#
#4930620843
1"
#4930675247
0#
#4930775247
1#
#4930837843
0"
#4930875247
0#
#4930975247
1#
#4931054843
1"
#4931075247
0#
#4931175247
1#
#4931271843
0"
#4931275247
0#
#4931375247
1#
#4931475247
0#
#4931488843
1"
#4931575247
1#
#4931675247
0#
#4931705843
0"
#4931775247
1#
#4931875247
0#
#4931922843
1"
#4931975247
1#
#4932075247
0#
#4932139843
0"
#4932175247
1#
#4932275247
0#
#4932356843
1"
#4932375247
1#
#4932475247
0#
#4932574843
0"
#4932575247
1#
#4932675247
0#
#4932775247
1#
#4932792843
1"
#4932875247
0#
#4932975247
1#
#4933010843
0"
#4933075247
0#
#4933175247
1#
#4933228843
1"
#4933275247
0#
#4933375247
1#
#4933446843
0"
#4933475247
0#
#4933575247
1#
#4933664843
1"
#4933675247
0#
#4933775247
1#
#4933875247
0#
#4933882843
0"
#4933975247
1#
#4934075247
0#
#4934100843
1"
#4934175247
1#
#4934275247
0#
#4934319968
0"
#4934375247
1#
#4934475247
0#
#4934539093
1"
#4934575247
1#
#4934675247
0#
#4934758218
0"
#4934775247
1#
#4934875247
0#
#4934975247
1#
#4934977343
1"
#4935075247
0#
#4935175247
1#
#4935196468
0"
#4935275247
0#
#4935375247
1#
#4935415593
1"
#4935475247
0#
#4935575247
1#
#4935634718
0"
#4935675247
0#
#4935775247
1#
#4935853843
1"
#4935875247
0#
#4935975247
1#
#4936073843
0"
#4936075247
0#
#4936175247
1#
#4936275247
0#
#4936293843
1"
#4936375247
1#
#4936475247
0#
#4936513843
0"
#4936575247
1#
#4936675247
0#
#4936733843
1"
#4936775247
1#
#4936875247
0#
#4936953843
0"
#4936975247
1#
#4937075247
0#
#4937173843
1"
#4937175247
1#
#4937275247
0#
#4937375247
1#
#4937393843
0"
#4937475247
0#
#4937575247
1#
#4937613843
1"
#4937675247
0#
#4937775247
1#
#4937834718
0"
#4937875247
0#
#4937975247
1#
#4938055593
1"
#4938075247
0#
#4938175247
1#
#4938275247
0#
#4938276468
0"
#4938375247
1#
#4938475247
0#
#4938497343
1"
#4938575247
1#
#4938675247
0#
#4938718218
0"
#4938775247
1#
#4938875247
0#
#4938939093
1"
#4938975247
1#
#4939075247
0#
#4939159968
0"
#4939175247
1#
#4939275247
0#
#4939375247
1#
#4939380843
1"
#4939475247
0#
#4939575247
1#
#4939602968
0"
#4939675247
0#
#4939775247
1#
#4939825093
1"
#4939875247
0#
#4939975247
1#
#4940047218
0"
#4940075247
0#
#4940175247
1#
#4940269343
1"
#4940275247
0#
#4940375247
1#
#4940475247
0#
#4940491468
0"
#4940575247
1#
#4940675247
0#
#4940713593
1"
#4940775247
1#
#4940875247
0#
#4940935718
0"
#4940975247
1#
#4941075247
0#
#4941157843
1"
#4941175247
1#
#4941275247
0#
#4941375247
1#
#4941380843
0"
#4941475247
0#
#4941575247
1#
#4941603843
1"
#4941675247
0#
#4941775247
1#
#4941826843
0"
#4941875247
0#
#4941975247
1#
#4942049843
1"
#4942075247
0#
#4942175247
1#
#4942272843
0"
#4942275247
0#
#4942375247
1#
#4942475247
0#
#4942495843
1"
#4942575247
1#
#4942675247
0#
#4942718843
0"
#4942775247
1#
#4942875247
0#
#4942941843
1"
#4942975247
1#
#4943075247
0#
#4943166093
0"
#4943175247
1#
#4943275247
0#
#4943375247
1#
#4943390343
1"
#4943475247
0#
#4943575247
1#
#4943614593
0"
#4943675247
0#
#4943775247
1#
#4943838843
1"
#4943875247
0#
#4943975247
1#
#4944063093
0"
#4944075247
0#
#4944175247
1#
#4944275247
0#
#4944287343
1"
#4944375247
1#
#4944475247
0#
#4944511593
0"
#4944575247
1#
#4944675247
0#
#4944735843
1"
#4944775247
1#
#4944875247
0#
#4944961218
0"
#4944975247
1#
#4945075247
0#
#4945175247
1#
#4945186593
1"
#4945275247
0#
#4945375247
1#
#4945411968
0"
#4945475247
0#
#4945575247
1#
#4945637343
1"
#4945675247
0#
#4945775247
1#
#4945862718
0"
#4945875247
0#
#4945975247
1#
#4946075247
0#
#4946088093
1"
#4946175247
1#
#4946275247
0#
#4946313468
0"
#4946375247
1#
#4946475247
0#
#4946538843
1"
#4946575247
1#
#4946675247
0#
#4946765218
0"
#4946775247
1#
#4946875247
0#
#4946975247
1#
#4946991593
1"
#4947075247
0#
#4947175247
1#
#4947217968
0"
#4947275247
0#
#4947375247
1#
#4947444343
1"
#4947475247
0#
#4947575247
1#
#4947670718
0"
#4947675247
0#
#4947775247
1#
#4947875247
0#
#4947897093
1"
#4947975247
1#
#4948075247
0#
#4948123468
0"
#4948175247
1#
#4948275247
0#
#4948349843
1"
#4948375247
1#
#4948475247
0#
#4948575247
1#
#4948577468
0"
#4948675247
0#
#4948775247
1#
#4948805093
1"
#4948875247
0#
#4948975247
1#
#4949032718
0"
#4949075247
0#
#4949175247
1#
#4949260343
1"
#4949275247
0#
#4949375247
1#
#4949475247
0#
#4949487968
0"
#4949575247
1#
#4949675247
0#
#4949715593
1"
#4949775247
1#
#4949875247
0#
#4949943218
0"
#4949975247
1#
#4950075247
0#
#4950170843
1"
#4950175247
1#
#4950275247
0#
#4950375247
1#
#4950399343
0"
#4950475247
0#
#4950575247
1#
#4950627843
1"
#4950675247
0#
#4950775247
1#
#4950856343
0"
#4950875247
0#
#4950975247
1#
#4951075247
0#
#4951084843
1"
#4951175247
1#
#4951275247
0#
#4951313343
0"
#4951375247
1#
#4951475247
0#
#4951541843
1"
#4951575247
1#
#4951675247
0#
#4951770343
0"
#4951775247
1#
#4951875247
0#
#4951975247
1#
#4951998843
1"
#4952075247
0#
#4952175247
1#
#4952228593
0"
#4952275247
0#
#4952375247
1#
#4952458343
1"
#4952475247
0#
#4952575247
1#
#4952675247
0#
#4952688093
0"
#4952775247
1#
#4952875247
0#
#4952917843
1"
#4952975247
1#
#4953075247
0#
#4953147593
0"
#4953175247
1#
#4953275247
0#
#4953375247
1#
#4953377343
1"
#4953475247
0#
#4953575247
1#
#4953607093
0"
#4953675247
0#
#4953775247
1#
#4953836843
1"
#4953875247
0#
#4953975247
1#
#4954067843
0"
#4954075247
0#
#4954175247
1#
#4954275247
0#
#4954298843
1"
#4954375247
1#
#4954475247
0#
#4954529843
0"
#4954575247
1#
#4954675247
0#
#4954760843
1"
#4954775247
1#
#4954875247
0#
#4954975247
1#
#4954991843
0"
#4955075247
0#
#4955175247
1#
#4955222843
1"
#4955275247
0#
#4955375247
1#
#4955453843
0"
#4955475247
0#
#4955575247
1#
#4955675247
0#
#4955684843
1"
#4955775247
1#
#4955875247
0#
#4955917093
0"
#4955975247
1#
#4956075247
0#
#4956149343
1"
#4956175247
1#
#4956275247
0#
#4956375247
1#
#4956381593
0"
#4956475247
0#
#4956575247
1#
#4956613843
1"
#4956675247
0#
#4956775247
1#
#4956846093
0"
#4956875247
0#
#4956975247
1#
#4957075247
0#
#4957078343
1"
#4957175247
1#
#4957275247
0#
#4957310593
0"
#4957375247
1#
#4957475247
0#
#4957542843
1"
#4957575247
1#
#4957675247
0#
#4957775247
1#
#4957776343
0"
#4957875247
0#
#4957975247
1#
#4958009843
1"
#4958075247
0#
#4958175247
1#
#4958243343
0"
#4958275247
0#
#4958375247
1#
#4958475247
0#
#4958476843
1"
#4958575247
1#
#4958675247
0#
#4958710343
0"
#4958775247
1#
#4958875247
0#
#4958943843
1"
#4958975247
1#
#4959075247
0#
#4959175247
1#
#4959177343
0"
#4959275247
0#
#4959375247
1#
#4959410843
1"
#4959475247
0#
#4959575247
1#
#4959645343
0"
#4959675247
0#
#4959775247
1#
#4959875247
0#
#4959879843
1"
#4959975247
1#
#4960075247
0#
#4960114343
0"
#4960175247
1#
#4960275247
0#
#4960348843
1"
#4960375247
1#
#4960475247
0#
#4960575247
1#
#4960583343
0"
#4960675247
0#
#4960775247
1#
#4960817843
1"
#4960875247
0#
#4960975247
1#
#4961052343
0"
#4961075247
0#
#4961175247
1#
#4961275247
0#
#4961286843
1"
#4961375247
1#
#4961475247
0#
#4961522593
0"
#4961575247
1#
#4961675247
0#
#4961758343
1"
#4961775247
1#
#4961875247
0#
#4961975247
1#
#4961994093
0"
#4962075247
0#
#4962175247
1#
#4962229843
1"
#4962275247
0#
#4962375247
1#
#4962465593
0"
#4962475247
0#
#4962575247
1#
#4962675247
0#
#4962701343
1"
#4962775247
1#
#4962875247
0#
#4962937093
0"
#4962975247
1#
#4963075247
0#
#4963172843
1"
#4963175247
1#
#4963275247
0#
#4963375247
1#
#4963409843
0"
#4963475247
0#
#4963575247
1#
#4963646843
1"
#4963675247
0#
#4963775247
1#
#4963875247
0#
#4963883843
0"
#4963975247
1#
#4964075247
0#
#4964120843
1"
#4964175247
1#
#4964275247
0#
#4964357843
0"
#4964375247
1#
#4964475247
0#
#4964575247
1#
#4964594843
1"
#4964675247
0#
#4964775247
1#
#4964831843
0"
#4964875247
0#
#4964975247
1#
#4965068843
1"
#4965075247
0#
#4965175247
1#
#4965275247
0#
#4965307218
0"
#4965375247
1#
#4965475247
0#
#4965545593
1"
#4965575247
1#
#4965675247
0#
#4965775247
1#
#4965783968
0"
#4965875247
0#
#4965975247
1#
#4966022343
1"
#4966075247
0#
#4966175247
1#
#4966260718
0"
#4966275247
0#
#4966375247
1#
#4966475247
0#
#4966499093
1"
#4966575247
1#
#4966675247
0#
#4966737468
0"
#4966775247
1#
#4966875247
0#
#4966975247
1#
#4966975843
1"
#4967075247
0#
#4967175247
1#
#4967215468
0"
#4967275247
0#
#4967375247
1#
#4967455093
1"
#4967475247
0#
#4967575247
1#
#4967675247
0#
#4967694718
0"
#4967775247
1#
#4967875247
0#
#4967934343
1"
#4967975247
1#
#4968075247
0#
#4968173968
0"
#4968175247
1#
#4968275247
0#
#4968375247
1#
#4968413593
1"
#4968475247
0#
#4968575247
1#
#4968653218
0"
#4968675247
0#
#4968775247
1#
#4968875247
0#
#4968892843
1"
#4968975247
1#
#4969075247
0#
#4969133718
0"
#4969175247
1#
#4969275247
0#
#4969374593
1"
#4969375247
1#
#4969475247
0#
#4969575247
1#
#4969615468
0"
#4969675247
0#
#4969775247
1#
#4969856343
1"
#4969875247
0#
#4969975247
1#
#4970075247
0#
#4970097218
0"
#4970175247
1#
#4970275247
0#
#4970338093
1"
#4970375247
1#
#4970475247
0#
#4970575247
1#
#4970578968
0"
#4970675247
0#
#4970775247
1#
#4970819843
1"
#4970875247
0#
#4970975247
1#
#4971062343
0"
#4971075247
0#
#4971175247
1#
#4971275247
0#
#4971304843
1"
#4971375247
1#
#4971475247
0#
#4971547343
0"
#4971575247
1#
#4971675247
0#
#4971775247
1#
#4971789843
1"
#4971875247
0#
#4971975247
1#
#4972032343
0"
#4972075247
0#
#4972175247
1#
#4972274843
1"
#4972275247
0#
#4972375247
1#
#4972475247
0#
#4972517343
0"
#4972575247
1#
#4972675247
0#
#4972759843
1"
#4972775247
1#
#4972875247
0#
#4972975247
1#
#4973003718
0"
#4973075247
0#
#4973175247
1#
#4973247593
1"
#4973275247
0#
#4973375247
1#
#4973475247
0#
#4973491468
0"
#4973575247
1#
#4973675247
0#
#4973735343
1"
#4973775247
1#
#4973875247
0#
#4973975247
1#
#4973979218
0"
#4974075247
0#
#4974175247
1#
#4974223093
1"
#4974275247
0#
#4974375247
1#
#4974466968
0"
#4974475247
0#
#4974575247
1#
#4974675247
0#
#4974710843
1"
#4974775247
1#
#4974875247
0#
#4974955968
0"
#4974975247
1#
#4975075247
0#
#4975175247
1#
#4975201093
1"
#4975275247
0#
#4975375247
1#
#4975446218
0"
#4975475247
0#
#4975575247
1#
#4975675247
0#
#4975691343
1"
#4975775247
1#
#4975875247
0#
#4975936468
0"
#4975975247
1#
#4976075247
0#
#4976175247
1#
#4976181593
1"
#4976275247
0#
#4976375247
1#
#4976426718
0"
#4976475247
0#
#4976575247
1#
#4976671843
1"
#4976675247
0#
#4976775247
1#
#4976875247
0#
#4976918343
0"
#4976975247
1#
#4977075247
0#
#4977164843
1"
#4977175247
1#
#4977275247
0#
#4977375247
1#
#4977411343
0"
#4977475247
0#
#4977575247
1#
#4977657843
1"
#4977675247
0#
#4977775247
1#
#4977875247
0#
#4977904343
0"
#4977975247
1#
#4978075247
0#
#4978150843
1"
#4978175247
1#
#4978275247
0#
#4978375247
1#
#4978397343
0"
#4978475247
0#
#4978575247
1#
#4978643843
1"
#4978675247
0#
#4978775247
1#
#4978875247
0#
#4978892093
0"
#4978975247
1#
#4979075247
0#
#4979140343
1"
#4979175247
1#
#4979275247
0#
#4979375247
1#
#4979388593
0"
#4979475247
0#
#4979575247
1#
#4979636843
1"
#4979675247
0#
#4979775247
1#
#4979875247
0#
#4979885093
0"
#4979975247
1#
#4980075247
0#
#4980133343
1"
#4980175247
1#
#4980275247
0#
#4980375247
1#
#4980381593
0"
#4980475247
0#
#4980575247
1#
#4980629843
1"
#4980675247
0#
#4980775247
1#
#4980875247
0#
#4980879343
0"
#4980975247
1#
#4981075247
0#
#4981128843
1"
#4981175247
1#
#4981275247
0#
#4981375247
1#
#4981378343
0"
#4981475247
0#
#4981575247
1#
#4981627843
1"
#4981675247
0#
#4981775247
1#
#4981875247
0#
#4981877343
0"
#4981975247
1#
#4982075247
0#
#4982126843
1"
#4982175247
1#
#4982275247
0#
#4982375247
1#
#4982376343
0"
#4982475247
0#
#4982575247
1#
#4982625843
1"
#4982675247
0#
#4982775247
1#
#4982875247
0#
#4982876718
0"
#4982975247
1#
#4983075247
0#
#4983127593
1"
#4983175247
1#
#4983275247
0#
#4983375247
1#
#4983378468
0"
#4983475247
0#
#4983575247
1#
#4983629343
1"
#4983675247
0#
#4983775247
1#
#4983875247
0#
#4983880218
0"
#4983975247
1#
#4984075247
0#
#4984131093
1"
#4984175247
1#
#4984275247
0#
#4984375247
1#
#4984381968
0"
#4984475247
0#
#4984575247
1#
#4984632843
1"
#4984675247
0#
#4984775247
1#
#4984875247
0#
#4984885093
0"
#4984975247
1#
#4985075247
0#
#4985137343
1"
#4985175247
1#
#4985275247
0#
#4985375247
1#
#4985389593
0"
#4985475247
0#
#4985575247
1#
#4985641843
1"
#4985675247
0#
#4985775247
1#
#4985875247
0#
#4985894093
0"
#4985975247
1#
#4986075247
0#
#4986146343
1"
#4986175247
1#
#4986275247
0#
#4986375247
1#
#4986399593
0"
#4986475247
0#
#4986575247
1#
#4986652843
1"
#4986675247
0#
#4986775247
1#
#4986875247
0#
#4986906093
0"
#4986975247
1#
#4987075247
0#
#4987159343
1"
#4987175247
1#
#4987275247
0#
#4987375247
1#
#4987412593
0"
#4987475247
0#
#4987575247
1#
#4987665843
1"
#4987675247
0#
#4987775247
1#
#4987875247
0#
#4987920468
0"
#4987975247
1#
#4988075247
0#
#4988175093
1"
#4988175247
1#
#4988275247
0#
#4988375247
1#
#4988429718
0"
#4988475247
0#
#4988575247
1#
#4988675247
0#
#4988684343
1"
#4988775247
1#
#4988875247
0#
#4988938968
0"
#4988975247
1#
#4989075247
0#
#4989175247
1#
#4989193593
1"
#4989275247
0#
#4989375247
1#
#4989449218
0"
#4989475247
0#
#4989575247
1#
#4989675247
0#
#4989704843
1"
#4989775247
1#
#4989875247
0#
#4989960468
0"
#4989975247
1#
#4990075247
0#
#4990175247
1#
#4990216093
1"
#4990275247
0#
#4990375247
1#
#4990471718
0"
#4990475247
0#
#4990575247
1#
#4990675247
0#
#4990727343
1"
#4990775247
1#
#4990875247
0#
#4990975247
1#
#4990984593
0"
#4991075247
0#
#4991175247
1#
#4991241843
1"
#4991275247
0#
#4991375247
1#
#4991475247
0#
#4991499093
0"
#4991575247
1#
#4991675247
0#
#4991756343
1"
#4991775247
1#
#4991875247
0#
#4991975247
1#
#4992013593
0"
#4992075247
0#
#4992175247
1#
#4992270843
1"
#4992275247
0#
#4992375247
1#
#4992475247
0#
#4992528843
0"
#4992575247
1#
#4992675247
0#
#4992775247
1#
#4992786843
1"
#4992875247
0#
#4992975247
1#
#4993044843
0"
#4993075247
0#
#4993175247
1#
#4993275247
0#
#4993302843
1"
#4993375247
1#
#4993475247
0#
#4993560843
0"
#4993575247
1#
#4993675247
0#
#4993775247
1#
#4993818843
1"
#4993875247
0#
#4993975247
1#
#4994075247
0#
#4994078343
0"
#4994175247
1#
#4994275247
0#
#4994337843
1"
#4994375247
1#
#4994475247
0#
#4994575247
1#
#4994597343
0"
#4994675247
0#
#4994775247
1#
#4994856843
1"
#4994875247
0#
#4994975247
1#
#4995075247
0#
#4995116343
0"
#4995175247
1#
#4995275247
0#
#4995375247
1#
#4995375843
1"
#4995475247
0#
#4995575247
1#
#4995636593
0"
#4995675247
0#
#4995775247
1#
#4995875247
0#
#4995897343
1"
#4995975247
1#
#4996075247
0#
#4996158093
0"
#4996175247
1#
#4996275247
0#
#4996375247
1#
#4996418843
1"
#4996475247
0#
#4996575247
1#
#4996675247
0#
#4996679593
0"
#4996775247
1#
#4996875247
0#
#4996940343
1"
#4996975247
1#
#4997075247
0#
#4997175247
1#
#4997202343
0"
#4997275247
0#
#4997375247
1#
#4997464343
1"
#4997475247
0#
#4997575247
1#
#4997675247
0#
#4997726343
0"
#4997775247
1#
#4997875247
0#
#4997975247
1#
#4997988343
1"
#4998075247
0#
#4998175247
1#
#4998250343
0"
#4998275247
0#
#4998375247
1#
#4998475247
0#
#4998512343
1"
#4998575247
1#
#4998675247
0#
#4998775247
1#
#4998775843
0"
#4998875247
0#
#4998975247
1#
#4999039343
1"
#4999075247
0#
#4999175247
1#
#4999275247
0#
#4999302843
0"
#4999375247
1#
#4999475247
0#
#4999566343
1"
#4999575247
1#
#4999675247
0#
#4999775247
1#
#4999829843
0"
#4999875247
0#
#4999975247
1#
#5000075247
0#
#5000093343
1"
#5000175247
1#
#5000275247
0#
#5000357843
0"
#5000375247
1#
#5000475247
0#
#5000575247
1#
#5000622343
1"
#5000675247
0#
#5000775247
1#
#5000875247
0#
#5000886843
0"
#5000975247
1#
#5001075247
0#
#5001151343
1"
#5001175247
1#
#5001275247
0#
#5001375247
1#
#5001415843
0"
#5001475247
0#
#5001575247
1#
#5001675247
0#
#5001680343
1"
#5001775247
1#
#5001875247
0#
#5001946343
0"
#5001975247
1#
#5002075247
0#
#5002175247
1#
#5002212343
1"
#5002275247
0#
#5002375247
1#
#5002475247
0#
#5002478343
0"
#5002575247
1#
#5002675247
0#
#5002744343
1"
#5002775247
1#
#5002875247
0#
#5002975247
1#
#5003010343
0"
#5003075247
0#
#5003175247
1#
#5003275247
0#
#5003276343
1"
#5003375247
1#
#5003475247
0#
#5003543593
0"
#5003575247
1#
#5003675247
0#
#5003775247
1#
#5003810843
1"
#5003875247
0#
#5003975247
1#
#5004075247
0#
#5004078093
0"
#5004175247
1#
#5004275247
0#
#5004345343
1"
#5004375247
1#
#5004475247
0#
#5004575247
1#
#5004612593
0"
#5004675247
0#
#5004775247
1#
#5004875247
0#
#5004879843
1"
#5004975247
1#
#5005075247
0#
#5005148593
0"
#5005175247
1#
#5005275247
0#
#5005375247
1#
#5005417343
1"
#5005475247
0#
#5005575247
1#
#5005675247
0#
#5005686093
0"
#5005775247
1#
#5005875247
0#
#5005954843
1"
#5005975247
1#
#5006075247
0#
#5006175247
1#
#5006223593
0"
#5006275247
0#
#5006375247
1#
#5006475247
0#
#5006492343
1"
#5006575247
1#
#5006675247
0#
#5006762343
0"
#5006775247
1#
#5006875247
0#
#5006975247
1#
#5007032343
1"
#5007075247
0#
#5007175247
1#
#5007275247
0#
#5007302343
0"
#5007375247
1#
#5007475247
0#
#5007572343
1"
#5007575247
1#
#5007675247
0#
#5007775247
1#
#5007842343
0"
#5007875247
0#
#5007975247
1#
#5008075247
0#
#5008112343
1"
#5008175247
1#
#5008275247
0#
#5008375247
1#
#5008383843
0"
#5008475247
0#
#5008575247
1#
#5008655343
1"
#5008675247
0#
#5008775247
1#
#5008875247
0#
#5008926843
0"
#5008975247
1#
#5009075247
0#
#5009175247
1#
#5009198343
1"
#5009275247
0#
#5009375247
1#
#5009469843
0"
#5009475247
0#
#5009575247
1#
#5009675247
0#
#5009741343
1"
#5009775247
1#
#5009875247
0#
#5009975247
1#
#5010014343
0"
#5010075247
0#
#5010175247
1#
#5010275247
0#
#5010287343
1"
#5010375247
1#
#5010475247
0#
#5010560343
0"
#5010575247
1#
#5010675247
0#
#5010775247
1#
#5010833343
1"
#5010875247
0#
#5010975247
1#
#5011075247
0#
#5011106343
0"
#5011175247
1#
#5011275247
0#
#5011375247
1#
#5011379343
1"
#5011475247
0#
#5011575247
1#
#5011653843
0"
#5011675247
0#
#5011775247
1#
#5011875247
0#
#5011928343
1"
#5011975247
1#
#5012075247
0#
#5012175247
1#
#5012202843
0"
#5012275247
0#
#5012375247
1#
#5012475247
0#
#5012477343
1"
#5012575247
1#
#5012675247
0#
#5012751843
0"
#5012775247
1#
#5012875247
0#
#5012975247
1#
#5013026343
1"
#5013075247
0#
#5013175247
1#
#5013275247
0#
#5013302343
0"
#5013375247
1#
#5013475247
0#
#5013575247
1#
#5013578343
1"
#5013675247
0#
#5013775247
1#
#5013854343
0"
#5013875247
0#
#5013975247
1#
#5014075247
0#
#5014130343
1"
#5014175247
1#
#5014275247
0#
#5014375247
1#
#5014406343
0"
#5014475247
0#
#5014575247
1#
#5014675247
0#
#5014682343
1"
#5014775247
1#
#5014875247
0#
#5014959843
0"
#5014975247
1#
#5015075247
0#
#5015175247
1#
#5015237343
1"
#5015275247
0#
#5015375247
1#
#5015475247
0#
#5015514843
0"
#5015575247
1#
#5015675247
0#
#5015775247
1#
#5015792343
1"
#5015875247
0#
#5015975247
1#
#5016069843
0"
#5016075247
0#
#5016175247
1#
#5016275247
0#
#5016347343
1"
#5016375247
1#
#5016475247
0#
#5016575247
1#
#5016626343
0"
#5016675247
0#
#5016775247
1#
#5016875247
0#
#5016905343
1"
#5016975247
1#
#5017075247
0#
#5017175247
1#
#5017184343
0"
#5017275247
0#
#5017375247
1#
#5017463343
1"
#5017475247
0#
#5017575247
1#
#5017675247
0#
#5017742343
0"
#5017775247
1#
#5017875247
0#
#5017975247
1#
#5018021343
1"
#5018075247
0#
#5018175247
1#
#5018275247
0#
#5018302093
0"
#5018375247
1#
#5018475247
0#
#5018575247
1#
#5018582843
1"
#5018675247
0#
#5018775247
1#
#5018863593
0"
#5018875247
0#
#5018975247
1#
#5019075247
0#
#5019144343
1"
#5019175247
1#
#5019275247
0#
#5019375247
1#
#5019425093
0"
#5019475247
0#
#5019575247
1#
#5019675247
0#
#5019705843
1"
#5019775247
1#
#5019875247
0#
#5019975247
1#
#5019988093
0"
#5020075247
0#
#5020175247
1#
#5020270343
1"
#5020275247
0#
#5020375247
1#
#5020475247
0#
#5020552593
0"
#5020575247
1#
#5020675247
0#
#5020775247
1#
#5020834843
1"
#5020875247
0#
#5020975247
1#
#5021075247
0#
#5021117093
0"
#5021175247
1#
#5021275247
0#
#5021375247
1#
#5021399343
1"
#5021475247
0#
#5021575247
1#
#5021675247
0#
#5021683093
0"
#5021775247
1#
#5021875247
0#
#5021966843
1"
#5021975247
1#
#5022075247
0#
#5022175247
1#
#5022250593
0"
#5022275247
0#
#5022375247
1#
#5022475247
0#
#5022534343
1"
#5022575247
1#
#5022675247
0#
#5022775247
1#
#5022818093
0"
#5022875247
0#
#5022975247
1#
#5023075247
0#
#5023101843
1"
#5023175247
1#
#5023275247
0#
#5023375247
1#
#5023387093
0"
#5023475247
0#
#5023575247
1#
#5023672343
1"
#5023675247
0#
#5023775247
1#
#5023875247
0#
#5023957593
0"
#5023975247
1#
#5024075247
0#
#5024175247
1#
#5024242843
1"
#5024275247
0#
#5024375247
1#
#5024475247
0#
#5024528093
0"
#5024575247
1#
#5024675247
0#
#5024775247
1#
#5024813343
1"
#5024875247
0#
#5024975247
1#
#5025075247
0#
#5025100093
0"
#5025175247
1#
#5025275247
0#
#5025375247
1#
#5025386843
1"
#5025475247
0#
#5025575247
1#
#5025673593
0"
#5025675247
0#
#5025775247
1#
#5025875247
0#
#5025960343
1"
#5025975247
1#
#5026075247
0#
#5026175247
1#
#5026247093
0"
#5026275247
0#
#5026375247
1#
#5026475247
0#
#5026533843
1"
#5026575247
1#
#5026675247
0#
#5026775247
1#
#5026822843
0"
#5026875247
0#
#5026975247
1#
#5027075247
0#
#5027111843
1"
#5027175247
1#
#5027275247
0#
#5027375247
1#
#5027400843
0"
#5027475247
0#
#5027575247
1#
#5027675247
0#
#5027689843
1"
#5027775247
1#
#5027875247
0#
#5027975247
1#
#5027978843
0"
#5028075247
0#
#5028175247
1#
#5028267843
1"
#5028275247
0#
#5028375247
1#
#5028475247
0#
#5028558343
0"
#5028575247
1#
#5028675247
0#
#5028775247
1#
#5028848843
1"
#5028875247
0#
#5028975247
1#
#5029075247
0#
#5029139343
0"
#5029175247
1#
#5029275247
0#
#5029375247
1#
#5029429843
1"
#5029475247
0#
#5029575247
1#
#5029675247
0#
#5029720343
0"
#5029775247
1#
#5029875247
0#
#5029975247
1#
#5030010843
1"
#5030075247
0#
#5030175247
1#
#5030275247
0#
#5030303093
0"
#5030375247
1#
#5030475247
0#
#5030575247
1#
#5030595343
1"
#5030675247
0#
#5030775247
1#
#5030875247
0#
#5030887593
0"
#5030975247
1#
#5031075247
0#
#5031175247
1#
#5031179843
1"
#5031275247
0#
#5031375247
1#
#5031472093
0"
#5031475247
0#
#5031575247
1#
#5031675247
0#
#5031764343
1"
#5031775247
1#
#5031875247
0#
#5031975247
1#
#5032058343
0"
#5032075247
0#
#5032175247
1#
#5032275247
0#
#5032352343
1"
#5032375247
1#
#5032475247
0#
#5032575247
1#
#5032646343
0"
#5032675247
0#
#5032775247
1#
#5032875247
0#
#5032940343
1"
#5032975247
1#
#5033075247
0#
#5033175247
1#
#5033234343
0"
#5033275247
0#
#5033375247
1#
#5033475247
0#
#5033528343
1"
#5033575247
1#
#5033675247
0#
#5033775247
1#
#5033824343
0"
#5033875247
0#
#5033975247
1#
#5034075247
0#
#5034120343
1"
#5034175247
1#
#5034275247
0#
#5034375247
1#
#5034416343
0"
#5034475247
0#
#5034575247
1#
#5034675247
0#
#5034712343
1"
#5034775247
1#
#5034875247
0#
#5034975247
1#
#5035008343
0"
#5035075247
0#
#5035175247
1#
#5035275247
0#
#5035304343
1"
#5035375247
1#
#5035475247
0#
#5035575247
1#
#5035602343
0"
#5035675247
0#
#5035775247
1#
#5035875247
0#
#5035900343
1"
#5035975247
1#
#5036075247
0#
#5036175247
1#
#5036198343
0"
#5036275247
0#
#5036375247
1#
#5036475247
0#
#5036496343
1"
#5036575247
1#
#5036675247
0#
#5036775247
1#
#5036794343
0"
#5036875247
0#
#5036975247
1#
#5037075247
0#
#5037092343
1"
#5037175247
1#
#5037275247
0#
#5037375247
1#
#5037391843
0"
#5037475247
0#
#5037575247
1#
#5037675247
0#
#5037691343
1"
#5037775247
1#
#5037875247
0#
#5037975247
1#
#5037990843
0"
#5038075247
0#
#5038175247
1#
#5038275247
0#
#5038290343
1"
#5038375247
1#
#5038475247
0#
#5038575247
1#
#5038589843
0"
#5038675247
0#
#5038775247
1#
#5038875247
0#
#5038889343
1"
#5038975247
1#
#5039075247
0#
#5039175247
1#
#5039191093
0"
#5039275247
0#
#5039375247
1#
#5039475247
0#
#5039492843
1"
#5039575247
1#
#5039675247
0#
#5039775247
1#
#5039794593
0"
#5039875247
0#
#5039975247
1#
#5040075247
0#
#5040096343
1"
#5040175247
1#
#5040275247
0#
#5040375247
1#
#5040398093
0"
#5040475247
0#
#5040575247
1#
#5040675247
0#
#5040699843
1"
#5040775247
1#
#5040875247
0#
#5040975247
1#
#5041003343
0"
#5041075247
0#
#5041175247
1#
#5041275247
0#
#5041306843
1"
#5041375247
1#
#5041475247
0#
#5041575247
1#
#5041610343
0"
#5041675247
0#
#5041775247
1#
#5041875247
0#
#5041913843
1"
#5041975247
1#
#5042075247
0#
#5042175247
1#
#5042217343
0"
#5042275247
0#
#5042375247
1#
#5042475247
0#
#5042520843
1"
#5042575247
1#
#5042675247
0#
#5042775247
1#
#5042826593
0"
#5042875247
0#
#5042975247
1#
#5043075247
0#
#5043132343
1"
#5043175247
1#
#5043275247
0#
#5043375247
1#
#5043438093
0"
#5043475247
0#
#5043575247
1#
#5043675247
0#
#5043743843
1"
#5043775247
1#
#5043875247
0#
#5043975247
1#
#5044049593
0"
#5044075247
0#
#5044175247
1#
#5044275247
0#
#5044355343
1"
#5044375247
1#
#5044475247
0#
#5044575247
1#
#5044663093
0"
#5044675247
0#
#5044775247
1#
#5044875247
0#
#5044970843
1"
#5044975247
1#
#5045075247
0#
#5045175247
1#
#5045275247
0#
#5045278593
0"
#5045375247
1#
#5045475247
0#
#5045575247
1#
#5045586343
1"
#5045675247
0#
#5045775247
1#
#5045875247
0#
#5045894093
0"
#5045975247
1#
#5046075247
0#
#5046175247
1#
#5046201843
1"
#5046275247
0#
#5046375247
1#
#5046475247
0#
#5046511843
0"
#5046575247
1#
#5046675247
0#
#5046775247
1#
#5046821843
1"
#5046875247
0#
#5046975247
1#
#5047075247
0#
#5047131843
0"
#5047175247
1#
#5047275247
0#
#5047375247
1#
#5047441843
1"
#5047475247
0#
#5047575247
1#
#5047675247
0#
#5047751843
0"
#5047775247
1#
#5047875247
0#
#5047975247
1#
#5048061843
1"
#5048075247
0#
#5048175247
1#
#5048275247
0#
#5048373843
0"
#5048375247
1#
#5048475247
0#
#5048575247
1#
#5048675247
0#
#5048685843
1"
#5048775247
1#
#5048875247
0#
#5048975247
1#
#5048997843
0"
#5049075247
0#
#5049175247
1#
#5049275247
0#
#5049309843
1"
#5049375247
1#
#5049475247
0#
#5049575247
1#
#5049621843
0"
#5049675247
0#
#5049775247
1#
#5049875247
0#
#5049933843
1"
#5049975247
1#
#5050075247
0#
#5050175247
1#
#5050248343
0"
#5050275247
0#
#5050375247
1#
#5050475247
0#
#5050562843
1"
#5050575247
1#
#5050675247
0#
#5050775247
1#
#5050875247
0#
#5050877343
0"
#5050975247
1#
#5051075247
0#
#5051175247
1#
#5051191843
1"
#5051275247
0#
#5051375247
1#
#5051475247
0#
#5051506343
0"
#5051575247
1#
#5051675247
0#
#5051775247
1#
#5051820843
1"
#5051875247
0#
#5051975247
1#
#5052075247
0#
#5052137593
0"
#5052175247
1#
#5052275247
0#
#5052375247
1#
#5052454343
1"
#5052475247
0#
#5052575247
1#
#5052675247
0#
#5052771093
0"
#5052775247
1#
#5052875247
0#
#5052975247
1#
#5053075247
0#
#5053087843
1"
#5053175247
1#
#5053275247
0#
#5053375247
1#
#5053404593
0"
#5053475247
0#
#5053575247
1#
#5053675247
0#
#5053721343
1"
#5053775247
1#
#5053875247
0#
#5053975247
1#
#5054040093
0"
#5054075247
0#
#5054175247
1#
#5054275247
0#
#5054358843
1"
#5054375247
1#
#5054475247
0#
#5054575247
1#
#5054675247
0#
#5054677593
0"
#5054775247
1#
#5054875247
0#
#5054975247
1#
#5054996343
1"
#5055075247
0#
#5055175247
1#
#5055275247
0#
#5055315093
0"
#5055375247
1#
#5055475247
0#
#5055575247
1#
#5055633843
1"
#5055675247
0#
#5055775247
1#
#5055875247
0#
#5055955343
0"
#5055975247
1#
#5056075247
0#
#5056175247
1#
#5056275247
0#
#5056276843
1"
#5056375247
1#
#5056475247
0#
#5056575247
1#
#5056598343
0"
#5056675247
0#
#5056775247
1#
#5056875247
0#
#5056919843
1"
#5056975247
1#
#5057075247
0#
#5057175247
1#
#5057241343
0"
#5057275247
0#
#5057375247
1#
#5057475247
0#
#5057562843
1"
#5057575247
1#
#5057675247
0#
#5057775247
1#
#5057875247
0#
#5057886343
0"
#5057975247
1#
#5058075247
0#
#5058175247
1#
#5058209843
1"
#5058275247
0#
#5058375247
1#
#5058475247
0#
#5058533343
0"
#5058575247
1#
#5058675247
0#
#5058775247
1#
#5058856843
1"
#5058875247
0#
#5058975247
1#
#5059075247
0#
#5059175247
1#
#5059180343
0"
#5059275247
0#
#5059375247
1#
#5059475247
0#
#5059503843
1"
#5059575247
1#
#5059675247
0#
#5059775247
1#
#5059830093
0"
#5059875247
0#
#5059975247
1#
#5060075247
0#
#5060156343
1"
#5060175247
1#
#5060275247
0#
#5060375247
1#
#5060475247
0#
#5060482593
0"
#5060575247
1#
#5060675247
0#
#5060775247
1#
#5060808843
1"
#5060875247
0#
#5060975247
1#
#5061075247
0#
#5061135093
0"
#5061175247
1#
#5061275247
0#
#5061375247
1#
#5061461343
1"
#5061475247
0#
#5061575247
1#
#5061675247
0#
#5061775247
1#
#5061789843
0"
#5061875247
0#
#5061975247
1#
#5062075247
0#
#5062118343
1"
#5062175247
1#
#5062275247
0#
#5062375247
1#
#5062446843
0"
#5062475247
0#
#5062575247
1#
#5062675247
0#
#5062775247
1#
#5062775343
1"
#5062875247
0#
#5062975247
1#
#5063075247
0#
#5063103843
0"
#5063175247
1#
#5063275247
0#
#5063375247
1#
#5063432343
1"
#5063475247
0#
#5063575247
1#
#5063675247
0#
#5063763343
0"
#5063775247
1#
#5063875247
0#
#5063975247
1#
#5064075247
0#
#5064094343
1"
#5064175247
1#
#5064275247
0#
#5064375247
1#
#5064425343
0"
#5064475247
0#
#5064575247
1#
#5064675247
0#
#5064756343
1"
#5064775247
1#
#5064875247
0#
#5064975247
1#
#5065075247
0#
#5065087343
0"
#5065175247
1#
#5065275247
0#
#5065375247
1#
#5065418343
1"
#5065475247
0#
#5065575247
1#
#5065675247
0#
#5065752093
0"
#5065775247
1#
#5065875247
0#
#5065975247
1#
#5066075247
0#
#5066085843
1"
#5066175247
1#
#5066275247
0#
#5066375247
1#
#5066419593
0"
#5066475247
0#
#5066575247
1#
#5066675247
0#
#5066753343
1"
#5066775247
1#
#5066875247
0#
#5066975247
1#
#5067075247
0#
#5067087093
0"
#5067175247
1#
#5067275247
0#
#5067375247
1#
#5067420843
1"
#5067475247
0#
#5067575247
1#
#5067675247
0#
#5067756343
0"
#5067775247
1#
#5067875247
0#
#5067975247
1#
#5068075247
0#
#5068091843
1"
#5068175247
1#
#5068275247
0#
#5068375247
1#
#5068427343
0"
#5068475247
0#
#5068575247
1#
#5068675247
0#
#5068762843
1"
#5068775247
1#
#5068875247
0#
#5068975247
1#
#5069075247
0#
#5069100343
0"
#5069175247
1#
#5069275247
0#
#5069375247
1#
#5069437843
1"
#5069475247
0#
#5069575247
1#
#5069675247
0#
#5069775247
1#
#5069775343
0"
#5069875247
0#
#5069975247
1#
#5070075247
0#
#5070112843
1"
#5070175247
1#
#5070275247
0#
#5070375247
1#
#5070452093
0"
#5070475247
0#
#5070575247
1#
#5070675247
0#
#5070775247
1#
#5070791343
1"
#5070875247
0#
#5070975247
1#
#5071075247
0#
#5071130593
0"
#5071175247
1#
#5071275247
0#
#5071375247
1#
#5071469843
1"
#5071475247
0#
#5071575247
1#
#5071675247
0#
#5071775247
1#
#5071810843
0"
#5071875247
0#
#5071975247
1#
#5072075247
0#
#5072151843
1"
#5072175247
1#
#5072275247
0#
#5072375247
1#
#5072475247
0#
#5072492843
0"
#5072575247
1#
#5072675247
0#
#5072775247
1#
#5072833843
1"
#5072875247
0#
#5072975247
1#
#5073075247
0#
#5073175247
1#
#5073176843
0"
#5073275247
0#
#5073375247
1#
#5073475247
0#
#5073519843
1"
#5073575247
1#
#5073675247
0#
#5073775247
1#
#5073862843
0"
#5073875247
0#
#5073975247
1#
#5074075247
0#
#5074175247
1#
#5074205843
1"
#5074275247
0#
#5074375247
1#
#5074475247
0#
#5074551093
0"
#5074575247
1#
#5074675247
0#
#5074775247
1#
#5074875247
0#
#5074896343
1"
#5074975247
1#
#5075075247
0#
#5075175247
1#
#5075241593
0"
#5075275247
0#
#5075375247
1#
#5075475247
0#
#5075575247
1#
#5075586843
1"
#5075675247
0#
#5075775247
1#
#5075875247
0#
#5075934093
0"
#5075975247
1#
#5076075247
0#
#5076175247
1#
#5076275247
0#
#5076281343
1"
#5076375247
1#
#5076475247
0#
#5076575247
1#
#5076628593
0"
#5076675247
0#
#5076775247
1#
#5076875247
0#
#5076975247
1#
#5076975843
1"
#5077075247
0#
#5077175247
1#
#5077275247
0#
#5077324843
0"
#5077375247
1#
#5077475247
0#
#5077575247
1#
#5077673843
1"
#5077675247
0#
#5077775247
1#
#5077875247
0#
#5077975247
1#
#5078022843
0"
#5078075247
0#
#5078175247
1#
#5078275247
0#
#5078371843
1"
#5078375247
1#
#5078475247
0#
#5078575247
1#
#5078675247
0#
#5078722843
0"
#5078775247
1#
#5078875247
0#
#5078975247
1#
#5079073843
1"
#5079075247
0#
#5079175247
1#
#5079275247
0#
#5079375247
1#
#5079424843
0"
#5079475247
0#
#5079575247
1#
#5079675247
0#
#5079775247
1#
#5079775843
1"
#5079875247
0#
#5079975247
1#
#5080075247
0#
#5080129093
0"
#5080175247
1#
#5080275247
0#
#5080375247
1#
#5080475247
0#
#5080482343
1"
#5080575247
1#
#5080675247
0#
#5080775247
1#
#5080835593
0"
#5080875247
0#
#5080975247
1#
#5081075247
0#
#5081175247
1#
#5081188843
1"
#5081275247
0#
#5081375247
1#
#5081475247
0#
#5081544093
0"
#5081575247
1#
#5081675247
0#
#5081775247
1#
#5081875247
0#
#5081899343
1"
#5081975247
1#
#5082075247
0#
#5082175247
1#
#5082254593
0"
#5082275247
0#
#5082375247
1#
#5082475247
0#
#5082575247
1#
#5082609843
1"
#5082675247
0#
#5082775247
1#
#5082875247
0#
#5082967593
0"
#5082975247
1#
#5083075247
0#
#5083175247
1#
#5083275247
0#
#5083325343
1"
#5083375247
1#
#5083475247
0#
#5083575247
1#
#5083675247
0#
#5083683093
0"
#5083775247
1#
#5083875247
0#
#5083975247
1#
#5084040843
1"
#5084075247
0#
#5084175247
1#
#5084275247
0#
#5084375247
1#
#5084400343
0"
#5084475247
0#
#5084575247
1#
#5084675247
0#
#5084759843
1"
#5084775247
1#
#5084875247
0#
#5084975247
1#
#5085075247
0#
#5085119343
0"
#5085175247
1#
#5085275247
0#
#5085375247
1#
#5085475247
0#
#5085478843
1"
#5085575247
1#
#5085675247
0#
#5085775247
1#
#5085840843
0"
#5085875247
0#
#5085975247
1#
#5086075247
0#
#5086175247
1#
#5086202843
1"
#5086275247
0#
#5086375247
1#
#5086475247
0#
#5086564843
0"
#5086575247
1#
#5086675247
0#
#5086775247
1#
#5086875247
0#
#5086926843
1"
#5086975247
1#
#5087075247
0#
#5087175247
1#
#5087275247
0#
#5087291343
0"
#5087375247
1#
#5087475247
0#
#5087575247
1#
#5087655843
1"
#5087675247
0#
#5087775247
1#
#5087875247
0#
#5087975247
1#
#5088020343
0"
#5088075247
0#
#5088175247
1#
#5088275247
0#
#5088375247
1#
#5088384843
1"
#5088475247
0#
#5088575247
1#
#5088675247
0#
#5088751343
0"
#5088775247
1#
#5088875247
0#
#5088975247
1#
#5089075247
0#
#5089117843
1"
#5089175247
1#
#5089275247
0#
#5089375247
1#
#5089475247
0#
#5089484343
0"
#5089575247
1#
#5089675247
0#
#5089775247
1#
#5089850843
1"
#5089875247
0#
#5089975247
1#
#5090075247
0#
#5090175247
1#
#5090219843
0"
#5090275247
0#
#5090375247
1#
#5090475247
0#
#5090575247
1#
#5090588843
1"
#5090675247
0#
#5090775247
1#
#5090875247
0#
#5090957843
0"
#5090975247
1#
#5091075247
0#
#5091175247
1#
#5091275247
0#
#5091326843
1"
#5091375247
1#
#5091475247
0#
#5091575247
1#
#5091675247
0#
#5091698343
0"
#5091775247
1#
#5091875247
0#
#5091975247
1#
#5092069843
1"
#5092075247
0#
#5092175247
1#
#5092275247
0#
#5092375247
1#
#5092441343
0"
#5092475247
0#
#5092575247
1#
#5092675247
0#
#5092775247
1#
#5092812843
1"
#5092875247
0#
#5092975247
1#
#5093075247
0#
#5093175247
1#
#5093186843
0"
#5093275247
0#
#5093375247
1#
#5093475247
0#
#5093560843
1"
#5093575247
1#
#5093675247
0#
#5093775247
1#
#5093875247
0#
#5093934843
0"
#5093975247
1#
#5094075247
0#
#5094175247
1#
#5094275247
0#
#5094308843
1"
#5094375247
1#
#5094475247
0#
#5094575247
1#
#5094675247
0#
#5094685343
0"
#5094775247
1#
#5094875247
0#
#5094975247
1#
#5095061843
1"
#5095075247
0#
#5095175247
1#
#5095275247
0#
#5095375247
1#
#5095438343
0"
#5095475247
0#
#5095575247
1#
#5095675247
0#
#5095775247
1#
#5095814843
1"
#5095875247
0#
#5095975247
1#
#5096075247
0#
#5096175247
1#
#5096193843
0"
#5096275247
0#
#5096375247
1#
#5096475247
0#
#5096572843
1"
#5096575247
1#
#5096675247
0#
#5096775247
1#
#5096875247
0#
#5096951843
0"
#5096975247
1#
#5097075247
0#
#5097175247
1#
#5097275247
0#
#5097330843
1"
#5097375247
1#
#5097475247
0#
#5097575247
1#
#5097675247
0#
#5097712593
0"
#5097775247
1#
#5097875247
0#
#5097975247
1#
#5098075247
0#
#5098094343
1"
#5098175247
1#
#5098275247
0#
#5098375247
1#
#5098475247
0#
#5098476093
0"
#5098575247
1#
#5098675247
0#
#5098775247
1#
#5098857843
1"
#5098875247
0#
#5098975247
1#
#5099075247
0#
#5099175247
1#
#5099242093
0"
#5099275247
0#
#5099375247
1#
#5099475247
0#
#5099575247
1#
#5099626343
1"
#5099675247
0#
#5099775247
1#
#5099875247
0#
#5099975247
1#
#5100010593
0"
#5100075247
0#
#5100175247
1#
#5100275247
0#
#5100375247
1#
#5100394843
1"
#5100475247
0#
#5100575247
1#
#5100675247
0#
#5100775247
1#
#5100782343
0"
#5100875247
0#
#5100975247
1#
#5101075247
0#
#5101169843
1"
#5101175247
1#
#5101275247
0#
#5101375247
1#
#5101475247
0#
#5101557343
0"
#5101575247
1#
#5101675247
0#
#5101775247
1#
#5101875247
0#
#5101944843
1"
#5101975247
1#
#5102075247
0#
#5102175247
1#
#5102275247
0#
#5102334843
0"
#5102375247
1#
#5102475247
0#
#5102575247
1#
#5102675247
0#
#5102724843
1"
#5102775247
1#
#5102875247
0#
#5102975247
1#
#5103075247
0#
#5103114843
0"
#5103175247
1#
#5103275247
0#
#5103375247
1#
#5103475247
0#
#5103504843
1"
#5103575247
1#
#5103675247
0#
#5103775247
1#
#5103875247
0#
#5103897593
0"
#5103975247
1#
#5104075247
0#
#5104175247
1#
#5104275247
0#
#5104290343
1"
#5104375247
1#
#5104475247
0#
#5104575247
1#
#5104675247
0#
#5104683093
0"
#5104775247
1#
#5104875247
0#
#5104975247
1#
#5105075247
0#
#5105075843
1"
#5105175247
1#
#5105275247
0#
#5105375247
1#
#5105471843
0"
#5105475247
0#
#5105575247
1#
#5105675247
0#
#5105775247
1#
#5105867843
1"
#5105875247
0#
#5105975247
1#
#5106075247
0#
#5106175247
1#
#5106263843
0"
#5106275247
0#
#5106375247
1#
#5106475247
0#
#5106575247
1#
#5106659843
1"
#5106675247
0#
#5106775247
1#
#5106875247
0#
#5106975247
1#
#5107058843
0"
#5107075247
0#
#5107175247
1#
#5107275247
0#
#5107375247
1#
#5107457843
1"
#5107475247
0#
#5107575247
1#
#5107675247
0#
#5107775247
1#
#5107856843
0"
#5107875247
0#
#5107975247
1#
#5108075247
0#
#5108175247
1#
#5108255843
1"
#5108275247
0#
#5108375247
1#
#5108475247
0#
#5108575247
1#
#5108657593
0"
#5108675247
0#
#5108775247
1#
#5108875247
0#
#5108975247
1#
#5109059343
1"
#5109075247
0#
#5109175247
1#
#5109275247
0#
#5109375247
1#
#5109461093
0"
#5109475247
0#
#5109575247
1#
#5109675247
0#
#5109775247
1#
#5109862843
1"
#5109875247
0#
#5109975247
1#
#5110075247
0#
#5110175247
1#
#5110268093
0"
#5110275247
0#
#5110375247
1#
#5110475247
0#
#5110575247
1#
#5110673343
1"
#5110675247
0#
#5110775247
1#
#5110875247
0#
#5110975247
1#
#5111075247
0#
#5111078593
0"
#5111175247
1#
#5111275247
0#
#5111375247
1#
#5111475247
0#
#5111483843
1"
#5111575247
1#
#5111675247
0#
#5111775247
1#
#5111875247
0#
#5111892343
0"
#5111975247
1#
#5112075247
0#
#5112175247
1#
#5112275247
0#
#5112300843
1"
#5112375247
1#
#5112475247
0#
#5112575247
1#
#5112675247
0#
#5112709343
0"
#5112775247
1#
#5112875247
0#
#5112975247
1#
#5113075247
0#
#5113117843
1"
#5113175247
1#
#5113275247
0#
#5113375247
1#
#5113475247
0#
#5113529593
0"
#5113575247
1#
#5113675247
0#
#5113775247
1#
#5113875247
0#
#5113941343
1"
#5113975247
1#
#5114075247
0#
#5114175247
1#
#5114275247
0#
#5114353093
0"
#5114375247
1#
#5114475247
0#
#5114575247
1#
#5114675247
0#
#5114764843
1"
#5114775247
1#
#5114875247
0#
#5114975247
1#
#5115075247
0#
#5115175247
1#
#5115180093
0"
#5115275247
0#
#5115375247
1#
#5115475247
0#
#5115575247
1#
#5115595343
1"
#5115675247
0#
#5115775247
1#
#5115875247
0#
#5115975247
1#
#5116010593
0"
#5116075247
0#
#5116175247
1#
#5116275247
0#
#5116375247
1#
#5116425843
1"
#5116475247
0#
#5116575247
1#
#5116675247
0#
#5116775247
1#
#5116844343
0"
#5116875247
0#
#5116975247
1#
#5117075247
0#
#5117175247
1#
#5117262843
1"
#5117275247
0#
#5117375247
1#
#5117475247
0#
#5117575247
1#
#5117675247
0#
#5117681343
0"
#5117775247
1#
#5117875247
0#
#5117975247
1#
#5118075247
0#
#5118099843
1"
#5118175247
1#
#5118275247
0#
#5118375247
1#
#5118475247
0#
#5118521843
0"
#5118575247
1#
#5118675247
0#
#5118775247
1#
#5118875247
0#
#5118943843
1"
#5118975247
1#
#5119075247
0#
#5119175247
1#
#5119275247
0#
#5119365843
0"
#5119375247
1#
#5119475247
0#
#5119575247
1#
#5119675247
0#
#5119775247
1#
#5119787843
1"
#5119875247
0#
#5119975247
1#
#5120075247
0#
#5120175247
1#
#5120213843
0"
#5120275247
0#
#5120375247
1#
#5120475247
0#
#5120575247
1#
#5120639843
1"
#5120675247
0#
#5120775247
1#
#5120875247
0#
#5120975247
1#
#5121065843
0"
#5121075247
0#
#5121175247
1#
#5121275247
0#
#5121375247
1#
#5121475247
0#
#5121491843
1"
#5121575247
1#
#5121675247
0#
#5121775247
1#
#5121875247
0#
#5121921093
0"
#5121975247
1#
#5122075247
0#
#5122175247
1#
#5122275247
0#
#5122350343
1"
#5122375247
1#
#5122475247
0#
#5122575247
1#
#5122675247
0#
#5122775247
1#
#5122779593
0"
#5122875247
0#
#5122975247
1#
#5123075247
0#
#5123175247
1#
#5123208843
1"
#5123275247
0#
#5123375247
1#
#5123475247
0#
#5123575247
1#
#5123642343
0"
#5123675247
0#
#5123775247
1#
#5123875247
0#
#5123975247
1#
#5124075247
0#
#5124075843
1"
#5124175247
1#
#5124275247
0#
#5124375247
1#
#5124475247
0#
#5124509343
0"
#5124575247
1#
#5124675247
0#
#5124775247
1#
#5124875247
0#
#5124942843
1"
#5124975247
1#
#5125075247
0#
#5125175247
1#
#5125275247
0#
#5125375247
1#
#5125379843
0"
#5125475247
0#
#5125575247
1#
#5125675247
0#
#5125775247
1#
#5125816843
1"
#5125875247
0#
#5125975247
1#
#5126075247
0#
#5126175247
1#
#5126253843
0"
#5126275247
0#
#5126375247
1#
#5126475247
0#
#5126575247
1#
#5126675247
0#
#5126690843
1"
#5126775247
1#
#5126875247
0#
#5126975247
1#
#5127075247
0#
#5127132093
0"
#5127175247
1#
#5127275247
0#
#5127375247
1#
#5127475247
0#
#5127573343
1"
#5127575247
1#
#5127675247
0#
#5127775247
1#
#5127875247
0#
#5127975247
1#
#5128014593
0"
#5128075247
0#
#5128175247
1#
#5128275247
0#
#5128375247
1#
#5128455843
1"
#5128475247
0#
#5128575247
1#
#5128675247
0#
#5128775247
1#
#5128875247
0#
#5128901343
0"
#5128975247
1#
#5129075247
0#
#5129175247
1#
#5129275247
0#
#5129346843
1"
#5129375247
1#
#5129475247
0#
#5129575247
1#
#5129675247
0#
#5129775247
1#
#5129792343
0"
#5129875247
0#
#5129975247
1#
#5130075247
0#
#5130175247
1#
#5130237843
1"
#5130275247
0#
#5130375247
1#
#5130475247
0#
#5130575247
1#
#5130675247
0#
#5130687343
0"
#5130775247
1#
#5130875247
0#
#5130975247
1#
#5131075247
0#
#5131136843
1"
#5131175247
1#
#5131275247
0#
#5131375247
1#
#5131475247
0#
#5131575247
1#
#5131586343
0"
#5131675247
0#
#5131775247
1#
#5131875247
0#
#5131975247
1#
#5132035843
1"
#5132075247
0#
#5132175247
1#
#5132275247
0#
#5132375247
1#
#5132475247
0#
#5132490343
0"
#5132575247
1#
#5132675247
0#
#5132775247
1#
#5132875247
0#
#5132944843
1"
#5132975247
1#
#5133075247
0#
#5133175247
1#
#5133275247
0#
#5133375247
1#
#5133399343
0"
#5133475247
0#
#5133575247
1#
#5133675247
0#
#5133775247
1#
#5133853843
1"
#5133875247
0#
#5133975247
1#
#5134075247
0#
#5134175247
1#
#5134275247
0#
#5134312843
0"
#5134375247
1#
#5134475247
0#
#5134575247
1#
#5134675247
0#
#5134771843
1"
#5134775247
1#
#5134875247
0#
#5134975247
1#
#5135075247
0#
#5135175247
1#
#5135230843
0"
#5135275247
0#
#5135375247
1#
#5135475247
0#
#5135575247
1#
#5135675247
0#
#5135689843
1"
#5135775247
1#
#5135875247
0#
#5135975247
1#
#5136075247
0#
#5136153843
0"
#5136175247
1#
#5136275247
0#
#5136375247
1#
#5136475247
0#
#5136575247
1#
#5136617843
1"
#5136675247
0#
#5136775247
1#
#5136875247
0#
#5136975247
1#
#5137075247
0#
#5137081843
0"
#5137175247
1#
#5137275247
0#
#5137375247
1#
#5137475247
0#
#5137545843
1"
#5137575247
1#
#5137675247
0#
#5137775247
1#
#5137875247
0#
#5137975247
1#
#5138014093
0"
#5138075247
0#
#5138175247
1#
#5138275247
0#
#5138375247
1#
#5138475247
0#
#5138482343
1"
#5138575247
1#
#5138675247
0#
#5138775247
1#
#5138875247
0#
#5138950593
0"
#5138975247
1#
#5139075247
0#
#5139175247
1#
#5139275247
0#
#5139375247
1#
#5139418843
1"
#5139475247
0#
#5139575247
1#
#5139675247
0#
#5139775247
1#
#5139875247
0#
#5139892093
0"
#5139975247
1#
#5140075247
0#
#5140175247
1#
#5140275247
0#
#5140365343
1"
#5140375247
1#
#5140475247
0#
#5140575247
1#
#5140675247
0#
#5140775247
1#
#5140838593
0"
#5140875247
0#
#5140975247
1#
#5141075247
0#
#5141175247
1#
#5141275247
0#
#5141311843
1"
#5141375247
1#
#5141475247
0#
#5141575247
1#
#5141675247
0#
#5141775247
1#
#5141790343
0"
#5141875247
0#
#5141975247
1#
#5142075247
0#
#5142175247
1#
#5142268843
1"
#5142275247
0#
#5142375247
1#
#5142475247
0#
#5142575247
1#
#5142675247
0#
#5142747343
0"
#5142775247
1#
#5142875247
0#
#5142975247
1#
#5143075247
0#
#5143175247
1#
#5143225843
1"
#5143275247
0#
#5143375247
1#
#5143475247
0#
#5143575247
1#
#5143675247
0#
#5143709593
0"
#5143775247
1#
#5143875247
0#
#5143975247
1#
#5144075247
0#
#5144175247
1#
#5144193343
1"
#5144275247
0#
#5144375247
1#
#5144475247
0#
#5144575247
1#
#5144675247
0#
#5144677093
0"
#5144775247
1#
#5144875247
0#
#5144975247
1#
#5145075247
0#
#5145160843
1"
#5145175247
1#
#5145275247
0#
#5145375247
1#
#5145475247
0#
#5145575247
1#
#5145650593
0"
#5145675247
0#
#5145775247
1#
#5145875247
0#
#5145975247
1#
#5146075247
0#
#5146140343
1"
#5146175247
1#
#5146275247
0#
#5146375247
1#
#5146475247
0#
#5146575247
1#
#5146630093
0"
#5146675247
0#
#5146775247
1#
#5146875247
0#
#5146975247
1#
#5147075247
0#
#5147119843
1"
#5147175247
1#
#5147275247
0#
#5147375247
1#
#5147475247
0#
#5147575247
1#
#5147614843
0"
#5147675247
0#
#5147775247
1#
#5147875247
0#
#5147975247
1#
#5148075247
0#
#5148109843
1"
#5148175247
1#
#5148275247
0#
#5148375247
1#
#5148475247
0#
#5148575247
1#
#5148604843
0"
#5148675247
0#
#5148775247
1#
#5148875247
0#
#5148975247
1#
#5149075247
0#
#5149099843
1"
#5149175247
1#
#5149275247
0#
#5149375247
1#
#5149475247
0#
#5149575247
1#
#5149600843
0"
#5149675247
0#
#5149775247
1#
#5149875247
0#
#5149975247
1#
#5150075247
0#
#5150101843
1"
#5150175247
1#
#5150275247
0#
#5150375247
1#
#5150475247
0#
#5150575247
1#
#5150602843
0"
#5150675247
0#
#5150775247
1#
#5150875247
0#
#5150975247
1#
#5151075247
0#
#5151103843
1"
#5151175247
1#
#5151275247
0#
#5151375247
1#
#5151475247
0#
#5151575247
1#
#5151608343
0"
#5151675247
0#
#5151775247
1#
#5151875247
0#
#5151975247
1#
#5152075247
0#
#5152112843
1"
#5152175247
1#
#5152275247
0#
#5152375247
1#
#5152475247
0#
#5152575247
1#
#5152620093
0"
#5152675247
0#
#5152775247
1#
#5152875247
0#
#5152975247
1#
#5153075247
0#
#5153127343
1"
#5153175247
1#
#5153275247
0#
#5153375247
1#
#5153475247
0#
#5153575247
1#
#5153637843
0"
#5153675247
0#
#5153775247
1#
#5153875247
0#
#5153975247
1#
#5154075247
0#
#5154148343
1"
#5154175247
1#
#5154275247
0#
#5154375247
1#
#5154475247
0#
#5154575247
1#
#5154661843
0"
#5154675247
0#
#5154775247
1#
#5154875247
0#
#5154975247
1#
#5155075247
0#
#5155175247
1#
#5155175343
1"
#5155275247
0#
#5155375247
1#
#5155475247
0#
#5155575247
1#
#5155675247
0#
#5155692343
0"
#5155775247
1#
#5155875247
0#
#5155975247
1#
#5156075247
0#
#5156175247
1#
#5156209343
1"
#5156275247
0#
#5156375247
1#
#5156475247
0#
#5156575247
1#
#5156675247
0#
#5156729843
0"
#5156775247
1#
#5156875247
0#
#5156975247
1#
#5157075247
0#
#5157175247
1#
#5157250343
1"
#5157275247
0#
#5157375247
1#
#5157475247
0#
#5157575247
1#
#5157675247
0#
#5157774343
0"
#5157775247
1#
#5157875247
0#
#5157975247
1#
#5158075247
0#
#5158175247
1#
#5158275247
0#
#5158298343
1"
#5158375247
1#
#5158475247
0#
#5158575247
1#
#5158675247
0#
#5158775247
1#
#5158825843
0"
#5158875247
0#
#5158975247
1#
#5159075247
0#
#5159175247
1#
#5159275247
0#
#5159353343
1"
#5159375247
1#
#5159475247
0#
#5159575247
1#
#5159675247
0#
#5159775247
1#
#5159875247
0#
#5159884843
0"
#5159975247
1#
#5160075247
0#
#5160175247
1#
#5160275247
0#
#5160375247
1#
#5160416343
1"
#5160475247
0#
#5160575247
1#
#5160675247
0#
#5160775247
1#
#5160875247
0#
#5160950843
0"
#5160975247
1#
#5161075247
0#
#5161175247
1#
#5161275247
0#
#5161375247
1#
#5161475247
0#
#5161485343
1"
#5161575247
1#
#5161675247
0#
#5161775247
1#
#5161875247
0#
#5161975247
1#
#5162023843
0"
#5162075247
0#
#5162175247
1#
#5162275247
0#
#5162375247
1#
#5162475247
0#
#5162562343
1"
#5162575247
1#
#5162675247
0#
#5162775247
1#
#5162875247
0#
#5162975247
1#
#5163075247
0#
#5163104343
0"
#5163175247
1#
#5163275247
0#
#5163375247
1#
#5163475247
0#
#5163575247
1#
#5163646343
1"
#5163675247
0#
#5163775247
1#
#5163875247
0#
#5163975247
1#
#5164075247
0#
#5164175247
1#
#5164192343
0"
#5164275247
0#
#5164375247
1#
#5164475247
0#
#5164575247
1#
#5164675247
0#
#5164738343
1"
#5164775247
1#
#5164875247
0#
#5164975247
1#
#5165075247
0#
#5165175247
1#
#5165275247
0#
#5165287843
0"
#5165375247
1#
#5165475247
0#
#5165575247
1#
#5165675247
0#
#5165775247
1#
#5165837343
1"
#5165875247
0#
#5165975247
1#
#5166075247
0#
#5166175247
1#
#5166275247
0#
#5166375247
1#
#5166391343
0"
#5166475247
0#
#5166575247
1#
#5166675247
0#
#5166775247
1#
#5166875247
0#
#5166945343
1"
#5166975247
1#
#5167075247
0#
#5167175247
1#
#5167275247
0#
#5167375247
1#
#5167475247
0#
#5167503343
0"
#5167575247
1#
#5167675247
0#
#5167775247
1#
#5167875247
0#
#5167975247
1#
#5168061343
1"
#5168075247
0#
#5168175247
1#
#5168275247
0#
#5168375247
1#
#5168475247
0#
#5168575247
1#
#5168623843
0"
#5168675247
0#
#5168775247
1#
#5168875247
0#
#5168975247
1#
#5169075247
0#
#5169175247
1#
#5169186343
1"
#5169275247
0#
#5169375247
1#
#5169475247
0#
#5169575247
1#
#5169675247
0#
#5169752343
0"
#5169775247
1#
#5169875247
0#
#5169975247
1#
#5170075247
0#
#5170175247
1#
#5170275247
0#
#5170318343
1"
#5170375247
1#
#5170475247
0#
#5170575247
1#
#5170675247
0#
#5170775247
1#
#5170875247
0#
#5170888843
0"
#5170975247
1#
#5171075247
0#
#5171175247
1#
#5171275247
0#
#5171375247
1#
#5171459343
1"
#5171475247
0#
#5171575247
1#
#5171675247
0#
#5171775247
1#
#5171875247
0#
#5171975247
1#
#5172034343
0"
#5172075247
0#
#5172175247
1#
#5172275247
0#
#5172375247
1#
#5172475247
0#
#5172575247
1#
#5172609343
1"
#5172675247
0#
#5172775247
1#
#5172875247
0#
#5172975247
1#
#5173075247
0#
#5173175247
1#
#5173189343
0"
#5173275247
0#
#5173375247
1#
#5173475247
0#
#5173575247
1#
#5173675247
0#
#5173769343
1"
#5173775247
1#
#5173875247
0#
#5173975247
1#
#5174075247
0#
#5174175247
1#
#5174275247
0#
#5174353843
0"
#5174375247
1#
#5174475247
0#
#5174575247
1#
#5174675247
0#
#5174775247
1#
#5174875247
0#
#5174938343
1"
#5174975247
1#
#5175075247
0#
#5175175247
1#
#5175275247
0#
#5175375247
1#
#5175475247
0#
#5175527843
0"
#5175575247
1#
#5175675247
0#
#5175775247
1#
#5175875247
0#
#5175975247
1#
#5176075247
0#
#5176117343
1"
#5176175247
1#
#5176275247
0#
#5176375247
1#
#5176475247
0#
#5176575247
1#
#5176675247
0#
#5176711343
0"
#5176775247
1#
#5176875247
0#
#5176975247
1#
#5177075247
0#
#5177175247
1#
#5177275247
0#
#5177305343
1"
#5177375247
1#
#5177475247
0#
#5177575247
1#
#5177675247
0#
#5177775247
1#
#5177875247
0#
#5177904343
0"
#5177975247
1#
#5178075247
0#
#5178175247
1#
#5178275247
0#
#5178375247
1#
#5178475247
0#
#5178503343
1"
#5178575247
1#
#5178675247
0#
#5178775247
1#
#5178875247
0#
#5178975247
1#
#5179075247
0#
#5179108343
0"
#5179175247
1#
#5179275247
0#
#5179375247
1#
#5179475247
0#
#5179575247
1#
#5179675247
0#
#5179713343
1"
#5179775247
1#
#5179875247
0#
#5179975247
1#
#5180075247
0#
#5180175247
1#
#5180275247
0#
#5180323343
0"
#5180375247
1#
#5180475247
0#
#5180575247
1#
#5180675247
0#
#5180775247
1#
#5180875247
0#
#5180933343
1"
#5180975247
1#
#5181075247
0#
#5181175247
1#
#5181275247
0#
#5181375247
1#
#5181475247
0#
#5181548843
0"
#5181575247
1#
#5181675247
0#
#5181775247
1#
#5181875247
0#
#5181975247
1#
#5182075247
0#
#5182164343
1"
#5182175247
1#
#5182275247
0#
#5182375247
1#
#5182475247
0#
#5182575247
1#
#5182675247
0#
#5182775247
1#
#5182785843
0"
#5182875247
0#
#5182975247
1#
#5183075247
0#
#5183175247
1#
#5183275247
0#
#5183375247
1#
#5183407343
1"
#5183475247
0#
#5183575247
1#
#5183675247
0#
#5183775247
1#
#5183875247
0#
#5183975247
1#
#5184034843
0"
#5184075247
0#
#5184175247
1#
#5184275247
0#
#5184375247
1#
#5184475247
0#
#5184575247
1#
#5184662343
1"
#5184675247
0#
#5184775247
1#
#5184875247
0#
#5184975247
1#
#5185075247
0#
#5185175247
1#
#5185275247
0#
#5185295843
0"
#5185375247
1#
#5185475247
0#
#5185575247
1#
#5185675247
0#
#5185775247
1#
#5185875247
0#
#5185929343
1"
#5185975247
1#
#5186075247
0#
#5186175247
1#
#5186275247
0#
#5186375247
1#
#5186475247
0#
#5186568843
0"
#5186575247
1#
#5186675247
0#
#5186775247
1#
#5186875247
0#
#5186975247
1#
#5187075247
0#
#5187175247
1#
#5187208343
1"
#5187275247
0#
#5187375247
1#
#5187475247
0#
#5187575247
1#
#5187675247
0#
#5187775247
1#
#5187853843
0"
#5187875247
0#
#5187975247
1#
#5188075247
0#
#5188175247
1#
#5188275247
0#
#5188375247
1#
#5188475247
0#
#5188499343
1"
#5188575247
1#
#5188675247
0#
#5188775247
1#
#5188875247
0#
#5188975247
1#
#5189075247
0#
#5189151843
0"
#5189175247
1#
#5189275247
0#
#5189375247
1#
#5189475247
0#
#5189575247
1#
#5189675247
0#
#5189775247
1#
#5189804343
1"
#5189875247
0#
#5189975247
1#
#5190075247
0#
#5190175247
1#
#5190275247
0#
#5190375247
1#
#5190462843
0"
#5190475247
0#
#5190575247
1#
#5190675247
0#
#5190775247
1#
#5190875247
0#
#5190975247
1#
#5191075247
0#
#5191121343
1"
#5191175247
1#
#5191275247
0#
#5191375247
1#
#5191475247
0#
#5191575247
1#
#5191675247
0#
#5191775247
1#
#5191787343
0"
#5191875247
0#
#5191975247
1#
#5192075247
0#
#5192175247
1#
#5192275247
0#
#5192375247
1#
#5192453343
1"
#5192475247
0#
#5192575247
1#
#5192675247
0#
#5192775247
1#
#5192875247
0#
#5192975247
1#
#5193075247
0#
#5193126343
0"
#5193175247
1#
#5193275247
0#
#5193375247
1#
#5193475247
0#
#5193575247
1#
#5193675247
0#
#5193775247
1#
#5193799343
1"
#5193875247
0#
#5193975247
1#
#5194075247
0#
#5194175247
1#
#5194275247
0#
#5194375247
1#
#5194475247
0#
#5194479843
0"
#5194575247
1#
#5194675247
0#
#5194775247
1#
#5194875247
0#
#5194975247
1#
#5195075247
0#
#5195160343
1"
#5195175247
1#
#5195275247
0#
#5195375247
1#
#5195475247
0#
#5195575247
1#
#5195675247
0#
#5195775247
1#
#5195849343
0"
#5195875247
0#
#5195975247
1#
#5196075247
0#
#5196175247
1#
#5196275247
0#
#5196375247
1#
#5196475247
0#
#5196538343
1"
#5196575247
1#
#5196675247
0#
#5196775247
1#
#5196875247
0#
#5196975247
1#
#5197075247
0#
#5197175247
1#
#5197234843
0"
#5197275247
0#
#5197375247
1#
#5197475247
0#
#5197575247
1#
#5197675247
0#
#5197775247
1#
#5197875247
0#
#5197931343
1"
#5197975247
1#
#5198075247
0#
#5198175247
1#
#5198275247
0#
#5198375247
1#
#5198475247
0#
#5198575247
1#
#5198635843
0"
#5198675247
0#
#5198775247
1#
#5198875247
0#
#5198975247
1#
#5199075247
0#
#5199175247
1#
#5199275247
0#
#5199340343
1"
#5199375247
1#
#5199475247
0#
#5199575247
1#
#5199675247
0#
#5199775247
1#
#5199875247
0#
#5199975247
1#
#5200053843
0"
#5200075247
0#
#5200175247
1#
#5200275247
0#
#5200375247
1#
#5200475247
0#
#5200575247
1#
#5200675247
0#
#5200767343
1"
#5200775247
1#
#5200875247
0#
#5200975247
1#
#5201075247
0#
#5201175247
1#
#5201275247
0#
#5201375247
1#
#5201475247
0#
#5201489343
0"
#5201575247
1#
#5201675247
0#
#5201775247
1#
#5201875247
0#
#5201975247
1#
#5202075247
0#
#5202175247
1#
#5202211343
1"
#5202275247
0#
#5202375247
1#
#5202475247
0#
#5202575247
1#
#5202675247
0#
#5202775247
1#
#5202875247
0#
#5202942343
0"
#5202975247
1#
#5203075247
0#
#5203175247
1#
#5203275247
0#
#5203375247
1#
#5203475247
0#
#5203575247
1#
#5203673343
1"
#5203675247
0#
#5203775247
1#
#5203875247
0#
#5203975247
1#
#5204075247
0#
#5204175247
1#
#5204275247
0#
#5204375247
1#
#5204414343
0"
#5204475247
0#
#5204575247
1#
#5204675247
0#
#5204775247
1#
#5204875247
0#
#5204975247
1#
#5205075247
0#
#5205155343
1"
#5205175247
1#
#5205275247
0#
#5205375247
1#
#5205475247
0#
#5205575247
1#
#5205675247
0#
#5205775247
1#
#5205875247
0#
#5205906343
0"
#5205975247
1#
#5206075247
0#
#5206175247
1#
#5206275247
0#
#5206375247
1#
#5206475247
0#
#5206575247
1#
#5206657343
1"
#5206675247
0#
#5206775247
1#
#5206875247
0#
#5206975247
1#
#5207075247
0#
#5207175247
1#
#5207275247
0#
#5207375247
1#
#5207418843
0"
#5207475247
0#
#5207575247
1#
#5207675247
0#
#5207775247
1#
#5207875247
0#
#5207975247
1#
#5208075247
0#
#5208175247
1#
#5208180343
1"
#5208275247
0#
#5208375247
1#
#5208475247
0#
#5208575247
1#
#5208675247
0#
#5208775247
1#
#5208875247
0#
#5208951843
0"
#5208975247
1#
#5209075247
0#
#5209175247
1#
#5209275247
0#
#5209375247
1#
#5209475247
0#
#5209575247
1#
#5209675247
0#
#5209723343
1"
#5209775247
1#
#5209875247
0#
#5209975247
1#
#5210075247
0#
#5210175247
1#
#5210275247
0#
#5210375247
1#
#5210475247
0#
#5210506343
0"
#5210575247
1#
#5210675247
0#
#5210775247
1#
#5210875247
0#
#5210975247
1#
#5211075247
0#
#5211175247
1#
#5211275247
0#
#5211289343
1"
#5211375247
1#
#5211475247
0#
#5211575247
1#
#5211675247
0#
#5211775247
1#
#5211875247
0#
#5211975247
1#
#5212075247
0#
#5212084343
0"
#5212175247
1#
#5212275247
0#
#5212375247
1#
#5212475247
0#
#5212575247
1#
#5212675247
0#
#5212775247
1#
#5212875247
0#
#5212879343
1"
#5212975247
1#
#5213075247
0#
#5213175247
1#
#5213275247
0#
#5213375247
1#
#5213475247
0#
#5213575247
1#
#5213675247
0#
#5213686343
0"
#5213775247
1#
#5213875247
0#
#5213975247
1#
#5214075247
0#
#5214175247
1#
#5214275247
0#
#5214375247
1#
#5214475247
0#
#5214493343
1"
#5214575247
1#
#5214675247
0#
#5214775247
1#
#5214875247
0#
#5214975247
1#
#5215075247
0#
#5215175247
1#
#5215275247
0#
#5215313343
0"
#5215375247
1#
#5215475247
0#
#5215575247
1#
#5215675247
0#
#5215775247
1#
#5215875247
0#
#5215975247
1#
#5216075247
0#
#5216133343
1"
#5216175247
1#
#5216275247
0#
#5216375247
1#
#5216475247
0#
#5216575247
1#
#5216675247
0#
#5216775247
1#
#5216875247
0#
#5216966843
0"
#5216975247
1#
#5217075247
0#
#5217175247
1#
#5217275247
0#
#5217375247
1#
#5217475247
0#
#5217575247
1#
#5217675247
0#
#5217775247
1#
#5217800343
1"
#5217875247
0#
#5217975247
1#
#5218075247
0#
#5218175247
1#
#5218275247
0#
#5218375247
1#
#5218475247
0#
#5218575247
1#
#5218647343
0"
#5218675247
0#
#5218775247
1#
#5218875247
0#
#5218975247
1#
#5219075247
0#
#5219175247
1#
#5219275247
0#
#5219375247
1#
#5219475247
0#
#5219494343
1"
#5219575247
1#
#5219675247
0#
#5219775247
1#
#5219875247
0#
#5219975247
1#
#5220075247
0#
#5220175247
1#
#5220275247
0#
#5220356843
0"
#5220375247
1#
#5220475247
0#
#5220575247
1#
#5220675247
0#
#5220775247
1#
#5220875247
0#
#5220975247
1#
#5221075247
0#
#5221175247
1#
#5221219343
1"
#5221275247
0#
#5221375247
1#
#5221475247
0#
#5221575247
1#
#5221675247
0#
#5221775247
1#
#5221875247
0#
#5221975247
1#
#5222075247
0#
#5222098343
0"
#5222175247
1#
#5222275247
0#
#5222375247
1#
#5222475247
0#
#5222575247
1#
#5222675247
0#
#5222775247
1#
#5222875247
0#
#5222975247
1#
#5222977343
1"
#5223075247
0#
#5223175247
1#
#5223275247
0#
#5223375247
1#
#5223475247
0#
#5223575247
1#
#5223675247
0#
#5223775247
1#
#5223873343
0"
#5223875247
0#
#5223975247
1#
#5224075247
0#
#5224175247
1#
#5224275247
0#
#5224375247
1#
#5224475247
0#
#5224575247
1#
#5224675247
0#
#5224769343
1"
#5224775247
1#
#5224875247
0#
#5224975247
1#
#5225075247
0#
#5225175247
1#
#5225275247
0#
#5225375247
1#
#5225475247
0#
#5225575247
1#
#5225675247
0#
#5225682343
0"
#5225775247
1#
#5225875247
0#
#5225975247
1#
#5226075247
0#
#5226175247
1#
#5226275247
0#
#5226375247
1#
#5226475247
0#
#5226575247
1#
#5226595343
1"
#5226675247
0#
#5226775247
1#
#5226875247
0#
#5226975247
1#
#5227075247
0#
#5227175247
1#
#5227275247
0#
#5227375247
1#
#5227475247
0#
#5227526843
0"
#5227575247
1#
#5227675247
0#
#5227775247
1#
#5227875247
0#
#5227975247
1#
#5228075247
0#
#5228175247
1#
#5228275247
0#
#5228375247
1#
#5228458343
1"
#5228475247
0#
#5228575247
1#
#5228675247
0#
#5228775247
1#
#5228875247
0#
#5228975247
1#
#5229075247
0#
#5229175247
1#
#5229275247
0#
#5229375247
1#
#5229410343
0"
#5229475247
0#
#5229575247
1#
#5229675247
0#
#5229775247
1#
#5229875247
0#
#5229975247
1#
#5230075247
0#
#5230175247
1#
#5230275247
0#
#5230362343
1"
#5230375247
1#
#5230475247
0#
#5230575247
1#
#5230675247
0#
#5230775247
1#
#5230875247
0#
#5230975247
1#
#5231075247
0#
#5231175247
1#
#5231275247
0#
#5231336343
0"
#5231375247
1#
#5231475247
0#
#5231575247
1#
#5231675247
0#
#5231775247
1#
#5231875247
0#
#5231975247
1#
#5232075247
0#
#5232175247
1#
#5232275247
0#
#5232310343
1"
#5232375247
1#
#5232475247
0#
#5232575247
1#
#5232675247
0#
#5232775247
1#
#5232875247
0#
#5232975247
1#
#5233075247
0#
#5233175247
1#
#5233275247
0#
#5233306843
0"
#5233375247
1#
#5233475247
0#
#5233575247
1#
#5233675247
0#
#5233775247
1#
#5233875247
0#
#5233975247
1#
#5234075247
0#
#5234175247
1#
#5234275247
0#
#5234303343
1"
#5234375247
1#
#5234475247
0#
#5234575247
1#
#5234675247
0#
#5234775247
1#
#5234875247
0#
#5234975247
1#
#5235075247
0#
#5235175247
1#
#5235275247
0#
#5235324343
0"
#5235375247
1#
#5235475247
0#
#5235575247
1#
#5235675247
0#
#5235775247
1#
#5235875247
0#
#5235975247
1#
#5236075247
0#
#5236175247
1#
#5236275247
0#
#5236345343
1"
#5236375247
1#
#5236475247
0#
#5236575247
1#
#5236675247
0#
#5236775247
1#
#5236875247
0#
#5236975247
1#
#5237075247
0#
#5237175247
1#
#5237275247
0#
#5237375247
1#
#5237393343
0"
#5237475247
0#
#5237575247
1#
#5237675247
0#
#5237775247
1#
#5237875247
0#
#5237975247
1#
#5238075247
0#
#5238175247
1#
#5238275247
0#
#5238375247
1#
#5238441343
1"
#5238475247
0#
#5238575247
1#
#5238675247
0#
#5238775247
1#
#5238875247
0#
#5238975247
1#
#5239075247
0#
#5239175247
1#
#5239275247
0#
#5239375247
1#
#5239475247
0#
#5239518343
0"
#5239575247
1#
#5239675247
0#
#5239775247
1#
#5239875247
0#
#5239975247
1#
#5240075247
0#
#5240175247
1#
#5240275247
0#
#5240375247
1#
#5240475247
0#
#5240575247
1#
#5240595343
1"
#5240675247
0#
#5240775247
1#
#5240875247
0#
#5240975247
1#
#5241075247
0#
#5241175247
1#
#5241275247
0#
#5241375247
1#
#5241475247
0#
#5241575247
1#
#5241675247
0#
#5241703343
0"
#5241775247
1#
#5241875247
0#
#5241975247
1#
#5242075247
0#
#5242175247
1#
#5242275247
0#
#5242375247
1#
#5242475247
0#
#5242575247
1#
#5242675247
0#
#5242775247
1#
#5242811343
1"
#5242875247
0#
#5242975247
1#
#5243075247
0#
#5243175247
1#
#5243275247
0#
#5243375247
1#
#5243475247
0#
#5243575247
1#
#5243675247
0#
#5243775247
1#
#5243875247
0#
#5243952343
0"
#5243975247
1#
#5244075247
0#
#5244175247
1#
#5244275247
0#
#5244375247
1#
#5244475247
0#
#5244575247
1#
#5244675247
0#
#5244775247
1#
#5244875247
0#
#5244975247
1#
#5245075247
0#
#5245093343
1"
#5245175247
1#
#5245275247
0#
#5245375247
1#
#5245475247
0#
#5245575247
1#
#5245675247
0#
#5245775247
1#
#5245875247
0#
#5245975247
1#
#5246075247
0#
#5246175247
1#
#5246272343
0"
#5246275247
0#
#5246375247
1#
#5246475247
0#
#5246575247
1#
#5246675247
0#
#5246775247
1#
#5246875247
0#
#5246975247
1#
#5247075247
0#
#5247175247
1#
#5247275247
0#
#5247375247
1#
#5247451343
1"
#5247475247
0#
#5247575247
1#
#5247675247
0#
#5247775247
1#
#5247875247
0#
#5247975247
1#
#5248075247
0#
#5248175247
1#
#5248275247
0#
#5248375247
1#
#5248475247
0#
#5248575247
1#
#5248671343
0"
#5248675247
0#
#5248775247
1#
#5248875247
0#
#5248975247
1#
#5249075247
0#
#5249175247
1#
#5249275247
0#
#5249375247
1#
#5249475247
0#
#5249575247
1#
#5249675247
0#
#5249775247
1#
#5249875247
0#
#5249891343
1"
#5249975247
1#
#5250075247
0#
#5250175247
1#
#5250275247
0#
#5250375247
1#
#5250475247
0#
#5250575247
1#
#5250675247
0#
#5250775247
1#
#5250875247
0#
#5250975247
1#
#5251075247
0#
#5251158343
0"
#5251175247
1#
#5251275247
0#
#5251375247
1#
#5251475247
0#
#5251575247
1#
#5251675247
0#
#5251775247
1#
#5251875247
0#
#5251975247
1#
#5252075247
0#
#5252175247
1#
#5252275247
0#
#5252375247
1#
#5252425343
1"
#5252475247
0#
#5252575247
1#
#5252675247
0#
#5252775247
1#
#5252875247
0#
#5252975247
1#
#5253075247
0#
#5253175247
1#
#5253275247
0#
#5253375247
1#
#5253475247
0#
#5253575247
1#
#5253675247
0#
#5253742343
0"
#5253775247
1#
#5253875247
0#
#5253975247
1#
#5254075247
0#
#5254175247
1#
#5254275247
0#
#5254375247
1#
#5254475247
0#
#5254575247
1#
#5254675247
0#
#5254775247
1#
#5254875247
0#
#5254975247
1#
#5255059343
1"
#5255075247
0#
#5255175247
1#
#5255275247
0#
#5255375247
1#
#5255475247
0#
#5255575247
1#
#5255675247
0#
#5255775247
1#
#5255875247
0#
#5255975247
1#
#5256075247
0#
#5256175247
1#
#5256275247
0#
#5256375247
1#
#5256437343
0"
#5256475247
0#
#5256575247
1#
#5256675247
0#
#5256775247
1#
#5256875247
0#
#5256975247
1#
#5257075247
0#
#5257175247
1#
#5257275247
0#
#5257375247
1#
#5257475247
0#
#5257575247
1#
#5257675247
0#
#5257775247
1#
#5257815343
1"
#5257875247
0#
#5257975247
1#
#5258075247
0#
#5258175247
1#
#5258275247
0#
#5258375247
1#
#5258475247
0#
#5258575247
1#
#5258675247
0#
#5258775247
1#
#5258875247
0#
#5258975247
1#
#5259075247
0#
#5259175247
1#
#5259259343
0"
#5259275247
0#
#5259375247
1#
#5259475247
0#
#5259575247
1#
#5259675247
0#
#5259775247
1#
#5259875247
0#
#5259975247
1#
#5260075247
0#
#5260175247
1#
#5260275247
0#
#5260375247
1#
#5260475247
0#
#5260575247
1#
#5260675247
0#
#5260703343
1"
#5260775247
1#
#5260875247
0#
#5260975247
1#
#5261075247
0#
#5261175247
1#
#5261275247
0#
#5261375247
1#
#5261475247
0#
#5261575247
1#
#5261675247
0#
#5261775247
1#
#5261875247
0#
#5261975247
1#
#5262075247
0#
#5262175247
1#
#5262226343
0"
#5262275247
0#
#5262375247
1#
#5262475247
0#
#5262575247
1#
#5262675247
0#
#5262775247
1#
#5262875247
0#
#5262975247
1#
#5263075247
0#
#5263175247
1#
#5263275247
0#
#5263375247
1#
#5263475247
0#
#5263575247
1#
#5263675247
0#
#5263749343
1"
#5263775247
1#
#5263875247
0#
#5263975247
1#
#5264075247
0#
#5264175247
1#
#5264275247
0#
#5264375247
1#
#5264475247
0#
#5264575247
1#
#5264675247
0#
#5264775247
1#
#5264875247
0#
#5264975247
1#
#5265075247
0#
#5265175247
1#
#5265275247
0#
#5265363343
0"
#5265375247
1#
#5265475247
0#
#5265575247
1#
#5265675247
0#
#5265775247
1#
#5265875247
0#
#5265975247
1#
#5266075247
0#
#5266175247
1#
#5266275247
0#
#5266375247
1#
#5266475247
0#
#5266575247
1#
#5266675247
0#
#5266775247
1#
#5266875247
0#
#5266975247
1#
#5266977343
1"
#5267075247
0#
#5267175247
1#
#5267275247
0#
#5267375247
1#
#5267475247
0#
#5267575247
1#
#5267675247
0#
#5267775247
1#
#5267875247
0#
#5267975247
1#
#5268075247
0#
#5268175247
1#
#5268275247
0#
#5268375247
1#
#5268475247
0#
#5268575247
1#
#5268675247
0#
#5268702343
0"
#5268775247
1#
#5268875247
0#
#5268975247
1#
#5269075247
0#
#5269175247
1#
#5269275247
0#
#5269375247
1#
#5269475247
0#
#5269575247
1#
#5269675247
0#
#5269775247
1#
#5269875247
0#
#5269975247
1#
#5270075247
0#
#5270175247
1#
#5270275247
0#
#5270375247
1#
#5270427343
1"
#5270475247
0#
#5270575247
1#
#5270675247
0#
#5270775247
1#
#5270875247
0#
#5270975247
1#
#5271075247
0#
#5271175247
1#
#5271275247
0#
#5271375247
1#
#5271475247
0#
#5271575247
1#
#5271675247
0#
#5271775247
1#
#5271875247
0#
#5271975247
1#
#5272075247
0#
#5272175247
1#
#5272275247
0#
#5272290343
0"
#5272375247
1#
#5272475247
0#
#5272575247
1#
#5272675247
0#
#5272775247
1#
#5272875247
0#
#5272975247
1#
#5273075247
0#
#5273175247
1#
#5273275247
0#
#5273375247
1#
#5273475247
0#
#5273575247
1#
#5273675247
0#
#5273775247
1#
#5273875247
0#
#5273975247
1#
#5274075247
0#
#5274153343
1"
#5274175247
1#
#5274275247
0#
#5274375247
1#
#5274475247
0#
#5274575247
1#
#5274675247
0#
#5274775247
1#
#5274875247
0#
#5274975247
1#
#5275075247
0#
#5275175247
1#
#5275275247
0#
#5275375247
1#
#5275475247
0#
#5275575247
1#
#5275675247
0#
#5275775247
1#
#5275875247
0#
#5275975247
1#
#5276075247
0#
#5276175247
1#
#5276195343
0"
#5276275247
0#
#5276375247
1#
#5276475247
0#
#5276575247
1#
#5276675247
0#
#5276775247
1#
#5276875247
0#
#5276975247
1#
#5277075247
0#
#5277175247
1#
#5277275247
0#
#5277375247
1#
#5277475247
0#
#5277575247
1#
#5277675247
0#
#5277775247
1#
#5277875247
0#
#5277975247
1#
#5278075247
0#
#5278175247
1#
#5278237343
1"
#5278275247
0#
#5278375247
1#
#5278475247
0#
#5278575247
1#
#5278675247
0#
#5278775247
1#
#5278875247
0#
#5278975247
1#
#5279075247
0#
#5279175247
1#
#5279275247
0#
#5279375247
1#
#5279378343
0"
#5279475247
0#
#5279575247
1#
#5279675247
0#
#5279775247
1#
#5279875247
0#
#5279975247
1#
#5280075247
0#
#5280175247
1#
#5280275247
0#
#5280375247
1#
#5280475247
0#
#5280575247
1#
#5280675247
0#
#5280775247
1#
#5280875247
0#
#5280975247
1#
#5281075247
0#
#5281175247
1#
#5281275247
0#
#5281375247
1#
#5281475247
0#
#5281575247
1#
#5281675247
0#
#5281775247
1#
#5281875247
0#
#5281975247
1#
#5282075247
0#
#5282175247
1#
#5282275247
0#
#5282375247
1#
#5282475247
0#
#5282575247
1#
#5282675247
0#
#5282775247
1#
#5282801343
1"
#5282875247
0#
#5282975247
1#
#5283075247
0#
#5283175247
1#
#5283275247
0#
#5283375247
1#
#5283475247
0#
#5283575247
1#
#5283675247
0#
#5283775247
1#
#5283875247
0#
#5283975247
1#
#5284075247
0#
#5284118343
0"
#5284175247
1#
#5284275247
0#
#5284375247
1#
#5284475247
0#
#5284575247
1#
#5284675247
0#
#5284775247
1#
#5284875247
0#
#5284975247
1#
#5285075247
0#
#5285175247
1#
#5285275247
0#
#5285375247
1#
#5285475247
0#
#5285575247
1#
#5285675247
0#
#5285775247
1#
#5285875247
0#
#5285975247
1#
#5286075247
0#
#5286175247
1#
#5286275247
0#
#5286375247
1#
#5286475247
0#
#5286575247
1#
#5286675247
0#
#5286775247
1#
#5286875247
0#
#5286975247
1#
#5287075247
0#
#5287175247
1#
#5287275247
0#
#5287375247
1#
#5287475247
0#
#5287575247
1#
#5287675247
0#
#5287775247
1#
#5287875247
0#
#5287975247
1#
#5288069343
1"
#5288075247
0#
#5288175247
1#
#5288275247
0#
#5288375247
1#
#5288475247
0#
#5288575247
1#
#5288675247
0#
#5288775247
1#
#5288875247
0#
#5288975247
1#
#5289075247
0#
#5289175247
1#
#5289275247
0#
#5289375247
1#
#5289475247
0#
#5289575247
1#
#5289675247
0#
#5289683343
0"
#5289775247
1#
#5289875247
0#
#5289975247
1#
#5290075247
0#
#5290175247
1#
#5290275247
0#
#5290375247
1#
#5290475247
0#
#5290575247
1#
#5290675247
0#
#5290775247
1#
#5290875247
0#
#5290975247
1#
#5291075247
0#
#5291175247
1#
#5291275247
0#
#5291375247
1#
#5291475247
0#
#5291575247
1#
#5291675247
0#
#5291775247
1#
#5291875247
0#
#5291975247
1#
#5292075247
0#
#5292175247
1#
#5292275247
0#
#5292375247
1#
#5292475247
0#
#5292575247
1#
#5292675247
0#
#5292775247
1#
#5292875247
0#
#5292975247
1#
#5293075247
0#
#5293175247
1#
#5293275247
0#
#5293375247
1#
#5293475247
0#
#5293575247
1#
#5293675247
0#
#5293775247
1#
#5293875247
0#
#5293975247
1#
#5294075247
0#
#5294175247
1#
#5294275247
0#
#5294375247
1#
#5294475247
0#
#5294525343
1"
#5294575247
1#
#5294675247
0#
#5294775247
1#
#5294875247
0#
#5294975247
1#
#5295075247
0#
#5295175247
1#
#5295275247
0#
#5295375247
1#
#5295475247
0#
#5295575247
1#
#5295675247
0#
#5295775247
1#
#5295875247
0#
#5295975247
1#
#5296075247
0#
#5296175247
1#
#5296275247
0#
#5296375247
1#
#5296475247
0#
#5296573281
0"
#5296575247
1#
#5296675247
0#
#5296775247
1#
#5296875247
0#
#5296975247
1#
#5297075247
0#
#5297175247
1#
#5297275247
0#
#5297375247
1#
#5297475247
0#
#5297575247
1#
#5297675247
0#
#5297775247
1#
#5297875247
0#
#5297975247
1#
#5298075247
0#
#5298175247
1#
#5298275247
0#
#5298375247
1#
#5298475247
0#
#5298575247
1#
#5298675247
0#
#5298775247
1#
#5298875247
0#
#5298975247
1#
#5299075247
0#
#5299175247
1#
#5299275247
0#
#5299375247
1#
#5299475247
0#
#5299575247
1#
#5299675247
0#
#5299775247
1#
#5299875247
0#
#5299975247
1#
#5300075247
0#
#5300175247
1#
#5300275247
0#
#5300375247
1#
#5300475247
0#
#5300575247
1#
#5300675247
0#
#5300775247
1#
#5300875247
0#
#5300975247
1#
#5301075247
0#
#5301175247
1#
#5301275247
0#
#5301375247
1#
#5301475247
0#
#5301575247
1#
#5301675247
0#
#5301775247
1#
#5301875247
0#
#5301975247
1#
#5302075247
0#
#5302175247
1#
#5302275247
0#
#5302375247
1#
#5302475247
0#
#5302575247
1#
#5302675247
0#
#5302775247
1#
#5302875247
0#
#5302975247
1#
#5303075247
0#
#5303175247
1#
#5303275247
0#
#5303375247
1#
#5303475247
0#
#5303575247
1#
#5303653343
1"
#5303675247
0#
#5303775247
1#
#5303875247
0#
#5303975247
1#
#5304075247
0#
#5304175247
1#
#5304275247
0#
#5304375247
1#
#5304475247
0#
#5304575247
1#
#5304675247
0#
#5304775247
1#
#5304875247
0#
#5304975247
1#
#5305075247
0#
#5305175247
1#
#5305275247
0#
#5305375247
1#
#5305475247
0#
#5305575247
1#
#5305675247
0#
#5305701281
0"
#5305775247
1#
#5305875247
0#
#5305975247
1#
#5306075247
0#
#5306175247
1#
#5306275247
0#
#5306375247
1#
#5306475247
0#
#5306575247
1#
#5306675247
0#
#5306775247
1#
#5306875247
0#
#5306975247
1#
#5307075247
0#
#5307175247
1#
#5307275247
0#
#5307375247
1#
#5307475247
0#
#5307575247
1#
#5307675247
0#
#5307775247
1#
#5307875247
0#
#5307975247
1#
#5308075247
0#
#5308175247
1#
#5308275247
0#
#5308375247
1#
#5308475247
0#
#5308575247
1#
#5308675247
0#
#5308775247
1#
#5308875247
0#
#5308975247
1#
#5309075247
0#
#5309175247
1#
#5309275247
0#
#5309375247
1#
#5309475247
0#
#5309575247
1#
#5309675247
0#
#5309775247
1#
#5309875247
0#
#5309975247
1#
#5310075247
0#
#5310175247
1#
#5310275247
0#
#5310375247
1#
#5310475247
0#
#5310575247
1#
#5310675247
0#
#5310775247
1#
#5310875247
0#
#5310975247
1#
#5311075247
0#
#5311175247
1#
#5311275247
0#
#5311375247
1#
#5311475247
0#
#5311575247
1#
#5311675247
0#
#5311775247
1#
#5311875247
0#
#5311975247
1#
#5312075247
0#
#5312175247
1#
#5312275247
0#
#5312375247
1#
#5312475247
0#
#5312575247
1#
#5312675247
0#
#5312775247
1#
#5312875247
0#
#5312975247
1#
#5313075247
0#
#5313175247
1#
#5313275247
0#
#5313375247
1#
#5313475247
0#
#5313575247
1#
#5313675247
0#
#5313775247
1#
#5313875247
0#
#5313975247
1#
#5314075247
0#
#5314175247
1#
#5314275247
0#
#5314375247
1#
#5314475247
0#
#5314575247
1#
#5314675247
0#
#5314775247
1#
#5314875247
0#
#5314975247
1#
#5315075247
0#
#5315175247
1#
#5315275247
0#
#5315375247
1#
#5315475247
0#
#5315575247
1#
#5315675247
0#
#5315775247
1#
#5315875247
0#
#5315975247
1#
#5316075247
0#
#5316175247
1#
#5316275247
0#
#5316375247
1#
#5316475247
0#
#5316575247
1#
#5316675247
0#
#5316775247
1#
#5316875247
0#
#5316975247
1#
#5317075247
0#
#5317175247
1#
#5317275247
0#
#5317375247
1#
#5317475247
0#
#5317575247
1#
#5317675247
0#
#5317775247
1#
#5317875247
0#
#5317975247
1#
#5318075247
0#
#5318175247
1#
#5318275247
0#
#5318375247
1#
#5318475247
0#
#5318575247
1#
#5318675247
0#
#5318775247
1#
#5318875247
0#
#5318975247
1#
#5319075247
0#
#5319175247
1#
#5319275247
0#
#5319375247
1#
#5319475247
0#
#5319575247
1#
#5319675247
0#
#5319775247
1#
#5319875247
0#
#5319975247
1#
#5320075247
0#
#5320175247
1#
#5320275247
0#
#5320375247
1#
#5320475247
0#
#5320575247
1#
#5320675247
0#
#5320775247
1#
#5320875247
0#
#5320975247
1#
#5321075247
0#
#5321175247
1#
#5321275247
0#
#5321375247
1#
#5321475247
0#
#5321575247
1#
#5321675247
0#
#5321775247
1#
#5321875247
0#
#5321975247
1#
#5322075247
0#
#5322175247
1#
#5322275247
0#
#5322375247
1#
#5322475247
0#
#5322575247
1#
#5322675247
0#
#5322775247
1#
#5322875247
0#
#5322975247
1#
#5323075247
0#
#5323175247
1#
#5323275247
0#
#5323375247
1#
#5323475247
0#
#5323575247
1#
#5323675247
0#
#5323775247
1#
#5323875247
0#
#5323975247
1#
#5324075247
0#
#5324175247
1#
#5324275247
0#
#5324375247
1#
#5324475247
0#
#5324575247
1#
#5324675247
0#
#5324775247
1#
#5324875247
0#
#5324975247
1#
#5325075247
0#
#5325175247
1#
#5325275247
0#
#5325375247
1#
#5325475247
0#
#5325575247
1#
#5325675247
0#
#5325775247
1#
#5325875247
0#
#5325975247
1#
#5326075247
0#
#5326175247
1#
#5326275247
0#
#5326375247
1#
#5326475247
0#
#5326575247
1#
#5326675247
0#
#5326775247
1#
#5326875247
0#
#5326975247
1#
#5327075247
0#
#5327175247
1#
#5327275247
0#
#5327375247
1#
#5327475247
0#
#5327575247
1#
#5327675247
0#
#5327775247
1#
#5327875247
0#
#5327975247
1#
#5328075247
0#
#5328175247
1#
#5328275247
0#
#5328375247
1#
#5328475247
0#
#5328575247
1#
#5328675247
0#
#5328775247
1#
#5328875247
0#
#5328975247
1#
#5329075247
0#
#5329175247
1#
#5329275247
0#
#5329375247
1#
#5329475247
0#
#5329575247
1#
#5329675247
0#
#5329775247
1#
#5329875247
0#
#5329975247
1#
#5330075247
0#
#5330175247
1#
#5330275247
0#
#5330375247
1#
#5330475247
0#
#5330575247
1#
#5330675247
0#
#5330775247
1#
#5330875247
0#
#5330975247
1#
#5331075247
0#
#5331175247
1#
#5331275247
0#
#5331375247
1#
#5331475247
0#
#5331575247
1#
#5331675247
0#
#5331775247
1#
#5331875247
0#
#5331975247
1#
#5332075247
0#
#5332175247
1#
#5332275247
0#
#5332375247
1#
#5332475247
0#
#5332575247
1#
#5332675247
0#
#5332775247
1#
#5332875247
0#
#5332975247
1#
#5333075247
0#
#5333175247
1#
#5333275247
0#
#5333375247
1#
#5333475247
0#
#5333575247
1#
#5333675247
0#
#5333775247
1#
#5333875247
0#
#5333975247
1#
#5334075247
0#
#5334175247
1#
#5334275247
0#
#5334375247
1#
#5334475247
0#
#5334575247
1#
#5334675247
0#
#5334775247
1#
#5334875247
0#
#5334975247
1#
#5335075247
0#
#5335175247
1#
#5335275247
0#
#5335375247
1#
#5335475247
0#
#5335575247
1#
#5335675247
0#
#5335775247
1#
#5335875247
0#
#5335975247
1#
#5336075247
0#
#5336175247
1#
#5336275247
0#
#5336375247
1#
#5336475247
0#
#5336575247
1#
#5336675247
0#
#5336775247
1#
#5336875247
0#
#5336975247
1#
#5337075247
0#
#5337175247
1#
#5337275247
0#
#5337375247
1#
#5337475247
0#
#5337575247
1#
#5337675247
0#
#5337775247
1#
#5337875247
0#
#5337975247
1#
#5338075247
0#
#5338175247
1#
#5338275247
0#
#5338375247
1#
#5338475247
0#
#5338575247
1#
#5338675247
0#
#5338775247
1#
#5338875247
0#
#5338975247
1#
#5339075247
0#
#5339175247
1#
#5339275247
0#
#5339375247
1#
#5339475247
0#
#5339575247
1#
#5339675247
0#
#5339775247
1#
#5339875247
0#
#5339975247
1#
#5340075247
0#
#5340175247
1#
#5340275247
0#
#5340375247
1#
#5340475247
0#
#5340575247
1#
#5340675247
0#
#5340775247
1#
#5340875247
0#
#5340975247
1#
#5341075247
0#
#5341175247
1#
#5341275247
0#
#5341375247
1#
#5341475247
0#
#5341575247
1#
#5341675247
0#
#5341775247
1#
#5341875247
0#
#5341975247
1#
#5342075247
0#
#5342175247
1#
#5342275247
0#
#5342375247
1#
#5342475247
0#
#5342575247
1#
#5342675247
0#
#5342775247
1#
#5342875247
0#
#5342975247
1#
#5343075247
0#
#5343175247
1#
#5343275247
0#
#5343375247
1#
#5343475247
0#
#5343575247
1#
#5343675247
0#
#5343775247
1#
#5343875247
0#
#5343975247
1#
#5344075247
0#
#5344175247
1#
#5344275247
0#
#5344375247
1#
#5344475247
0#
#5344575247
1#
#5344675247
0#
#5344775247
1#
#5344875247
0#
#5344975247
1#
#5345075247
0#
#5345175247
1#
#5345275247
0#
#5345375247
1#
#5345475247
0#
#5345575247
1#
#5345675247
0#
#5345775247
1#
#5345875247
0#
#5345975247
1#
#5346075247
0#
#5346175247
1#
#5346275247
0#
#5346375247
1#
#5346475247
0#
#5346575247
1#
#5346675247
0#
#5346775247
1#
#5346875247
0#
#5346975247
1#
#5347075247
0#
#5347175247
1#
#5347275247
0#
#5347375247
1#
#5347475247
0#
#5347575247
1#
#5347675247
0#
#5347775247
1#
#5347875247
0#
#5347975247
1#
#5348075247
0#
#5348175247
1#
#5348275247
0#
#5348375247
1#
#5348475247
0#
#5348575247
1#
#5348675247
0#
#5348775247
1#
#5348875247
0#
#5348975247
1#
#5349075247
0#
#5349175247
1#
#5349275247
0#
#5349375247
1#
#5349475247
0#
#5349575247
1#
#5349675247
0#
#5349775247
1#
#5349875247
0#
#5349975247
1#
#5350075247
0#
#5350175247
1#
#5350275247
0#
#5350375247
1#
#5350475247
0#
#5350575247
1#
#5350675247
0#
#5350775247
1#
#5350875247
0#
#5350975247
1#
#5351075247
0#
#5351175247
1#
#5351275247
0#
#5351375247
1#
#5351475247
0#
#5351575247
1#
#5351675247
0#
#5351775247
1#
#5351875247
0#
#5351975247
1#
#5352075247
0#
#5352175247
1#
#5352275247
0#
#5352375247
1#
#5352475247
0#
#5352575247
1#
#5352675247
0#
#5352775247
1#
#5352875247
0#
#5352975247
1#
#5353075247
0#
#5353175247
1#
#5353275247
0#
#5353375247
1#
#5353475247
0#
#5353575247
1#
#5353675247
0#
#5353775247
1#
#5353875247
0#
#5353975247
1#
#5354075247
0#
#5354175247
1#
#5354275247
0#
#5354375247
1#
#5354475247
0#
#5354575247
1#
#5354675247
0#
#5354775247
1#
#5354875247
0#
#5354975247
1#
#5355075247
0#
#5355175247
1#
#5355275247
0#
#5355375247
1#
#5355475247
0#
#5355575247
1#
#5355675247
0#
#5355775247
1#
#5355875247
0#
#5355975247
1#
#5356075247
0#
#5356175247
1#
#5356275247
0#
#5356375247
1#
#5356475247
0#
#5356575247
1#
#5356675247
0#
#5356775247
1#
#5356875247
0#
#5356975247
1#
#5357075247
0#
#5357175247
1#
#5357275247
0#
#5357375247
1#
#5357475247
0#
#5357575247
1#
#5357675247
0#
#5357775247
1#
#5357875247
0#
#5357975247
1#
#5358075247
0#
#5358175247
1#
#5358275247
0#
#5358375247
1#
#5358475247
0#
#5358575247
1#
#5358675247
0#
#5358775247
1#
#5358875247
0#
#5358975247
1#
#5359075247
0#
#5359175247
1#
#5359275247
0#
#5359375247
1#
#5359475247
0#
#5359575247
1#
#5359675247
0#
#5359775247
1#
#5359875247
0#
#5359975247
1#
#5360075247
0#
#5360175247
1#
#5360275247
0#
#5360375247
1#
#5360475247
0#
#5360575247
1#
#5360675247
0#
#5360775247
1#
#5360875247
0#
#5360975247
1#
#5361075247
0#
#5361175247
1#
#5361275247
0#
#5361375247
1#
#5361475247
0#
#5361575247
1#
#5361675247
0#
#5361775247
1#
#5361875247
0#
#5361975247
1#
#5362075247
0#
#5362175247
1#
#5362275247
0#
#5362375247
1#
#5362475247
0#
#5362575247
1#
#5362675247
0#
#5362775247
1#
#5362875247
0#
#5362975247
1#
#5363075247
0#
#5363175247
1#
#5363275247
0#
#5363375247
1#
#5363475247
0#
#5363575247
1#
#5363675247
0#
#5363775247
1#
#5363875247
0#
#5363975247
1#
#5364075247
0#
#5364175247
1#
#5364275247
0#
#5364375247
1#
#5364475247
0#
#5364575247
1#
#5364675247
0#
#5364775247
1#
#5364875247
0#
#5364975247
1#
#5365075247
0#
#5365175247
1#
#5365275247
0#
#5365375247
1#
#5365475247
0#
#5365575247
1#
#5365675247
0#
#5365775247
1#
#5365875247
0#
#5365975247
1#
#5366075247
0#
#5366175247
1#
#5366275247
0#
#5366375247
1#
#5366475247
0#
#5366575247
1#
#5366675247
0#
#5366775247
1#
#5366875247
0#
#5366975247
1#
#5367075247
0#
#5367175247
1#
#5367275247
0#
#5367375247
1#
#5367475247
0#
#5367575247
1#
#5367675247
0#
#5367775247
1#
#5367875247
0#
#5367975247
1#
#5368075247
0#
#5368175247
1#
#5368275247
0#
#5368375247
1#
#5368475247
0#
#5368575247
1#
#5368675247
0#
#5368775247
1#
#5368875247
0#
#5368975247
1#
#5369075247
0#
#5369175247
1#
#5369275247
0#
#5369375247
1#
#5369475247
0#
#5369575247
1#
#5369675247
0#
#5369775247
1#
#5369875247
0#
#5369975247
1#
#5370075247
0#
#5370175247
1#
#5370275247
0#
#5370375247
1#
#5370475247
0#
#5370575247
1#
#5370675247
0#
#5370775247
1#
#5370875247
0#
#5370975247
1#
#5371075247
0#
#5371175247
1#
#5371275247
0#
#5371375247
1#
#5371475247
0#
#5371575247
1#
#5371675247
0#
#5371775247
1#
#5371875247
0#
#5371975247
1#
#5372075247
0#
#5372175247
1#
#5372275247
0#
#5372375247
1#
#5372475247
0#
#5372575247
1#
#5372675247
0#
#5372775247
1#
#5372875247
0#
#5372975247
1#
#5373075247
0#
#5373175247
1#
#5373275247
0#
#5373375247
1#
#5373475247
0#
#5373575247
1#
#5373675247
0#
#5373775247
1#
#5373875247
0#
#5373975247
1#
#5374075247
0#
#5374175247
1#
#5374275247
0#
#5374375247
1#
#5374475247
0#
#5374575247
1#
#5374675247
0#
#5374775247
1#
#5374875247
0#
#5374975247
1#
#5375075247
0#
#5375175247
1#
#5375275247
0#
#5375375247
1#
#5375475247
0#
#5375575247
1#
#5375675247
0#
#5375775247
1#
#5375875247
0#
#5375975247
1#
#5376075247
0#
#5376175247
1#
#5376275247
0#
#5376375247
1#
#5376475247
0#
#5376575247
1#
#5376675247
0#
#5376775247
1#
#5376875247
0#
#5376975247
1#
#5377075247
0#
#5377175247
1#
#5377275247
0#
#5377375247
1#
#5377475247
0#
#5377575247
1#
#5377675247
0#
#5377775247
1#
#5377875247
0#
#5377975247
1#
#5378075247
0#
#5378175247
1#
#5378275247
0#
#5378375247
1#
#5378475247
0#
#5378575247
1#
#5378675247
0#
#5378775247
1#
#5378875247
0#
#5378975247
1#
#5379075247
0#
#5379175247
1#
#5379275247
0#
#5379375247
1#
#5379475247
0#
#5379575247
1#
#5379675247
0#
#5379775247
1#
#5379875247
0#
#5379975247
1#
#5380075247
0#
#5380175247
1#
#5380275247
0#
#5380375247
1#
#5380475247
0#
#5380575247
1#
#5380675247
0#
#5380775247
1#
#5380875247
0#
#5380975247
1#
#5381075247
0#
#5381175247
1#
#5381275247
0#
#5381375247
1#
#5381475247
0#
#5381575247
1#
#5381675247
0#
#5381775247
1#
#5381875247
0#
#5381975247
1#
#5382075247
0#
#5382175247
1#
#5382275247
0#
#5382375247
1#
#5382475247
0#
#5382575247
1#
#5382675247
0#
#5382775247
1#
#5382875247
0#
#5382975247
1#
#5383075247
0#
#5383175247
1#
#5383275247
0#
#5383375247
1#
#5383475247
0#
#5383575247
1#
#5383675247
0#
#5383775247
1#
#5383875247
0#
#5383975247
1#
#5384075247
0#
#5384175247
1#
#5384275247
0#
#5384375247
1#
#5384475247
0#
#5384575247
1#
#5384675247
0#
#5384775247
1#
#5384875247
0#
#5384975247
1#
#5385075247
0#
#5385175247
1#
#5385275247
0#
#5385375247
1#
#5385475247
0#
#5385575247
1#
#5385675247
0#
#5385775247
1#
#5385875247
0#
#5385975247
1#
#5386075247
0#
#5386175247
1#
#5386275247
0#
#5386375247
1#
#5386475247
0#
#5386575247
1#
#5386675247
0#
#5386775247
1#
#5386875247
0#
#5386975247
1#
#5387075247
0#
#5387175247
1#
#5387275247
0#
#5387375247
1#
#5387475247
0#
#5387575247
1#
#5387675247
0#
#5387775247
1#
#5387875247
0#
#5387975247
1#
#5388075247
0#
#5388175247
1#
#5388275247
0#
#5388375247
1#
#5388475247
0#
#5388575247
1#
#5388675247
0#
#5388775247
1#
#5388875247
0#
#5388975247
1#
#5389075247
0#
#5389175247
1#
#5389275247
0#
#5389375247
1#
#5389475247
0#
#5389575247
1#
#5389675247
0#
#5389775247
1#
#5389875247
0#
#5389975247
1#
#5390075247
0#
#5390175247
1#
#5390275247
0#
#5390375247
1#
#5390475247
0#
#5390575247
1#
#5390675247
0#
#5390775247
1#
#5390875247
0#
#5390975247
1#
#5391075247
0#
#5391175247
1#
#5391275247
0#
#5391375247
1#
#5391475247
0#
#5391575247
1#
#5391675247
0#
#5391775247
1#
#5391875247
0#
#5391975247
1#
#5392075247
0#
#5392175247
1#
#5392275247
0#
#5392375247
1#
#5392475247
0#
#5392575247
1#
#5392675247
0#
#5392775247
1#
#5392875247
0#
#5392975247
1#
#5393075247
0#
#5393175247
1#
#5393275247
0#
#5393375247
1#
#5393475247
0#
#5393575247
1#
#5393675247
0#
#5393775247
1#
#5393875247
0#
#5393975247
1#
#5394075247
0#
#5394175247
1#
#5394275247
0#
#5394375247
1#
#5394475247
0#
#5394575247
1#
#5394675247
0#
#5394775247
1#
#5394875247
0#
#5394975247
1#
#5395075247
0#
#5395175247
1#
#5395275247
0#
#5395375247
1#
#5395475247
0#
#5395575247
1#
#5395675247
0#
#5395775247
1#
#5395875247
0#
#5395975247
1#
#5396075247
0#
#5396175247
1#
#5396275247
0#
#5396375247
1#
#5396475247
0#
#5396575247
1#
#5396675247
0#
#5396775247
1#
#5396875247
0#
#5396975247
1#
#5397075247
0#
#5397175247
1#
#5397275247
0#
#5397375247
1#
#5397475247
0#
#5397575247
1#
#5397675247
0#
#5397775247
1#
#5397875247
0#
#5397975247
1#
#5398075247
0#
#5398175247
1#
#5398275247
0#
#5398375247
1#
#5398475247
0#
#5398575247
1#
#5398675247
0#
#5398775247
1#
#5398875247
0#
#5398975247
1#
#5399075247
0#
#5399175247
1#
#5399275247
0#
#5399375247
1#
#5399475247
0#
#5399575247
1#
#5399675247
0#
#5399775247
1#
#5399875247
0#
#5399975247
1#
#5400075247
0#
#5400175247
1#
#5400275247
0#
#5400375247
1#
#5400475247
0#
#5400575247
1#
#5400675247
0#
#5400775247
1#
#5400875247
0#
#5400975247
1#
#5401075247
0#
#5401175247
1#
#5401275247
0#
#5401375247
1#
#5401475247
0#
#5401575247
1#
#5401675247
0#
#5401775247
1#
#5401875247
0#
#5401975247
1#
#5402075247
0#
#5402175247
1#
#5402275247
0#
#5402375247
1#
#5402475247
0#
#5402575247
1#
#5402675247
0#
#5402775247
1#
#5402875247
0#
#5402975247
1#
#5403075247
0#
#5403175247
1#
#5403275247
0#
#5403375247
1#
#5403475247
0#
#5403575247
1#
#5403675247
0#
#5403775247
1#
#5403875247
0#
#5403975247
1#
#5404075247
0#
#5404175247
1#
#5404275247
0#
#5404375247
1#
#5404475247
0#
#5404575247
1#
#5404675247
0#
#5404775247
1#
#5404875247
0#
#5404975247
1#
#5405075247
0#
#5405175247
1#
#5405275247
0#
#5405375247
1#
#5405475247
0#
#5405575247
1#
#5405675247
0#
#5405775247
1#
#5405875247
0#
#5405975247
1#
#5406075247
0#
#5406175247
1#
#5406275247
0#
#5406375247
1#
#5406475247
0#
#5406575247
1#
#5406675247
0#
#5406775247
1#
#5406875247
0#
#5406975247
1#
#5407075247
0#
#5407175247
1#
#5407275247
0#
#5407375247
1#
#5407475247
0#
#5407575247
1#
#5407675247
0#
#5407775247
1#
#5407875247
0#
#5407975247
1#
#5408075247
0#
#5408175247
1#
#5408275247
0#
#5408375247
1#
#5408475247
0#
#5408575247
1#
#5408675247
0#
#5408775247
1#
#5408875247
0#
#5408975247
1#
#5409075247
0#
#5409175247
1#
#5409275247
0#
#5409375247
1#
#5409475247
0#
#5409575247
1#
#5409675247
0#
#5409775247
1#
#5409875247
0#
#5409975247
1#
#5410075247
0#
#5410175247
1#
#5410275247
0#
#5410375247
1#
#5410475247
0#
#5410575247
1#
#5410675247
0#
#5410775247
1#
#5410875247
0#
#5410975247
1#
#5411075247
0#
#5411175247
1#
#5411275247
0#
#5411375247
1#
#5411475247
0#
#5411575247
1#
#5411675247
0#
#5411775247
1#
#5411875247
0#
#5411975247
1#
#5412075247
0#
#5412175247
1#
#5412275247
0#
#5412375247
1#
#5412475247
0#
#5412575247
1#
#5412675247
0#
#5412775247
1#
#5412875247
0#
#5412975247
1#
#5413075247
0#
#5413175247
1#
#5413275247
0#
#5413375247
1#
#5413475247
0#
#5413575247
1#
#5413675247
0#
#5413775247
1#
#5413875247
0#
#5413975247
1#
#5414075247
0#
#5414175247
1#
#5414275247
0#
#5414375247
1#
#5414475247
0#
#5414575247
1#
#5414675247
0#
#5414775247
1#
#5414875247
0#
#5414975247
1#
#5415075247
0#
#5415175247
1#
#5415275247
0#
#5415375247
1#
#5415475247
0#
#5415575247
1#
#5415675247
0#
#5415775247
1#
#5415875247
0#
#5415975247
1#
#5416075247
0#
#5416175247
1#
#5416275247
0#
#5416375247
1#
#5416475247
0#
#5416575247
1#
#5416675247
0#
#5416775247
1#
#5416875247
0#
#5416975247
1#
#5417075247
0#
#5417175247
1#
#5417275247
0#
#5417375247
1#
#5417475247
0#
#5417575247
1#
#5417675247
0#
#5417775247
1#
#5417875247
0#
#5417975247
1#
#5418075247
0#
#5418175247
1#
#5418275247
0#
#5418375247
1#
#5418475247
0#
#5418575247
1#
#5418675247
0#
#5418775247
1#
#5418875247
0#
#5418975247
1#
#5419075247
0#
#5419175247
1#
#5419275247
0#
#5419375247
1#
#5419475247
0#
#5419575247
1#
#5419675247
0#
#5419775247
1#
#5419875247
0#
#5419975247
1#
#5420075247
0#
#5420175247
1#
#5420275247
0#
#5420375247
1#
#5420475247
0#
#5420575247
1#
#5420675247
0#
#5420775247
1#
#5420875247
0#
#5420975247
1#
#5421075247
0#
#5421175247
1#
#5421275247
0#
#5421375247
1#
#5421475247
0#
#5421575247
1#
#5421675247
0#
#5421775247
1#
#5421875247
0#
#5421975247
1#
#5422075247
0#
#5422175247
1#
#5422275247
0#
#5422375247
1#
#5422475247
0#
#5422575247
1#
#5422675247
0#
#5422775247
1#
#5422875247
0#
#5422975247
1#
#5423075247
0#
#5423175247
1#
#5423275247
0#
#5423375247
1#
#5423475247
0#
#5423575247
1#
#5423675247
0#
#5423775247
1#
#5423875247
0#
#5423975247
1#
#5424075247
0#
#5424175247
1#
#5424275247
0#
#5424375247
1#
#5424475247
0#
#5424575247
1#
#5424675247
0#
#5424775247
1#
#5424875247
0#
#5424975247
1#
#5425075247
0#
#5425175247
1#
#5425275247
0#
#5425375247
1#
#5425475247
0#
#5425575247
1#
#5425675247
0#
#5425775247
1#
#5425875247
0#
#5425975247
1#
#5426075247
0#
#5426175247
1#
#5426275247
0#
#5426375247
1#
#5426475247
0#
#5426575247
1#
#5426675247
0#
#5426775247
1#
#5426875247
0#
#5426975247
1#
#5427075247
0#
#5427175247
1#
#5427275247
0#
#5427375247
1#
#5427475247
0#
#5427575247
1#
#5427675247
0#
#5427775247
1#
#5427875247
0#
#5427975247
1#
#5428075247
0#
#5428175247
1#
#5428275247
0#
#5428375247
1#
#5428475247
0#
#5428575247
1#
#5428675247
0#
#5428775247
1#
#5428875247
0#
#5428975247
1#
#5429075247
0#
#5429175247
1#
#5429275247
0#
#5429375247
1#
#5429475247
0#
#5429575247
1#
#5429675247
0#
#5429775247
1#
#5429875247
0#
#5429975247
1#
#5430075247
0#
#5430175247
1#
#5430275247
0#
#5430375247
1#
#5430475247
0#
#5430575247
1#
#5430675247
0#
#5430775247
1#
#5430875247
0#
#5430975247
1#
#5431075247
0#
#5431175247
1#
#5431275247
0#
#5431375247
1#
#5431475247
0#
#5431575247
1#
#5431675247
0#
#5431775247
1#
#5431875247
0#
#5431975247
1#
#5432075247
0#
#5432175247
1#
#5432275247
0#
#5432375247
1#
#5432475247
0#
#5432575247
1#
#5432675247
0#
#5432775247
1#
#5432875247
0#
#5432975247
1#
#5433075247
0#
#5433175247
1#
#5433275247
0#
#5433375247
1#
#5433475247
0#
#5433575247
1#
#5433675247
0#
#5433775247
1#
#5433875247
0#
#5433975247
1#
#5434075247
0#
#5434175247
1#
#5434275247
0#
#5434375247
1#
#5434475247
0#
#5434575247
1#
#5434675247
0#
#5434775247
1#
#5434875247
0#
#5434975247
1#
#5435075247
0#
#5435175247
1#
#5435275247
0#
#5435375247
1#
#5435475247
0#
#5435575247
1#
#5435675247
0#
#5435775247
1#
#5435875247
0#
#5435975247
1#
#5436075247
0#
#5436175247
1#
#5436275247
0#
#5436375247
1#
#5436475247
0#
#5436575247
1#
#5436675247
0#
#5436775247
1#
#5436875247
0#
#5436975247
1#
#5437075247
0#
#5437175247
1#
#5437275247
0#
#5437375247
1#
#5437475247
0#
#5437575247
1#
#5437675247
0#
#5437775247
1#
#5437875247
0#
#5437975247
1#
#5438075247
0#
#5438175247
1#
#5438275247
0#
#5438375247
1#
#5438475247
0#
#5438575247
1#
#5438675247
0#
#5438775247
1#
#5438875247
0#
#5438975247
1#
#5439075247
0#
#5439175247
1#
#5439275247
0#
#5439375247
1#
#5439475247
0#
#5439575247
1#
#5439675247
0#
#5439775247
1#
#5439875247
0#
#5439975247
1#
#5440075247
0#
#5440175247
1#
#5440275247
0#
#5440375247
1#
#5440475247
0#
#5440575247
1#
#5440675247
0#
#5440775247
1#
#5440875247
0#
#5440975247
1#
#5441075247
0#
#5441175247
1#
#5441275247
0#
#5441375247
1#
#5441475247
0#
#5441575247
1#
#5441675247
0#
#5441775247
1#
#5441875247
0#
#5441975247
1#
#5442075247
0#
#5442175247
1#
#5442275247
0#
#5442375247
1#
#5442475247
0#
#5442575247
1#
#5442675247
0#
#5442775247
1#
#5442875247
0#
#5442975247
1#
#5443075247
0#
#5443175247
1#
#5443275247
0#
#5443375247
1#
#5443475247
0#
#5443575247
1#
#5443675247
0#
#5443775247
1#
#5443875247
0#
#5443975247
1#
#5444075247
0#
#5444175247
1#
#5444275247
0#
#5444375247
1#
#5444475247
0#
#5444575247
1#
#5444675247
0#
#5444775247
1#
#5444875247
0#
#5444975247
1#
#5445075247
0#
#5445175247
1#
#5445275247
0#
#5445375247
1#
#5445475247
0#
#5445575247
1#
#5445675247
0#
#5445775247
1#
#5445875247
0#
#5445975247
1#
#5446075247
0#
#5446175247
1#
#5446275247
0#
#5446375247
1#
#5446475247
0#
#5446575247
1#
#5446675247
0#
#5446775247
1#
#5446875247
0#
#5446975247
1#
#5447075247
0#
#5447175247
1#
#5447275247
0#
#5447375247
1#
#5447475247
0#
#5447575247
1#
#5447675247
0#
#5447775247
1#
#5447875247
0#
#5447975247
1#
#5448075247
0#
#5448175247
1#
#5448275247
0#
#5448375247
1#
#5448475247
0#
#5448575247
1#
#5448675247
0#
#5448775247
1#
#5448875247
0#
#5448975247
1#
#5449075247
0#
#5449175247
1#
#5449275247
0#
#5449375247
1#
#5449475247
0#
#5449575247
1#
#5449675247
0#
#5449775247
1#
#5449875247
0#
#5449975247
1#
#5450075247
0#
#5450175247
1#
#5450275247
0#
#5450375247
1#
#5450475247
0#
#5450575247
1#
#5450675247
0#
#5450775247
1#
#5450875247
0#
#5450975247
1#
#5451075247
0#
#5451175247
1#
#5451275247
0#
#5451375247
1#
#5451475247
0#
#5451575247
1#
#5451675247
0#
#5451775247
1#
#5451875247
0#
#5451975247
1#
#5452075247
0#
#5452175247
1#
#5452275247
0#
#5452375247
1#
#5452475247
0#
#5452575247
1#
#5452675247
0#
#5452775247
1#
#5452875247
0#
#5452975247
1#
#5453075247
0#
#5453175247
1#
#5453275247
0#
#5453375247
1#
#5453475247
0#
#5453575247
1#
#5453675247
0#
#5453775247
1#
#5453875247
0#
#5453975247
1#
#5454075247
0#
#5454175247
1#
#5454275247
0#
#5454375247
1#
#5454475247
0#
#5454575247
1#
#5454675247
0#
#5454775247
1#
#5454875247
0#
#5454975247
1#
#5455075247
0#
#5455175247
1#
#5455275247
0#
#5455375247
1#
#5455475247
0#
#5455575247
1#
#5455675247
0#
#5455775247
1#
#5455875247
0#
#5455975247
1#
#5456075247
0#
#5456175247
1#
#5456275247
0#
#5456375247
1#
#5456475247
0#
#5456575247
1#
#5456675247
0#
#5456775247
1#
#5456875247
0#
#5456975247
1#
#5457075247
0#
#5457175247
1#
#5457275247
0#
#5457375247
1#
#5457475247
0#
#5457575247
1#
#5457675247
0#
#5457775247
1#
#5457875247
0#
#5457975247
1#
#5458075247
0#
#5458175247
1#
#5458275247
0#
#5458375247
1#
#5458475247
0#
#5458575247
1#
#5458675247
0#
#5458775247
1#
#5458875247
0#
#5458975247
1#
#5459075247
0#
#5459175247
1#
#5459275247
0#
#5459375247
1#
#5459475247
0#
#5459575247
1#
#5459675247
0#
#5459775247
1#
#5459875247
0#
#5459975247
1#
#5460075247
0#
#5460175247
1#
#5460275247
0#
#5460375247
1#
#5460475247
0#
#5460575247
1#
#5460675247
0#
#5460775247
1#
#5460875247
0#
#5460975247
1#
#5461075247
0#
#5461175247
1#
#5461275247
0#
#5461375247
1#
#5461475247
0#
#5461575247
1#
#5461675247
0#
#5461775247
1#
#5461875247
0#
#5461975247
1#
#5462075247
0#
#5462175247
1#
#5462275247
0#
#5462375247
1#
#5462475247
0#
#5462575247
1#
#5462675247
0#
#5462775247
1#
#5462875247
0#
#5462975247
1#
#5463075247
0#
#5463175247
1#
#5463275247
0#
#5463375247
1#
#5463475247
0#
#5463575247
1#
#5463675247
0#
#5463775247
1#
#5463875247
0#
#5463975247
1#
#5464075247
0#
#5464175247
1#
#5464275247
0#
#5464375247
1#
#5464475247
0#
#5464575247
1#
#5464675247
0#
#5464775247
1#
#5464875247
0#
#5464975247
1#
#5465075247
0#
#5465175247
1#
#5465275247
0#
#5465375247
1#
#5465475247
0#
#5465575247
1#
#5465675247
0#
#5465775247
1#
#5465875247
0#
#5465975247
1#
#5466075247
0#
#5466175247
1#
#5466275247
0#
#5466375247
1#
#5466475247
0#
#5466575247
1#
#5466675247
0#
#5466775247
1#
#5466875247
0#
#5466975247
1#
#5467075247
0#
#5467175247
1#
#5467275247
0#
#5467375247
1#
#5467475247
0#
#5467575247
1#
#5467675247
0#
#5467775247
1#
#5467875247
0#
#5467975247
1#
#5468075247
0#
#5468175247
1#
#5468275247
0#
#5468375247
1#
#5468475247
0#
#5468575247
1#
#5468675247
0#
#5468775247
1#
#5468875247
0#
#5468975247
1#
#5469075247
0#
#5469175247
1#
#5469275247
0#
#5469375247
1#
#5469475247
0#
#5469575247
1#
#5469675247
0#
#5469775247
1#
#5469875247
0#
#5469975247
1#
#5470075247
0#
#5470175247
1#
#5470275247
0#
#5470375247
1#
#5470475247
0#
#5470575247
1#
#5470675247
0#
#5470775247
1#
#5470875247
0#
#5470975247
1#
#5471075247
0#
#5471175247
1#
#5471275247
0#
#5471375247
1#
#5471475247
0#
#5471575247
1#
#5471675247
0#
#5471775247
1#
#5471875247
0#
#5471975247
1#
#5472075247
0#
#5472175247
1#
#5472275247
0#
#5472375247
1#
#5472475247
0#
#5472575247
1#
#5472675247
0#
#5472775247
1#
#5472875247
0#
#5472975247
1#
#5473075247
0#
#5473175247
1#
#5473275247
0#
#5473375247
1#
#5473475247
0#
#5473575247
1#
#5473675247
0#
#5473775247
1#
#5473875247
0#
#5473975247
1#
#5474075247
0#
#5474175247
1#
#5474275247
0#
#5474375247
1#
#5474475247
0#
#5474575247
1#
#5474675247
0#
#5474775247
1#
#5474875247
0#
#5474975247
1#
#5475075247
0#
#5475175247
1#
#5475275247
0#
#5475375247
1#
#5475475247
0#
#5475575247
1#
#5475675247
0#
#5475775247
1#
#5475875247
0#
#5475975247
1#
#5476075247
0#
#5476175247
1#
#5476275247
0#
#5476375247
1#
#5476475247
0#
#5476575247
1#
#5476675247
0#
#5476775247
1#
#5476875247
0#
#5476975247
1#
#5477075247
0#
#5477175247
1#
#5477275247
0#
#5477375247
1#
#5477475247
0#
#5477575247
1#
#5477675247
0#
#5477775247
1#
#5477875247
0#
#5477975247
1#
#5478075247
0#
#5478175247
1#
#5478275247
0#
#5478375247
1#
#5478475247
0#
#5478575247
1#
#5478675247
0#
#5478775247
1#
#5478875247
0#
#5478975247
1#
#5479075247
0#
#5479175247
1#
#5479275247
0#
#5479375247
1#
#5479475247
0#
#5479575247
1#
#5479675247
0#
#5479775247
1#
#5479875247
0#
#5479975247
1#
#5480075247
0#
#5480175247
1#
#5480275247
0#
#5480375247
1#
#5480475247
0#
#5480575247
1#
#5480675247
0#
#5480775247
1#
#5480875247
0#
#5480975247
1#
#5481075247
0#
#5481175247
1#
#5481275247
0#
#5481375247
1#
#5481475247
0#
#5481575247
1#
#5481675247
0#
#5481775247
1#
#5481875247
0#
#5481975247
1#
#5482075247
0#
#5482175247
1#
#5482275247
0#
#5482375247
1#
#5482475247
0#
#5482575247
1#
#5482675247
0#
#5482775247
1#
#5482875247
0#
#5482975247
1#
#5483075247
0#
#5483175247
1#
#5483275247
0#
#5483375247
1#
#5483475247
0#
#5483575247
1#
#5483675247
0#
#5483775247
1#
#5483875247
0#
#5483975247
1#
#5484075247
0#
#5484175247
1#
#5484275247
0#
#5484375247
1#
#5484475247
0#
#5484575247
1#
#5484675247
0#
#5484775247
1#
#5484875247
0#
#5484975247
1#
#5485075247
0#
#5485175247
1#
#5485275247
0#
#5485375247
1#
#5485475247
0#
#5485575247
1#
#5485675247
0#
#5485775247
1#
#5485875247
0#
#5485975247
1#
#5486075247
0#
#5486175247
1#
#5486275247
0#
#5486375247
1#
#5486475247
0#
#5486575247
1#
#5486675247
0#
#5486775247
1#
#5486875247
0#
#5486975247
1#
#5487075247
0#
#5487175247
1#
#5487275247
0#
#5487375247
1#
#5487475247
0#
#5487575247
1#
#5487675247
0#
#5487775247
1#
#5487875247
0#
#5487975247
1#
#5488075247
0#
#5488175247
1#
#5488275247
0#
#5488375247
1#
#5488475247
0#
#5488575247
1#
#5488675247
0#
#5488775247
1#
#5488875247
0#
#5488975247
1#
#5489075247
0#
#5489175247
1#
#5489275247
0#
#5489375247
1#
#5489475247
0#
#5489575247
1#
#5489675247
0#
#5489775247
1#
#5489875247
0#
#5489975247
1#
#5490075247
0#
#5490175247
1#
#5490275247
0#
#5490375247
1#
#5490475247
0#
#5490575247
1#
#5490675247
0#
#5490775247
1#
#5490875247
0#
#5490975247
1#
#5491075247
0#
#5491175247
1#
#5491275247
0#
#5491375247
1#
#5491475247
0#
#5491575247
1#
#5491675247
0#
#5491775247
1#
#5491875247
0#
#5491975247
1#
#5492075247
0#
#5492175247
1#
#5492275247
0#
#5492375247
1#
#5492475247
0#
#5492575247
1#
#5492675247
0#
#5492775247
1#
#5492875247
0#
#5492975247
1#
#5493075247
0#
#5493175247
1#
#5493275247
0#
#5493375247
1#
#5493475247
0#
#5493575247
1#
#5493675247
0#
#5493775247
1#
#5493875247
0#
#5493975247
1#
#5494075247
0#
#5494175247
1#
#5494275247
0#
#5494375247
1#
#5494475247
0#
#5494575247
1#
#5494675247
0#
#5494775247
1#
#5494875247
0#
#5494975247
1#
#5495075247
0#
#5495175247
1#
#5495275247
0#
#5495375247
1#
#5495475247
0#
#5495575247
1#
#5495675247
0#
#5495775247
1#
#5495875247
0#
#5495975247
1#
#5496075247
0#
#5496175247
1#
#5496275247
0#
#5496375247
1#
#5496475247
0#
#5496575247
1#
#5496675247
0#
#5496775247
1#
#5496875247
0#
#5496975247
1#
#5497075247
0#
#5497175247
1#
#5497275247
0#
#5497375247
1#
#5497475247
0#
#5497575247
1#
#5497675247
0#
#5497775247
1#
#5497875247
0#
#5497975247
1#
#5498075247
0#
#5498175247
1#
#5498275247
0#
#5498375247
1#
#5498475247
0#
#5498575247
1#
#5498675247
0#
#5498775247
1#
#5498875247
0#
#5498975247
1#
#5499075247
0#
#5499175247
1#
#5499275247
0#
#5499375247
1#
#5499475247
0#
#5499575247
1#
#5499675247
0#
#5499775247
1#
#5499875247
0#
#5499975247
1#
#5500075247
0#
#5500175247
1#
#5500275247
0#
#5500375247
1#
#5500475247
0#
#5500575247
1#
#5500675247
0#
#5500775247
1#
#5500875247
0#
#5500975247
1#
#5501075247
0#
#5501175247
1#
#5501275247
0#
#5501375247
1#
#5501475247
0#
#5501575247
1#
#5501675247
0#
#5501775247
1#
#5501875247
0#
#5501975247
1#
#5502075247
0#
#5502175247
1#
#5502275247
0#
#5502375247
1#
#5502475247
0#
#5502575247
1#
#5502675247
0#
#5502775247
1#
#5502875247
0#
#5502975247
1#
#5503075247
0#
#5503175247
1#
#5503275247
0#
#5503375247
1#
#5503475247
0#
#5503575247
1#
#5503675247
0#
#5503775247
1#
#5503875247
0#
#5503975247
1#
#5504075247
0#
#5504175247
1#
#5504275247
0#
#5504375247
1#
#5504475247
0#
#5504575247
1#
#5504675247
0#
#5504775247
1#
#5504875247
0#
#5504975247
1#
#5505075247
0#
#5505175247
1#
#5505275247
0#
#5505375247
1#
#5505475247
0#
#5505575247
1#
#5505675247
0#
#5505775247
1#
#5505875247
0#
#5505975247
1#
#5506075247
0#
#5506175247
1#
#5506275247
0#
#5506375247
1#
#5506475247
0#
#5506575247
1#
#5506675247
0#
#5506775247
1#
#5506875247
0#
#5506975247
1#
#5507075247
0#
#5507175247
1#
#5507275247
0#
#5507375247
1#
#5507475247
0#
#5507575247
1#
#5507675247
0#
#5507775247
1#
#5507875247
0#
#5507975247
1#
#5508075247
0#
#5508175247
1#
#5508275247
0#
#5508375247
1#
#5508475247
0#
#5508575247
1#
#5508675247
0#
#5508775247
1#
#5508875247
0#
#5508975247
1#
#5509075247
0#
#5509175247
1#
#5509275247
0#
#5509375247
1#
#5509475247
0#
#5509575247
1#
#5509675247
0#
#5509775247
1#
#5509875247
0#
#5509975247
1#
#5510075247
0#
#5510175247
1#
#5510275247
0#
#5510375247
1#
#5510475247
0#
#5510575247
1#
#5510675247
0#
#5510775247
1#
#5510875247
0#
#5510975247
1#
#5511075247
0#
#5511175247
1#
#5511275247
0#
#5511375247
1#
#5511475247
0#
#5511575247
1#
#5511675247
0#
#5511775247
1#
#5511875247
0#
#5511975247
1#
#5512075247
0#
#5512175247
1#
#5512275247
0#
#5512375247
1#
#5512475247
0#
#5512575247
1#
#5512675247
0#
#5512775247
1#
#5512875247
0#
#5512975247
1#
#5513075247
0#
#5513175247
1#
#5513275247
0#
#5513375247
1#
#5513475247
0#
#5513575247
1#
#5513675247
0#
#5513775247
1#
#5513875247
0#
#5513975247
1#
#5514075247
0#
#5514175247
1#
#5514275247
0#
#5514375247
1#
#5514475247
0#
#5514575247
1#
#5514675247
0#
#5514775247
1#
#5514875247
0#
#5514975247
1#
#5515075247
0#
#5515175247
1#
#5515275247
0#
#5515375247
1#
#5515475247
0#
#5515575247
1#
#5515675247
0#
#5515775247
1#
#5515875247
0#
#5515975247
1#
#5516075247
0#
#5516175247
1#
#5516275247
0#
#5516375247
1#
#5516475247
0#
#5516575247
1#
#5516675247
0#
#5516775247
1#
#5516875247
0#
#5516975247
1#
#5517075247
0#
#5517175247
1#
#5517275247
0#
#5517375247
1#
#5517475247
0#
#5517575247
1#
#5517675247
0#
#5517775247
1#
#5517875247
0#
#5517975247
1#
#5518075247
0#
#5518175247
1#
#5518275247
0#
#5518375247
1#
#5518475247
0#
#5518575247
1#
#5518675247
0#
#5518775247
1#
#5518875247
0#
#5518975247
1#
#5519075247
0#
#5519175247
1#
#5519275247
0#
#5519375247
1#
#5519475247
0#
#5519575247
1#
#5519675247
0#
#5519775247
1#
#5519875247
0#
#5519975247
1#
#5520075247
0#
#5520175247
1#
#5520275247
0#
#5520375247
1#
#5520475247
0#
#5520575247
1#
#5520675247
0#
#5520775247
1#
#5520875247
0#
#5520975247
1#
#5521075247
0#
#5521175247
1#
#5521275247
0#
#5521375247
1#
#5521475247
0#
#5521575247
1#
#5521675247
0#
#5521775247
1#
#5521875247
0#
#5521975247
1#
#5522075247
0#
#5522175247
1#
#5522275247
0#
#5522375247
1#
#5522475247
0#
#5522575247
1#
#5522675247
0#
#5522775247
1#
#5522875247
0#
#5522975247
1#
#5523075247
0#
#5523175247
1#
#5523275247
0#
#5523375247
1#
#5523475247
0#
#5523575247
1#
#5523675247
0#
#5523775247
1#
#5523875247
0#
#5523975247
1#
#5524075247
0#
#5524175247
1#
#5524275247
0#
#5524375247
1#
#5524475247
0#
#5524575247
1#
#5524675247
0#
#5524775247
1#
#5524875247
0#
#5524975247
1#
#5525075247
0#
#5525175247
1#
#5525275247
0#
#5525375247
1#
#5525475247
0#
#5525575247
1#
#5525675247
0#
#5525775247
1#
#5525875247
0#
#5525975247
1#
#5526075247
0#
#5526175247
1#
#5526275247
0#
#5526375247
1#
#5526475247
0#
#5526575247
1#
#5526675247
0#
#5526775247
1#
#5526875247
0#
#5526975247
1#
#5527075247
0#
#5527175247
1#
#5527275247
0#
#5527375247
1#
#5527475247
0#
#5527575247
1#
#5527675247
0#
#5527775247
1#
#5527875247
0#
#5527975247
1#
#5528075247
0#
#5528175247
1#
#5528275247
0#
#5528375247
1#
#5528475247
0#
#5528575247
1#
#5528675247
0#
#5528775247
1#
#5528875247
0#
#5528975247
1#
#5529075247
0#
#5529175247
1#
#5529275247
0#
#5529375247
1#
#5529475247
0#
#5529575247
1#
#5529675247
0#
#5529775247
1#
#5529875247
0#
#5529975247
1#
#5530075247
0#
#5530175247
1#
#5530275247
0#
#5530375247
1#
#5530475247
0#
#5530575247
1#
#5530675247
0#
#5530775247
1#
#5530875247
0#
#5530975247
1#
#5531075247
0#
#5531175247
1#
#5531275247
0#
#5531375247
1#
#5531475247
0#
#5531575247
1#
#5531675247
0#
#5531775247
1#
#5531875247
0#
#5531975247
1#
#5532075247
0#
#5532175247
1#
#5532275247
0#
#5532375247
1#
#5532475247
0#
#5532575247
1#
#5532675247
0#
#5532775247
1#
#5532875247
0#
#5532975247
1#
#5533075247
0#
#5533175247
1#
#5533275247
0#
#5533375247
1#
#5533475247
0#
#5533575247
1#
#5533675247
0#
#5533775247
1#
#5533875247
0#
#5533975247
1#
#5534075247
0#
#5534175247
1#
#5534275247
0#
#5534375247
1#
#5534475247
0#
#5534575247
1#
#5534675247
0#
#5534775247
1#
#5534875247
0#
#5534975247
1#
#5535075247
0#
#5535175247
1#
#5535275247
0#
#5535375247
1#
#5535475247
0#
#5535575247
1#
#5535675247
0#
#5535775247
1#
#5535875247
0#
#5535975247
1#
#5536075247
0#
#5536175247
1#
#5536275247
0#
#5536375247
1#
#5536475247
0#
#5536575247
1#
#5536675247
0#
#5536775247
1#
#5536875247
0#
#5536975247
1#
#5537075247
0#
#5537175247
1#
#5537275247
0#
#5537375247
1#
#5537475247
0#
#5537575247
1#
#5537675247
0#
#5537775247
1#
#5537875247
0#
#5537975247
1#
#5538075247
0#
#5538175247
1#
#5538275247
0#
#5538375247
1#
#5538475247
0#
#5538575247
1#
#5538675247
0#
#5538775247
1#
#5538875247
0#
#5538975247
1#
#5539075247
0#
#5539175247
1#
#5539275247
0#
#5539375247
1#
#5539475247
0#
#5539575247
1#
#5539675247
0#
#5539775247
1#
#5539875247
0#
#5539975247
1#
#5540075247
0#
#5540175247
1#
#5540275247
0#
#5540375247
1#
#5540475247
0#
#5540575247
1#
#5540675247
0#
#5540775247
1#
#5540875247
0#
#5540975247
1#
#5541075247
0#
#5541175247
1#
#5541275247
0#
#5541375247
1#
#5541475247
0#
#5541575247
1#
#5541675247
0#
#5541775247
1#
#5541875247
0#
#5541975247
1#
#5542075247
0#
#5542175247
1#
#5542275247
0#
#5542375247
1#
#5542475247
0#
#5542575247
1#
#5542675247
0#
#5542775247
1#
#5542875247
0#
#5542975247
1#
#5543075247
0#
#5543175247
1#
#5543275247
0#
#5543375247
1#
#5543475247
0#
#5543575247
1#
#5543675247
0#
#5543775247
1#
#5543875247
0#
#5543975247
1#
#5544075247
0#
#5544175247
1#
#5544275247
0#
#5544375247
1#
#5544475247
0#
#5544575247
1#
#5544675247
0#
#5544775247
1#
#5544875247
0#
#5544975247
1#
#5545075247
0#
#5545175247
1#
#5545275247
0#
#5545375247
1#
#5545475247
0#
#5545575247
1#
#5545675247
0#
#5545775247
1#
#5545875247
0#
#5545975247
1#
#5546075247
0#
#5546175247
1#
#5546275247
0#
#5546375247
1#
#5546475247
0#
#5546575247
1#
#5546675247
0#
#5546775247
1#
#5546875247
0#
#5546975247
1#
#5547075247
0#
#5547175247
1#
#5547275247
0#
#5547375247
1#
#5547475247
0#
#5547575247
1#
#5547675247
0#
#5547775247
1#
#5547875247
0#
#5547975247
1#
#5548075247
0#
#5548175247
1#
#5548275247
0#
#5548375247
1#
#5548475247
0#
#5548575247
1#
#5548675247
0#
#5548775247
1#
#5548875247
0#
#5548975247
1#
#5549075247
0#
#5549175247
1#
#5549275247
0#
#5549375247
1#
#5549475247
0#
#5549575247
1#
#5549675247
0#
#5549775247
1#
#5549875247
0#
#5549975247
1#
#5550075247
0#
#5550175247
1#
#5550275247
0#
#5550375247
1#
#5550475247
0#
#5550575247
1#
#5550675247
0#
#5550775247
1#
#5550875247
0#
#5550975247
1#
#5551075247
0#
#5551175247
1#
#5551275247
0#
#5551375247
1#
#5551475247
0#
#5551575247
1#
#5551675247
0#
#5551775247
1#
#5551875247
0#
#5551975247
1#
#5552075247
0#
#5552175247
1#
#5552275247
0#
#5552375247
1#
#5552475247
0#
#5552575247
1#
#5552675247
0#
#5552775247
1#
#5552875247
0#
#5552975247
1#
#5553075247
0#
#5553175247
1#
#5553275247
0#
#5553375247
1#
#5553475247
0#
#5553575247
1#
#5553675247
0#
#5553775247
1#
#5553875247
0#
#5553975247
1#
#5554075247
0#
#5554175247
1#
#5554275247
0#
#5554375247
1#
#5554475247
0#
#5554575247
1#
#5554675247
0#
#5554775247
1#
#5554875247
0#
#5554975247
1#
#5555075247
0#
#5555175247
1#
#5555275247
0#
#5555375247
1#
#5555475247
0#
#5555575247
1#
#5555675247
0#
#5555775247
1#
#5555875247
0#
#5555975247
1#
#5556075247
0#
#5556175247
1#
#5556275247
0#
#5556375247
1#
#5556475247
0#
#5556575247
1#
#5556675247
0#
#5556775247
1#
#5556875247
0#
#5556975247
1#
#5557075247
0#
#5557175247
1#
#5557275247
0#
#5557375247
1#
#5557475247
0#
#5557575247
1#
#5557675247
0#
#5557775247
1#
#5557875247
0#
#5557975247
1#
#5558075247
0#
#5558175247
1#
#5558275247
0#
#5558375247
1#
#5558475247
0#
#5558575247
1#
#5558675247
0#
#5558775247
1#
#5558875247
0#
#5558975247
1#
#5559075247
0#
#5559175247
1#
#5559275247
0#
#5559375247
1#
#5559475247
0#
#5559575247
1#
#5559675247
0#
#5559775247
1#
#5559875247
0#
#5559975247
1#
#5560075247
0#
#5560175247
1#
#5560275247
0#
#5560375247
1#
#5560475247
0#
#5560575247
1#
#5560675247
0#
#5560775247
1#
#5560875247
0#
#5560975247
1#
#5561075247
0#
#5561175247
1#
#5561275247
0#
#5561375247
1#
#5561475247
0#
#5561575247
1#
#5561675247
0#
#5561775247
1#
#5561875247
0#
#5561975247
1#
#5562075247
0#
#5562175247
1#
#5562275247
0#
#5562375247
1#
#5562475247
0#
#5562575247
1#
#5562675247
0#
#5562775247
1#
#5562875247
0#
#5562975247
1#
#5563075247
0#
#5563175247
1#
#5563275247
0#
#5563375247
1#
#5563475247
0#
#5563575247
1#
#5563675247
0#
#5563775247
1#
#5563875247
0#
#5563975247
1#
#5564075247
0#
#5564175247
1#
#5564275247
0#
#5564375247
1#
#5564475247
0#
#5564575247
1#
#5564675247
0#
#5564775247
1#
#5564875247
0#
#5564975247
1#
#5565075247
0#
#5565175247
1#
#5565275247
0#
#5565375247
1#
#5565475247
0#
#5565575247
1#
#5565675247
0#
#5565775247
1#
#5565875247
0#
#5565975247
1#
#5566075247
0#
#5566175247
1#
#5566275247
0#
#5566375247
1#
#5566475247
0#
#5566575247
1#
#5566675247
0#
#5566775247
1#
#5566875247
0#
#5566975247
1#
#5567075247
0#
#5567175247
1#
#5567275247
0#
#5567375247
1#
#5567475247
0#
#5567575247
1#
#5567675247
0#
#5567775247
1#
#5567875247
0#
#5567975247
1#
#5568075247
0#
#5568175247
1#
#5568275247
0#
#5568375247
1#
#5568475247
0#
#5568575247
1#
#5568675247
0#
#5568775247
1#
#5568875247
0#
#5568975247
1#
#5569075247
0#
#5569175247
1#
#5569275247
0#
#5569375247
1#
#5569475247
0#
#5569575247
1#
#5569675247
0#
#5569775247
1#
#5569875247
0#
#5569975247
1#
#5570075247
0#
#5570175247
1#
#5570275247
0#
#5570375247
1#
#5570475247
0#
#5570575247
1#
#5570675247
0#
#5570775247
1#
#5570875247
0#
#5570975247
1#
#5571075247
0#
#5571175247
1#
#5571275247
0#
#5571375247
1#
#5571475247
0#
#5571575247
1#
#5571675247
0#
#5571775247
1#
#5571875247
0#
#5571975247
1#
#5572075247
0#
#5572175247
1#
#5572275247
0#
#5572375247
1#
#5572475247
0#
#5572575247
1#
#5572675247
0#
#5572775247
1#
#5572875247
0#
#5572975247
1#
#5573075247
0#
#5573175247
1#
#5573275247
0#
#5573375247
1#
#5573475247
0#
#5573575247
1#
#5573675247
0#
#5573775247
1#
#5573875247
0#
#5573975247
1#
#5574075247
0#
#5574175247
1#
#5574275247
0#
#5574375247
1#
#5574475247
0#
#5574575247
1#
#5574675247
0#
#5574775247
1#
#5574875247
0#
#5574975247
1#
#5575075247
0#
#5575175247
1#
#5575275247
0#
#5575375247
1#
#5575475247
0#
#5575575247
1#
#5575675247
0#
#5575775247
1#
#5575875247
0#
#5575975247
1#
#5576075247
0#
#5576175247
1#
#5576275247
0#
#5576375247
1#
#5576475247
0#
#5576575247
1#
#5576675247
0#
#5576775247
1#
#5576875247
0#
#5576975247
1#
#5577075247
0#
#5577175247
1#
#5577275247
0#
#5577375247
1#
#5577475247
0#
#5577575247
1#
#5577675247
0#
#5577775247
1#
#5577875247
0#
#5577975247
1#
#5578075247
0#
#5578175247
1#
#5578275247
0#
#5578375247
1#
#5578475247
0#
#5578575247
1#
#5578675247
0#
#5578775247
1#
#5578875247
0#
#5578975247
1#
#5579075247
0#
#5579175247
1#
#5579275247
0#
#5579375247
1#
#5579475247
0#
#5579575247
1#
#5579675247
0#
#5579775247
1#
#5579875247
0#
#5579975247
1#
#5580075247
0#
#5580175247
1#
#5580275247
0#
#5580375247
1#
#5580475247
0#
#5580575247
1#
#5580675247
0#
#5580775247
1#
#5580875247
0#
#5580975247
1#
#5581075247
0#
#5581175247
1#
#5581275247
0#
#5581375247
1#
#5581475247
0#
#5581575247
1#
#5581675247
0#
#5581775247
1#
#5581875247
0#
#5581975247
1#
#5582075247
0#
#5582175247
1#
#5582275247
0#
#5582375247
1#
#5582475247
0#
#5582575247
1#
#5582675247
0#
#5582775247
1#
#5582875247
0#
#5582975247
1#
#5583075247
0#
#5583175247
1#
#5583275247
0#
#5583375247
1#
#5583475247
0#
#5583575247
1#
#5583675247
0#
#5583775247
1#
#5583875247
0#
#5583975247
1#
#5584075247
0#
#5584175247
1#
#5584275247
0#
#5584375247
1#
#5584475247
0#
#5584575247
1#
#5584675247
0#
#5584775247
1#
#5584875247
0#
#5584975247
1#
#5585075247
0#
#5585175247
1#
#5585275247
0#
#5585375247
1#
#5585475247
0#
#5585575247
1#
#5585675247
0#
#5585775247
1#
#5585875247
0#
#5585975247
1#
#5586075247
0#
#5586175247
1#
#5586275247
0#
#5586375247
1#
#5586475247
0#
#5586575247
1#
#5586675247
0#
#5586775247
1#
#5586875247
0#
#5586975247
1#
#5587075247
0#
#5587175247
1#
#5587275247
0#
#5587375247
1#
#5587475247
0#
#5587575247
1#
#5587675247
0#
#5587775247
1#
#5587875247
0#
#5587975247
1#
#5588075247
0#
#5588175247
1#
#5588275247
0#
#5588375247
1#
#5588475247
0#
#5588575247
1#
#5588675247
0#
#5588775247
1#
#5588875247
0#
#5588975247
1#
#5589075247
0#
#5589175247
1#
#5589275247
0#
#5589375247
1#
#5589475247
0#
#5589575247
1#
#5589675247
0#
#5589775247
1#
#5589875247
0#
#5589975247
1#
#5590075247
0#
#5590175247
1#
#5590275247
0#
#5590375247
1#
#5590475247
0#
#5590575247
1#
#5590675247
0#
#5590775247
1#
#5590875247
0#
#5590975247
1#
#5591075247
0#
#5591175247
1#
#5591275247
0#
#5591375247
1#
#5591475247
0#
#5591575247
1#
#5591675247
0#
#5591775247
1#
#5591875247
0#
#5591975247
1#
#5592075247
0#
#5592175247
1#
#5592275247
0#
#5592375247
1#
#5592475247
0#
#5592575247
1#
#5592675247
0#
#5592775247
1#
#5592875247
0#
#5592975247
1#
#5593075247
0#
#5593175247
1#
#5593275247
0#
#5593375247
1#
#5593475247
0#
#5593575247
1#
#5593675247
0#
#5593775247
1#
#5593875247
0#
#5593975247
1#
#5594075247
0#
#5594175247
1#
#5594275247
0#
#5594375247
1#
#5594475247
0#
#5594575247
1#
#5594675247
0#
#5594775247
1#
#5594875247
0#
#5594975247
1#
#5595075247
0#
#5595175247
1#
#5595275247
0#
#5595375247
1#
#5595475247
0#
#5595575247
1#
#5595675247
0#
#5595775247
1#
#5595875247
0#
#5595975247
1#
#5596075247
0#
#5596175247
1#
#5596275247
0#
#5596375247
1#
#5596475247
0#
#5596575247
1#
#5596675247
0#
#5596775247
1#
#5596875247
0#
#5596975247
1#
#5597075247
0#
#5597175247
1#
#5597275247
0#
#5597375247
1#
#5597475247
0#
#5597575247
1#
#5597675247
0#
#5597775247
1#
#5597875247
0#
#5597975247
1#
#5598075247
0#
#5598175247
1#
#5598275247
0#
#5598375247
1#
#5598475247
0#
#5598575247
1#
#5598675247
0#
#5598775247
1#
#5598875247
0#
#5598975247
1#
#5599075247
0#
#5599175247
1#
#5599275247
0#
#5599375247
1#
#5599475247
0#
#5599575247
1#
#5599675247
0#
#5599775247
1#
#5599875247
0#
#5599975247
1#
#5600075247
0#
#5600175247
1#
#5600275247
0#
#5600375247
1#
#5600475247
0#
#5600575247
1#
#5600675247
0#
#5600775247
1#
#5600875247
0#
#5600975247
1#
#5601075247
0#
#5601175247
1#
#5601275247
0#
#5601375247
1#
#5601475247
0#
#5601575247
1#
#5601675247
0#
#5601775247
1#
#5601875247
0#
#5601975247
1#
#5602075247
0#
#5602175247
1#
#5602275247
0#
#5602375247
1#
#5602475247
0#
#5602575247
1#
#5602675247
0#
#5602775247
1#
#5602875247
0#
#5602975247
1#
#5603075247
0#
#5603175247
1#
#5603275247
0#
#5603375247
1#
#5603475247
0#
#5603575247
1#
#5603675247
0#
#5603775247
1#
#5603875247
0#
#5603975247
1#
#5604075247
0#
#5604175247
1#
#5604275247
0#
#5604375247
1#
#5604475247
0#
#5604575247
1#
#5604675247
0#
#5604775247
1#
#5604875247
0#
#5604975247
1#
#5605075247
0#
#5605175247
1#
#5605275247
0#
#5605375247
1#
#5605475247
0#
#5605575247
1#
#5605675247
0#
#5605775247
1#
#5605875247
0#
#5605975247
1#
#5606075247
0#
#5606175247
1#
#5606275247
0#
#5606375247
1#
#5606475247
0#
#5606575247
1#
#5606675247
0#
#5606775247
1#
#5606875247
0#
#5606975247
1#
#5607075247
0#
#5607175247
1#
#5607275247
0#
#5607375247
1#
#5607475247
0#
#5607575247
1#
#5607675247
0#
#5607775247
1#
#5607875247
0#
#5607975247
1#
#5608075247
0#
#5608175247
1#
#5608275247
0#
#5608375247
1#
#5608475247
0#
#5608575247
1#
#5608675247
0#
#5608775247
1#
#5608875247
0#
#5608975247
1#
#5609075247
0#
#5609175247
1#
#5609275247
0#
#5609375247
1#
#5609475247
0#
#5609575247
1#
#5609675247
0#
#5609775247
1#
#5609875247
0#
#5609975247
1#
#5610075247
0#
#5610175247
1#
#5610275247
0#
#5610375247
1#
#5610475247
0#
#5610575247
1#
#5610675247
0#
#5610775247
1#
#5610875247
0#
#5610975247
1#
#5611075247
0#
#5611175247
1#
#5611275247
0#
#5611375247
1#
#5611475247
0#
#5611575247
1#
#5611675247
0#
#5611775247
1#
#5611875247
0#
#5611975247
1#
#5612075247
0#
#5612175247
1#
#5612275247
0#
#5612375247
1#
#5612475247
0#
#5612575247
1#
#5612675247
0#
#5612775247
1#
#5612875247
0#
#5612975247
1#
#5613075247
0#
#5613175247
1#
#5613275247
0#
#5613375247
1#
#5613475247
0#
#5613575247
1#
#5613675247
0#
#5613775247
1#
#5613875247
0#
#5613975247
1#
#5614075247
0#
#5614175247
1#
#5614275247
0#
#5614375247
1#
#5614475247
0#
#5614575247
1#
#5614675247
0#
#5614775247
1#
#5614875247
0#
#5614975247
1#
#5615075247
0#
#5615175247
1#
#5615275247
0#
#5615375247
1#
#5615475247
0#
#5615575247
1#
#5615675247
0#
#5615775247
1#
#5615875247
0#
#5615975247
1#
#5616075247
0#
#5616175247
1#
#5616275247
0#
#5616375247
1#
#5616475247
0#
#5616575247
1#
#5616675247
0#
#5616775247
1#
#5616875247
0#
#5616975247
1#
#5617075247
0#
#5617175247
1#
#5617275247
0#
#5617375247
1#
#5617475247
0#
#5617575247
1#
#5617675247
0#
#5617775247
1#
#5617875247
0#
#5617975247
1#
#5618075247
0#
#5618175247
1#
#5618275247
0#
#5618375247
1#
#5618475247
0#
#5618575247
1#
#5618675247
0#
#5618775247
1#
#5618875247
0#
#5618975247
1#
#5619075247
0#
#5619175247
1#
#5619275247
0#
#5619375247
1#
#5619475247
0#
#5619575247
1#
#5619675247
0#
#5619775247
1#
#5619875247
0#
#5619975247
1#
#5620075247
0#
#5620175247
1#
#5620275247
0#
#5620375247
1#
#5620475247
0#
#5620575247
1#
#5620675247
0#
#5620775247
1#
#5620875247
0#
#5620975247
1#
#5621075247
0#
#5621175247
1#
#5621275247
0#
#5621375247
1#
#5621475247
0#
#5621575247
1#
#5621675247
0#
#5621775247
1#
#5621875247
0#
#5621975247
1#
#5622075247
0#
#5622175247
1#
#5622275247
0#
#5622375247
1#
#5622475247
0#
#5622575247
1#
#5622675247
0#
#5622775247
1#
#5622875247
0#
#5622975247
1#
#5623075247
0#
#5623175247
1#
#5623275247
0#
#5623375247
1#
#5623475247
0#
#5623575247
1#
#5623675247
0#
#5623775247
1#
#5623875247
0#
#5623975247
1#
#5624075247
0#
#5624175247
1#
#5624275247
0#
#5624375247
1#
#5624475247
0#
#5624575247
1#
#5624675247
0#
#5624775247
1#
#5624875247
0#
#5624975247
1#
#5625075247
0#
#5625175247
1#
#5625275247
0#
#5625375247
1#
#5625475247
0#
#5625575247
1#
#5625675247
0#
#5625775247
1#
#5625875247
0#
#5625975247
1#
#5626075247
0#
#5626175247
1#
#5626275247
0#
#5626375247
1#
#5626475247
0#
#5626575247
1#
#5626675247
0#
#5626775247
1#
#5626875247
0#
#5626975247
1#
#5627075247
0#
#5627175247
1#
#5627275247
0#
#5627375247
1#
#5627475247
0#
#5627575247
1#
#5627675247
0#
#5627775247
1#
#5627875247
0#
#5627975247
1#
#5628075247
0#
#5628175247
1#
#5628275247
0#
#5628375247
1#
#5628475247
0#
#5628575247
1#
#5628675247
0#
#5628775247
1#
#5628875247
0#
#5628975247
1#
#5629075247
0#
#5629175247
1#
#5629275247
0#
#5629375247
1#
#5629475247
0#
#5629575247
1#
#5629675247
0#
#5629775247
1#
#5629875247
0#
#5629975247
1#
#5630075247
0#
#5630175247
1#
#5630275247
0#
#5630375247
1#
#5630475247
0#
#5630575247
1#
#5630675247
0#
#5630775247
1#
#5630875247
0#
#5630975247
1#
#5631075247
0#
#5631175247
1#
#5631275247
0#
#5631375247
1#
#5631475247
0#
#5631575247
1#
#5631675247
0#
#5631775247
1#
#5631875247
0#
#5631975247
1#
#5632075247
0#
#5632175247
1#
#5632275247
0#
#5632375247
1#
#5632475247
0#
#5632575247
1#
#5632675247
0#
#5632775247
1#
#5632875247
0#
#5632975247
1#
#5633075247
0#
#5633175247
1#
#5633275247
0#
#5633375247
1#
#5633475247
0#
#5633575247
1#
#5633675247
0#
#5633775247
1#
#5633875247
0#
#5633975247
1#
#5634075247
0#
#5634175247
1#
#5634275247
0#
#5634375247
1#
#5634475247
0#
#5634575247
1#
#5634675247
0#
#5634775247
1#
#5634875247
0#
#5634975247
1#
#5635075247
0#
#5635175247
1#
#5635275247
0#
#5635375247
1#
#5635475247
0#
#5635575247
1#
#5635675247
0#
#5635775247
1#
#5635875247
0#
#5635975247
1#
#5636075247
0#
#5636175247
1#
#5636275247
0#
#5636375247
1#
#5636475247
0#
#5636575247
1#
#5636675247
0#
#5636775247
1#
#5636875247
0#
#5636975247
1#
#5637075247
0#
#5637175247
1#
#5637275247
0#
#5637375247
1#
#5637475247
0#
#5637575247
1#
#5637675247
0#
#5637775247
1#
#5637875247
0#
#5637975247
1#
#5638075247
0#
#5638175247
1#
#5638275247
0#
#5638375247
1#
#5638475247
0#
#5638575247
1#
#5638675247
0#
#5638775247
1#
#5638875247
0#
#5638975247
1#
#5639075247
0#
#5639175247
1#
#5639275247
0#
#5639375247
1#
#5639475247
0#
#5639575247
1#
#5639675247
0#
#5639775247
1#
#5639875247
0#
#5639975247
1#
#5640075247
0#
#5640175247
1#
#5640275247
0#
#5640375247
1#
#5640475247
0#
#5640575247
1#
#5640675247
0#
#5640775247
1#
#5640875247
0#
#5640975247
1#
#5641075247
0#
#5641175247
1#
#5641275247
0#
#5641375247
1#
#5641475247
0#
#5641575247
1#
#5641675247
0#
#5641775247
1#
#5641875247
0#
#5641975247
1#
#5642075247
0#
#5642175247
1#
#5642275247
0#
#5642375247
1#
#5642475247
0#
#5642575247
1#
#5642675247
0#
#5642775247
1#
#5642875247
0#
#5642975247
1#
#5643075247
0#
#5643175247
1#
#5643275247
0#
#5643375247
1#
#5643475247
0#
#5643575247
1#
#5643675247
0#
#5643775247
1#
#5643875247
0#
#5643975247
1#
#5644075247
0#
#5644175247
1#
#5644275247
0#
#5644375247
1#
#5644475247
0#
#5644575247
1#
#5644675247
0#
#5644775247
1#
#5644875247
0#
#5644975247
1#
#5645075247
0#
#5645175247
1#
#5645275247
0#
#5645375247
1#
#5645475247
0#
#5645575247
1#
#5645675247
0#
#5645775247
1#
#5645875247
0#
#5645975247
1#
#5646075247
0#
#5646175247
1#
#5646275247
0#
#5646375247
1#
#5646475247
0#
#5646575247
1#
#5646675247
0#
#5646775247
1#
#5646875247
0#
#5646975247
1#
#5647075247
0#
#5647175247
1#
#5647275247
0#
#5647375247
1#
#5647475247
0#
#5647575247
1#
#5647675247
0#
#5647775247
1#
#5647875247
0#
#5647975247
1#
#5648075247
0#
#5648175247
1#
#5648275247
0#
#5648375247
1#
#5648475247
0#
#5648575247
1#
#5648675247
0#
#5648775247
1#
#5648875247
0#
#5648975247
1#
#5649075247
0#
#5649175247
1#
#5649275247
0#
#5649375247
1#
#5649475247
0#
#5649575247
1#
#5649675247
0#
#5649775247
1#
#5649875247
0#
#5649975247
1#
#5650075247
0#
#5650175247
1#
#5650275247
0#
#5650375247
1#
#5650475247
0#
#5650575247
1#
#5650675247
0#
#5650775247
1#
#5650875247
0#
#5650975247
1#
#5651075247
0#
#5651175247
1#
#5651275247
0#
#5651375247
1#
#5651475247
0#
#5651575247
1#
#5651675247
0#
#5651775247
1#
#5651875247
0#
#5651975247
1#
#5652075247
0#
#5652175247
1#
#5652275247
0#
#5652375247
1#
#5652475247
0#
#5652575247
1#
#5652675247
0#
#5652775247
1#
#5652875247
0#
#5652975247
1#
#5653075247
0#
#5653175247
1#
#5653275247
0#
#5653375247
1#
#5653475247
0#
#5653575247
1#
#5653675247
0#
#5653775247
1#
#5653875247
0#
#5653975247
1#
#5654075247
0#
#5654175247
1#
#5654275247
0#
#5654375247
1#
#5654475247
0#
#5654575247
1#
#5654675247
0#
#5654775247
1#
#5654875247
0#
#5654975247
1#
#5655075247
0#
#5655175247
1#
#5655275247
0#
#5655375247
1#
#5655475247
0#
#5655575247
1#
#5655675247
0#
#5655775247
1#
#5655875247
0#
#5655975247
1#
#5656075247
0#
#5656175247
1#
#5656275247
0#
#5656375247
1#
#5656475247
0#
#5656575247
1#
#5656675247
0#
#5656775247
1#
#5656875247
0#
#5656975247
1#
#5657075247
0#
#5657175247
1#
#5657275247
0#
#5657375247
1#
#5657475247
0#
#5657575247
1#
#5657675247
0#
#5657775247
1#
#5657875247
0#
#5657975247
1#
#5658075247
0#
#5658175247
1#
#5658275247
0#
#5658375247
1#
#5658475247
0#
#5658575247
1#
#5658675247
0#
#5658775247
1#
#5658875247
0#
#5658975247
1#
#5659075247
0#
#5659175247
1#
#5659275247
0#
#5659375247
1#
#5659475247
0#
#5659575247
1#
#5659675247
0#
#5659775247
1#
#5659875247
0#
#5659975247
1#
#5660075247
0#
#5660175247
1#
#5660275247
0#
#5660375247
1#
#5660475247
0#
#5660575247
1#
#5660675247
0#
#5660775247
1#
#5660875247
0#
#5660975247
1#
#5661075247
0#
#5661175247
1#
#5661275247
0#
#5661375247
1#
#5661475247
0#
#5661575247
1#
#5661675247
0#
#5661775247
1#
#5661875247
0#
#5661975247
1#
#5662075247
0#
#5662175247
1#
#5662275247
0#
#5662375247
1#
#5662475247
0#
#5662575247
1#
#5662675247
0#
#5662775247
1#
#5662875247
0#
#5662975247
1#
#5663075247
0#
#5663175247
1#
#5663275247
0#
#5663375247
1#
#5663475247
0#
#5663575247
1#
#5663675247
0#
#5663775247
1#
#5663875247
0#
#5663975247
1#
#5664075247
0#
#5664175247
1#
#5664275247
0#
#5664375247
1#
#5664475247
0#
#5664575247
1#
#5664675247
0#
#5664775247
1#
#5664875247
0#
#5664975247
1#
#5665075247
0#
#5665175247
1#
#5665275247
0#
#5665375247
1#
#5665475247
0#
#5665575247
1#
#5665675247
0#
#5665775247
1#
#5665875247
0#
#5665975247
1#
#5666075247
0#
#5666175247
1#
#5666275247
0#
#5666375247
1#
#5666475247
0#
#5666575247
1#
#5666675247
0#
#5666775247
1#
#5666875247
0#
#5666975247
1#
#5667075247
0#
#5667175247
1#
#5667275247
0#
#5667375247
1#
#5667475247
0#
#5667575247
1#
#5667675247
0#
#5667775247
1#
#5667875247
0#
#5667975247
1#
#5668075247
0#
#5668175247
1#
#5668275247
0#
#5668375247
1#
#5668475247
0#
#5668575247
1#
#5668675247
0#
#5668775247
1#
#5668875247
0#
#5668975247
1#
#5669075247
0#
#5669175247
1#
#5669275247
0#
#5669375247
1#
#5669475247
0#
#5669575247
1#
#5669675247
0#
#5669775247
1#
#5669875247
0#
#5669975247
1#
#5670075247
0#
#5670175247
1#
#5670275247
0#
#5670375247
1#
#5670475247
0#
#5670575247
1#
#5670675247
0#
#5670775247
1#
#5670875247
0#
#5670975247
1#
#5671075247
0#
#5671175247
1#
#5671275247
0#
#5671375247
1#
#5671475247
0#
#5671575247
1#
#5671675247
0#
#5671775247
1#
#5671875247
0#
#5671975247
1#
#5672075247
0#
#5672175247
1#
#5672275247
0#
#5672375247
1#
#5672475247
0#
#5672575247
1#
#5672675247
0#
#5672775247
1#
#5672875247
0#
#5672975247
1#
#5673075247
0#
#5673175247
1#
#5673275247
0#
#5673375247
1#
#5673475247
0#
#5673575247
1#
#5673675247
0#
#5673775247
1#
#5673875247
0#
#5673975247
1#
#5674075247
0#
#5674175247
1#
#5674275247
0#
#5674375247
1#
#5674475247
0#
#5674575247
1#
#5674675247
0#
#5674775247
1#
#5674875247
0#
#5674975247
1#
#5675075247
0#
#5675175247
1#
#5675275247
0#
#5675375247
1#
#5675475247
0#
#5675575247
1#
#5675675247
0#
#5675775247
1#
#5675875247
0#
#5675975247
1#
#5676075247
0#
#5676175247
1#
#5676275247
0#
#5676375247
1#
#5676475247
0#
#5676575247
1#
#5676675247
0#
#5676775247
1#
#5676875247
0#
#5676975247
1#
#5677075247
0#
#5677175247
1#
#5677275247
0#
#5677375247
1#
#5677475247
0#
#5677575247
1#
#5677675247
0#
#5677775247
1#
#5677875247
0#
#5677975247
1#
#5678075247
0#
#5678175247
1#
#5678275247
0#
#5678375247
1#
#5678475247
0#
#5678575247
1#
#5678675247
0#
#5678775247
1#
#5678875247
0#
#5678975247
1#
#5679075247
0#
#5679175247
1#
#5679275247
0#
#5679375247
1#
#5679475247
0#
#5679575247
1#
#5679675247
0#
#5679775247
1#
#5679875247
0#
#5679975247
1#
#5680075247
0#
#5680175247
1#
#5680275247
0#
#5680375247
1#
#5680475247
0#
#5680575247
1#
#5680675247
0#
#5680775247
1#
#5680875247
0#
#5680975247
1#
#5681075247
0#
#5681175247
1#
#5681275247
0#
#5681375247
1#
#5681475247
0#
#5681575247
1#
#5681675247
0#
#5681775247
1#
#5681875247
0#
#5681975247
1#
#5682075247
0#
#5682175247
1#
#5682275247
0#
#5682375247
1#
#5682475247
0#
#5682575247
1#
#5682675247
0#
#5682775247
1#
#5682875247
0#
#5682975247
1#
#5683075247
0#
#5683175247
1#
#5683275247
0#
#5683375247
1#
#5683475247
0#
#5683575247
1#
#5683675247
0#
#5683775247
1#
#5683875247
0#
#5683975247
1#
#5684075247
0#
#5684175247
1#
#5684275247
0#
#5684375247
1#
#5684475247
0#
#5684575247
1#
#5684675247
0#
#5684775247
1#
#5684875247
0#
#5684975247
1#
#5685075247
0#
#5685175247
1#
#5685275247
0#
#5685375247
1#
#5685475247
0#
#5685575247
1#
#5685675247
0#
#5685775247
1#
#5685875247
0#
#5685975247
1#
#5686075247
0#
#5686175247
1#
#5686275247
0#
#5686375247
1#
#5686475247
0#
#5686575247
1#
#5686675247
0#
#5686775247
1#
#5686875247
0#
#5686975247
1#
#5687075247
0#
#5687175247
1#
#5687275247
0#
#5687375247
1#
#5687475247
0#
#5687575247
1#
#5687675247
0#
#5687775247
1#
#5687875247
0#
#5687975247
1#
#5688075247
0#
#5688175247
1#
#5688275247
0#
#5688375247
1#
#5688475247
0#
#5688575247
1#
#5688675247
0#
#5688775247
1#
#5688875247
0#
#5688975247
1#
#5689075247
0#
#5689175247
1#
#5689275247
0#
#5689375247
1#
#5689475247
0#
#5689575247
1#
#5689675247
0#
#5689775247
1#
#5689875247
0#
#5689975247
1#
#5690075247
0#
#5690175247
1#
#5690275247
0#
#5690375247
1#
#5690475247
0#
#5690575247
1#
#5690675247
0#
#5690775247
1#
#5690875247
0#
#5690975247
1#
#5691075247
0#
#5691175247
1#
#5691275247
0#
#5691375247
1#
#5691475247
0#
#5691575247
1#
#5691675247
0#
#5691775247
1#
#5691875247
0#
#5691975247
1#
#5692075247
0#
#5692175247
1#
#5692275247
0#
#5692375247
1#
#5692475247
0#
#5692575247
1#
#5692675247
0#
#5692775247
1#
#5692875247
0#
#5692975247
1#
#5693075247
0#
#5693175247
1#
#5693275247
0#
#5693375247
1#
#5693475247
0#
#5693575247
1#
#5693675247
0#
#5693775247
1#
#5693875247
0#
#5693975247
1#
#5694075247
0#
#5694175247
1#
#5694275247
0#
#5694375247
1#
#5694475247
0#
#5694575247
1#
#5694675247
0#
#5694775247
1#
#5694875247
0#
#5694975247
1#
#5695075247
0#
#5695175247
1#
#5695275247
0#
#5695375247
1#
#5695475247
0#
#5695575247
1#
#5695675247
0#
#5695775247
1#
#5695875247
0#
#5695975247
1#
#5696075247
0#
#5696175247
1#
#5696275247
0#
#5696375247
1#
#5696475247
0#
#5696575247
1#
#5696675247
0#
#5696775247
1#
#5696875247
0#
#5696975247
1#
#5697075247
0#
#5697175247
1#
#5697275247
0#
#5697375247
1#
#5697475247
0#
#5697575247
1#
#5697675247
0#
#5697775247
1#
#5697875247
0#
#5697975247
1#
#5698075247
0#
#5698175247
1#
#5698275247
0#
#5698375247
1#
#5698475247
0#
#5698575247
1#
#5698675247
0#
#5698775247
1#
#5698875247
0#
#5698975247
1#
#5699075247
0#
#5699175247
1#
#5699275247
0#
#5699375247
1#
#5699475247
0#
#5699575247
1#
#5699675247
0#
#5699775247
1#
#5699875247
0#
#5699975247
1#
#5700075247
0#
#5700175247
1#
#5700275247
0#
#5700375247
1#
#5700475247
0#
#5700575247
1#
#5700675247
0#
#5700775247
1#
#5700875247
0#
#5700975247
1#
#5701075247
0#
#5701175247
1#
#5701275247
0#
#5701375247
1#
#5701475247
0#
#5701575247
1#
#5701675247
0#
#5701775247
1#
#5701875247
0#
#5701975247
1#
#5702075247
0#
#5702175247
1#
#5702275247
0#
#5702375247
1#
#5702475247
0#
#5702575247
1#
#5702675247
0#
#5702775247
1#
#5702875247
0#
#5702975247
1#
#5703075247
0#
#5703175247
1#
#5703275247
0#
#5703375247
1#
#5703475247
0#
#5703575247
1#
#5703675247
0#
#5703775247
1#
#5703875247
0#
#5703975247
1#
#5704075247
0#
#5704175247
1#
#5704275247
0#
#5704375247
1#
#5704475247
0#
#5704575247
1#
#5704675247
0#
#5704775247
1#
#5704875247
0#
#5704975247
1#
#5705075247
0#
#5705175247
1#
#5705275247
0#
#5705375247
1#
#5705475247
0#
#5705575247
1#
#5705675247
0#
#5705775247
1#
#5705875247
0#
#5705975247
1#
#5706075247
0#
#5706175247
1#
#5706275247
0#
#5706375247
1#
#5706475247
0#
#5706575247
1#
#5706675247
0#
#5706775247
1#
#5706875247
0#
#5706975247
1#
#5707075247
0#
#5707175247
1#
#5707275247
0#
#5707375247
1#
#5707475247
0#
#5707575247
1#
#5707675247
0#
#5707775247
1#
#5707875247
0#
#5707975247
1#
#5708075247
0#
#5708175247
1#
#5708275247
0#
#5708375247
1#
#5708475247
0#
#5708575247
1#
#5708675247
0#
#5708775247
1#
#5708875247
0#
#5708975247
1#
#5709075247
0#
#5709175247
1#
#5709275247
0#
#5709375247
1#
#5709475247
0#
#5709575247
1#
#5709675247
0#
#5709775247
1#
#5709875247
0#
#5709975247
1#
#5710075247
0#
#5710175247
1#
#5710275247
0#
#5710375247
1#
#5710475247
0#
#5710575247
1#
#5710675247
0#
#5710775247
1#
#5710875247
0#
#5710975247
1#
#5711075247
0#
#5711175247
1#
#5711275247
0#
#5711375247
1#
#5711475247
0#
#5711575247
1#
#5711675247
0#
#5711775247
1#
#5711875247
0#
#5711975247
1#
#5712075247
0#
#5712175247
1#
#5712275247
0#
#5712375247
1#
#5712475247
0#
#5712575247
1#
#5712675247
0#
#5712775247
1#
#5712875247
0#
#5712975247
1#
#5713075247
0#
#5713175247
1#
#5713275247
0#
#5713375247
1#
#5713475247
0#
#5713575247
1#
#5713675247
0#
#5713775247
1#
#5713875247
0#
#5713975247
1#
#5714075247
0#
#5714175247
1#
#5714275247
0#
#5714375247
1#
#5714475247
0#
#5714575247
1#
#5714675247
0#
#5714775247
1#
#5714875247
0#
#5714975247
1#
#5715075247
0#
#5715175247
1#
#5715275247
0#
#5715375247
1#
#5715475247
0#
#5715575247
1#
#5715675247
0#
#5715775247
1#
#5715875247
0#
#5715975247
1#
#5716075247
0#
#5716175247
1#
#5716275247
0#
#5716375247
1#
#5716475247
0#
#5716575247
1#
#5716675247
0#
#5716775247
1#
#5716875247
0#
#5716975247
1#
#5717075247
0#
#5717175247
1#
#5717275247
0#
#5717375247
1#
#5717475247
0#
#5717575247
1#
#5717675247
0#
#5717775247
1#
#5717875247
0#
#5717975247
1#
#5718075247
0#
#5718175247
1#
#5718275247
0#
#5718375247
1#
#5718475247
0#
#5718575247
1#
#5718675247
0#
#5718775247
1#
#5718875247
0#
#5718975247
1#
#5719075247
0#
#5719175247
1#
#5719275247
0#
#5719375247
1#
#5719475247
0#
#5719575247
1#
#5719675247
0#
#5719775247
1#
#5719875247
0#
#5719975247
1#
#5720075247
0#
#5720175247
1#
#5720275247
0#
#5720375247
1#
#5720475247
0#
#5720575247
1#
#5720675247
0#
#5720775247
1#
#5720875247
0#
#5720975247
1#
#5721075247
0#
#5721175247
1#
#5721275247
0#
#5721375247
1#
#5721475247
0#
#5721575247
1#
#5721675247
0#
#5721775247
1#
#5721875247
0#
#5721975247
1#
#5722075247
0#
#5722175247
1#
#5722275247
0#
#5722375247
1#
#5722475247
0#
#5722575247
1#
#5722675247
0#
#5722775247
1#
#5722875247
0#
#5722975247
1#
#5723075247
0#
#5723175247
1#
#5723275247
0#
#5723375247
1#
#5723475247
0#
#5723575247
1#
#5723675247
0#
#5723775247
1#
#5723875247
0#
#5723975247
1#
#5724075247
0#
#5724175247
1#
#5724275247
0#
#5724375247
1#
#5724475247
0#
#5724575247
1#
#5724675247
0#
#5724775247
1#
#5724875247
0#
#5724975247
1#
#5725075247
0#
#5725175247
1#
#5725275247
0#
#5725375247
1#
#5725475247
0#
#5725575247
1#
#5725675247
0#
#5725775247
1#
#5725875247
0#
#5725975247
1#
#5726075247
0#
#5726175247
1#
#5726275247
0#
#5726375247
1#
#5726475247
0#
#5726575247
1#
#5726675247
0#
#5726775247
1#
#5726875247
0#
#5726975247
1#
#5727075247
0#
#5727175247
1#
#5727275247
0#
#5727375247
1#
#5727475247
0#
#5727575247
1#
#5727675247
0#
#5727775247
1#
#5727875247
0#
#5727975247
1#
#5728075247
0#
#5728175247
1#
#5728275247
0#
#5728375247
1#
#5728475247
0#
#5728575247
1#
#5728675247
0#
#5728775247
1#
#5728875247
0#
#5728975247
1#
#5729075247
0#
#5729175247
1#
#5729275247
0#
#5729375247
1#
#5729475247
0#
#5729575247
1#
#5729675247
0#
#5729775247
1#
#5729875247
0#
#5729975247
1#
#5730075247
0#
#5730175247
1#
#5730275247
0#
#5730375247
1#
#5730475247
0#
#5730575247
1#
#5730675247
0#
#5730775247
1#
#5730875247
0#
#5730975247
1#
#5731075247
0#
#5731175247
1#
#5731275247
0#
#5731375247
1#
#5731475247
0#
#5731575247
1#
#5731675247
0#
#5731775247
1#
#5731875247
0#
#5731975247
1#
#5732075247
0#
#5732175247
1#
#5732275247
0#
#5732375247
1#
#5732475247
0#
#5732575247
1#
#5732675247
0#
#5732775247
1#
#5732875247
0#
#5732975247
1#
#5733075247
0#
#5733175247
1#
#5733275247
0#
#5733375247
1#
#5733475247
0#
#5733575247
1#
#5733675247
0#
#5733775247
1#
#5733875247
0#
#5733975247
1#
#5734075247
0#
#5734175247
1#
#5734275247
0#
#5734375247
1#
#5734475247
0#
#5734575247
1#
#5734675247
0#
#5734775247
1#
#5734875247
0#
#5734975247
1#
#5735075247
0#
#5735175247
1#
#5735275247
0#
#5735375247
1#
#5735475247
0#
#5735575247
1#
#5735675247
0#
#5735775247
1#
#5735875247
0#
#5735975247
1#
#5736075247
0#
#5736175247
1#
#5736275247
0#
#5736375247
1#
#5736475247
0#
#5736575247
1#
#5736675247
0#
#5736775247
1#
#5736875247
0#
#5736975247
1#
#5737075247
0#
#5737175247
1#
#5737275247
0#
#5737375247
1#
#5737475247
0#
#5737575247
1#
#5737675247
0#
#5737775247
1#
#5737875247
0#
#5737975247
1#
#5738075247
0#
#5738175247
1#
#5738275247
0#
#5738375247
1#
#5738475247
0#
#5738575247
1#
#5738675247
0#
#5738775247
1#
#5738875247
0#
#5738975247
1#
#5739075247
0#
#5739175247
1#
#5739275247
0#
#5739375247
1#
#5739475247
0#
#5739575247
1#
#5739675247
0#
#5739775247
1#
#5739875247
0#
#5739975247
1#
#5740075247
0#
#5740175247
1#
#5740275247
0#
#5740375247
1#
#5740475247
0#
#5740575247
1#
#5740675247
0#
#5740775247
1#
#5740875247
0#
#5740975247
1#
#5741075247
0#
#5741175247
1#
#5741275247
0#
#5741375247
1#
#5741475247
0#
#5741575247
1#
#5741675247
0#
#5741775247
1#
#5741875247
0#
#5741975247
1#
#5742075247
0#
#5742175247
1#
#5742275247
0#
#5742375247
1#
#5742475247
0#
#5742575247
1#
#5742675247
0#
#5742775247
1#
#5742875247
0#
#5742975247
1#
#5743075247
0#
#5743175247
1#
#5743275247
0#
#5743375247
1#
#5743475247
0#
#5743575247
1#
#5743675247
0#
#5743775247
1#
#5743875247
0#
#5743975247
1#
#5744075247
0#
#5744175247
1#
#5744275247
0#
#5744375247
1#
#5744475247
0#
#5744575247
1#
#5744675247
0#
#5744775247
1#
#5744875247
0#
#5744975247
1#
#5745075247
0#
#5745175247
1#
#5745275247
0#
#5745375247
1#
#5745475247
0#
#5745575247
1#
#5745675247
0#
#5745775247
1#
#5745875247
0#
#5745975247
1#
#5746075247
0#
#5746175247
1#
#5746275247
0#
#5746375247
1#
#5746475247
0#
#5746575247
1#
#5746675247
0#
#5746775247
1#
#5746875247
0#
#5746975247
1#
#5747075247
0#
#5747175247
1#
#5747275247
0#
#5747375247
1#
#5747475247
0#
#5747575247
1#
#5747675247
0#
#5747775247
1#
#5747875247
0#
#5747975247
1#
#5748075247
0#
#5748175247
1#
#5748275247
0#
#5748375247
1#
#5748475247
0#
#5748575247
1#
#5748675247
0#
#5748775247
1#
#5748875247
0#
#5748975247
1#
#5749075247
0#
#5749175247
1#
#5749275247
0#
#5749375247
1#
#5749475247
0#
#5749575247
1#
#5749675247
0#
#5749775247
1#
#5749875247
0#
#5749975247
1#
#5750075247
0#
#5750175247
1#
#5750275247
0#
#5750375247
1#
#5750475247
0#
#5750575247
1#
#5750675247
0#
#5750775247
1#
#5750875247
0#
#5750975247
1#
#5751075247
0#
#5751175247
1#
#5751275247
0#
#5751375247
1#
#5751475247
0#
#5751575247
1#
#5751675247
0#
#5751775247
1#
#5751875247
0#
#5751975247
1#
#5752075247
0#
#5752175247
1#
#5752275247
0#
#5752375247
1#
#5752475247
0#
#5752575247
1#
#5752675247
0#
#5752775247
1#
#5752875247
0#
#5752975247
1#
#5753075247
0#
#5753175247
1#
#5753275247
0#
#5753375247
1#
#5753475247
0#
#5753575247
1#
#5753675247
0#
#5753775247
1#
#5753875247
0#
#5753975247
1#
#5754075247
0#
#5754175247
1#
#5754275247
0#
#5754375247
1#
#5754475247
0#
#5754575247
1#
#5754675247
0#
#5754775247
1#
#5754875247
0#
#5754975247
1#
#5755075247
0#
#5755175247
1#
#5755275247
0#
#5755375247
1#
#5755475247
0#
#5755575247
1#
#5755675247
0#
#5755775247
1#
#5755875247
0#
#5755975247
1#
#5756075247
0#
#5756175247
1#
#5756275247
0#
#5756375247
1#
#5756475247
0#
#5756575247
1#
#5756675247
0#
#5756775247
1#
#5756875247
0#
#5756975247
1#
#5757075247
0#
#5757175247
1#
#5757275247
0#
#5757375247
1#
#5757475247
0#
#5757575247
1#
#5757675247
0#
#5757775247
1#
#5757875247
0#
#5757975247
1#
#5758075247
0#
#5758175247
1#
#5758275247
0#
#5758375247
1#
#5758475247
0#
#5758575247
1#
#5758675247
0#
#5758775247
1#
#5758875247
0#
#5758975247
1#
#5759075247
0#
#5759175247
1#
#5759275247
0#
#5759375247
1#
#5759475247
0#
#5759575247
1#
#5759675247
0#
#5759775247
1#
#5759875247
0#
#5759975247
1#
#5760075247
0#
#5760175247
1#
#5760275247
0#
#5760375247
1#
#5760475247
0#
#5760575247
1#
#5760675247
0#
#5760775247
1#
#5760875247
0#
#5760975247
1#
#5761075247
0#
#5761175247
1#
#5761275247
0#
#5761375247
1#
#5761475247
0#
#5761575247
1#
#5761675247
0#
#5761775247
1#
#5761875247
0#
#5761975247
1#
#5762075247
0#
#5762175247
1#
#5762275247
0#
#5762375247
1#
#5762475247
0#
#5762575247
1#
#5762675247
0#
#5762775247
1#
#5762875247
0#
#5762975247
1#
#5763075247
0#
#5763175247
1#
#5763275247
0#
#5763375247
1#
#5763475247
0#
#5763575247
1#
#5763675247
0#
#5763775247
1#
#5763875247
0#
#5763975247
1#
#5764075247
0#
#5764175247
1#
#5764275247
0#
#5764375247
1#
#5764475247
0#
#5764575247
1#
#5764675247
0#
#5764775247
1#
#5764875247
0#
#5764975247
1#
#5765075247
0#
#5765175247
1#
#5765275247
0#
#5765375247
1#
#5765475247
0#
#5765575247
1#
#5765675247
0#
#5765775247
1#
#5765875247
0#
#5765975247
1#
#5766075247
0#
#5766175247
1#
#5766275247
0#
#5766375247
1#
#5766475247
0#
#5766575247
1#
#5766675247
0#
#5766775247
1#
#5766875247
0#
#5766975247
1#
#5767075247
0#
#5767175247
1#
#5767275247
0#
#5767375247
1#
#5767475247
0#
#5767575247
1#
#5767675247
0#
#5767775247
1#
#5767875247
0#
#5767975247
1#
#5768075247
0#
#5768175247
1#
#5768275247
0#
#5768375247
1#
#5768475247
0#
#5768575247
1#
#5768675247
0#
#5768775247
1#
#5768875247
0#
#5768975247
1#
#5769075247
0#
#5769175247
1#
#5769275247
0#
#5769375247
1#
#5769475247
0#
#5769575247
1#
#5769675247
0#
#5769775247
1#
#5769875247
0#
#5769975247
1#
#5770075247
0#
#5770175247
1#
#5770275247
0#
#5770375247
1#
#5770475247
0#
#5770575247
1#
#5770675247
0#
#5770775247
1#
#5770875247
0#
#5770975247
1#
#5771075247
0#
#5771175247
1#
#5771275247
0#
#5771375247
1#
#5771475247
0#
#5771575247
1#
#5771675247
0#
#5771775247
1#
#5771875247
0#
#5771975247
1#
#5772075247
0#
#5772175247
1#
#5772275247
0#
#5772375247
1#
#5772475247
0#
#5772575247
1#
#5772675247
0#
#5772775247
1#
#5772875247
0#
#5772975247
1#
#5773075247
0#
#5773175247
1#
#5773275247
0#
#5773375247
1#
#5773475247
0#
#5773575247
1#
#5773675247
0#
#5773775247
1#
#5773875247
0#
#5773975247
1#
#5774075247
0#
#5774175247
1#
#5774275247
0#
#5774375247
1#
#5774475247
0#
#5774575247
1#
#5774675247
0#
#5774775247
1#
#5774875247
0#
#5774975247
1#
#5775075247
0#
#5775175247
1#
#5775275247
0#
#5775375247
1#
#5775475247
0#
#5775575247
1#
#5775675247
0#
#5775775247
1#
#5775875247
0#
#5775975247
1#
#5776075247
0#
#5776175247
1#
#5776275247
0#
#5776375247
1#
#5776475247
0#
#5776575247
1#
#5776675247
0#
#5776775247
1#
#5776875247
0#
#5776975247
1#
#5777075247
0#
#5777175247
1#
#5777275247
0#
#5777375247
1#
#5777475247
0#
#5777575247
1#
#5777675247
0#
#5777775247
1#
#5777875247
0#
#5777975247
1#
#5778075247
0#
#5778175247
1#
#5778275247
0#
#5778375247
1#
#5778475247
0#
#5778575247
1#
#5778675247
0#
#5778775247
1#
#5778875247
0#
#5778975247
1#
#5779075247
0#
#5779175247
1#
#5779275247
0#
#5779375247
1#
#5779475247
0#
#5779575247
1#
#5779675247
0#
#5779775247
1#
#5779875247
0#
#5779975247
1#
#5780075247
0#
#5780175247
1#
#5780275247
0#
#5780375247
1#
#5780475247
0#
#5780575247
1#
#5780675247
0#
#5780775247
1#
#5780875247
0#
#5780975247
1#
#5781075247
0#
#5781175247
1#
#5781275247
0#
#5781375247
1#
#5781475247
0#
#5781575247
1#
#5781675247
0#
#5781775247
1#
#5781875247
0#
#5781975247
1#
#5782075247
0#
#5782175247
1#
#5782275247
0#
#5782375247
1#
#5782475247
0#
#5782575247
1#
#5782675247
0#
#5782775247
1#
#5782875247
0#
#5782975247
1#
#5783075247
0#
#5783175247
1#
#5783275247
0#
#5783375247
1#
#5783475247
0#
#5783575247
1#
#5783675247
0#
#5783775247
1#
#5783875247
0#
#5783975247
1#
#5784075247
0#
#5784175247
1#
#5784275247
0#
#5784375247
1#
#5784475247
0#
#5784575247
1#
#5784675247
0#
#5784775247
1#
#5784875247
0#
#5784975247
1#
#5785075247
0#
#5785175247
1#
#5785275247
0#
#5785375247
1#
#5785475247
0#
#5785575247
1#
#5785675247
0#
#5785775247
1#
#5785875247
0#
#5785975247
1#
#5786075247
0#
#5786175247
1#
#5786275247
0#
#5786375247
1#
#5786475247
0#
#5786575247
1#
#5786675247
0#
#5786775247
1#
#5786875247
0#
#5786975247
1#
#5787075247
0#
#5787175247
1#
#5787275247
0#
#5787375247
1#
#5787475247
0#
#5787575247
1#
#5787675247
0#
#5787775247
1#
#5787875247
0#
#5787975247
1#
#5788075247
0#
#5788175247
1#
#5788275247
0#
#5788375247
1#
#5788475247
0#
#5788575247
1#
#5788675247
0#
#5788775247
1#
#5788875247
0#
#5788975247
1#
#5789075247
0#
#5789175247
1#
#5789275247
0#
#5789375247
1#
#5789475247
0#
#5789575247
1#
#5789675247
0#
#5789775247
1#
#5789875247
0#
#5789975247
1#
#5790075247
0#
#5790175247
1#
#5790275247
0#
#5790375247
1#
#5790475247
0#
#5790575247
1#
#5790675247
0#
#5790775247
1#
#5790875247
0#
#5790975247
1#
#5791075247
0#
#5791175247
1#
#5791275247
0#
#5791375247
1#
#5791475247
0#
#5791575247
1#
#5791675247
0#
#5791775247
1#
#5791875247
0#
#5791975247
1#
#5792075247
0#
#5792175247
1#
#5792275247
0#
#5792375247
1#
#5792475247
0#
#5792575247
1#
#5792675247
0#
#5792775247
1#
#5792875247
0#
#5792975247
1#
#5793075247
0#
#5793175247
1#
#5793275247
0#
#5793375247
1#
#5793475247
0#
#5793575247
1#
#5793675247
0#
#5793775247
1#
#5793875247
0#
#5793975247
1#
#5794075247
0#
#5794175247
1#
#5794275247
0#
#5794375247
1#
#5794475247
0#
#5794575247
1#
#5794675247
0#
#5794775247
1#
#5794875247
0#
#5794975247
1#
#5795075247
0#
#5795175247
1#
#5795275247
0#
#5795375247
1#
#5795475247
0#
#5795575247
1#
#5795675247
0#
#5795775247
1#
#5795875247
0#
#5795975247
1#
#5796075247
0#
#5796175247
1#
#5796275247
0#
#5796375247
1#
#5796475247
0#
#5796575247
1#
#5796675247
0#
#5796775247
1#
#5796875247
0#
#5796975247
1#
#5797075247
0#
#5797175247
1#
#5797275247
0#
#5797375247
1#
#5797475247
0#
#5797575247
1#
#5797675247
0#
#5797775247
1#
#5797875247
0#
#5797975247
1#
#5798075247
0#
#5798175247
1#
#5798275247
0#
#5798375247
1#
#5798475247
0#
#5798575247
1#
#5798675247
0#
#5798775247
1#
#5798875247
0#
#5798975247
1#
#5799075247
0#
#5799175247
1#
#5799275247
0#
#5799375247
1#
#5799475247
0#
#5799575247
1#
#5799675247
0#
#5799775247
1#
#5799875247
0#
#5799975247
1#
#5800075247
0#
#5800175247
1#
#5800275247
0#
#5800375247
1#
#5800475247
0#
#5800575247
1#
#5800675247
0#
#5800775247
1#
#5800875247
0#
#5800975247
1#
#5801075247
0#
#5801175247
1#
#5801275247
0#
#5801375247
1#
#5801475247
0#
#5801575247
1#
#5801675247
0#
#5801775247
1#
#5801875247
0#
#5801975247
1#
#5802075247
0#
#5802175247
1#
#5802275247
0#
#5802375247
1#
#5802475247
0#
#5802575247
1#
#5802675247
0#
#5802775247
1#
#5802875247
0#
#5802975247
1#
#5803075247
0#
#5803175247
1#
#5803275247
0#
#5803375247
1#
#5803475247
0#
#5803575247
1#
#5803675247
0#
#5803775247
1#
#5803875247
0#
#5803975247
1#
#5804075247
0#
#5804175247
1#
#5804275247
0#
#5804375247
1#
#5804475247
0#
#5804575247
1#
#5804675247
0#
#5804775247
1#
#5804875247
0#
#5804975247
1#
#5805075247
0#
#5805175247
1#
#5805275247
0#
#5805375247
1#
#5805475247
0#
#5805575247
1#
#5805675247
0#
#5805775247
1#
#5805875247
0#
#5805975247
1#
#5806075247
0#
#5806175247
1#
#5806275247
0#
#5806375247
1#
#5806475247
0#
#5806575247
1#
#5806675247
0#
#5806775247
1#
#5806875247
0#
#5806975247
1#
#5807075247
0#
#5807175247
1#
#5807275247
0#
#5807375247
1#
#5807475247
0#
#5807575247
1#
#5807675247
0#
#5807775247
1#
#5807875247
0#
#5807975247
1#
#5808075247
0#
#5808175247
1#
#5808275247
0#
#5808375247
1#
#5808475247
0#
#5808575247
1#
#5808675247
0#
#5808775247
1#
#5808875247
0#
#5808975247
1#
#5809075247
0#
#5809175247
1#
#5809275247
0#
#5809375247
1#
#5809475247
0#
#5809575247
1#
#5809675247
0#
#5809775247
1#
#5809875247
0#
#5809975247
1#
#5810075247
0#
#5810175247
1#
#5810275247
0#
#5810375247
1#
#5810475247
0#
#5810575247
1#
#5810675247
0#
#5810775247
1#
#5810875247
0#
#5810975247
1#
#5811075247
0#
#5811175247
1#
#5811275247
0#
#5811375247
1#
#5811475247
0#
#5811575247
1#
#5811675247
0#
#5811775247
1#
#5811875247
0#
#5811975247
1#
#5812075247
0#
#5812175247
1#
#5812275247
0#
#5812375247
1#
#5812475247
0#
#5812575247
1#
#5812675247
0#
#5812775247
1#
#5812875247
0#
#5812975247
1#
#5813075247
0#
#5813175247
1#
#5813275247
0#
#5813375247
1#
#5813475247
0#
#5813575247
1#
#5813675247
0#
#5813775247
1#
#5813875247
0#
#5813975247
1#
#5814075247
0#
#5814175247
1#
#5814275247
0#
#5814375247
1#
#5814475247
0#
#5814575247
1#
#5814675247
0#
#5814775247
1#
#5814875247
0#
#5814975247
1#
#5815075247
0#
#5815175247
1#
#5815275247
0#
#5815375247
1#
#5815475247
0#
#5815575247
1#
#5815675247
0#
#5815775247
1#
#5815875247
0#
#5815975247
1#
#5816075247
0#
#5816175247
1#
#5816275247
0#
#5816375247
1#
#5816475247
0#
#5816575247
1#
#5816675247
0#
#5816775247
1#
#5816875247
0#
#5816975247
1#
#5817075247
0#
#5817175247
1#
#5817275247
0#
#5817375247
1#
#5817475247
0#
#5817575247
1#
#5817675247
0#
#5817775247
1#
#5817875247
0#
#5817975247
1#
#5818075247
0#
#5818175247
1#
#5818275247
0#
#5818375247
1#
#5818475247
0#
#5818575247
1#
#5818675247
0#
#5818775247
1#
#5818875247
0#
#5818975247
1#
#5819075247
0#
#5819175247
1#
#5819275247
0#
#5819375247
1#
#5819475247
0#
#5819575247
1#
#5819675247
0#
#5819775247
1#
#5819875247
0#
#5819975247
1#
#5820075247
0#
#5820175247
1#
#5820275247
0#
#5820375247
1#
#5820475247
0#
#5820575247
1#
#5820675247
0#
#5820775247
1#
#5820875247
0#
#5820975247
1#
#5821075247
0#
#5821175247
1#
#5821275247
0#
#5821375247
1#
#5821475247
0#
#5821575247
1#
#5821675247
0#
#5821775247
1#
#5821875247
0#
#5821975247
1#
#5822075247
0#
#5822175247
1#
#5822275247
0#
#5822375247
1#
#5822475247
0#
#5822575247
1#
#5822675247
0#
#5822775247
1#
#5822875247
0#
#5822975247
1#
#5823075247
0#
#5823175247
1#
#5823275247
0#
#5823375247
1#
#5823475247
0#
#5823575247
1#
#5823675247
0#
#5823775247
1#
#5823875247
0#
#5823975247
1#
#5824075247
0#
#5824175247
1#
#5824275247
0#
#5824375247
1#
#5824475247
0#
#5824575247
1#
#5824675247
0#
#5824775247
1#
#5824875247
0#
#5824975247
1#
#5825075247
0#
#5825175247
1#
#5825275247
0#
#5825375247
1#
#5825475247
0#
#5825575247
1#
#5825675247
0#
#5825775247
1#
#5825875247
0#
#5825975247
1#
#5826075247
0#
#5826175247
1#
#5826275247
0#
#5826375247
1#
#5826475247
0#
#5826575247
1#
#5826675247
0#
#5826775247
1#
#5826875247
0#
#5826975247
1#
#5827075247
0#
#5827175247
1#
#5827275247
0#
#5827375247
1#
#5827475247
0#
#5827575247
1#
#5827675247
0#
#5827775247
1#
#5827875247
0#
#5827975247
1#
#5828075247
0#
#5828175247
1#
#5828275247
0#
#5828375247
1#
#5828475247
0#
#5828575247
1#
#5828675247
0#
#5828775247
1#
#5828875247
0#
#5828975247
1#
#5829075247
0#
#5829175247
1#
#5829275247
0#
#5829375247
1#
#5829475247
0#
#5829575247
1#
#5829675247
0#
#5829775247
1#
#5829875247
0#
#5829975247
1#
#5830075247
0#
#5830175247
1#
#5830275247
0#
#5830375247
1#
#5830475247
0#
#5830575247
1#
#5830675247
0#
#5830775247
1#
#5830875247
0#
#5830975247
1#
#5831075247
0#
#5831175247
1#
#5831275247
0#
#5831375247
1#
#5831475247
0#
#5831575247
1#
#5831675247
0#
#5831775247
1#
#5831875247
0#
#5831975247
1#
#5832075247
0#
#5832175247
1#
#5832275247
0#
#5832375247
1#
#5832475247
0#
#5832575247
1#
#5832675247
0#
#5832775247
1#
#5832875247
0#
#5832975247
1#
#5833075247
0#
#5833175247
1#
#5833275247
0#
#5833375247
1#
#5833475247
0#
#5833575247
1#
#5833675247
0#
#5833775247
1#
#5833875247
0#
#5833975247
1#
#5834075247
0#
#5834175247
1#
#5834275247
0#
#5834375247
1#
#5834475247
0#
#5834575247
1#
#5834675247
0#
#5834775247
1#
#5834875247
0#
#5834975247
1#
#5835075247
0#
#5835175247
1#
#5835275247
0#
#5835375247
1#
#5835475247
0#
#5835575247
1#
#5835675247
0#
#5835775247
1#
#5835875247
0#
#5835975247
1#
#5836075247
0#
#5836175247
1#
#5836275247
0#
#5836375247
1#
#5836475247
0#
#5836575247
1#
#5836675247
0#
#5836775247
1#
#5836875247
0#
#5836975247
1#
#5837075247
0#
#5837175247
1#
#5837275247
0#
#5837375247
1#
#5837475247
0#
#5837575247
1#
#5837675247
0#
#5837775247
1#
#5837875247
0#
#5837975247
1#
#5838075247
0#
#5838175247
1#
#5838275247
0#
#5838375247
1#
#5838475247
0#
#5838575247
1#
#5838675247
0#
#5838775247
1#
#5838875247
0#
#5838975247
1#
#5839075247
0#
#5839175247
1#
#5839275247
0#
#5839375247
1#
#5839475247
0#
#5839575247
1#
#5839675247
0#
#5839775247
1#
#5839875247
0#
#5839975247
1#
#5840075247
0#
#5840175247
1#
#5840275247
0#
#5840375247
1#
#5840475247
0#
#5840575247
1#
#5840675247
0#
#5840775247
1#
#5840875247
0#
#5840975247
1#
#5841075247
0#
#5841175247
1#
#5841275247
0#
#5841375247
1#
#5841475247
0#
#5841575247
1#
#5841675247
0#
#5841775247
1#
#5841875247
0#
#5841975247
1#
#5842075247
0#
#5842175247
1#
#5842275247
0#
#5842375247
1#
#5842475247
0#
#5842575247
1#
#5842675247
0#
#5842775247
1#
#5842875247
0#
#5842975247
1#
#5843075247
0#
#5843175247
1#
#5843275247
0#
#5843375247
1#
#5843475247
0#
#5843575247
1#
#5843675247
0#
#5843775247
1#
#5843875247
0#
#5843975247
1#
#5844075247
0#
#5844175247
1#
#5844275247
0#
#5844375247
1#
#5844475247
0#
#5844575247
1#
#5844675247
0#
#5844775247
1#
#5844875247
0#
#5844975247
1#
#5845075247
0#
#5845175247
1#
#5845275247
0#
#5845375247
1#
#5845475247
0#
#5845575247
1#
#5845675247
0#
#5845775247
1#
#5845875247
0#
#5845975247
1#
#5846075247
0#
#5846175247
1#
#5846275247
0#
#5846375247
1#
#5846475247
0#
#5846575247
1#
#5846675247
0#
#5846775247
1#
#5846875247
0#
#5846975247
1#
#5847075247
0#
#5847175247
1#
#5847275247
0#
#5847375247
1#
#5847475247
0#
#5847575247
1#
#5847675247
0#
#5847775247
1#
#5847875247
0#
#5847975247
1#
#5848075247
0#
#5848175247
1#
#5848275247
0#
#5848375247
1#
#5848475247
0#
#5848575247
1#
#5848675247
0#
#5848775247
1#
#5848875247
0#
#5848975247
1#
#5849075247
0#
#5849175247
1#
#5849275247
0#
#5849375247
1#
#5849475247
0#
#5849575247
1#
#5849675247
0#
#5849775247
1#
#5849875247
0#
#5849975247
1#
#5850075247
0#
#5850175247
1#
#5850275247
0#
#5850375247
1#
#5850475247
0#
#5850575247
1#
#5850675247
0#
#5850775247
1#
#5850875247
0#
#5850975247
1#
#5851075247
0#
#5851175247
1#
#5851275247
0#
#5851375247
1#
#5851475247
0#
#5851575247
1#
#5851675247
0#
#5851775247
1#
#5851875247
0#
#5851975247
1#
#5852075247
0#
#5852175247
1#
#5852275247
0#
#5852375247
1#
#5852475247
0#
#5852575247
1#
#5852675247
0#
#5852775247
1#
#5852875247
0#
#5852975247
1#
#5853075247
0#
#5853175247
1#
#5853275247
0#
#5853375247
1#
#5853475247
0#
#5853575247
1#
#5853675247
0#
#5853775247
1#
#5853875247
0#
#5853975247
1#
#5854075247
0#
#5854175247
1#
#5854275247
0#
#5854375247
1#
#5854475247
0#
#5854575247
1#
#5854675247
0#
#5854775247
1#
#5854875247
0#
#5854975247
1#
#5855075247
0#
#5855175247
1#
#5855275247
0#
#5855375247
1#
#5855475247
0#
#5855575247
1#
#5855675247
0#
#5855775247
1#
#5855875247
0#
#5855975247
1#
#5856075247
0#
#5856175247
1#
#5856275247
0#
#5856375247
1#
#5856475247
0#
#5856575247
1#
#5856675247
0#
#5856775247
1#
#5856875247
0#
#5856975247
1#
#5857075247
0#
#5857175247
1#
#5857275247
0#
#5857375247
1#
#5857475247
0#
#5857575247
1#
#5857675247
0#
#5857775247
1#
#5857875247
0#
#5857975247
1#
#5858075247
0#
#5858175247
1#
#5858275247
0#
#5858375247
1#
#5858475247
0#
#5858575247
1#
#5858675247
0#
#5858775247
1#
#5858875247
0#
#5858975247
1#
#5859075247
0#
#5859175247
1#
#5859275247
0#
#5859375247
1#
#5859475247
0#
#5859575247
1#
#5859675247
0#
#5859775247
1#
#5859875247
0#
#5859975247
1#
#5860075247
0#
#5860175247
1#
#5860275247
0#
#5860375247
1#
#5860475247
0#
#5860575247
1#
#5860675247
0#
#5860775247
1#
#5860875247
0#
#5860975247
1#
#5861075247
0#
#5861175247
1#
#5861275247
0#
#5861375247
1#
#5861475247
0#
#5861575247
1#
#5861675247
0#
#5861775247
1#
#5861875247
0#
#5861975247
1#
#5862075247
0#
#5862175247
1#
#5862275247
0#
#5862375247
1#
#5862475247
0#
#5862575247
1#
#5862675247
0#
#5862775247
1#
#5862875247
0#
#5862975247
1#
#5863075247
0#
#5863175247
1#
#5863275247
0#
#5863375247
1#
#5863475247
0#
#5863575247
1#
#5863675247
0#
#5863775247
1#
#5863875247
0#
#5863975247
1#
#5864075247
0#
#5864175247
1#
#5864275247
0#
#5864375247
1#
#5864475247
0#
#5864575247
1#
#5864675247
0#
#5864775247
1#
#5864875247
0#
#5864975247
1#
#5865075247
0#
#5865175247
1#
#5865275247
0#
#5865375247
1#
#5865475247
0#
#5865575247
1#
#5865675247
0#
#5865775247
1#
#5865875247
0#
#5865975247
1#
#5866075247
0#
#5866175247
1#
#5866275247
0#
#5866375247
1#
#5866475247
0#
#5866575247
1#
#5866675247
0#
#5866775247
1#
#5866875247
0#
#5866975247
1#
#5867075247
0#
#5867175247
1#
#5867275247
0#
#5867375247
1#
#5867475247
0#
#5867575247
1#
#5867675247
0#
#5867775247
1#
#5867875247
0#
#5867975247
1#
#5868075247
0#
#5868175247
1#
#5868275247
0#
#5868375247
1#
#5868475247
0#
#5868575247
1#
#5868675247
0#
#5868775247
1#
#5868875247
0#
#5868975247
1#
#5869075247
0#
#5869175247
1#
#5869275247
0#
#5869375247
1#
#5869475247
0#
#5869575247
1#
#5869675247
0#
#5869775247
1#
#5869875247
0#
#5869975247
1#
#5870075247
0#
#5870175247
1#
#5870275247
0#
#5870375247
1#
#5870475247
0#
#5870575247
1#
#5870675247
0#
#5870775247
1#
#5870875247
0#
#5870975247
1#
#5871075247
0#
#5871175247
1#
#5871275247
0#
#5871375247
1#
#5871475247
0#
#5871575247
1#
#5871675247
0#
#5871775247
1#
#5871875247
0#
#5871975247
1#
#5872075247
0#
#5872175247
1#
#5872275247
0#
#5872375247
1#
#5872475247
0#
#5872575247
1#
#5872675247
0#
#5872775247
1#
#5872875247
0#
#5872975247
1#
#5873075247
0#
#5873175247
1#
#5873275247
0#
#5873375247
1#
#5873475247
0#
#5873575247
1#
#5873675247
0#
#5873775247
1#
#5873875247
0#
#5873975247
1#
#5874075247
0#
#5874175247
1#
#5874275247
0#
#5874375247
1#
#5874475247
0#
#5874575247
1#
#5874675247
0#
#5874775247
1#
#5874875247
0#
#5874975247
1#
#5875075247
0#
#5875175247
1#
#5875275247
0#
#5875375247
1#
#5875475247
0#
#5875575247
1#
#5875675247
0#
#5875775247
1#
#5875875247
0#
#5875975247
1#
#5876075247
0#
#5876175247
1#
#5876275247
0#
#5876375247
1#
#5876475247
0#
#5876575247
1#
#5876675247
0#
#5876775247
1#
#5876875247
0#
#5876975247
1#
#5877075247
0#
#5877175247
1#
#5877275247
0#
#5877375247
1#
#5877475247
0#
#5877575247
1#
#5877675247
0#
#5877775247
1#
#5877875247
0#
#5877975247
1#
#5878075247
0#
#5878175247
1#
#5878275247
0#
#5878375247
1#
#5878475247
0#
#5878575247
1#
#5878675247
0#
#5878775247
1#
#5878875247
0#
#5878975247
1#
#5879075247
0#
#5879175247
1#
#5879275247
0#
#5879375247
1#
#5879475247
0#
#5879575247
1#
#5879675247
0#
#5879775247
1#
#5879875247
0#
#5879975247
1#
#5880075247
0#
#5880175247
1#
#5880275247
0#
#5880375247
1#
#5880475247
0#
#5880575247
1#
#5880675247
0#
#5880775247
1#
#5880875247
0#
#5880975247
1#
#5881075247
0#
#5881175247
1#
#5881275247
0#
#5881375247
1#
#5881475247
0#
#5881575247
1#
#5881675247
0#
#5881775247
1#
#5881875247
0#
#5881975247
1#
#5882075247
0#
#5882175247
1#
#5882275247
0#
#5882375247
1#
#5882475247
0#
#5882575247
1#
#5882675247
0#
#5882775247
1#
#5882875247
0#
#5882975247
1#
#5883075247
0#
#5883175247
1#
#5883275247
0#
#5883375247
1#
#5883475247
0#
#5883575247
1#
#5883675247
0#
#5883775247
1#
#5883875247
0#
#5883975247
1#
#5884075247
0#
#5884175247
1#
#5884275247
0#
#5884375247
1#
#5884475247
0#
#5884575247
1#
#5884675247
0#
#5884775247
1#
#5884875247
0#
#5884975247
1#
#5885075247
0#
#5885175247
1#
#5885275247
0#
#5885375247
1#
#5885475247
0#
#5885575247
1#
#5885675247
0#
#5885775247
1#
#5885875247
0#
#5885975247
1#
#5886075247
0#
#5886175247
1#
#5886275247
0#
#5886375247
1#
#5886475247
0#
#5886575247
1#
#5886675247
0#
#5886775247
1#
#5886875247
0#
#5886975247
1#
#5887075247
0#
#5887175247
1#
#5887275247
0#
#5887375247
1#
#5887475247
0#
#5887575247
1#
#5887675247
0#
#5887775247
1#
#5887875247
0#
#5887975247
1#
#5888075247
0#
#5888175247
1#
#5888275247
0#
#5888375247
1#
#5888475247
0#
#5888575247
1#
#5888675247
0#
#5888775247
1#
#5888875247
0#
#5888975247
1#
#5889075247
0#
#5889175247
1#
#5889275247
0#
#5889375247
1#
#5889475247
0#
#5889575247
1#
#5889675247
0#
#5889775247
1#
#5889875247
0#
#5889975247
1#
#5890075247
0#
#5890175247
1#
#5890275247
0#
#5890375247
1#
#5890475247
0#
#5890575247
1#
#5890675247
0#
#5890775247
1#
#5890875247
0#
#5890975247
1#
#5891075247
0#
#5891175247
1#
#5891275247
0#
#5891375247
1#
#5891475247
0#
#5891575247
1#
#5891675247
0#
#5891775247
1#
#5891875247
0#
#5891975247
1#
#5892075247
0#
#5892175247
1#
#5892275247
0#
#5892375247
1#
#5892475247
0#
#5892575247
1#
#5892675247
0#
#5892775247
1#
#5892875247
0#
#5892975247
1#
#5893075247
0#
#5893175247
1#
#5893275247
0#
#5893375247
1#
#5893475247
0#
#5893575247
1#
#5893675247
0#
#5893775247
1#
#5893875247
0#
#5893975247
1#
#5894075247
0#
#5894175247
1#
#5894275247
0#
#5894375247
1#
#5894475247
0#
#5894575247
1#
#5894675247
0#
#5894775247
1#
#5894875247
0#
#5894975247
1#
#5895075247
0#
#5895175247
1#
#5895275247
0#
#5895375247
1#
#5895475247
0#
#5895575247
1#
#5895675247
0#
#5895775247
1#
#5895875247
0#
#5895975247
1#
#5896075247
0#
#5896175247
1#
#5896275247
0#
#5896375247
1#
#5896475247
0#
#5896575247
1#
#5896675247
0#
#5896775247
1#
#5896875247
0#
#5896975247
1#
#5897075247
0#
#5897175247
1#
#5897275247
0#
#5897375247
1#
#5897475247
0#
#5897575247
1#
#5897675247
0#
#5897775247
1#
#5897875247
0#
#5897975247
1#
#5898075247
0#
#5898175247
1#
#5898275247
0#
#5898375247
1#
#5898475247
0#
#5898575247
1#
#5898675247
0#
#5898775247
1#
#5898875247
0#
#5898975247
1#
#5899075247
0#
#5899175247
1#
#5899275247
0#
#5899375247
1#
#5899475247
0#
#5899575247
1#
#5899675247
0#
#5899775247
1#
#5899875247
0#
#5899975247
1#
#5900075247
0#
#5900175247
1#
#5900275247
0#
#5900375247
1#
#5900475247
0#
#5900575247
1#
#5900675247
0#
#5900775247
1#
#5900875247
0#
#5900975247
1#
#5901075247
0#
#5901175247
1#
#5901275247
0#
#5901375247
1#
#5901475247
0#
#5901575247
1#
#5901675247
0#
#5901775247
1#
#5901875247
0#
#5901975247
1#
#5902075247
0#
#5902175247
1#
#5902275247
0#
#5902375247
1#
#5902475247
0#
#5902575247
1#
#5902675247
0#
#5902775247
1#
#5902875247
0#
#5902975247
1#
#5903075247
0#
#5903175247
1#
#5903275247
0#
#5903375247
1#
#5903475247
0#
#5903575247
1#
#5903675247
0#
#5903775247
1#
#5903875247
0#
#5903975247
1#
#5904075247
0#
#5904175247
1#
#5904275247
0#
#5904375247
1#
#5904475247
0#
#5904575247
1#
#5904675247
0#
#5904775247
1#
#5904875247
0#
#5904975247
1#
#5905075247
0#
#5905175247
1#
#5905275247
0#
#5905375247
1#
#5905475247
0#
#5905575247
1#
#5905675247
0#
#5905775247
1#
#5905875247
0#
#5905975247
1#
#5906075247
0#
#5906175247
1#
#5906275247
0#
#5906375247
1#
#5906475247
0#
#5906575247
1#
#5906675247
0#
#5906775247
1#
#5906875247
0#
#5906975247
1#
#5907075247
0#
#5907175247
1#
#5907275247
0#
#5907375247
1#
#5907475247
0#
#5907575247
1#
#5907675247
0#
#5907775247
1#
#5907875247
0#
#5907975247
1#
#5908075247
0#
#5908175247
1#
#5908275247
0#
#5908375247
1#
#5908475247
0#
#5908575247
1#
#5908675247
0#
#5908775247
1#
#5908875247
0#
#5908975247
1#
#5909075247
0#
#5909175247
1#
#5909275247
0#
#5909375247
1#
#5909475247
0#
#5909575247
1#
#5909675247
0#
#5909775247
1#
#5909875247
0#
#5909975247
1#
#5910075247
0#
#5910175247
1#
#5910275247
0#
#5910375247
1#
#5910475247
0#
#5910575247
1#
#5910675247
0#
#5910775247
1#
#5910875247
0#
#5910975247
1#
#5911075247
0#
#5911175247
1#
#5911275247
0#
#5911375247
1#
#5911475247
0#
#5911575247
1#
#5911675247
0#
#5911775247
1#
#5911875247
0#
#5911975247
1#
#5912075247
0#
#5912175247
1#
#5912275247
0#
#5912375247
1#
#5912475247
0#
#5912575247
1#
#5912675247
0#
#5912775247
1#
#5912875247
0#
#5912975247
1#
#5913075247
0#
#5913175247
1#
#5913275247
0#
#5913375247
1#
#5913475247
0#
#5913575247
1#
#5913675247
0#
#5913775247
1#
#5913875247
0#
#5913975247
1#
#5914075247
0#
#5914175247
1#
#5914275247
0#
#5914375247
1#
#5914475247
0#
#5914575247
1#
#5914675247
0#
#5914775247
1#
#5914875247
0#
#5914975247
1#
#5915075247
0#
#5915175247
1#
#5915275247
0#
#5915375247
1#
#5915475247
0#
#5915575247
1#
#5915675247
0#
#5915775247
1#
#5915875247
0#
#5915975247
1#
#5916075247
0#
#5916175247
1#
#5916275247
0#
#5916375247
1#
#5916475247
0#
#5916575247
1#
#5916675247
0#
#5916775247
1#
#5916875247
0#
#5916975247
1#
#5917075247
0#
#5917175247
1#
#5917275247
0#
#5917375247
1#
#5917475247
0#
#5917575247
1#
#5917675247
0#
#5917775247
1#
#5917875247
0#
#5917975247
1#
#5918075247
0#
#5918175247
1#
#5918275247
0#
#5918375247
1#
#5918475247
0#
#5918575247
1#
#5918675247
0#
#5918775247
1#
#5918875247
0#
#5918975247
1#
#5919075247
0#
#5919175247
1#
#5919275247
0#
#5919375247
1#
#5919475247
0#
#5919575247
1#
#5919675247
0#
#5919775247
1#
#5919875247
0#
#5919975247
1#
#5920075247
0#
#5920175247
1#
#5920275247
0#
#5920375247
1#
#5920475247
0#
#5920575247
1#
#5920675247
0#
#5920775247
1#
#5920875247
0#
#5920975247
1#
#5921075247
0#
#5921175247
1#
#5921275247
0#
#5921375247
1#
#5921475247
0#
#5921575247
1#
#5921675247
0#
#5921775247
1#
#5921875247
0#
#5921975247
1#
#5922075247
0#
#5922175247
1#
#5922275247
0#
#5922375247
1#
#5922475247
0#
#5922575247
1#
#5922675247
0#
#5922775247
1#
#5922875247
0#
#5922975247
1#
#5923075247
0#
#5923175247
1#
#5923275247
0#
#5923375247
1#
#5923475247
0#
#5923575247
1#
#5923675247
0#
#5923775247
1#
#5923875247
0#
#5923975247
1#
#5924075247
0#
#5924175247
1#
#5924275247
0#
#5924375247
1#
#5924475247
0#
#5924575247
1#
#5924675247
0#
#5924775247
1#
#5924875247
0#
#5924975247
1#
#5925075247
0#
#5925175247
1#
#5925275247
0#
#5925375247
1#
#5925475247
0#
#5925575247
1#
#5925675247
0#
#5925775247
1#
#5925875247
0#
#5925975247
1#
#5926075247
0#
#5926175247
1#
#5926275247
0#
#5926375247
1#
#5926475247
0#
#5926575247
1#
#5926675247
0#
#5926775247
1#
#5926875247
0#
#5926975247
1#
#5927075247
0#
#5927175247
1#
#5927275247
0#
#5927375247
1#
#5927475247
0#
#5927575247
1#
#5927675247
0#
#5927775247
1#
#5927875247
0#
#5927975247
1#
#5928075247
0#
#5928175247
1#
#5928275247
0#
#5928375247
1#
#5928475247
0#
#5928575247
1#
#5928675247
0#
#5928775247
1#
#5928875247
0#
#5928975247
1#
#5929075247
0#
#5929175247
1#
#5929275247
0#
#5929375247
1#
#5929475247
0#
#5929575247
1#
#5929675247
0#
#5929775247
1#
#5929875247
0#
#5929975247
1#
#5930075247
0#
#5930175247
1#
#5930275247
0#
#5930375247
1#
#5930475247
0#
#5930575247
1#
#5930675247
0#
#5930775247
1#
#5930875247
0#
#5930975247
1#
#5931075247
0#
#5931175247
1#
#5931275247
0#
#5931375247
1#
#5931475247
0#
#5931575247
1#
#5931675247
0#
#5931775247
1#
#5931875247
0#
#5931975247
1#
#5932075247
0#
#5932175247
1#
#5932275247
0#
#5932375247
1#
#5932475247
0#
#5932575247
1#
#5932675247
0#
#5932775247
1#
#5932875247
0#
#5932975247
1#
#5933075247
0#
#5933175247
1#
#5933275247
0#
#5933375247
1#
#5933475247
0#
#5933575247
1#
#5933675247
0#
#5933775247
1#
#5933875247
0#
#5933975247
1#
#5934075247
0#
#5934175247
1#
#5934275247
0#
#5934375247
1#
#5934475247
0#
#5934575247
1#
#5934675247
0#
#5934775247
1#
#5934875247
0#
#5934975247
1#
#5935075247
0#
#5935175247
1#
#5935275247
0#
#5935375247
1#
#5935475247
0#
#5935575247
1#
#5935675247
0#
#5935775247
1#
#5935875247
0#
#5935975247
1#
#5936075247
0#
#5936175247
1#
#5936275247
0#
#5936375247
1#
#5936475247
0#
#5936575247
1#
#5936675247
0#
#5936775247
1#
#5936875247
0#
#5936975247
1#
#5937075247
0#
#5937175247
1#
#5937275247
0#
#5937375247
1#
#5937475247
0#
#5937575247
1#
#5937675247
0#
#5937775247
1#
#5937875247
0#
#5937975247
1#
#5938075247
0#
#5938175247
1#
#5938275247
0#
#5938375247
1#
#5938475247
0#
#5938575247
1#
#5938675247
0#
#5938775247
1#
#5938875247
0#
#5938975247
1#
#5939075247
0#
#5939175247
1#
#5939275247
0#
#5939375247
1#
#5939475247
0#
#5939575247
1#
#5939675247
0#
#5939775247
1#
#5939875247
0#
#5939975247
1#
#5940075247
0#
#5940175247
1#
#5940275247
0#
#5940375247
1#
#5940475247
0#
#5940575247
1#
#5940675247
0#
#5940775247
1#
#5940875247
0#
#5940975247
1#
#5941075247
0#
#5941175247
1#
#5941275247
0#
#5941375247
1#
#5941475247
0#
#5941575247
1#
#5941675247
0#
#5941775247
1#
#5941875247
0#
#5941975247
1#
#5942075247
0#
#5942175247
1#
#5942275247
0#
#5942375247
1#
#5942475247
0#
#5942575247
1#
#5942675247
0#
#5942775247
1#
#5942875247
0#
#5942975247
1#
#5943075247
0#
#5943175247
1#
#5943275247
0#
#5943375247
1#
#5943475247
0#
#5943575247
1#
#5943675247
0#
#5943775247
1#
#5943875247
0#
#5943975247
1#
#5944075247
0#
#5944175247
1#
#5944275247
0#
#5944375247
1#
#5944475247
0#
#5944575247
1#
#5944675247
0#
#5944775247
1#
#5944875247
0#
#5944975247
1#
#5945075247
0#
#5945175247
1#
#5945275247
0#
#5945375247
1#
#5945475247
0#
#5945575247
1#
#5945675247
0#
#5945775247
1#
#5945875247
0#
#5945975247
1#
#5946075247
0#
#5946175247
1#
#5946275247
0#
#5946375247
1#
#5946475247
0#
#5946575247
1#
#5946675247
0#
#5946775247
1#
#5946875247
0#
#5946975247
1#
#5947075247
0#
#5947175247
1#
#5947275247
0#
#5947375247
1#
#5947475247
0#
#5947575247
1#
#5947675247
0#
#5947775247
1#
#5947875247
0#
#5947975247
1#
#5948075247
0#
#5948175247
1#
#5948275247
0#
#5948375247
1#
#5948475247
0#
#5948575247
1#
#5948675247
0#
#5948775247
1#
#5948875247
0#
#5948975247
1#
#5949075247
0#
#5949175247
1#
#5949275247
0#
#5949375247
1#
#5949475247
0#
#5949575247
1#
#5949675247
0#
#5949775247
1#
#5949875247
0#
#5949975247
1#
#5950075247
0#
#5950175247
1#
#5950275247
0#
#5950375247
1#
#5950475247
0#
#5950575247
1#
#5950675247
0#
#5950775247
1#
#5950875247
0#
#5950975247
1#
#5951075247
0#
#5951175247
1#
#5951275247
0#
#5951375247
1#
#5951475247
0#
#5951575247
1#
#5951675247
0#
#5951775247
1#
#5951875247
0#
#5951975247
1#
#5952075247
0#
#5952175247
1#
#5952275247
0#
#5952375247
1#
#5952475247
0#
#5952575247
1#
#5952675247
0#
#5952775247
1#
#5952875247
0#
#5952975247
1#
#5953075247
0#
#5953175247
1#
#5953275247
0#
#5953375247
1#
#5953475247
0#
#5953575247
1#
#5953675247
0#
#5953775247
1#
#5953875247
0#
#5953975247
1#
#5954075247
0#
#5954175247
1#
#5954275247
0#
#5954375247
1#
#5954475247
0#
#5954575247
1#
#5954675247
0#
#5954775247
1#
#5954875247
0#
#5954975247
1#
#5955075247
0#
#5955175247
1#
#5955275247
0#
#5955375247
1#
#5955475247
0#
#5955575247
1#
#5955675247
0#
#5955775247
1#
#5955875247
0#
#5955975247
1#
#5956075247
0#
#5956175247
1#
#5956275247
0#
#5956375247
1#
#5956475247
0#
#5956575247
1#
#5956675247
0#
#5956775247
1#
#5956875247
0#
#5956975247
1#
#5957075247
0#
#5957175247
1#
#5957275247
0#
#5957375247
1#
#5957475247
0#
#5957575247
1#
#5957675247
0#
#5957775247
1#
#5957875247
0#
#5957975247
1#
#5958075247
0#
#5958175247
1#
#5958275247
0#
#5958375247
1#
#5958475247
0#
#5958575247
1#
#5958675247
0#
#5958775247
1#
#5958875247
0#
#5958975247
1#
#5959075247
0#
#5959175247
1#
#5959275247
0#
#5959375247
1#
#5959475247
0#
#5959575247
1#
#5959675247
0#
#5959775247
1#
#5959875247
0#
#5959975247
1#
#5960075247
0#
#5960175247
1#
#5960275247
0#
#5960375247
1#
#5960475247
0#
#5960575247
1#
#5960675247
0#
#5960775247
1#
#5960875247
0#
#5960975247
1#
#5961075247
0#
#5961175247
1#
#5961275247
0#
#5961375247
1#
#5961475247
0#
#5961575247
1#
#5961675247
0#
#5961775247
1#
#5961875247
0#
#5961975247
1#
#5962075247
0#
#5962175247
1#
#5962275247
0#
#5962375247
1#
#5962475247
0#
#5962575247
1#
#5962675247
0#
#5962775247
1#
#5962875247
0#
#5962975247
1#
#5963075247
0#
#5963175247
1#
#5963275247
0#
#5963375247
1#
#5963475247
0#
#5963575247
1#
#5963675247
0#
#5963775247
1#
#5963875247
0#
#5963975247
1#
#5964075247
0#
#5964175247
1#
#5964275247
0#
#5964375247
1#
#5964475247
0#
#5964575247
1#
#5964675247
0#
#5964775247
1#
#5964875247
0#
#5964975247
1#
#5965075247
0#
#5965175247
1#
#5965275247
0#
#5965375247
1#
#5965475247
0#
#5965575247
1#
#5965675247
0#
#5965775247
1#
#5965875247
0#
#5965975247
1#
#5966075247
0#
#5966175247
1#
#5966275247
0#
#5966375247
1#
#5966475247
0#
#5966575247
1#
#5966675247
0#
#5966775247
1#
#5966875247
0#
#5966975247
1#
#5967075247
0#
#5967175247
1#
#5967275247
0#
#5967375247
1#
#5967475247
0#
#5967575247
1#
#5967675247
0#
#5967775247
1#
#5967875247
0#
#5967975247
1#
#5968075247
0#
#5968175247
1#
#5968275247
0#
#5968375247
1#
#5968475247
0#
#5968575247
1#
#5968675247
0#
#5968775247
1#
#5968875247
0#
#5968975247
1#
#5969075247
0#
#5969175247
1#
#5969275247
0#
#5969375247
1#
#5969475247
0#
#5969575247
1#
#5969675247
0#
#5969775247
1#
#5969875247
0#
#5969975247
1#
#5970075247
0#
#5970175247
1#
#5970275247
0#
#5970375247
1#
#5970475247
0#
#5970575247
1#
#5970675247
0#
#5970775247
1#
#5970875247
0#
#5970975247
1#
#5971075247
0#
#5971175247
1#
#5971275247
0#
#5971375247
1#
#5971475247
0#
#5971575247
1#
#5971675247
0#
#5971775247
1#
#5971875247
0#
#5971975247
1#
#5972075247
0#
#5972175247
1#
#5972275247
0#
#5972375247
1#
#5972475247
0#
#5972575247
1#
#5972675247
0#
#5972775247
1#
#5972875247
0#
#5972975247
1#
#5973075247
0#
#5973175247
1#
#5973275247
0#
#5973375247
1#
#5973475247
0#
#5973575247
1#
#5973675247
0#
#5973775247
1#
#5973875247
0#
#5973975247
1#
#5974075247
0#
#5974175247
1#
#5974275247
0#
#5974375247
1#
#5974475247
0#
#5974575247
1#
#5974675247
0#
#5974775247
1#
#5974875247
0#
#5974975247
1#
#5975075247
0#
#5975175247
1#
#5975275247
0#
#5975375247
1#
#5975475247
0#
#5975575247
1#
#5975675247
0#
#5975775247
1#
#5975875247
0#
#5975975247
1#
#5976075247
0#
#5976175247
1#
#5976275247
0#
#5976375247
1#
#5976475247
0#
#5976575247
1#
#5976675247
0#
#5976775247
1#
#5976875247
0#
#5976975247
1#
#5977075247
0#
#5977175247
1#
#5977275247
0#
#5977375247
1#
#5977475247
0#
#5977575247
1#
#5977675247
0#
#5977775247
1#
#5977875247
0#
#5977975247
1#
#5978075247
0#
#5978175247
1#
#5978275247
0#
#5978375247
1#
#5978475247
0#
#5978575247
1#
#5978675247
0#
#5978775247
1#
#5978875247
0#
#5978975247
1#
#5979075247
0#
#5979175247
1#
#5979275247
0#
#5979375247
1#
#5979475247
0#
#5979575247
1#
#5979675247
0#
#5979775247
1#
#5979875247
0#
#5979975247
1#
#5980075247
0#
#5980175247
1#
#5980275247
0#
#5980375247
1#
#5980475247
0#
#5980575247
1#
#5980675247
0#
#5980775247
1#
#5980875247
0#
#5980975247
1#
#5981075247
0#
#5981175247
1#
#5981275247
0#
#5981375247
1#
#5981475247
0#
#5981575247
1#
#5981675247
0#
#5981775247
1#
#5981875247
0#
#5981975247
1#
#5982075247
0#
#5982175247
1#
#5982275247
0#
#5982375247
1#
#5982475247
0#
#5982575247
1#
#5982675247
0#
#5982775247
1#
#5982875247
0#
#5982975247
1#
#5983075247
0#
#5983175247
1#
#5983275247
0#
#5983375247
1#
#5983475247
0#
#5983575247
1#
#5983675247
0#
#5983775247
1#
#5983875247
0#
#5983975247
1#
#5984075247
0#
#5984175247
1#
#5984275247
0#
#5984375247
1#
#5984475247
0#
#5984575247
1#
#5984675247
0#
#5984775247
1#
#5984875247
0#
#5984975247
1#
#5985075247
0#
#5985175247
1#
#5985275247
0#
#5985375247
1#
#5985475247
0#
#5985575247
1#
#5985675247
0#
#5985775247
1#
#5985875247
0#
#5985975247
1#
#5986075247
0#
#5986175247
1#
#5986275247
0#
#5986375247
1#
#5986475247
0#
#5986575247
1#
#5986675247
0#
#5986775247
1#
#5986875247
0#
#5986975247
1#
#5987075247
0#
#5987175247
1#
#5987275247
0#
#5987375247
1#
#5987475247
0#
#5987575247
1#
#5987675247
0#
#5987775247
1#
#5987875247
0#
#5987975247
1#
#5988075247
0#
#5988175247
1#
#5988275247
0#
#5988375247
1#
#5988475247
0#
#5988575247
1#
#5988675247
0#
#5988775247
1#
#5988875247
0#
#5988975247
1#
#5989075247
0#
#5989175247
1#
#5989275247
0#
#5989375247
1#
#5989475247
0#
#5989575247
1#
#5989675247
0#
#5989775247
1#
#5989875247
0#
#5989975247
1#
#5990075247
0#
#5990175247
1#
#5990275247
0#
#5990375247
1#
#5990475247
0#
#5990575247
1#
#5990675247
0#
#5990775247
1#
#5990875247
0#
#5990975247
1#
#5991075247
0#
#5991175247
1#
#5991275247
0#
#5991375247
1#
#5991475247
0#
#5991575247
1#
#5991675247
0#
#5991775247
1#
#5991875247
0#
#5991975247
1#
#5992075247
0#
#5992175247
1#
#5992275247
0#
#5992375247
1#
#5992475247
0#
#5992575247
1#
#5992675247
0#
#5992775247
1#
#5992875247
0#
#5992975247
1#
#5993075247
0#
#5993175247
1#
#5993275247
0#
#5993375247
1#
#5993475247
0#
#5993575247
1#
#5993675247
0#
#5993775247
1#
#5993875247
0#
#5993975247
1#
#5994075247
0#
#5994175247
1#
#5994275247
0#
#5994375247
1#
#5994475247
0#
#5994575247
1#
#5994675247
0#
#5994775247
1#
#5994875247
0#
#5994975247
1#
#5995075247
0#
#5995175247
1#
#5995275247
0#
#5995375247
1#
#5995475247
0#
#5995575247
1#
#5995675247
0#
#5995775247
1#
#5995875247
0#
#5995975247
1#
#5996075247
0#
#5996175247
1#
#5996275247
0#
#5996375247
1#
#5996475247
0#
#5996575247
1#
#5996675247
0#
#5996775247
1#
#5996875247
0#
#5996975247
1#
#5997075247
0#
#5997175247
1#
#5997275247
0#
#5997375247
1#
#5997475247
0#
#5997575247
1#
#5997675247
0#
#5997775247
1#
#5997875247
0#
#5997975247
1#
#5998075247
0#
#5998175247
1#
#5998275247
0#
#5998375247
1#
#5998475247
0#
#5998575247
1#
#5998675247
0#
#5998775247
1#
#5998875247
0#
#5998975247
1#
#5999075247
0#
#5999175247
1#
#5999275247
0#
#5999375247
1#
#5999475247
0#
#5999575247
1#
#5999675247
0#
#5999775247
1#
#5999875247
0#
#5999975247
1#
#6000075247
0#
#6000175247
1#
#6000275247
0#
#6000375247
1#
#6000475247
0#
#6000575247
1#
#6000675247
0#
#6000775247
1#
#6000875247
0#
#6000975247
1#
#6001075247
0#
#6001175247
1#
#6001275247
0#
#6001375247
1#
#6001475247
0#
#6001575247
1#
#6001675247
0#
#6001775247
1#
#6001875247
0#
#6001975247
1#
#6002075247
0#
#6002175247
1#
#6002275247
0#
#6002375247
1#
#6002475247
0#
#6002575247
1#
#6002675247
0#
#6002775247
1#
#6002875247
0#
#6002975247
1#
#6003075247
0#
#6003175247
1#
#6003275247
0#
#6003375247
1#
#6003475247
0#
#6003575247
1#
#6003675247
0#
#6003775247
1#
#6003875247
0#
#6003975247
1#
#6004075247
0#
#6004175247
1#
#6004275247
0#
#6004375247
1#
#6004475247
0#
#6004575247
1#
#6004675247
0#
#6004775247
1#
#6004875247
0#
#6004975247
1#
#6005075247
0#
#6005175247
1#
#6005275247
0#
#6005375247
1#
#6005475247
0#
#6005575247
1#
#6005675247
0#
#6005775247
1#
#6005875247
0#
#6005975247
1#
#6006075247
0#
#6006175247
1#
#6006275247
0#
#6006375247
1#
#6006475247
0#
#6006575247
1#
#6006675247
0#
#6006775247
1#
#6006875247
0#
#6006975247
1#
#6007075247
0#
#6007175247
1#
#6007275247
0#
#6007375247
1#
#6007475247
0#
#6007575247
1#
#6007675247
0#
#6007775247
1#
#6007875247
0#
#6007975247
1#
#6008075247
0#
#6008175247
1#
#6008275247
0#
#6008375247
1#
#6008475247
0#
#6008575247
1#
#6008675247
0#
#6008775247
1#
#6008875247
0#
#6008975247
1#
#6009075247
0#
#6009175247
1#
#6009275247
0#
#6009375247
1#
#6009475247
0#
#6009575247
1#
#6009675247
0#
#6009775247
1#
#6009875247
0#
#6009975247
1#
#6010075247
0#
#6010175247
1#
#6010275247
0#
#6010375247
1#
#6010475247
0#
#6010575247
1#
#6010675247
0#
#6010775247
1#
#6010875247
0#
#6010975247
1#
#6011075247
0#
#6011175247
1#
#6011275247
0#
#6011375247
1#
#6011475247
0#
#6011575247
1#
#6011675247
0#
#6011775247
1#
#6011875247
0#
#6011975247
1#
#6012075247
0#
#6012175247
1#
#6012275247
0#
#6012375247
1#
#6012475247
0#
#6012575247
1#
#6012675247
0#
#6012775247
1#
#6012875247
0#
#6012975247
1#
#6013075247
0#
#6013175247
1#
#6013275247
0#
#6013375247
1#
#6013475247
0#
#6013575247
1#
#6013675247
0#
#6013775247
1#
#6013875247
0#
#6013975247
1#
#6014075247
0#
#6014175247
1#
#6014275247
0#
#6014375247
1#
#6014475247
0#
#6014575247
1#
#6014675247
0#
#6014775247
1#
#6014875247
0#
#6014975247
1#
#6015075247
0#
#6015175247
1#
#6015275247
0#
#6015375247
1#
#6015475247
0#
#6015575247
1#
#6015675247
0#
#6015775247
1#
#6015875247
0#
#6015975247
1#
#6016075247
0#
#6016175247
1#
#6016275247
0#
#6016375247
1#
#6016475247
0#
#6016575247
1#
#6016675247
0#
#6016775247
1#
#6016875247
0#
#6016975247
1#
#6017075247
0#
#6017175247
1#
#6017275247
0#
#6017375247
1#
#6017475247
0#
#6017575247
1#
#6017675247
0#
#6017775247
1#
#6017875247
0#
#6017975247
1#
#6018075247
0#
#6018175247
1#
#6018275247
0#
#6018375247
1#
#6018475247
0#
#6018575247
1#
#6018675247
0#
#6018775247
1#
#6018875247
0#
#6018975247
1#
#6019075247
0#
#6019175247
1#
#6019275247
0#
#6019375247
1#
#6019475247
0#
#6019575247
1#
#6019675247
0#
#6019775247
1#
#6019875247
0#
#6019975247
1#
#6020075247
0#
#6020175247
1#
#6020275247
0#
#6020375247
1#
#6020475247
0#
#6020575247
1#
#6020675247
0#
#6020775247
1#
#6020875247
0#
#6020975247
1#
#6021075247
0#
#6021175247
1#
#6021275247
0#
#6021375247
1#
#6021475247
0#
#6021575247
1#
#6021675247
0#
#6021775247
1#
#6021875247
0#
#6021975247
1#
#6022075247
0#
#6022175247
1#
#6022275247
0#
#6022375247
1#
#6022475247
0#
#6022575247
1#
#6022675247
0#
#6022775247
1#
#6022875247
0#
#6022975247
1#
#6023075247
0#
#6023175247
1#
#6023275247
0#
#6023375247
1#
#6023475247
0#
#6023575247
1#
#6023675247
0#
#6023775247
1#
#6023875247
0#
#6023975247
1#
#6024075247
0#
#6024175247
1#
#6024275247
0#
#6024375247
1#
#6024475247
0#
#6024575247
1#
#6024675247
0#
#6024775247
1#
#6024875247
0#
#6024975247
1#
#6025075247
0#
#6025175247
1#
#6025275247
0#
#6025375247
1#
#6025475247
0#
#6025575247
1#
#6025675247
0#
#6025775247
1#
#6025875247
0#
#6025975247
1#
#6026075247
0#
#6026175247
1#
#6026275247
0#
#6026375247
1#
#6026475247
0#
#6026575247
1#
#6026675247
0#
#6026775247
1#
#6026875247
0#
#6026975247
1#
#6027075247
0#
#6027175247
1#
#6027275247
0#
#6027375247
1#
#6027475247
0#
#6027575247
1#
#6027675247
0#
#6027775247
1#
#6027875247
0#
#6027975247
1#
#6028075247
0#
#6028175247
1#
#6028275247
0#
#6028375247
1#
#6028475247
0#
#6028575247
1#
#6028675247
0#
#6028775247
1#
#6028875247
0#
#6028975247
1#
#6029075247
0#
#6029175247
1#
#6029275247
0#
#6029375247
1#
#6029475247
0#
#6029575247
1#
#6029675247
0#
#6029775247
1#
#6029875247
0#
#6029975247
1#
#6030075247
0#
#6030175247
1#
#6030275247
0#
#6030375247
1#
#6030475247
0#
#6030575247
1#
#6030675247
0#
#6030775247
1#
#6030875247
0#
#6030975247
1#
#6031075247
0#
#6031175247
1#
#6031275247
0#
#6031375247
1#
#6031475247
0#
#6031575247
1#
#6031675247
0#
#6031775247
1#
#6031875247
0#
#6031975247
1#
#6032075247
0#
#6032175247
1#
#6032275247
0#
#6032375247
1#
#6032475247
0#
#6032575247
1#
#6032675247
0#
#6032775247
1#
#6032875247
0#
#6032975247
1#
#6033075247
0#
#6033175247
1#
#6033275247
0#
#6033375247
1#
#6033475247
0#
#6033575247
1#
#6033675247
0#
#6033775247
1#
#6033875247
0#
#6033975247
1#
#6034075247
0#
#6034175247
1#
#6034275247
0#
#6034375247
1#
#6034475247
0#
#6034575247
1#
#6034675247
0#
#6034775247
1#
#6034875247
0#
#6034975247
1#
#6035075247
0#
#6035175247
1#
#6035275247
0#
#6035375247
1#
#6035475247
0#
#6035575247
1#
#6035675247
0#
#6035775247
1#
#6035875247
0#
#6035975247
1#
#6036075247
0#
#6036175247
1#
#6036275247
0#
#6036375247
1#
#6036475247
0#
#6036575247
1#
#6036675247
0#
#6036775247
1#
#6036875247
0#
#6036975247
1#
#6037075247
0#
#6037175247
1#
#6037275247
0#
#6037375247
1#
#6037475247
0#
#6037575247
1#
#6037675247
0#
#6037775247
1#
#6037875247
0#
#6037975247
1#
#6038075247
0#
#6038175247
1#
#6038275247
0#
#6038375247
1#
#6038475247
0#
#6038575247
1#
#6038675247
0#
#6038775247
1#
#6038875247
0#
#6038975247
1#
#6039075247
0#
#6039175247
1#
#6039275247
0#
#6039375247
1#
#6039475247
0#
#6039575247
1#
#6039675247
0#
#6039775247
1#
#6039875247
0#
#6039975247
1#
#6040075247
0#
#6040175247
1#
#6040275247
0#
#6040375247
1#
#6040475247
0#
#6040575247
1#
#6040675247
0#
#6040775247
1#
#6040875247
0#
#6040975247
1#
#6041075247
0#
#6041175247
1#
#6041275247
0#
#6041375247
1#
#6041475247
0#
#6041575247
1#
#6041675247
0#
#6041775247
1#
#6041875247
0#
#6041975247
1#
#6042075247
0#
#6042175247
1#
#6042275247
0#
#6042375247
1#
#6042475247
0#
#6042575247
1#
#6042675247
0#
#6042775247
1#
#6042875247
0#
#6042975247
1#
#6043075247
0#
#6043175247
1#
#6043275247
0#
#6043375247
1#
#6043475247
0#
#6043575247
1#
#6043675247
0#
#6043775247
1#
#6043875247
0#
#6043975247
1#
#6044075247
0#
#6044175247
1#
#6044275247
0#
#6044375247
1#
#6044475247
0#
#6044575247
1#
#6044675247
0#
#6044775247
1#
#6044875247
0#
#6044975247
1#
#6045075247
0#
#6045175247
1#
#6045275247
0#
#6045375247
1#
#6045475247
0#
#6045575247
1#
#6045675247
0#
#6045775247
1#
#6045875247
0#
#6045975247
1#
#6046075247
0#
#6046175247
1#
#6046275247
0#
#6046375247
1#
#6046475247
0#
#6046575247
1#
#6046675247
0#
#6046775247
1#
#6046875247
0#
#6046975247
1#
#6047075247
0#
#6047175247
1#
#6047275247
0#
#6047375247
1#
#6047475247
0#
#6047575247
1#
#6047675247
0#
#6047775247
1#
#6047875247
0#
#6047975247
1#
#6048075247
0#
#6048175247
1#
#6048275247
0#
#6048375247
1#
#6048475247
0#
#6048575247
1#
#6048675247
0#
#6048775247
1#
#6048875247
0#
#6048975247
1#
#6049075247
0#
#6049175247
1#
#6049275247
0#
#6049375247
1#
#6049475247
0#
#6049575247
1#
#6049675247
0#
#6049775247
1#
#6049875247
0#
#6049975247
1#
#6050075247
0#
#6050175247
1#
#6050275247
0#
#6050375247
1#
#6050475247
0#
#6050575247
1#
#6050675247
0#
#6050775247
1#
#6050875247
0#
#6050975247
1#
#6051075247
0#
#6051175247
1#
#6051275247
0#
#6051375247
1#
#6051475247
0#
#6051575247
1#
#6051675247
0#
#6051775247
1#
#6051875247
0#
#6051975247
1#
#6052075247
0#
#6052175247
1#
#6052275247
0#
#6052375247
1#
#6052475247
0#
#6052575247
1#
#6052675247
0#
#6052775247
1#
#6052875247
0#
#6052975247
1#
#6053075247
0#
#6053175247
1#
#6053275247
0#
#6053375247
1#
#6053475247
0#
#6053575247
1#
#6053675247
0#
#6053775247
1#
#6053875247
0#
#6053975247
1#
#6054075247
0#
#6054175247
1#
#6054275247
0#
#6054375247
1#
#6054475247
0#
#6054575247
1#
#6054675247
0#
#6054775247
1#
#6054875247
0#
#6054975247
1#
#6055075247
0#
#6055175247
1#
#6055275247
0#
#6055375247
1#
#6055475247
0#
#6055575247
1#
#6055675247
0#
#6055775247
1#
#6055875247
0#
#6055975247
1#
#6056075247
0#
#6056175247
1#
#6056275247
0#
#6056375247
1#
#6056475247
0#
#6056575247
1#
#6056675247
0#
#6056775247
1#
#6056875247
0#
#6056975247
1#
#6057075247
0#
#6057175247
1#
#6057275247
0#
#6057375247
1#
#6057475247
0#
#6057575247
1#
#6057675247
0#
#6057775247
1#
#6057875247
0#
#6057975247
1#
#6058075247
0#
#6058175247
1#
#6058275247
0#
#6058375247
1#
#6058475247
0#
#6058575247
1#
#6058675247
0#
#6058775247
1#
#6058875247
0#
#6058975247
1#
#6059075247
0#
#6059175247
1#
#6059275247
0#
#6059375247
1#
#6059475247
0#
#6059575247
1#
#6059675247
0#
#6059775247
1#
#6059875247
0#
#6059975247
1#
#6060075247
0#
#6060175247
1#
#6060275247
0#
#6060375247
1#
#6060475247
0#
#6060575247
1#
#6060675247
0#
#6060775247
1#
#6060875247
0#
#6060975247
1#
#6061075247
0#
#6061175247
1#
#6061275247
0#
#6061375247
1#
#6061475247
0#
#6061575247
1#
#6061675247
0#
#6061775247
1#
#6061875247
0#
#6061975247
1#
#6062075247
0#
#6062175247
1#
#6062275247
0#
#6062375247
1#
#6062475247
0#
#6062575247
1#
#6062675247
0#
#6062775247
1#
#6062875247
0#
#6062975247
1#
#6063075247
0#
#6063175247
1#
#6063275247
0#
#6063375247
1#
#6063475247
0#
#6063575247
1#
#6063675247
0#
#6063775247
1#
#6063875247
0#
#6063975247
1#
#6064075247
0#
#6064175247
1#
#6064275247
0#
#6064375247
1#
#6064475247
0#
#6064575247
1#
#6064675247
0#
#6064775247
1#
#6064875247
0#
#6064975247
1#
#6065075247
0#
#6065175247
1#
#6065275247
0#
#6065375247
1#
#6065475247
0#
#6065575247
1#
#6065675247
0#
#6065775247
1#
#6065875247
0#
#6065975247
1#
#6066075247
0#
#6066175247
1#
#6066275247
0#
#6066375247
1#
#6066475247
0#
#6066575247
1#
#6066675247
0#
#6066775247
1#
#6066875247
0#
#6066975247
1#
#6067075247
0#
#6067175247
1#
#6067275247
0#
#6067375247
1#
#6067475247
0#
#6067575247
1#
#6067675247
0#
#6067775247
1#
#6067875247
0#
#6067975247
1#
#6068075247
0#
#6068175247
1#
#6068275247
0#
#6068375247
1#
#6068475247
0#
#6068575247
1#
#6068675247
0#
#6068775247
1#
#6068875247
0#
#6068975247
1#
#6069075247
0#
#6069175247
1#
#6069275247
0#
#6069375247
1#
#6069475247
0#
#6069575247
1#
#6069675247
0#
#6069775247
1#
#6069875247
0#
#6069975247
1#
#6070075247
0#
#6070175247
1#
#6070275247
0#
#6070375247
1#
#6070475247
0#
#6070575247
1#
#6070675247
0#
#6070775247
1#
#6070875247
0#
#6070975247
1#
#6071075247
0#
#6071175247
1#
#6071275247
0#
#6071375247
1#
#6071475247
0#
#6071575247
1#
#6071675247
0#
#6071775247
1#
#6071875247
0#
#6071975247
1#
#6072075247
0#
#6072175247
1#
#6072275247
0#
#6072375247
1#
#6072475247
0#
#6072575247
1#
#6072675247
0#
#6072775247
1#
#6072875247
0#
#6072975247
1#
#6073075247
0#
#6073175247
1#
#6073275247
0#
#6073375247
1#
#6073475247
0#
#6073575247
1#
#6073675247
0#
#6073775247
1#
#6073875247
0#
#6073975247
1#
#6074075247
0#
#6074175247
1#
#6074275247
0#
#6074375247
1#
#6074475247
0#
#6074575247
1#
#6074675247
0#
#6074775247
1#
#6074875247
0#
#6074975247
1#
#6075075247
0#
#6075175247
1#
#6075275247
0#
#6075375247
1#
#6075475247
0#
#6075575247
1#
#6075675247
0#
#6075775247
1#
#6075875247
0#
#6075975247
1#
#6076075247
0#
#6076175247
1#
#6076275247
0#
#6076375247
1#
#6076475247
0#
#6076575247
1#
#6076675247
0#
#6076775247
1#
#6076875247
0#
#6076975247
1#
#6077075247
0#
#6077175247
1#
#6077275247
0#
#6077375247
1#
#6077475247
0#
#6077575247
1#
#6077675247
0#
#6077775247
1#
#6077875247
0#
#6077975247
1#
#6078075247
0#
#6078175247
1#
#6078275247
0#
#6078375247
1#
#6078475247
0#
#6078575247
1#
#6078675247
0#
#6078775247
1#
#6078875247
0#
#6078975247
1#
#6079075247
0#
#6079175247
1#
#6079275247
0#
#6079375247
1#
#6079475247
0#
#6079575247
1#
#6079675247
0#
#6079775247
1#
#6079875247
0#
#6079975247
1#
#6080075247
0#
#6080175247
1#
#6080275247
0#
#6080375247
1#
#6080475247
0#
#6080575247
1#
#6080675247
0#
#6080775247
1#
#6080875247
0#
#6080975247
1#
#6081075247
0#
#6081175247
1#
#6081275247
0#
#6081375247
1#
#6081475247
0#
#6081575247
1#
#6081675247
0#
#6081775247
1#
#6081875247
0#
#6081975247
1#
#6082075247
0#
#6082175247
1#
#6082275247
0#
#6082375247
1#
#6082475247
0#
#6082575247
1#
#6082675247
0#
#6082775247
1#
#6082875247
0#
#6082975247
1#
#6083075247
0#
#6083175247
1#
#6083275247
0#
#6083375247
1#
#6083475247
0#
#6083575247
1#
#6083675247
0#
#6083775247
1#
#6083875247
0#
#6083975247
1#
#6084075247
0#
#6084175247
1#
#6084275247
0#
#6084375247
1#
#6084475247
0#
#6084575247
1#
#6084675247
0#
#6084775247
1#
#6084875247
0#
#6084975247
1#
#6085075247
0#
#6085175247
1#
#6085275247
0#
#6085375247
1#
#6085475247
0#
#6085575247
1#
#6085675247
0#
#6085775247
1#
#6085875247
0#
#6085975247
1#
#6086075247
0#
#6086175247
1#
#6086275247
0#
#6086375247
1#
#6086475247
0#
#6086575247
1#
#6086675247
0#
#6086775247
1#
#6086875247
0#
#6086975247
1#
#6087075247
0#
#6087175247
1#
#6087275247
0#
#6087375247
1#
#6087475247
0#
#6087575247
1#
#6087675247
0#
#6087775247
1#
#6087875247
0#
#6087975247
1#
#6088075247
0#
#6088175247
1#
#6088275247
0#
#6088375247
1#
#6088475247
0#
#6088575247
1#
#6088675247
0#
#6088775247
1#
#6088875247
0#
#6088975247
1#
#6089075247
0#
#6089175247
1#
#6089275247
0#
#6089375247
1#
#6089475247
0#
#6089575247
1#
#6089675247
0#
#6089775247
1#
#6089875247
0#
#6089975247
1#
#6090075247
0#
#6090175247
1#
#6090275247
0#
#6090375247
1#
#6090475247
0#
#6090575247
1#
#6090675247
0#
#6090775247
1#
#6090875247
0#
#6090975247
1#
#6091075247
0#
#6091175247
1#
#6091275247
0#
#6091375247
1#
#6091475247
0#
#6091575247
1#
#6091675247
0#
#6091775247
1#
#6091875247
0#
#6091975247
1#
#6092075247
0#
#6092175247
1#
#6092275247
0#
#6092375247
1#
#6092475247
0#
#6092575247
1#
#6092675247
0#
#6092775247
1#
#6092875247
0#
#6092975247
1#
#6093075247
0#
#6093175247
1#
#6093275247
0#
#6093375247
1#
#6093475247
0#
#6093575247
1#
#6093675247
0#
#6093775247
1#
#6093875247
0#
#6093975247
1#
#6094075247
0#
#6094175247
1#
#6094275247
0#
#6094375247
1#
#6094475247
0#
#6094575247
1#
#6094675247
0#
#6094775247
1#
#6094875247
0#
#6094975247
1#
#6095075247
0#
#6095175247
1#
#6095275247
0#
#6095375247
1#
#6095475247
0#
#6095575247
1#
#6095675247
0#
#6095775247
1#
#6095875247
0#
#6095975247
1#
#6096075247
0#
#6096175247
1#
#6096275247
0#
#6096375247
1#
#6096475247
0#
#6096575247
1#
#6096675247
0#
#6096775247
1#
#6096875247
0#
#6096975247
1#
#6097075247
0#
#6097175247
1#
#6097275247
0#
#6097375247
1#
#6097475247
0#
#6097575247
1#
#6097675247
0#
#6097775247
1#
#6097875247
0#
#6097975247
1#
#6098075247
0#
#6098175247
1#
#6098275247
0#
#6098375247
1#
#6098475247
0#
#6098575247
1#
#6098675247
0#
#6098775247
1#
#6098875247
0#
#6098975247
1#
#6099075247
0#
#6099175247
1#
#6099275247
0#
#6099375247
1#
#6099475247
0#
#6099575247
1#
#6099675247
0#
#6099775247
1#
#6099875247
0#
#6099975247
1#
#6100075247
0#
#6100175247
1#
#6100275247
0#
#6100375247
1#
#6100475247
0#
#6100575247
1#
#6100675247
0#
#6100775247
1#
#6100875247
0#
#6100975247
1#
#6101075247
0#
#6101175247
1#
#6101275247
0#
#6101375247
1#
#6101475247
0#
#6101575247
1#
#6101675247
0#
#6101775247
1#
#6101875247
0#
#6101975247
1#
#6102075247
0#
#6102175247
1#
#6102275247
0#
#6102375247
1#
#6102475247
0#
#6102575247
1#
#6102675247
0#
#6102775247
1#
#6102875247
0#
#6102975247
1#
#6103075247
0#
#6103175247
1#
#6103275247
0#
#6103375247
1#
#6103475247
0#
#6103575247
1#
#6103675247
0#
#6103775247
1#
#6103875247
0#
#6103975247
1#
#6104075247
0#
#6104175247
1#
#6104275247
0#
#6104375247
1#
#6104475247
0#
#6104575247
1#
#6104675247
0#
#6104775247
1#
#6104875247
0#
#6104975247
1#
#6105075247
0#
#6105175247
1#
#6105275247
0#
#6105375247
1#
#6105475247
0#
#6105575247
1#
#6105675247
0#
#6105775247
1#
#6105875247
0#
#6105975247
1#
#6106075247
0#
#6106175247
1#
#6106275247
0#
#6106375247
1#
#6106475247
0#
#6106575247
1#
#6106675247
0#
#6106775247
1#
#6106875247
0#
#6106975247
1#
#6107075247
0#
#6107175247
1#
#6107275247
0#
#6107375247
1#
#6107475247
0#
#6107575247
1#
#6107675247
0#
#6107775247
1#
#6107875247
0#
#6107975247
1#
#6108075247
0#
#6108175247
1#
#6108275247
0#
#6108375247
1#
#6108475247
0#
#6108575247
1#
#6108675247
0#
#6108775247
1#
#6108875247
0#
#6108975247
1#
#6109075247
0#
#6109175247
1#
#6109275247
0#
#6109375247
1#
#6109475247
0#
#6109575247
1#
#6109675247
0#
#6109775247
1#
#6109875247
0#
#6109975247
1#
#6110075247
0#
#6110175247
1#
#6110275247
0#
#6110375247
1#
#6110475247
0#
#6110575247
1#
#6110675247
0#
#6110775247
1#
#6110875247
0#
#6110975247
1#
#6111075247
0#
#6111175247
1#
#6111275247
0#
#6111375247
1#
#6111475247
0#
#6111575247
1#
#6111675247
0#
#6111775247
1#
#6111875247
0#
#6111975247
1#
#6112075247
0#
#6112175247
1#
#6112275247
0#
#6112375247
1#
#6112475247
0#
#6112575247
1#
#6112675247
0#
#6112775247
1#
#6112875247
0#
#6112975247
1#
#6113075247
0#
#6113175247
1#
#6113275247
0#
#6113375247
1#
#6113475247
0#
#6113575247
1#
#6113675247
0#
#6113775247
1#
#6113875247
0#
#6113975247
1#
#6114075247
0#
#6114175247
1#
#6114275247
0#
#6114375247
1#
#6114475247
0#
#6114575247
1#
#6114675247
0#
#6114775247
1#
#6114875247
0#
#6114975247
1#
#6115075247
0#
#6115175247
1#
#6115275247
0#
#6115375247
1#
#6115475247
0#
#6115575247
1#
#6115675247
0#
#6115775247
1#
#6115875247
0#
#6115975247
1#
#6116075247
0#
#6116175247
1#
#6116275247
0#
#6116375247
1#
#6116475247
0#
#6116575247
1#
#6116675247
0#
#6116775247
1#
#6116875247
0#
#6116975247
1#
#6117075247
0#
#6117175247
1#
#6117275247
0#
#6117375247
1#
#6117475247
0#
#6117575247
1#
#6117675247
0#
#6117775247
1#
#6117875247
0#
#6117975247
1#
#6118075247
0#
#6118175247
1#
#6118275247
0#
#6118375247
1#
#6118475247
0#
#6118575247
1#
#6118675247
0#
#6118775247
1#
#6118875247
0#
#6118975247
1#
#6119075247
0#
#6119175247
1#
#6119275247
0#
#6119375247
1#
#6119475247
0#
#6119575247
1#
#6119675247
0#
#6119775247
1#
#6119875247
0#
#6119975247
1#
#6120075247
0#
#6120175247
1#
#6120275247
0#
#6120375247
1#
#6120475247
0#
#6120575247
1#
#6120675247
0#
#6120775247
1#
#6120875247
0#
#6120975247
1#
#6121075247
0#
#6121175247
1#
#6121275247
0#
#6121375247
1#
#6121475247
0#
#6121575247
1#
#6121675247
0#
#6121775247
1#
#6121875247
0#
#6121975247
1#
#6122075247
0#
#6122175247
1#
#6122275247
0#
#6122375247
1#
#6122475247
0#
#6122575247
1#
#6122675247
0#
#6122775247
1#
#6122875247
0#
#6122975247
1#
#6123075247
0#
#6123175247
1#
#6123275247
0#
#6123375247
1#
#6123475247
0#
#6123575247
1#
#6123675247
0#
#6123775247
1#
#6123875247
0#
#6123975247
1#
#6124075247
0#
#6124175247
1#
#6124275247
0#
#6124375247
1#
#6124475247
0#
#6124575247
1#
#6124675247
0#
#6124775247
1#
#6124875247
0#
#6124975247
1#
#6125075247
0#
#6125175247
1#
#6125275247
0#
#6125375247
1#
#6125475247
0#
#6125575247
1#
#6125675247
0#
#6125775247
1#
#6125875247
0#
#6125975247
1#
#6126075247
0#
#6126175247
1#
#6126275247
0#
#6126375247
1#
#6126475247
0#
#6126575247
1#
#6126675247
0#
#6126775247
1#
#6126875247
0#
#6126975247
1#
#6127075247
0#
#6127175247
1#
#6127275247
0#
#6127375247
1#
#6127475247
0#
#6127575247
1#
#6127675247
0#
#6127775247
1#
#6127875247
0#
#6127975247
1#
#6128075247
0#
#6128175247
1#
#6128275247
0#
#6128375247
1#
#6128475247
0#
#6128575247
1#
#6128675247
0#
#6128775247
1#
#6128875247
0#
#6128975247
1#
#6129075247
0#
#6129175247
1#
#6129275247
0#
#6129375247
1#
#6129475247
0#
#6129575247
1#
#6129675247
0#
#6129775247
1#
#6129875247
0#
#6129975247
1#
#6130075247
0#
#6130175247
1#
#6130275247
0#
#6130375247
1#
#6130475247
0#
#6130575247
1#
#6130675247
0#
#6130775247
1#
#6130875247
0#
#6130975247
1#
#6131075247
0#
#6131175247
1#
#6131275247
0#
#6131375247
1#
#6131475247
0#
#6131575247
1#
#6131675247
0#
#6131775247
1#
#6131875247
0#
#6131975247
1#
#6132075247
0#
#6132175247
1#
#6132275247
0#
#6132375247
1#
#6132475247
0#
#6132575247
1#
#6132675247
0#
#6132775247
1#
#6132875247
0#
#6132975247
1#
#6133075247
0#
#6133175247
1#
#6133275247
0#
#6133375247
1#
#6133475247
0#
#6133575247
1#
#6133675247
0#
#6133775247
1#
#6133875247
0#
#6133975247
1#
#6134075247
0#
#6134175247
1#
#6134275247
0#
#6134375247
1#
#6134475247
0#
#6134575247
1#
#6134675247
0#
#6134775247
1#
#6134875247
0#
#6134975247
1#
#6135075247
0#
#6135175247
1#
#6135275247
0#
#6135375247
1#
#6135475247
0#
#6135575247
1#
#6135675247
0#
#6135775247
1#
#6135875247
0#
#6135975247
1#
#6136075247
0#
#6136175247
1#
#6136275247
0#
#6136375247
1#
#6136475247
0#
#6136575247
1#
#6136675247
0#
#6136775247
1#
#6136875247
0#
#6136975247
1#
#6137075247
0#
#6137175247
1#
#6137275247
0#
#6137375247
1#
#6137475247
0#
#6137575247
1#
#6137675247
0#
#6137775247
1#
#6137875247
0#
#6137975247
1#
#6138075247
0#
#6138175247
1#
#6138275247
0#
#6138375247
1#
#6138475247
0#
#6138575247
1#
#6138675247
0#
#6138775247
1#
#6138875247
0#
#6138975247
1#
#6139075247
0#
#6139175247
1#
#6139275247
0#
#6139375247
1#
#6139475247
0#
#6139575247
1#
#6139675247
0#
#6139775247
1#
#6139875247
0#
#6139975247
1#
#6140075247
0#
#6140175247
1#
#6140275247
0#
#6140375247
1#
#6140475247
0#
#6140575247
1#
#6140675247
0#
#6140775247
1#
#6140875247
0#
#6140975247
1#
#6141075247
0#
#6141175247
1#
#6141275247
0#
#6141375247
1#
#6141475247
0#
#6141575247
1#
#6141675247
0#
#6141775247
1#
#6141875247
0#
#6141975247
1#
#6142075247
0#
#6142175247
1#
#6142275247
0#
#6142375247
1#
#6142475247
0#
#6142575247
1#
#6142675247
0#
#6142775247
1#
#6142875247
0#
#6142975247
1#
#6143075247
0#
#6143175247
1#
#6143275247
0#
#6143375247
1#
#6143475247
0#
#6143575247
1#
#6143675247
0#
#6143775247
1#
#6143875247
0#
#6143975247
1#
#6144075247
0#
#6144175247
1#
#6144275247
0#
#6144375247
1#
#6144475247
0#
#6144575247
1#
#6144675247
0#
#6144775247
1#
#6144875247
0#
#6144975247
1#
#6145075247
0#
#6145175247
1#
#6145275247
0#
#6145375247
1#
#6145475247
0#
#6145575247
1#
#6145675247
0#
#6145775247
1#
#6145875247
0#
#6145975247
1#
#6146075247
0#
#6146175247
1#
#6146275247
0#
#6146375247
1#
#6146475247
0#
#6146575247
1#
#6146675247
0#
#6146775247
1#
#6146875247
0#
#6146975247
1#
#6147075247
0#
#6147175247
1#
#6147275247
0#
#6147375247
1#
#6147475247
0#
#6147575247
1#
#6147675247
0#
#6147775247
1#
#6147875247
0#
#6147975247
1#
#6148075247
0#
#6148175247
1#
#6148275247
0#
#6148375247
1#
#6148475247
0#
#6148575247
1#
#6148675247
0#
#6148775247
1#
#6148875247
0#
#6148975247
1#
#6149075247
0#
#6149175247
1#
#6149275247
0#
#6149375247
1#
#6149475247
0#
#6149575247
1#
#6149675247
0#
#6149775247
1#
#6149875247
0#
#6149975247
1#
#6150075247
0#
#6150175247
1#
#6150275247
0#
#6150375247
1#
#6150475247
0#
#6150575247
1#
#6150675247
0#
#6150775247
1#
#6150875247
0#
#6150975247
1#
#6151075247
0#
#6151175247
1#
#6151275247
0#
#6151375247
1#
#6151475247
0#
#6151575247
1#
#6151675247
0#
#6151775247
1#
#6151875247
0#
#6151975247
1#
#6152075247
0#
#6152175247
1#
#6152275247
0#
#6152375247
1#
#6152475247
0#
#6152575247
1#
#6152675247
0#
#6152775247
1#
#6152875247
0#
#6152975247
1#
#6153075247
0#
#6153175247
1#
#6153275247
0#
#6153375247
1#
#6153475247
0#
#6153575247
1#
#6153675247
0#
#6153775247
1#
#6153875247
0#
#6153975247
1#
#6154075247
0#
#6154175247
1#
#6154275247
0#
#6154375247
1#
#6154475247
0#
#6154575247
1#
#6154675247
0#
#6154775247
1#
#6154875247
0#
#6154975247
1#
#6155075247
0#
#6155175247
1#
#6155275247
0#
#6155375247
1#
#6155475247
0#
#6155575247
1#
#6155675247
0#
#6155775247
1#
#6155875247
0#
#6155975247
1#
#6156075247
0#
#6156175247
1#
#6156275247
0#
#6156375247
1#
#6156475247
0#
#6156575247
1#
#6156675247
0#
#6156775247
1#
#6156875247
0#
#6156975247
1#
#6157075247
0#
#6157175247
1#
#6157275247
0#
#6157375247
1#
#6157475247
0#
#6157575247
1#
#6157675247
0#
#6157775247
1#
#6157875247
0#
#6157975247
1#
#6158075247
0#
#6158175247
1#
#6158275247
0#
#6158375247
1#
#6158475247
0#
#6158575247
1#
#6158675247
0#
#6158775247
1#
#6158875247
0#
#6158975247
1#
#6159075247
0#
#6159175247
1#
#6159275247
0#
#6159375247
1#
#6159475247
0#
#6159575247
1#
#6159675247
0#
#6159775247
1#
#6159875247
0#
#6159975247
1#
#6160075247
0#
#6160175247
1#
#6160275247
0#
#6160375247
1#
#6160475247
0#
#6160575247
1#
#6160675247
0#
#6160775247
1#
#6160875247
0#
#6160975247
1#
#6161075247
0#
#6161175247
1#
#6161275247
0#
#6161375247
1#
#6161475247
0#
#6161575247
1#
#6161675247
0#
#6161775247
1#
#6161875247
0#
#6161975247
1#
#6162075247
0#
#6162175247
1#
#6162275247
0#
#6162375247
1#
#6162475247
0#
#6162575247
1#
#6162675247
0#
#6162775247
1#
#6162875247
0#
#6162975247
1#
#6163075247
0#
#6163175247
1#
#6163275247
0#
#6163375247
1#
#6163475247
0#
#6163575247
1#
#6163675247
0#
#6163775247
1#
#6163875247
0#
#6163975247
1#
#6164075247
0#
#6164175247
1#
#6164275247
0#
#6164375247
1#
#6164475247
0#
#6164575247
1#
#6164675247
0#
#6164775247
1#
#6164875247
0#
#6164975247
1#
#6165075247
0#
#6165175247
1#
#6165275247
0#
#6165375247
1#
#6165475247
0#
#6165575247
1#
#6165675247
0#
#6165775247
1#
#6165875247
0#
#6165975247
1#
#6166075247
0#
#6166175247
1#
#6166275247
0#
#6166375247
1#
#6166475247
0#
#6166575247
1#
#6166675247
0#
#6166775247
1#
#6166875247
0#
#6166975247
1#
#6167075247
0#
#6167175247
1#
#6167275247
0#
#6167375247
1#
#6167475247
0#
#6167575247
1#
#6167675247
0#
#6167775247
1#
#6167875247
0#
#6167975247
1#
#6168075247
0#
#6168175247
1#
#6168275247
0#
#6168375247
1#
#6168475247
0#
#6168575247
1#
#6168675247
0#
#6168775247
1#
#6168875247
0#
#6168975247
1#
#6169075247
0#
#6169175247
1#
#6169275247
0#
#6169375247
1#
#6169475247
0#
#6169575247
1#
#6169675247
0#
#6169775247
1#
#6169875247
0#
#6169975247
1#
#6170075247
0#
#6170175247
1#
#6170275247
0#
#6170375247
1#
#6170475247
0#
#6170575247
1#
#6170675247
0#
#6170775247
1#
#6170875247
0#
#6170975247
1#
#6171075247
0#
#6171175247
1#
#6171275247
0#
#6171375247
1#
#6171475247
0#
#6171575247
1#
#6171675247
0#
#6171775247
1#
#6171875247
0#
#6171975247
1#
#6172075247
0#
#6172175247
1#
#6172275247
0#
#6172375247
1#
#6172475247
0#
#6172575247
1#
#6172675247
0#
#6172775247
1#
#6172875247
0#
#6172975247
1#
#6173075247
0#
#6173175247
1#
#6173275247
0#
#6173375247
1#
#6173475247
0#
#6173575247
1#
#6173675247
0#
#6173775247
1#
#6173875247
0#
#6173975247
1#
#6174075247
0#
#6174175247
1#
#6174275247
0#
#6174375247
1#
#6174475247
0#
#6174575247
1#
#6174675247
0#
#6174775247
1#
#6174875247
0#
#6174975247
1#
#6175075247
0#
#6175175247
1#
#6175275247
0#
#6175375247
1#
#6175475247
0#
#6175575247
1#
#6175675247
0#
#6175775247
1#
#6175875247
0#
#6175975247
1#
#6176075247
0#
#6176175247
1#
#6176275247
0#
#6176375247
1#
#6176475247
0#
#6176575247
1#
#6176675247
0#
#6176775247
1#
#6176875247
0#
#6176975247
1#
#6177075247
0#
#6177175247
1#
#6177275247
0#
#6177375247
1#
#6177475247
0#
#6177575247
1#
#6177675247
0#
#6177775247
1#
#6177875247
0#
#6177975247
1#
#6178075247
0#
#6178175247
1#
#6178275247
0#
#6178375247
1#
#6178475247
0#
#6178575247
1#
#6178675247
0#
#6178775247
1#
#6178875247
0#
#6178975247
1#
#6179075247
0#
#6179175247
1#
#6179275247
0#
#6179375247
1#
#6179475247
0#
#6179575247
1#
#6179675247
0#
#6179775247
1#
#6179875247
0#
#6179975247
1#
#6180075247
0#
#6180175247
1#
#6180275247
0#
#6180375247
1#
#6180475247
0#
#6180575247
1#
#6180675247
0#
#6180775247
1#
#6180875247
0#
#6180975247
1#
#6181075247
0#
#6181175247
1#
#6181275247
0#
#6181375247
1#
#6181475247
0#
#6181575247
1#
#6181675247
0#
#6181775247
1#
#6181875247
0#
#6181975247
1#
#6182075247
0#
#6182175247
1#
#6182275247
0#
#6182375247
1#
#6182475247
0#
#6182575247
1#
#6182675247
0#
#6182775247
1#
#6182875247
0#
#6182975247
1#
#6183075247
0#
#6183175247
1#
#6183275247
0#
#6183375247
1#
#6183475247
0#
#6183575247
1#
#6183675247
0#
#6183775247
1#
#6183875247
0#
#6183975247
1#
#6184075247
0#
#6184175247
1#
#6184275247
0#
#6184375247
1#
#6184475247
0#
#6184575247
1#
#6184675247
0#
#6184775247
1#
#6184875247
0#
#6184975247
1#
#6185075247
0#
#6185175247
1#
#6185275247
0#
#6185375247
1#
#6185475247
0#
#6185575247
1#
#6185675247
0#
#6185775247
1#
#6185875247
0#
#6185975247
1#
#6186075247
0#
#6186175247
1#
#6186275247
0#
#6186375247
1#
#6186475247
0#
#6186575247
1#
#6186675247
0#
#6186775247
1#
#6186875247
0#
#6186975247
1#
#6187075247
0#
#6187175247
1#
#6187275247
0#
#6187375247
1#
#6187475247
0#
#6187575247
1#
#6187675247
0#
#6187775247
1#
#6187875247
0#
#6187975247
1#
#6188075247
0#
#6188175247
1#
#6188275247
0#
#6188375247
1#
#6188475247
0#
#6188575247
1#
#6188675247
0#
#6188775247
1#
#6188875247
0#
#6188975247
1#
#6189075247
0#
#6189175247
1#
#6189275247
0#
#6189375247
1#
#6189475247
0#
#6189575247
1#
#6189675247
0#
#6189775247
1#
#6189875247
0#
#6189975247
1#
#6190075247
0#
#6190175247
1#
#6190275247
0#
#6190375247
1#
#6190475247
0#
#6190575247
1#
#6190675247
0#
#6190775247
1#
#6190875247
0#
#6190975247
1#
#6191075247
0#
#6191175247
1#
#6191275247
0#
#6191375247
1#
#6191475247
0#
#6191575247
1#
#6191675247
0#
#6191775247
1#
#6191875247
0#
#6191975247
1#
#6192075247
0#
#6192175247
1#
#6192275247
0#
#6192375247
1#
#6192475247
0#
#6192575247
1#
#6192675247
0#
#6192775247
1#
#6192875247
0#
#6192975247
1#
#6193075247
0#
#6193175247
1#
#6193275247
0#
#6193375247
1#
#6193475247
0#
#6193575247
1#
#6193675247
0#
#6193775247
1#
#6193875247
0#
#6193975247
1#
#6194075247
0#
#6194175247
1#
#6194275247
0#
#6194375247
1#
#6194475247
0#
#6194575247
1#
#6194675247
0#
#6194775247
1#
#6194875247
0#
#6194975247
1#
#6195075247
0#
#6195175247
1#
#6195275247
0#
#6195375247
1#
#6195475247
0#
#6195575247
1#
#6195675247
0#
#6195775247
1#
#6195875247
0#
#6195975247
1#
#6196075247
0#
#6196175247
1#
#6196275247
0#
#6196375247
1#
#6196475247
0#
#6196575247
1#
#6196675247
0#
#6196775247
1#
#6196875247
0#
#6196975247
1#
#6197075247
0#
#6197175247
1#
#6197275247
0#
#6197375247
1#
#6197475247
0#
#6197575247
1#
#6197675247
0#
#6197775247
1#
#6197875247
0#
#6197975247
1#
#6198075247
0#
#6198175247
1#
#6198275247
0#
#6198375247
1#
#6198475247
0#
#6198575247
1#
#6198675247
0#
#6198775247
1#
#6198875247
0#
#6198975247
1#
#6199075247
0#
#6199175247
1#
#6199275247
0#
#6199375247
1#
#6199475247
0#
#6199575247
1#
#6199675247
0#
#6199775247
1#
#6199875247
0#
#6199975247
1#
#6200075247
0#
#6200175247
1#
#6200275247
0#
#6200375247
1#
#6200475247
0#
#6200575247
1#
#6200675247
0#
#6200775247
1#
#6200875247
0#
#6200975247
1#
#6201075247
0#
#6201175247
1#
#6201275247
0#
#6201375247
1#
#6201475247
0#
#6201575247
1#
#6201675247
0#
#6201775247
1#
#6201875247
0#
#6201975247
1#
#6202075247
0#
#6202175247
1#
#6202275247
0#
#6202375247
1#
#6202475247
0#
#6202575247
1#
#6202675247
0#
#6202775247
1#
#6202875247
0#
#6202975247
1#
#6203075247
0#
#6203175247
1#
#6203275247
0#
#6203375247
1#
#6203475247
0#
#6203575247
1#
#6203675247
0#
#6203775247
1#
#6203875247
0#
#6203975247
1#
#6204075247
0#
#6204175247
1#
#6204275247
0#
#6204375247
1#
#6204475247
0#
#6204575247
1#
#6204675247
0#
#6204775247
1#
#6204875247
0#
#6204975247
1#
#6205075247
0#
#6205175247
1#
#6205275247
0#
#6205375247
1#
#6205475247
0#
#6205575247
1#
#6205675247
0#
#6205775247
1#
#6205875247
0#
#6205975247
1#
#6206075247
0#
#6206175247
1#
#6206275247
0#
#6206375247
1#
#6206475247
0#
#6206575247
1#
#6206675247
0#
#6206775247
1#
#6206875247
0#
#6206975247
1#
#6207075247
0#
#6207175247
1#
#6207275247
0#
#6207375247
1#
#6207475247
0#
#6207575247
1#
#6207675247
0#
#6207775247
1#
#6207875247
0#
#6207975247
1#
#6208075247
0#
#6208175247
1#
#6208275247
0#
#6208375247
1#
#6208475247
0#
#6208575247
1#
#6208675247
0#
#6208775247
1#
#6208875247
0#
#6208975247
1#
#6209075247
0#
#6209175247
1#
#6209275247
0#
#6209375247
1#
#6209475247
0#
#6209575247
1#
#6209675247
0#
#6209775247
1#
#6209875247
0#
#6209975247
1#
#6210075247
0#
#6210175247
1#
#6210275247
0#
#6210375247
1#
#6210475247
0#
#6210575247
1#
#6210675247
0#
#6210775247
1#
#6210875247
0#
#6210975247
1#
#6211075247
0#
#6211175247
1#
#6211275247
0#
#6211375247
1#
#6211475247
0#
#6211575247
1#
#6211675247
0#
#6211775247
1#
#6211875247
0#
#6211975247
1#
#6212075247
0#
#6212175247
1#
#6212275247
0#
#6212375247
1#
#6212475247
0#
#6212575247
1#
#6212675247
0#
#6212775247
1#
#6212875247
0#
#6212975247
1#
#6213075247
0#
#6213175247
1#
#6213275247
0#
#6213375247
1#
#6213475247
0#
#6213575247
1#
#6213675247
0#
#6213775247
1#
#6213875247
0#
#6213975247
1#
#6214075247
0#
#6214175247
1#
#6214275247
0#
#6214375247
1#
#6214475247
0#
#6214575247
1#
#6214675247
0#
#6214775247
1#
#6214875247
0#
#6214975247
1#
#6215075247
0#
#6215175247
1#
#6215275247
0#
#6215375247
1#
#6215475247
0#
#6215575247
1#
#6215675247
0#
#6215775247
1#
#6215875247
0#
#6215975247
1#
#6216075247
0#
#6216175247
1#
#6216275247
0#
#6216375247
1#
#6216475247
0#
#6216575247
1#
#6216675247
0#
#6216775247
1#
#6216875247
0#
#6216975247
1#
#6217075247
0#
#6217175247
1#
#6217275247
0#
#6217375247
1#
#6217475247
0#
#6217575247
1#
#6217675247
0#
#6217775247
1#
#6217875247
0#
#6217975247
1#
#6218075247
0#
#6218175247
1#
#6218275247
0#
#6218375247
1#
#6218475247
0#
#6218575247
1#
#6218675247
0#
#6218775247
1#
#6218875247
0#
#6218975247
1#
#6219075247
0#
#6219175247
1#
#6219275247
0#
#6219375247
1#
#6219475247
0#
#6219575247
1#
#6219675247
0#
#6219775247
1#
#6219875247
0#
#6219975247
1#
#6220075247
0#
#6220175247
1#
#6220275247
0#
#6220375247
1#
#6220475247
0#
#6220575247
1#
#6220675247
0#
#6220775247
1#
#6220875247
0#
#6220975247
1#
#6221075247
0#
#6221175247
1#
#6221275247
0#
#6221375247
1#
#6221475247
0#
#6221575247
1#
#6221675247
0#
#6221775247
1#
#6221875247
0#
#6221975247
1#
#6222075247
0#
#6222175247
1#
#6222275247
0#
#6222375247
1#
#6222475247
0#
#6222575247
1#
#6222675247
0#
#6222775247
1#
#6222875247
0#
#6222975247
1#
#6223075247
0#
#6223175247
1#
#6223275247
0#
#6223375247
1#
#6223475247
0#
#6223575247
1#
#6223675247
0#
#6223775247
1#
#6223875247
0#
#6223975247
1#
#6224075247
0#
#6224175247
1#
#6224275247
0#
#6224375247
1#
#6224475247
0#
#6224575247
1#
#6224675247
0#
#6224775247
1#
#6224875247
0#
#6224975247
1#
#6225075247
0#
#6225175247
1#
#6225275247
0#
#6225375247
1#
#6225475247
0#
#6225575247
1#
#6225675247
0#
#6225775247
1#
#6225875247
0#
#6225975247
1#
#6226075247
0#
#6226175247
1#
#6226275247
0#
#6226375247
1#
#6226475247
0#
#6226575247
1#
#6226675247
0#
#6226775247
1#
#6226875247
0#
#6226975247
1#
#6227075247
0#
#6227175247
1#
#6227275247
0#
#6227375247
1#
#6227475247
0#
#6227575247
1#
#6227675247
0#
#6227775247
1#
#6227875247
0#
#6227975247
1#
#6228075247
0#
#6228175247
1#
#6228275247
0#
#6228375247
1#
#6228475247
0#
#6228575247
1#
#6228675247
0#
#6228775247
1#
#6228875247
0#
#6228975247
1#
#6229075247
0#
#6229175247
1#
#6229275247
0#
#6229375247
1#
#6229475247
0#
#6229575247
1#
#6229675247
0#
#6229775247
1#
#6229875247
0#
#6229975247
1#
#6230075247
0#
#6230175247
1#
#6230275247
0#
#6230375247
1#
#6230475247
0#
#6230575247
1#
#6230675247
0#
#6230775247
1#
#6230875247
0#
#6230975247
1#
#6231075247
0#
#6231175247
1#
#6231275247
0#
#6231375247
1#
#6231475247
0#
#6231575247
1#
#6231675247
0#
#6231775247
1#
#6231875247
0#
#6231975247
1#
#6232075247
0#
#6232175247
1#
#6232275247
0#
#6232375247
1#
#6232475247
0#
#6232575247
1#
#6232675247
0#
#6232775247
1#
#6232875247
0#
#6232975247
1#
#6233075247
0#
#6233175247
1#
#6233275247
0#
#6233375247
1#
#6233475247
0#
#6233575247
1#
#6233675247
0#
#6233775247
1#
#6233875247
0#
#6233975247
1#
#6234075247
0#
#6234175247
1#
#6234275247
0#
#6234375247
1#
#6234475247
0#
#6234575247
1#
#6234675247
0#
#6234775247
1#
#6234875247
0#
#6234975247
1#
#6235075247
0#
#6235175247
1#
#6235275247
0#
#6235375247
1#
#6235475247
0#
#6235575247
1#
#6235675247
0#
#6235775247
1#
#6235875247
0#
#6235975247
1#
#6236075247
0#
#6236175247
1#
#6236275247
0#
#6236375247
1#
#6236475247
0#
#6236575247
1#
#6236675247
0#
#6236775247
1#
#6236875247
0#
#6236975247
1#
#6237075247
0#
#6237175247
1#
#6237275247
0#
#6237375247
1#
#6237475247
0#
#6237575247
1#
#6237675247
0#
#6237775247
1#
#6237875247
0#
#6237975247
1#
#6238075247
0#
#6238175247
1#
#6238275247
0#
#6238375247
1#
#6238475247
0#
#6238575247
1#
#6238675247
0#
#6238775247
1#
#6238875247
0#
#6238975247
1#
#6239075247
0#
#6239175247
1#
#6239275247
0#
#6239375247
1#
#6239475247
0#
#6239575247
1#
#6239675247
0#
#6239775247
1#
#6239875247
0#
#6239975247
1#
#6240075247
0#
#6240175247
1#
#6240275247
0#
#6240375247
1#
#6240475247
0#
#6240575247
1#
#6240675247
0#
#6240775247
1#
#6240875247
0#
#6240975247
1#
#6241075247
0#
#6241175247
1#
#6241275247
0#
#6241375247
1#
#6241475247
0#
#6241575247
1#
#6241675247
0#
#6241775247
1#
#6241875247
0#
#6241975247
1#
#6242075247
0#
#6242175247
1#
#6242275247
0#
#6242375247
1#
#6242475247
0#
#6242575247
1#
#6242675247
0#
#6242775247
1#
#6242875247
0#
#6242975247
1#
#6243075247
0#
#6243175247
1#
#6243275247
0#
#6243375247
1#
#6243475247
0#
#6243575247
1#
#6243675247
0#
#6243775247
1#
#6243875247
0#
#6243975247
1#
#6244075247
0#
#6244175247
1#
#6244275247
0#
#6244375247
1#
#6244475247
0#
#6244575247
1#
#6244675247
0#
#6244775247
1#
#6244875247
0#
#6244975247
1#
#6245075247
0#
#6245175247
1#
#6245275247
0#
#6245375247
1#
#6245475247
0#
#6245575247
1#
#6245675247
0#
#6245775247
1#
#6245875247
0#
#6245975247
1#
#6246075247
0#
#6246175247
1#
#6246275247
0#
#6246375247
1#
#6246475247
0#
#6246575247
1#
#6246675247
0#
#6246775247
1#
#6246875247
0#
#6246975247
1#
#6247075247
0#
#6247175247
1#
#6247275247
0#
#6247375247
1#
#6247475247
0#
#6247575247
1#
#6247675247
0#
#6247775247
1#
#6247875247
0#
#6247975247
1#
#6248075247
0#
#6248175247
1#
#6248275247
0#
#6248375247
1#
#6248475247
0#
#6248575247
1#
#6248675247
0#
#6248775247
1#
#6248875247
0#
#6248975247
1#
#6249075247
0#
#6249175247
1#
#6249275247
0#
#6249375247
1#
#6249475247
0#
#6249575247
1#
#6249675247
0#
#6249775247
1#
#6249875247
0#
#6249975247
1#
#6250075247
0#
#6250175247
1#
#6250275247
0#
#6250375247
1#
#6250475247
0#
#6250575247
1#
#6250675247
0#
#6250775247
1#
#6250875247
0#
#6250975247
1#
#6251075247
0#
#6251175247
1#
#6251275247
0#
#6251375247
1#
#6251475247
0#
#6251575247
1#
#6251675247
0#
#6251775247
1#
#6251875247
0#
#6251975247
1#
#6252075247
0#
#6252175247
1#
#6252275247
0#
#6252375247
1#
#6252475247
0#
#6252575247
1#
#6252675247
0#
#6252775247
1#
#6252875247
0#
#6252975247
1#
#6253075247
0#
#6253175247
1#
#6253275247
0#
#6253375247
1#
#6253475247
0#
#6253575247
1#
#6253675247
0#
#6253775247
1#
#6253875247
0#
#6253975247
1#
#6254075247
0#
#6254175247
1#
#6254275247
0#
#6254375247
1#
#6254475247
0#
#6254575247
1#
#6254675247
0#
#6254775247
1#
#6254875247
0#
#6254975247
1#
#6255075247
0#
#6255175247
1#
#6255275247
0#
#6255375247
1#
#6255475247
0#
#6255575247
1#
#6255675247
0#
#6255775247
1#
#6255875247
0#
#6255975247
1#
#6256075247
0#
#6256175247
1#
#6256275247
0#
#6256375247
1#
#6256475247
0#
#6256575247
1#
#6256675247
0#
#6256775247
1#
#6256875247
0#
#6256975247
1#
#6257075247
0#
#6257175247
1#
#6257275247
0#
#6257375247
1#
#6257475247
0#
#6257575247
1#
#6257675247
0#
#6257775247
1#
#6257875247
0#
#6257975247
1#
#6258075247
0#
#6258175247
1#
#6258275247
0#
#6258375247
1#
#6258475247
0#
#6258575247
1#
#6258675247
0#
#6258775247
1#
#6258875247
0#
#6258975247
1#
#6259075247
0#
#6259175247
1#
#6259275247
0#
#6259375247
1#
#6259475247
0#
#6259575247
1#
#6259675247
0#
#6259775247
1#
#6259875247
0#
#6259975247
1#
#6260075247
0#
#6260175247
1#
#6260275247
0#
#6260375247
1#
#6260475247
0#
#6260575247
1#
#6260675247
0#
#6260775247
1#
#6260875247
0#
#6260975247
1#
#6261075247
0#
#6261175247
1#
#6261275247
0#
#6261375247
1#
#6261475247
0#
#6261575247
1#
#6261675247
0#
#6261775247
1#
#6261875247
0#
#6261975247
1#
#6262075247
0#
#6262175247
1#
#6262275247
0#
#6262375247
1#
#6262475247
0#
#6262575247
1#
#6262675247
0#
#6262775247
1#
#6262875247
0#
#6262975247
1#
#6263075247
0#
#6263175247
1#
#6263275247
0#
#6263375247
1#
#6263475247
0#
#6263575247
1#
#6263675247
0#
#6263775247
1#
#6263875247
0#
#6263975247
1#
#6264075247
0#
#6264175247
1#
#6264275247
0#
#6264375247
1#
#6264475247
0#
#6264575247
1#
#6264675247
0#
#6264775247
1#
#6264875247
0#
#6264975247
1#
#6265075247
0#
#6265175247
1#
#6265275247
0#
#6265375247
1#
#6265475247
0#
#6265575247
1#
#6265675247
0#
#6265775247
1#
#6265875247
0#
#6265975247
1#
#6266075247
0#
#6266175247
1#
#6266275247
0#
#6266375247
1#
#6266475247
0#
#6266575247
1#
#6266675247
0#
#6266775247
1#
#6266875247
0#
#6266975247
1#
#6267075247
0#
#6267175247
1#
#6267275247
0#
#6267375247
1#
#6267475247
0#
#6267575247
1#
#6267675247
0#
#6267775247
1#
#6267875247
0#
#6267975247
1#
#6268075247
0#
#6268175247
1#
#6268275247
0#
#6268375247
1#
#6268475247
0#
#6268575247
1#
#6268675247
0#
#6268775247
1#
#6268875247
0#
#6268975247
1#
#6269075247
0#
#6269175247
1#
#6269275247
0#
#6269375247
1#
#6269475247
0#
#6269575247
1#
#6269675247
0#
#6269775247
1#
#6269875247
0#
#6269975247
1#
#6270075247
0#
#6270175247
1#
#6270275247
0#
#6270375247
1#
#6270475247
0#
#6270575247
1#
#6270675247
0#
#6270775247
1#
#6270875247
0#
#6270975247
1#
#6271075247
0#
#6271175247
1#
#6271275247
0#
#6271375247
1#
#6271475247
0#
#6271575247
1#
#6271675247
0#
#6271775247
1#
#6271875247
0#
#6271975247
1#
#6272075247
0#
#6272175247
1#
#6272275247
0#
#6272375247
1#
#6272475247
0#
#6272575247
1#
#6272675247
0#
#6272775247
1#
#6272875247
0#
#6272975247
1#
#6273075247
0#
#6273175247
1#
#6273275247
0#
#6273375247
1#
#6273475247
0#
#6273575247
1#
#6273675247
0#
#6273775247
1#
#6273875247
0#
#6273975247
1#
#6274075247
0#
#6274175247
1#
#6274275247
0#
#6274375247
1#
#6274475247
0#
#6274575247
1#
#6274675247
0#
#6274775247
1#
#6274875247
0#
#6274975247
1#
#6275075247
0#
#6275175247
1#
#6275275247
0#
#6275375247
1#
#6275475247
0#
#6275575247
1#
#6275675247
0#
#6275775247
1#
#6275875247
0#
#6275975247
1#
#6276075247
0#
#6276175247
1#
#6276275247
0#
#6276375247
1#
#6276475247
0#
#6276575247
1#
#6276675247
0#
#6276775247
1#
#6276875247
0#
#6276975247
1#
#6277075247
0#
#6277175247
1#
#6277275247
0#
#6277375247
1#
#6277475247
0#
#6277575247
1#
#6277675247
0#
#6277775247
1#
#6277875247
0#
#6277975247
1#
#6278075247
0#
#6278175247
1#
#6278275247
0#
#6278375247
1#
#6278475247
0#
#6278575247
1#
#6278675247
0#
#6278775247
1#
#6278875247
0#
#6278975247
1#
#6279075247
0#
#6279175247
1#
#6279275247
0#
#6279375247
1#
#6279475247
0#
#6279575247
1#
#6279675247
0#
#6279775247
1#
#6279875247
0#
#6279975247
1#
#6280075247
0#
#6280175247
1#
#6280275247
0#
#6280375247
1#
#6280475247
0#
#6280575247
1#
#6280675247
0#
#6280775247
1#
#6280875247
0#
#6280975247
1#
#6281075247
0#
#6281175247
1#
#6281275247
0#
#6281375247
1#
#6281475247
0#
#6281575247
1#
#6281675247
0#
#6281775247
1#
#6281875247
0#
#6281975247
1#
#6282075247
0#
#6282175247
1#
#6282275247
0#
#6282375247
1#
#6282475247
0#
#6282575247
1#
#6282675247
0#
#6282775247
1#
#6282875247
0#
#6282975247
1#
#6283075247
0#
#6283175247
1#
#6283275247
0#
#6283375247
1#
#6283475247
0#
#6283575247
1#
#6283675247
0#
#6283775247
1#
#6283875247
0#
#6283975247
1#
#6284075247
0#
#6284175247
1#
#6284275247
0#
#6284375247
1#
#6284475247
0#
#6284575247
1#
#6284675247
0#
#6284775247
1#
#6284875247
0#
#6284975247
1#
#6285075247
0#
#6285175247
1#
#6285275247
0#
#6285375247
1#
#6285475247
0#
#6285575247
1#
#6285675247
0#
#6285775247
1#
#6285875247
0#
#6285975247
1#
#6286075247
0#
#6286175247
1#
#6286275247
0#
#6286375247
1#
#6286475247
0#
#6286575247
1#
#6286675247
0#
#6286775247
1#
#6286875247
0#
#6286975247
1#
#6287075247
0#
#6287175247
1#
#6287275247
0#
#6287375247
1#
#6287475247
0#
#6287575247
1#
#6287675247
0#
#6287775247
1#
#6287875247
0#
#6287975247
1#
#6288075247
0#
#6288175247
1#
#6288275247
0#
#6288375247
1#
#6288475247
0#
#6288575247
1#
#6288675247
0#
#6288775247
1#
#6288875247
0#
#6288975247
1#
#6289075247
0#
#6289175247
1#
#6289275247
0#
#6289375247
1#
#6289475247
0#
#6289575247
1#
#6289675247
0#
#6289775247
1#
#6289875247
0#
#6289975247
1#
#6290075247
0#
#6290175247
1#
#6290275247
0#
#6290375247
1#
#6290475247
0#
#6290575247
1#
#6290675247
0#
#6290775247
1#
#6290875247
0#
#6290975247
1#
#6291075247
0#
#6291175247
1#
#6291275247
0#
#6291375247
1#
#6291475247
0#
#6291575247
1#
#6291675247
0#
#6291775247
1#
#6291875247
0#
#6291975247
1#
#6292075247
0#
#6292175247
1#
#6292275247
0#
#6292375247
1#
#6292475247
0#
#6292575247
1#
#6292675247
0#
#6292775247
1#
#6292875247
0#
#6292975247
1#
#6293075247
0#
#6293175247
1#
#6293275247
0#
#6293375247
1#
#6293475247
0#
#6293575247
1#
#6293675247
0#
#6293775247
1#
#6293875247
0#
#6293975247
1#
#6294075247
0#
#6294175247
1#
#6294275247
0#
#6294375247
1#
#6294475247
0#
#6294575247
1#
#6294675247
0#
#6294775247
1#
#6294875247
0#
#6294975247
1#
#6295075247
0#
#6295175247
1#
#6295275247
0#
#6295375247
1#
#6295475247
0#
#6295575247
1#
#6295675247
0#
#6295775247
1#
#6295875247
0#
#6295975247
1#
#6296075247
0#
#6296175247
1#
#6296275247
0#
#6296375247
1#
#6296475247
0#
#6296575247
1#
#6296675247
0#
#6296775247
1#
#6296875247
0#
#6296975247
1#
#6297075247
0#
#6297175247
1#
#6297275247
0#
#6297375247
1#
#6297475247
0#
#6297575247
1#
#6297675247
0#
#6297775247
1#
#6297875247
0#
#6297975247
1#
#6298075247
0#
#6298175247
1#
#6298275247
0#
#6298375247
1#
#6298475247
0#
#6298575247
1#
#6298675247
0#
#6298775247
1#
#6298875247
0#
#6298975247
1#
#6299075247
0#
#6299175247
1#
#6299275247
0#
#6299375247
1#
#6299475247
0#
#6299575247
1#
#6299675247
0#
#6299775247
1#
#6299875247
0#
#6299975247
1#
#6300075247
0#
#6300175247
1#
#6300275247
0#
#6300375247
1#
#6300475247
0#
#6300575247
1#
#6300675247
0#
#6300775247
1#
#6300875247
0#
#6300975247
1#
#6301075247
0#
#6301175247
1#
#6301275247
0#
#6301375247
1#
#6301475247
0#
#6301575247
1#
#6301675247
0#
#6301775247
1#
#6301875247
0#
#6301975247
1#
#6302075247
0#
#6302175247
1#
#6302275247
0#
#6302375247
1#
#6302475247
0#
#6302575247
1#
#6302675247
0#
#6302775247
1#
#6302875247
0#
#6302975247
1#
#6303075247
0#
#6303175247
1#
#6303275247
0#
#6303375247
1#
#6303475247
0#
#6303575247
1#
#6303675247
0#
#6303775247
1#
#6303875247
0#
#6303975247
1#
#6304075247
0#
#6304175247
1#
#6304275247
0#
#6304375247
1#
#6304475247
0#
#6304575247
1#
#6304675247
0#
#6304775247
1#
#6304875247
0#
#6304975247
1#
#6305075247
0#
#6305175247
1#
#6305275247
0#
#6305375247
1#
#6305475247
0#
#6305575247
1#
#6305675247
0#
#6305775247
1#
#6305875247
0#
#6305975247
1#
#6306075247
0#
#6306175247
1#
#6306275247
0#
#6306375247
1#
#6306475247
0#
#6306575247
1#
#6306675247
0#
#6306775247
1#
#6306875247
0#
#6306975247
1#
#6307075247
0#
#6307175247
1#
#6307275247
0#
#6307375247
1#
#6307475247
0#
#6307575247
1#
#6307675247
0#
#6307775247
1#
#6307875247
0#
#6307975247
1#
#6308075247
0#
#6308175247
1#
#6308275247
0#
#6308375247
1#
#6308475247
0#
#6308575247
1#
#6308675247
0#
#6308775247
1#
#6308875247
0#
#6308975247
1#
#6309075247
0#
#6309175247
1#
#6309275247
0#
#6309375247
1#
#6309475247
0#
#6309575247
1#
#6309675247
0#
#6309775247
1#
#6309875247
0#
#6309975247
1#
#6310075247
0#
#6310175247
1#
#6310275247
0#
#6310375247
1#
#6310475247
0#
#6310575247
1#
#6310675247
0#
#6310775247
1#
#6310875247
0#
#6310975247
1#
#6311075247
0#
#6311175247
1#
#6311275247
0#
#6311375247
1#
#6311475247
0#
#6311575247
1#
#6311675247
0#
#6311775247
1#
#6311875247
0#
#6311975247
1#
#6312075247
0#
#6312175247
1#
#6312275247
0#
#6312375247
1#
#6312475247
0#
#6312575247
1#
#6312675247
0#
#6312775247
1#
#6312875247
0#
#6312975247
1#
#6313075247
0#
#6313175247
1#
#6313275247
0#
#6313375247
1#
#6313475247
0#
#6313575247
1#
#6313675247
0#
#6313775247
1#
#6313875247
0#
#6313975247
1#
#6314075247
0#
#6314175247
1#
#6314275247
0#
#6314375247
1#
#6314475247
0#
#6314575247
1#
#6314675247
0#
#6314775247
1#
#6314875247
0#
#6314975247
1#
#6315075247
0#
#6315175247
1#
#6315275247
0#
#6315375247
1#
#6315475247
0#
#6315575247
1#
#6315675247
0#
#6315775247
1#
#6315875247
0#
#6315975247
1#
#6316075247
0#
#6316175247
1#
#6316275247
0#
#6316375247
1#
#6316475247
0#
#6316575247
1#
#6316675247
0#
#6316775247
1#
#6316875247
0#
#6316975247
1#
#6317075247
0#
#6317175247
1#
#6317275247
0#
#6317375247
1#
#6317475247
0#
#6317575247
1#
#6317675247
0#
#6317775247
1#
#6317875247
0#
#6317975247
1#
#6318075247
0#
#6318175247
1#
#6318275247
0#
#6318375247
1#
#6318475247
0#
#6318575247
1#
#6318675247
0#
#6318775247
1#
#6318875247
0#
#6318975247
1#
#6319075247
0#
#6319175247
1#
#6319275247
0#
#6319375247
1#
#6319475247
0#
#6319575247
1#
#6319675247
0#
#6319775247
1#
#6319875247
0#
#6319975247
1#
#6320075247
0#
#6320175247
1#
#6320275247
0#
#6320375247
1#
#6320475247
0#
#6320575247
1#
#6320675247
0#
#6320775247
1#
#6320875247
0#
#6320975247
1#
#6321075247
0#
#6321175247
1#
#6321275247
0#
#6321375247
1#
#6321475247
0#
#6321575247
1#
#6321675247
0#
#6321775247
1#
#6321875247
0#
#6321975247
1#
#6322075247
0#
#6322175247
1#
#6322275247
0#
#6322375247
1#
#6322475247
0#
#6322575247
1#
#6322675247
0#
#6322775247
1#
#6322875247
0#
#6322975247
1#
#6323075247
0#
#6323175247
1#
#6323275247
0#
#6323375247
1#
#6323475247
0#
#6323575247
1#
#6323675247
0#
#6323775247
1#
#6323875247
0#
#6323975247
1#
#6324075247
0#
#6324175247
1#
#6324275247
0#
#6324375247
1#
#6324475247
0#
#6324575247
1#
#6324675247
0#
#6324775247
1#
#6324875247
0#
#6324975247
1#
#6325075247
0#
#6325175247
1#
#6325275247
0#
#6325375247
1#
#6325475247
0#
#6325575247
1#
#6325675247
0#
#6325775247
1#
#6325875247
0#
#6325975247
1#
#6326075247
0#
#6326175247
1#
#6326275247
0#
#6326375247
1#
#6326475247
0#
#6326575247
1#
#6326675247
0#
#6326775247
1#
#6326875247
0#
#6326975247
1#
#6327075247
0#
#6327175247
1#
#6327275247
0#
#6327375247
1#
#6327475247
0#
#6327575247
1#
#6327675247
0#
#6327775247
1#
#6327875247
0#
#6327975247
1#
#6328075247
0#
#6328175247
1#
#6328275247
0#
#6328375247
1#
#6328475247
0#
#6328575247
1#
#6328675247
0#
#6328775247
1#
#6328875247
0#
#6328975247
1#
#6329075247
0#
#6329175247
1#
#6329275247
0#
#6329375247
1#
#6329475247
0#
#6329575247
1#
#6329675247
0#
#6329775247
1#
#6329875247
0#
#6329975247
1#
#6330075247
0#
#6330175247
1#
#6330275247
0#
#6330375247
1#
#6330475247
0#
#6330575247
1#
#6330675247
0#
#6330775247
1#
#6330875247
0#
#6330975247
1#
#6331075247
0#
#6331175247
1#
#6331275247
0#
#6331375247
1#
#6331475247
0#
#6331575247
1#
#6331675247
0#
#6331775247
1#
#6331875247
0#
#6331975247
1#
#6332075247
0#
#6332175247
1#
#6332275247
0#
#6332375247
1#
#6332475247
0#
#6332575247
1#
#6332675247
0#
#6332775247
1#
#6332875247
0#
#6332975247
1#
#6333075247
0#
#6333175247
1#
#6333275247
0#
#6333375247
1#
#6333475247
0#
#6333575247
1#
#6333675247
0#
#6333775247
1#
#6333875247
0#
#6333975247
1#
#6334075247
0#
#6334175247
1#
#6334275247
0#
#6334375247
1#
#6334475247
0#
#6334575247
1#
#6334675247
0#
#6334775247
1#
#6334875247
0#
#6334975247
1#
#6335075247
0#
#6335175247
1#
#6335275247
0#
#6335375247
1#
#6335475247
0#
#6335575247
1#
#6335675247
0#
#6335775247
1#
#6335875247
0#
#6335975247
1#
#6336075247
0#
#6336175247
1#
#6336275247
0#
#6336375247
1#
#6336475247
0#
#6336575247
1#
#6336675247
0#
#6336775247
1#
#6336875247
0#
#6336975247
1#
#6337075247
0#
#6337175247
1#
#6337275247
0#
#6337375247
1#
#6337475247
0#
#6337575247
1#
#6337675247
0#
#6337775247
1#
#6337875247
0#
#6337975247
1#
#6338075247
0#
#6338175247
1#
#6338275247
0#
#6338375247
1#
#6338475247
0#
#6338575247
1#
#6338675247
0#
#6338775247
1#
#6338875247
0#
#6338975247
1#
#6339075247
0#
#6339175247
1#
#6339275247
0#
#6339375247
1#
#6339475247
0#
#6339575247
1#
#6339675247
0#
#6339775247
1#
#6339875247
0#
#6339975247
1#
#6340075247
0#
#6340175247
1#
#6340275247
0#
#6340375247
1#
#6340475247
0#
#6340575247
1#
#6340675247
0#
#6340775247
1#
#6340875247
0#
#6340975247
1#
#6341075247
0#
#6341175247
1#
#6341275247
0#
#6341375247
1#
#6341475247
0#
#6341575247
1#
#6341675247
0#
#6341775247
1#
#6341875247
0#
#6341975247
1#
#6342075247
0#
#6342175247
1#
#6342275247
0#
#6342375247
1#
#6342475247
0#
#6342575247
1#
#6342675247
0#
#6342775247
1#
#6342875247
0#
#6342975247
1#
#6343075247
0#
#6343175247
1#
#6343275247
0#
#6343375247
1#
#6343475247
0#
#6343575247
1#
#6343675247
0#
#6343775247
1#
#6343875247
0#
#6343975247
1#
#6344075247
0#
#6344175247
1#
#6344275247
0#
#6344375247
1#
#6344475247
0#
#6344575247
1#
#6344675247
0#
#6344775247
1#
#6344875247
0#
#6344975247
1#
#6345075247
0#
#6345175247
1#
#6345275247
0#
#6345375247
1#
#6345475247
0#
#6345575247
1#
#6345675247
0#
#6345775247
1#
#6345875247
0#
#6345975247
1#
#6346075247
0#
#6346175247
1#
#6346275247
0#
#6346375247
1#
#6346475247
0#
#6346575247
1#
#6346675247
0#
#6346775247
1#
#6346875247
0#
#6346975247
1#
#6347075247
0#
#6347175247
1#
#6347275247
0#
#6347375247
1#
#6347475247
0#
#6347575247
1#
#6347675247
0#
#6347775247
1#
#6347875247
0#
#6347975247
1#
#6348075247
0#
#6348175247
1#
#6348275247
0#
#6348375247
1#
#6348475247
0#
#6348575247
1#
#6348675247
0#
#6348775247
1#
#6348875247
0#
#6348975247
1#
#6349075247
0#
#6349175247
1#
#6349275247
0#
#6349375247
1#
#6349475247
0#
#6349575247
1#
#6349675247
0#
#6349775247
1#
#6349875247
0#
#6349975247
1#
#6350075247
0#
#6350175247
1#
#6350275247
0#
#6350375247
1#
#6350475247
0#
#6350575247
1#
#6350675247
0#
#6350775247
1#
#6350875247
0#
#6350975247
1#
#6351075247
0#
#6351175247
1#
#6351275247
0#
#6351375247
1#
#6351475247
0#
#6351575247
1#
#6351675247
0#
#6351775247
1#
#6351875247
0#
#6351975247
1#
#6352075247
0#
#6352175247
1#
#6352275247
0#
#6352375247
1#
#6352475247
0#
#6352575247
1#
#6352675247
0#
#6352775247
1#
#6352875247
0#
#6352975247
1#
#6353075247
0#
#6353175247
1#
#6353275247
0#
#6353375247
1#
#6353475247
0#
#6353575247
1#
#6353675247
0#
#6353775247
1#
#6353875247
0#
#6353975247
1#
#6354075247
0#
#6354175247
1#
#6354275247
0#
#6354375247
1#
#6354475247
0#
#6354575247
1#
#6354675247
0#
#6354775247
1#
#6354875247
0#
#6354975247
1#
#6355075247
0#
#6355175247
1#
#6355275247
0#
#6355375247
1#
#6355475247
0#
#6355575247
1#
#6355675247
0#
#6355775247
1#
#6355875247
0#
#6355975247
1#
#6356075247
0#
#6356175247
1#
#6356275247
0#
#6356375247
1#
#6356475247
0#
#6356575247
1#
#6356675247
0#
#6356775247
1#
#6356875247
0#
#6356975247
1#
#6357075247
0#
#6357175247
1#
#6357275247
0#
#6357375247
1#
#6357475247
0#
#6357575247
1#
#6357675247
0#
#6357775247
1#
#6357875247
0#
#6357975247
1#
#6358075247
0#
#6358175247
1#
#6358275247
0#
#6358375247
1#
#6358475247
0#
#6358575247
1#
#6358675247
0#
#6358775247
1#
#6358875247
0#
#6358975247
1#
#6359075247
0#
#6359175247
1#
#6359275247
0#
#6359375247
1#
#6359475247
0#
#6359575247
1#
#6359675247
0#
#6359775247
1#
#6359875247
0#
#6359975247
1#
#6360075247
0#
#6360175247
1#
#6360275247
0#
#6360375247
1#
#6360475247
0#
#6360575247
1#
#6360675247
0#
#6360775247
1#
#6360875247
0#
#6360975247
1#
#6361075247
0#
#6361175247
1#
#6361275247
0#
#6361375247
1#
#6361475247
0#
#6361575247
1#
#6361675247
0#
#6361775247
1#
#6361875247
0#
#6361975247
1#
#6362075247
0#
#6362175247
1#
#6362275247
0#
#6362375247
1#
#6362475247
0#
#6362575247
1#
#6362675247
0#
#6362775247
1#
#6362875247
0#
#6362975247
1#
#6363075247
0#
#6363175247
1#
#6363275247
0#
#6363375247
1#
#6363475247
0#
#6363575247
1#
#6363675247
0#
#6363775247
1#
#6363875247
0#
#6363975247
1#
#6364075247
0#
#6364175247
1#
#6364275247
0#
#6364375247
1#
#6364475247
0#
#6364575247
1#
#6364675247
0#
#6364775247
1#
#6364875247
0#
#6364975247
1#
#6365075247
0#
#6365175247
1#
#6365275247
0#
#6365375247
1#
#6365475247
0#
#6365575247
1#
#6365675247
0#
#6365775247
1#
#6365875247
0#
#6365975247
1#
#6366075247
0#
#6366175247
1#
#6366275247
0#
#6366375247
1#
#6366475247
0#
#6366575247
1#
#6366675247
0#
#6366775247
1#
#6366875247
0#
#6366975247
1#
#6367075247
0#
#6367175247
1#
#6367275247
0#
#6367375247
1#
#6367475247
0#
#6367575247
1#
#6367675247
0#
#6367775247
1#
#6367875247
0#
#6367975247
1#
#6368075247
0#
#6368175247
1#
#6368275247
0#
#6368375247
1#
#6368475247
0#
#6368575247
1#
#6368675247
0#
#6368775247
1#
#6368875247
0#
#6368975247
1#
#6369075247
0#
#6369175247
1#
#6369275247
0#
#6369375247
1#
#6369475247
0#
#6369575247
1#
#6369675247
0#
#6369775247
1#
#6369875247
0#
#6369975247
1#
#6370075247
0#
#6370175247
1#
#6370275247
0#
#6370375247
1#
#6370475247
0#
#6370575247
1#
#6370675247
0#
#6370775247
1#
#6370875247
0#
#6370975247
1#
#6371075247
0#
#6371175247
1#
#6371275247
0#
#6371375247
1#
#6371475247
0#
#6371575247
1#
#6371675247
0#
#6371775247
1#
#6371875247
0#
#6371975247
1#
#6372075247
0#
#6372175247
1#
#6372275247
0#
#6372375247
1#
#6372475247
0#
#6372575247
1#
#6372675247
0#
#6372775247
1#
#6372875247
0#
#6372975247
1#
#6373075247
0#
#6373175247
1#
#6373275247
0#
#6373375247
1#
#6373475247
0#
#6373575247
1#
#6373675247
0#
#6373775247
1#
#6373875247
0#
#6373975247
1#
#6374075247
0#
#6374175247
1#
#6374275247
0#
#6374375247
1#
#6374475247
0#
#6374575247
1#
#6374675247
0#
#6374775247
1#
#6374875247
0#
#6374975247
1#
#6375075247
0#
#6375175247
1#
#6375275247
0#
#6375375247
1#
#6375475247
0#
#6375575247
1#
#6375675247
0#
#6375775247
1#
#6375875247
0#
#6375975247
1#
#6376075247
0#
#6376175247
1#
#6376275247
0#
#6376375247
1#
#6376475247
0#
#6376575247
1#
#6376675247
0#
#6376775247
1#
#6376875247
0#
#6376975247
1#
#6377075247
0#
#6377175247
1#
#6377275247
0#
#6377375247
1#
#6377475247
0#
#6377575247
1#
#6377675247
0#
#6377775247
1#
#6377875247
0#
#6377975247
1#
#6378075247
0#
#6378175247
1#
#6378275247
0#
#6378375247
1#
#6378475247
0#
#6378575247
1#
#6378675247
0#
#6378775247
1#
#6378875247
0#
#6378975247
1#
#6379075247
0#
#6379175247
1#
#6379275247
0#
#6379375247
1#
#6379475247
0#
#6379575247
1#
#6379675247
0#
#6379775247
1#
#6379875247
0#
#6379975247
1#
#6380075247
0#
#6380175247
1#
#6380275247
0#
#6380375247
1#
#6380475247
0#
#6380575247
1#
#6380675247
0#
#6380775247
1#
#6380875247
0#
#6380975247
1#
#6381075247
0#
#6381175247
1#
#6381275247
0#
#6381375247
1#
#6381475247
0#
#6381575247
1#
#6381675247
0#
#6381775247
1#
#6381875247
0#
#6381975247
1#
#6382075247
0#
#6382175247
1#
#6382275247
0#
#6382375247
1#
#6382475247
0#
#6382575247
1#
#6382675247
0#
#6382775247
1#
#6382875247
0#
#6382975247
1#
#6383075247
0#
#6383175247
1#
#6383275247
0#
#6383375247
1#
#6383475247
0#
#6383575247
1#
#6383675247
0#
#6383775247
1#
#6383875247
0#
#6383975247
1#
#6384075247
0#
#6384175247
1#
#6384275247
0#
#6384375247
1#
#6384475247
0#
#6384575247
1#
#6384675247
0#
#6384775247
1#
#6384875247
0#
#6384975247
1#
#6385075247
0#
#6385175247
1#
#6385275247
0#
#6385375247
1#
#6385475247
0#
#6385575247
1#
#6385675247
0#
#6385775247
1#
#6385875247
0#
#6385975247
1#
#6386075247
0#
#6386175247
1#
#6386275247
0#
#6386375247
1#
#6386475247
0#
#6386575247
1#
#6386675247
0#
#6386775247
1#
#6386875247
0#
#6386975247
1#
#6387075247
0#
#6387175247
1#
#6387275247
0#
#6387375247
1#
#6387475247
0#
#6387575247
1#
#6387675247
0#
#6387775247
1#
#6387875247
0#
#6387975247
1#
#6388075247
0#
#6388175247
1#
#6388275247
0#
#6388375247
1#
#6388475247
0#
#6388575247
1#
#6388675247
0#
#6388775247
1#
#6388875247
0#
#6388975247
1#
#6389075247
0#
#6389175247
1#
#6389275247
0#
#6389375247
1#
#6389475247
0#
#6389575247
1#
#6389675247
0#
#6389775247
1#
#6389875247
0#
#6389975247
1#
#6390075247
0#
#6390175247
1#
#6390275247
0#
#6390375247
1#
#6390475247
0#
#6390575247
1#
#6390675247
0#
#6390775247
1#
#6390875247
0#
#6390975247
1#
#6391075247
0#
#6391175247
1#
#6391275247
0#
#6391375247
1#
#6391475247
0#
#6391575247
1#
#6391675247
0#
#6391775247
1#
#6391875247
0#
#6391975247
1#
#6392075247
0#
#6392175247
1#
#6392275247
0#
#6392375247
1#
#6392475247
0#
#6392575247
1#
#6392675247
0#
#6392775247
1#
#6392875247
0#
#6392975247
1#
#6393075247
0#
#6393175247
1#
#6393275247
0#
#6393375247
1#
#6393475247
0#
#6393575247
1#
#6393675247
0#
#6393775247
1#
#6393875247
0#
#6393975247
1#
#6394075247
0#
#6394175247
1#
#6394275247
0#
#6394375247
1#
#6394475247
0#
#6394575247
1#
#6394675247
0#
#6394775247
1#
#6394875247
0#
#6394975247
1#
#6395075247
0#
#6395175247
1#
#6395275247
0#
#6395375247
1#
#6395475247
0#
#6395575247
1#
#6395675247
0#
#6395775247
1#
#6395875247
0#
#6395975247
1#
#6396075247
0#
#6396175247
1#
#6396275247
0#
#6396375247
1#
#6396475247
0#
#6396575247
1#
#6396675247
0#
#6396775247
1#
#6396875247
0#
#6396975247
1#
#6397075247
0#
#6397175247
1#
#6397275247
0#
#6397375247
1#
#6397475247
0#
#6397575247
1#
#6397675247
0#
#6397775247
1#
#6397875247
0#
#6397975247
1#
#6398075247
0#
#6398175247
1#
#6398275247
0#
#6398375247
1#
#6398475247
0#
#6398575247
1#
#6398675247
0#
#6398775247
1#
#6398875247
0#
#6398975247
1#
#6399075247
0#
#6399175247
1#
#6399275247
0#
#6399375247
1#
#6399475247
0#
#6399575247
1#
#6399675247
0#
#6399775247
1#
#6399875247
0#
#6399975247
1#
#6400075247
0#
#6400175247
1#
#6400275247
0#
#6400375247
1#
#6400475247
0#
#6400575247
1#
#6400675247
0#
#6400775247
1#
#6400875247
0#
#6400975247
1#
#6401075247
0#
#6401175247
1#
#6401275247
0#
#6401375247
1#
#6401475247
0#
#6401575247
1#
#6401675247
0#
#6401775247
1#
#6401875247
0#
#6401975247
1#
#6402075247
0#
#6402175247
1#
#6402275247
0#
#6402375247
1#
#6402475247
0#
#6402575247
1#
#6402675247
0#
#6402775247
1#
#6402875247
0#
#6402975247
1#
#6403075247
0#
#6403175247
1#
#6403275247
0#
#6403375247
1#
#6403475247
0#
#6403575247
1#
#6403675247
0#
#6403775247
1#
#6403875247
0#
#6403975247
1#
#6404075247
0#
#6404175247
1#
#6404275247
0#
#6404375247
1#
#6404475247
0#
#6404575247
1#
#6404675247
0#
#6404775247
1#
#6404875247
0#
#6404975247
1#
#6405075247
0#
#6405175247
1#
#6405275247
0#
#6405375247
1#
#6405475247
0#
#6405575247
1#
#6405675247
0#
#6405775247
1#
#6405875247
0#
#6405975247
1#
#6406075247
0#
#6406175247
1#
#6406275247
0#
#6406375247
1#
#6406475247
0#
#6406575247
1#
#6406675247
0#
#6406775247
1#
#6406875247
0#
#6406975247
1#
#6407075247
0#
#6407175247
1#
#6407275247
0#
#6407375247
1#
#6407475247
0#
#6407575247
1#
#6407675247
0#
#6407775247
1#
#6407875247
0#
#6407975247
1#
#6408075247
0#
#6408175247
1#
#6408275247
0#
#6408375247
1#
#6408475247
0#
#6408575247
1#
#6408675247
0#
#6408775247
1#
#6408875247
0#
#6408975247
1#
#6409075247
0#
#6409175247
1#
#6409275247
0#
#6409375247
1#
#6409475247
0#
#6409575247
1#
#6409675247
0#
#6409775247
1#
#6409875247
0#
#6409975247
1#
#6410075247
0#
#6410175247
1#
#6410275247
0#
#6410375247
1#
#6410475247
0#
#6410575247
1#
#6410675247
0#
#6410775247
1#
#6410875247
0#
#6410975247
1#
#6411075247
0#
#6411175247
1#
#6411275247
0#
#6411375247
1#
#6411475247
0#
#6411575247
1#
#6411675247
0#
#6411775247
1#
#6411875247
0#
#6411975247
1#
#6412075247
0#
#6412175247
1#
#6412275247
0#
#6412375247
1#
#6412475247
0#
#6412575247
1#
#6412675247
0#
#6412775247
1#
#6412875247
0#
#6412975247
1#
#6413075247
0#
#6413175247
1#
#6413275247
0#
#6413375247
1#
#6413475247
0#
#6413575247
1#
#6413675247
0#
#6413775247
1#
#6413875247
0#
#6413975247
1#
#6414075247
0#
#6414175247
1#
#6414275247
0#
#6414375247
1#
#6414475247
0#
#6414575247
1#
#6414675247
0#
#6414775247
1#
#6414875247
0#
#6414975247
1#
#6415075247
0#
#6415175247
1#
#6415275247
0#
#6415375247
1#
#6415475247
0#
#6415575247
1#
#6415675247
0#
#6415775247
1#
#6415875247
0#
#6415975247
1#
#6416075247
0#
#6416175247
1#
#6416275247
0#
#6416375247
1#
#6416475247
0#
#6416575247
1#
#6416675247
0#
#6416775247
1#
#6416875247
0#
#6416975247
1#
#6417075247
0#
#6417175247
1#
#6417275247
0#
#6417375247
1#
#6417475247
0#
#6417575247
1#
#6417675247
0#
#6417775247
1#
#6417875247
0#
#6417975247
1#
#6418075247
0#
#6418175247
1#
#6418275247
0#
#6418375247
1#
#6418475247
0#
#6418575247
1#
#6418675247
0#
#6418775247
1#
#6418875247
0#
#6418975247
1#
#6419075247
0#
#6419175247
1#
#6419275247
0#
#6419375247
1#
#6419475247
0#
#6419575247
1#
#6419675247
0#
#6419775247
1#
#6419875247
0#
#6419975247
1#
#6420075247
0#
#6420175247
1#
#6420275247
0#
#6420375247
1#
#6420475247
0#
#6420575247
1#
#6420675247
0#
#6420775247
1#
#6420875247
0#
#6420975247
1#
#6421075247
0#
#6421175247
1#
#6421275247
0#
#6421375247
1#
#6421475247
0#
#6421575247
1#
#6421675247
0#
#6421775247
1#
#6421875247
0#
#6421975247
1#
#6422075247
0#
#6422175247
1#
#6422275247
0#
#6422375247
1#
#6422475247
0#
#6422575247
1#
#6422675247
0#
#6422775247
1#
#6422875247
0#
#6422975247
1#
#6423075247
0#
#6423175247
1#
#6423275247
0#
#6423375247
1#
#6423475247
0#
#6423575247
1#
#6423675247
0#
#6423775247
1#
#6423875247
0#
#6423975247
1#
#6424075247
0#
#6424175247
1#
#6424275247
0#
#6424375247
1#
#6424475247
0#
#6424575247
1#
#6424675247
0#
#6424775247
1#
#6424875247
0#
#6424975247
1#
#6425075247
0#
#6425175247
1#
#6425275247
0#
#6425375247
1#
#6425475247
0#
#6425575247
1#
#6425675247
0#
#6425775247
1#
#6425875247
0#
#6425975247
1#
#6426075247
0#
#6426175247
1#
#6426275247
0#
#6426375247
1#
#6426475247
0#
#6426575247
1#
#6426675247
0#
#6426775247
1#
#6426875247
0#
#6426975247
1#
#6427075247
0#
#6427175247
1#
#6427275247
0#
#6427375247
1#
#6427475247
0#
#6427575247
1#
#6427675247
0#
#6427775247
1#
#6427875247
0#
#6427975247
1#
#6428075247
0#
#6428175247
1#
#6428275247
0#
#6428375247
1#
#6428475247
0#
#6428575247
1#
#6428675247
0#
#6428775247
1#
#6428875247
0#
#6428975247
1#
#6429075247
0#
#6429175247
1#
#6429275247
0#
#6429375247
1#
#6429475247
0#
#6429575247
1#
#6429675247
0#
#6429775247
1#
#6429875247
0#
#6429975247
1#
#6430075247
0#
#6430175247
1#
#6430275247
0#
#6430375247
1#
#6430475247
0#
#6430575247
1#
#6430675247
0#
#6430775247
1#
#6430875247
0#
#6430975247
1#
#6431075247
0#
#6431175247
1#
#6431275247
0#
#6431375247
1#
#6431475247
0#
#6431575247
1#
#6431675247
0#
#6431775247
1#
#6431875247
0#
#6431975247
1#
#6432075247
0#
#6432175247
1#
#6432275247
0#
#6432375247
1#
#6432475247
0#
#6432575247
1#
#6432675247
0#
#6432775247
1#
#6432875247
0#
#6432975247
1#
#6433075247
0#
#6433175247
1#
#6433275247
0#
#6433375247
1#
#6433475247
0#
#6433575247
1#
#6433675247
0#
#6433775247
1#
#6433875247
0#
#6433975247
1#
#6434075247
0#
#6434175247
1#
#6434275247
0#
#6434375247
1#
#6434475247
0#
#6434575247
1#
#6434675247
0#
#6434775247
1#
#6434875247
0#
#6434975247
1#
#6435075247
0#
#6435175247
1#
#6435275247
0#
#6435375247
1#
#6435475247
0#
#6435575247
1#
#6435675247
0#
#6435775247
1#
#6435875247
0#
#6435975247
1#
#6436075247
0#
#6436175247
1#
#6436275247
0#
#6436375247
1#
#6436475247
0#
#6436575247
1#
#6436675247
0#
#6436775247
1#
#6436875247
0#
#6436975247
1#
#6437075247
0#
#6437175247
1#
#6437275247
0#
#6437375247
1#
#6437475247
0#
#6437575247
1#
#6437675247
0#
#6437775247
1#
#6437875247
0#
#6437975247
1#
#6438075247
0#
#6438175247
1#
#6438275247
0#
#6438375247
1#
#6438475247
0#
#6438575247
1#
#6438675247
0#
#6438775247
1#
#6438875247
0#
#6438975247
1#
#6439075247
0#
#6439175247
1#
#6439275247
0#
#6439375247
1#
#6439475247
0#
#6439575247
1#
#6439675247
0#
#6439775247
1#
#6439875247
0#
#6439975247
1#
#6440075247
0#
#6440175247
1#
#6440275247
0#
#6440375247
1#
#6440475247
0#
#6440575247
1#
#6440675247
0#
#6440775247
1#
#6440875247
0#
#6440975247
1#
#6441075247
0#
#6441175247
1#
#6441275247
0#
#6441375247
1#
#6441475247
0#
#6441575247
1#
#6441675247
0#
#6441775247
1#
#6441875247
0#
#6441975247
1#
#6442075247
0#
#6442175247
1#
#6442275247
0#
#6442375247
1#
#6442475247
0#
#6442575247
1#
#6442675247
0#
#6442775247
1#
#6442875247
0#
#6442975247
1#
#6443075247
0#
#6443175247
1#
#6443275247
0#
#6443375247
1#
#6443475247
0#
#6443575247
1#
#6443675247
0#
#6443775247
1#
#6443875247
0#
#6443975247
1#
#6444075247
0#
#6444175247
1#
#6444275247
0#
#6444375247
1#
#6444475247
0#
#6444575247
1#
#6444675247
0#
#6444775247
1#
#6444875247
0#
#6444975247
1#
#6445075247
0#
#6445175247
1#
#6445275247
0#
#6445375247
1#
#6445475247
0#
#6445575247
1#
#6445675247
0#
#6445775247
1#
#6445875247
0#
#6445975247
1#
#6446075247
0#
#6446175247
1#
#6446275247
0#
#6446375247
1#
#6446475247
0#
#6446575247
1#
#6446675247
0#
#6446775247
1#
#6446875247
0#
#6446975247
1#
#6447075247
0#
#6447175247
1#
#6447275247
0#
#6447375247
1#
#6447475247
0#
#6447575247
1#
#6447675247
0#
#6447775247
1#
#6447875247
0#
#6447975247
1#
#6448075247
0#
#6448175247
1#
#6448275247
0#
#6448375247
1#
#6448475247
0#
#6448575247
1#
#6448675247
0#
#6448775247
1#
#6448875247
0#
#6448975247
1#
#6449075247
0#
#6449175247
1#
#6449275247
0#
#6449375247
1#
#6449475247
0#
#6449575247
1#
#6449675247
0#
#6449775247
1#
#6449875247
0#
#6449975247
1#
#6450075247
0#
#6450175247
1#
#6450275247
0#
#6450375247
1#
#6450475247
0#
#6450575247
1#
#6450675247
0#
#6450775247
1#
#6450875247
0#
#6450975247
1#
#6451075247
0#
#6451175247
1#
#6451275247
0#
#6451375247
1#
#6451475247
0#
#6451575247
1#
#6451675247
0#
#6451775247
1#
#6451875247
0#
#6451975247
1#
#6452075247
0#
#6452175247
1#
#6452275247
0#
#6452375247
1#
#6452475247
0#
#6452575247
1#
#6452675247
0#
#6452775247
1#
#6452875247
0#
#6452975247
1#
#6453075247
0#
#6453175247
1#
#6453275247
0#
#6453375247
1#
#6453475247
0#
#6453575247
1#
#6453675247
0#
#6453775247
1#
#6453875247
0#
#6453975247
1#
#6454075247
0#
#6454175247
1#
#6454275247
0#
#6454375247
1#
#6454475247
0#
#6454575247
1#
#6454675247
0#
#6454775247
1#
#6454875247
0#
#6454975247
1#
#6455075247
0#
#6455175247
1#
#6455275247
0#
#6455375247
1#
#6455475247
0#
#6455575247
1#
#6455675247
0#
#6455775247
1#
#6455875247
0#
#6455975247
1#
#6456075247
0#
#6456175247
1#
#6456275247
0#
#6456375247
1#
#6456475247
0#
#6456575247
1#
#6456675247
0#
#6456775247
1#
#6456875247
0#
#6456975247
1#
#6457075247
0#
#6457175247
1#
#6457275247
0#
#6457375247
1#
#6457475247
0#
#6457575247
1#
#6457675247
0#
#6457775247
1#
#6457875247
0#
#6457975247
1#
#6458075247
0#
#6458175247
1#
#6458275247
0#
#6458375247
1#
#6458475247
0#
#6458575247
1#
#6458675247
0#
#6458775247
1#
#6458875247
0#
#6458975247
1#
#6459075247
0#
#6459175247
1#
#6459275247
0#
#6459375247
1#
#6459475247
0#
#6459575247
1#
#6459675247
0#
#6459775247
1#
#6459875247
0#
#6459975247
1#
#6460075247
0#
#6460175247
1#
#6460275247
0#
#6460375247
1#
#6460475247
0#
#6460575247
1#
#6460675247
0#
#6460775247
1#
#6460875247
0#
#6460975247
1#
#6461075247
0#
#6461175247
1#
#6461275247
0#
#6461375247
1#
#6461475247
0#
#6461575247
1#
#6461675247
0#
#6461775247
1#
#6461875247
0#
#6461975247
1#
#6462075247
0#
#6462175247
1#
#6462275247
0#
#6462375247
1#
#6462475247
0#
#6462575247
1#
#6462675247
0#
#6462775247
1#
#6462875247
0#
#6462975247
1#
#6463075247
0#
#6463175247
1#
#6463275247
0#
#6463375247
1#
#6463475247
0#
#6463575247
1#
#6463675247
0#
#6463775247
1#
#6463875247
0#
#6463975247
1#
#6464075247
0#
#6464175247
1#
#6464275247
0#
#6464375247
1#
#6464475247
0#
#6464575247
1#
#6464675247
0#
#6464775247
1#
#6464875247
0#
#6464975247
1#
#6465075247
0#
#6465175247
1#
#6465275247
0#
#6465375247
1#
#6465475247
0#
#6465575247
1#
#6465675247
0#
#6465775247
1#
#6465875247
0#
#6465975247
1#
#6466075247
0#
#6466175247
1#
#6466275247
0#
#6466375247
1#
#6466475247
0#
#6466575247
1#
#6466675247
0#
#6466775247
1#
#6466875247
0#
#6466975247
1#
#6467075247
0#
#6467175247
1#
#6467275247
0#
#6467375247
1#
#6467475247
0#
#6467575247
1#
#6467675247
0#
#6467775247
1#
#6467875247
0#
#6467975247
1#
#6468075247
0#
#6468175247
1#
#6468275247
0#
#6468375247
1#
#6468475247
0#
#6468575247
1#
#6468675247
0#
#6468775247
1#
#6468875247
0#
#6468975247
1#
#6469075247
0#
#6469175247
1#
#6469275247
0#
#6469375247
1#
#6469475247
0#
#6469575247
1#
#6469675247
0#
#6469775247
1#
#6469875247
0#
#6469975247
1#
#6470075247
0#
#6470175247
1#
#6470275247
0#
#6470375247
1#
#6470475247
0#
#6470575247
1#
#6470675247
0#
#6470775247
1#
#6470875247
0#
#6470975247
1#
#6471075247
0#
#6471175247
1#
#6471275247
0#
#6471375247
1#
#6471475247
0#
#6471575247
1#
#6471675247
0#
#6471775247
1#
#6471875247
0#
#6471975247
1#
#6472075247
0#
#6472175247
1#
#6472275247
0#
#6472375247
1#
#6472475247
0#
#6472575247
1#
#6472675247
0#
#6472775247
1#
#6472875247
0#
#6472975247
1#
#6473075247
0#
#6473175247
1#
#6473275247
0#
#6473375247
1#
#6473475247
0#
#6473575247
1#
#6473675247
0#
#6473775247
1#
#6473875247
0#
#6473975247
1#
#6474075247
0#
#6474175247
1#
#6474275247
0#
#6474375247
1#
#6474475247
0#
#6474575247
1#
#6474675247
0#
#6474775247
1#
#6474875247
0#
#6474975247
1#
#6475075247
0#
#6475175247
1#
#6475275247
0#
#6475375247
1#
#6475475247
0#
#6475575247
1#
#6475675247
0#
#6475775247
1#
#6475875247
0#
#6475975247
1#
#6476075247
0#
#6476175247
1#
#6476275247
0#
#6476375247
1#
#6476475247
0#
#6476575247
1#
#6476675247
0#
#6476775247
1#
#6476875247
0#
#6476975247
1#
#6477075247
0#
#6477175247
1#
#6477275247
0#
#6477375247
1#
#6477475247
0#
#6477575247
1#
#6477675247
0#
#6477775247
1#
#6477875247
0#
#6477975247
1#
#6478075247
0#
#6478175247
1#
#6478275247
0#
#6478375247
1#
#6478475247
0#
#6478575247
1#
#6478675247
0#
#6478775247
1#
#6478875247
0#
#6478975247
1#
#6479075247
0#
#6479175247
1#
#6479275247
0#
#6479375247
1#
#6479475247
0#
#6479575247
1#
#6479675247
0#
#6479775247
1#
#6479875247
0#
#6479975247
1#
#6480075247
0#
#6480175247
1#
#6480275247
0#
#6480375247
1#
#6480475247
0#
#6480575247
1#
#6480675247
0#
#6480775247
1#
#6480875247
0#
#6480975247
1#
#6481075247
0#
#6481175247
1#
#6481275247
0#
#6481375247
1#
#6481475247
0#
#6481575247
1#
#6481675247
0#
#6481775247
1#
#6481875247
0#
#6481975247
1#
#6482075247
0#
#6482175247
1#
#6482275247
0#
#6482375247
1#
#6482475247
0#
#6482575247
1#
#6482675247
0#
#6482775247
1#
#6482875247
0#
#6482975247
1#
#6483075247
0#
#6483175247
1#
#6483275247
0#
#6483375247
1#
#6483475247
0#
#6483575247
1#
#6483675247
0#
#6483775247
1#
#6483875247
0#
#6483975247
1#
#6484075247
0#
#6484175247
1#
#6484275247
0#
#6484375247
1#
#6484475247
0#
#6484575247
1#
#6484675247
0#
#6484775247
1#
#6484875247
0#
#6484975247
1#
#6485075247
0#
#6485175247
1#
#6485275247
0#
#6485375247
1#
#6485475247
0#
#6485575247
1#
#6485675247
0#
#6485775247
1#
#6485875247
0#
#6485975247
1#
#6486075247
0#
#6486175247
1#
#6486275247
0#
#6486375247
1#
#6486475247
0#
#6486575247
1#
#6486675247
0#
#6486775247
1#
#6486875247
0#
#6486975247
1#
#6487075247
0#
#6487175247
1#
#6487275247
0#
#6487375247
1#
#6487475247
0#
#6487575247
1#
#6487675247
0#
#6487775247
1#
#6487875247
0#
#6487975247
1#
#6488075247
0#
#6488175247
1#
#6488275247
0#
#6488375247
1#
#6488475247
0#
#6488575247
1#
#6488675247
0#
#6488775247
1#
#6488875247
0#
#6488975247
1#
#6489075247
0#
#6489175247
1#
#6489275247
0#
#6489375247
1#
#6489475247
0#
#6489575247
1#
#6489675247
0#
#6489775247
1#
#6489875247
0#
#6489975247
1#
#6490075247
0#
#6490175247
1#
#6490275247
0#
#6490375247
1#
#6490475247
0#
#6490575247
1#
#6490675247
0#
#6490775247
1#
#6490875247
0#
#6490975247
1#
#6491075247
0#
#6491175247
1#
#6491275247
0#
#6491375247
1#
#6491475247
0#
#6491575247
1#
#6491675247
0#
#6491775247
1#
#6491875247
0#
#6491975247
1#
#6492075247
0#
#6492175247
1#
#6492275247
0#
#6492375247
1#
#6492475247
0#
#6492575247
1#
#6492675247
0#
#6492775247
1#
#6492875247
0#
#6492975247
1#
#6493075247
0#
#6493175247
1#
#6493275247
0#
#6493375247
1#
#6493475247
0#
#6493575247
1#
#6493675247
0#
#6493775247
1#
#6493875247
0#
#6493975247
1#
#6494075247
0#
#6494175247
1#
#6494275247
0#
#6494375247
1#
#6494475247
0#
#6494575247
1#
#6494675247
0#
#6494775247
1#
#6494875247
0#
#6494975247
1#
#6495075247
0#
#6495175247
1#
#6495275247
0#
#6495375247
1#
#6495475247
0#
#6495575247
1#
#6495675247
0#
#6495775247
1#
#6495875247
0#
#6495975247
1#
#6496075247
0#
#6496175247
1#
#6496275247
0#
#6496375247
1#
#6496475247
0#
#6496575247
1#
#6496675247
0#
#6496775247
1#
#6496875247
0#
#6496975247
1#
#6497075247
0#
#6497175247
1#
#6497275247
0#
#6497375247
1#
#6497475247
0#
#6497575247
1#
#6497675247
0#
#6497775247
1#
#6497875247
0#
#6497975247
1#
#6498075247
0#
#6498175247
1#
#6498275247
0#
#6498375247
1#
#6498475247
0#
#6498575247
1#
#6498675247
0#
#6498775247
1#
#6498875247
0#
#6498975247
1#
#6499075247
0#
#6499175247
1#
#6499275247
0#
#6499375247
1#
#6499475247
0#
#6499575247
1#
#6499675247
0#
#6499775247
1#
#6499875247
0#
#6499975247
1#
#6500075247
0#
#6500175247
1#
#6500275247
0#
#6500375247
1#
#6500475247
0#
#6500575247
1#
#6500675247
0#
#6500775247
1#
#6500875247
0#
#6500975247
1#
#6501075247
0#
#6501175247
1#
#6501275247
0#
#6501375247
1#
#6501475247
0#
#6501575247
1#
#6501675247
0#
#6501775247
1#
#6501875247
0#
#6501975247
1#
#6502075247
0#
#6502175247
1#
#6502275247
0#
#6502375247
1#
#6502475247
0#
#6502575247
1#
#6502675247
0#
#6502775247
1#
#6502875247
0#
#6502975247
1#
#6503075247
0#
#6503175247
1#
#6503275247
0#
#6503375247
1#
#6503475247
0#
#6503575247
1#
#6503675247
0#
#6503775247
1#
#6503875247
0#
#6503975247
1#
#6504075247
0#
#6504175247
1#
#6504275247
0#
#6504375247
1#
#6504475247
0#
#6504575247
1#
#6504675247
0#
#6504775247
1#
#6504875247
0#
#6504975247
1#
#6505075247
0#
#6505175247
1#
#6505275247
0#
#6505375247
1#
#6505475247
0#
#6505575247
1#
#6505675247
0#
#6505775247
1#
#6505875247
0#
#6505975247
1#
#6506075247
0#
#6506175247
1#
#6506275247
0#
#6506375247
1#
#6506475247
0#
#6506575247
1#
#6506675247
0#
#6506775247
1#
#6506875247
0#
#6506975247
1#
#6507075247
0#
#6507175247
1#
#6507275247
0#
#6507375247
1#
#6507475247
0#
#6507575247
1#
#6507675247
0#
#6507775247
1#
#6507875247
0#
#6507975247
1#
#6508075247
0#
#6508175247
1#
#6508275247
0#
#6508375247
1#
#6508475247
0#
#6508575247
1#
#6508675247
0#
#6508775247
1#
#6508875247
0#
#6508975247
1#
#6509075247
0#
#6509175247
1#
#6509275247
0#
#6509375247
1#
#6509475247
0#
#6509575247
1#
#6509675247
0#
#6509775247
1#
#6509875247
0#
#6509975247
1#
#6510075247
0#
#6510175247
1#
#6510275247
0#
#6510375247
1#
#6510475247
0#
#6510575247
1#
#6510675247
0#
#6510775247
1#
#6510875247
0#
#6510975247
1#
#6511075247
0#
#6511175247
1#
#6511275247
0#
#6511375247
1#
#6511475247
0#
#6511575247
1#
#6511675247
0#
#6511775247
1#
#6511875247
0#
#6511975247
1#
#6512075247
0#
#6512175247
1#
#6512275247
0#
#6512375247
1#
#6512475247
0#
#6512575247
1#
#6512675247
0#
#6512775247
1#
#6512875247
0#
#6512975247
1#
#6513075247
0#
#6513175247
1#
#6513275247
0#
#6513375247
1#
#6513475247
0#
#6513575247
1#
#6513675247
0#
#6513775247
1#
#6513875247
0#
#6513975247
1#
#6514075247
0#
#6514175247
1#
#6514275247
0#
#6514375247
1#
#6514475247
0#
#6514575247
1#
#6514675247
0#
#6514775247
1#
#6514875247
0#
#6514975247
1#
#6515075247
0#
#6515175247
1#
#6515275247
0#
#6515375247
1#
#6515475247
0#
#6515575247
1#
#6515675247
0#
#6515775247
1#
#6515875247
0#
#6515975247
1#
#6516075247
0#
#6516175247
1#
#6516275247
0#
#6516375247
1#
#6516475247
0#
#6516575247
1#
#6516675247
0#
#6516775247
1#
#6516875247
0#
#6516975247
1#
#6517075247
0#
#6517175247
1#
#6517275247
0#
#6517375247
1#
#6517475247
0#
#6517575247
1#
#6517675247
0#
#6517775247
1#
#6517875247
0#
#6517975247
1#
#6518075247
0#
#6518175247
1#
#6518275247
0#
#6518375247
1#
#6518475247
0#
#6518575247
1#
#6518675247
0#
#6518775247
1#
#6518875247
0#
#6518975247
1#
#6519075247
0#
#6519175247
1#
#6519275247
0#
#6519375247
1#
#6519475247
0#
#6519575247
1#
#6519675247
0#
#6519775247
1#
#6519875247
0#
#6519975247
1#
#6520075247
0#
#6520175247
1#
#6520275247
0#
#6520375247
1#
#6520475247
0#
#6520575247
1#
#6520675247
0#
#6520775247
1#
#6520875247
0#
#6520975247
1#
#6521075247
0#
#6521175247
1#
#6521275247
0#
#6521375247
1#
#6521475247
0#
#6521575247
1#
#6521675247
0#
#6521775247
1#
#6521875247
0#
#6521975247
1#
#6522075247
0#
#6522175247
1#
#6522275247
0#
#6522375247
1#
#6522475247
0#
#6522575247
1#
#6522675247
0#
#6522775247
1#
#6522875247
0#
#6522975247
1#
#6523075247
0#
#6523175247
1#
#6523275247
0#
#6523375247
1#
#6523475247
0#
#6523575247
1#
#6523675247
0#
#6523775247
1#
#6523875247
0#
#6523975247
1#
#6524075247
0#
#6524175247
1#
#6524275247
0#
#6524375247
1#
#6524475247
0#
#6524575247
1#
#6524675247
0#
#6524775247
1#
#6524875247
0#
#6524975247
1#
#6525075247
0#
#6525175247
1#
#6525275247
0#
#6525375247
1#
#6525475247
0#
#6525575247
1#
#6525675247
0#
#6525775247
1#
#6525875247
0#
#6525975247
1#
#6526075247
0#
#6526175247
1#
#6526275247
0#
#6526375247
1#
#6526475247
0#
#6526575247
1#
#6526675247
0#
#6526775247
1#
#6526875247
0#
#6526975247
1#
#6527075247
0#
#6527175247
1#
#6527275247
0#
#6527375247
1#
#6527475247
0#
#6527575247
1#
#6527675247
0#
#6527775247
1#
#6527875247
0#
#6527975247
1#
#6528075247
0#
#6528175247
1#
#6528275247
0#
#6528375247
1#
#6528475247
0#
#6528575247
1#
#6528675247
0#
#6528775247
1#
#6528875247
0#
#6528975247
1#
#6529075247
0#
#6529175247
1#
#6529275247
0#
#6529375247
1#
#6529475247
0#
#6529575247
1#
#6529675247
0#
#6529775247
1#
#6529875247
0#
#6529975247
1#
#6530075247
0#
#6530175247
1#
#6530275247
0#
#6530375247
1#
#6530475247
0#
#6530575247
1#
#6530675247
0#
#6530775247
1#
#6530875247
0#
#6530975247
1#
#6531075247
0#
#6531175247
1#
#6531275247
0#
#6531375247
1#
#6531475247
0#
#6531575247
1#
#6531675247
0#
#6531775247
1#
#6531875247
0#
#6531975247
1#
#6532075247
0#
#6532175247
1#
#6532275247
0#
#6532375247
1#
#6532475247
0#
#6532575247
1#
#6532675247
0#
#6532775247
1#
#6532875247
0#
#6532975247
1#
#6533075247
0#
#6533175247
1#
#6533275247
0#
#6533375247
1#
#6533475247
0#
#6533575247
1#
#6533675247
0#
#6533775247
1#
#6533875247
0#
#6533975247
1#
#6534075247
0#
#6534175247
1#
#6534275247
0#
#6534375247
1#
#6534475247
0#
#6534575247
1#
#6534675247
0#
#6534775247
1#
#6534875247
0#
#6534975247
1#
#6535075247
0#
#6535175247
1#
#6535275247
0#
#6535375247
1#
#6535475247
0#
#6535575247
1#
#6535675247
0#
#6535775247
1#
#6535875247
0#
#6535975247
1#
#6536075247
0#
#6536175247
1#
#6536275247
0#
#6536375247
1#
#6536475247
0#
#6536575247
1#
#6536675247
0#
#6536775247
1#
#6536875247
0#
#6536975247
1#
#6537075247
0#
#6537175247
1#
#6537275247
0#
#6537375247
1#
#6537475247
0#
#6537575247
1#
#6537675247
0#
#6537775247
1#
#6537875247
0#
#6537975247
1#
#6538075247
0#
#6538175247
1#
#6538275247
0#
#6538375247
1#
#6538475247
0#
#6538575247
1#
#6538675247
0#
#6538775247
1#
#6538875247
0#
#6538975247
1#
#6539075247
0#
#6539175247
1#
#6539275247
0#
#6539375247
1#
#6539475247
0#
#6539575247
1#
#6539675247
0#
#6539775247
1#
#6539875247
0#
#6539975247
1#
#6540075247
0#
#6540175247
1#
#6540275247
0#
#6540375247
1#
#6540475247
0#
#6540575247
1#
#6540675247
0#
#6540775247
1#
#6540875247
0#
#6540975247
1#
#6541075247
0#
#6541175247
1#
#6541275247
0#
#6541375247
1#
#6541475247
0#
#6541575247
1#
#6541675247
0#
#6541775247
1#
#6541875247
0#
#6541975247
1#
#6542075247
0#
#6542175247
1#
#6542275247
0#
#6542375247
1#
#6542475247
0#
#6542575247
1#
#6542675247
0#
#6542775247
1#
#6542875247
0#
#6542975247
1#
#6543075247
0#
#6543175247
1#
#6543275247
0#
#6543375247
1#
#6543475247
0#
#6543575247
1#
#6543675247
0#
#6543775247
1#
#6543875247
0#
#6543975247
1#
#6544075247
0#
#6544175247
1#
#6544275247
0#
#6544375247
1#
#6544475247
0#
#6544575247
1#
#6544675247
0#
#6544775247
1#
#6544875247
0#
#6544975247
1#
#6545075247
0#
#6545175247
1#
#6545275247
0#
#6545375247
1#
#6545475247
0#
#6545575247
1#
#6545675247
0#
#6545775247
1#
#6545875247
0#
#6545975247
1#
#6546075247
0#
#6546175247
1#
#6546275247
0#
#6546375247
1#
#6546475247
0#
#6546575247
1#
#6546675247
0#
#6546775247
1#
#6546875247
0#
#6546975247
1#
#6547075247
0#
#6547175247
1#
#6547275247
0#
#6547375247
1#
#6547475247
0#
#6547575247
1#
#6547675247
0#
#6547775247
1#
#6547875247
0#
#6547975247
1#
#6548075247
0#
#6548175247
1#
#6548275247
0#
#6548375247
1#
#6548475247
0#
#6548575247
1#
#6548675247
0#
#6548775247
1#
#6548875247
0#
#6548975247
1#
#6549075247
0#
#6549175247
1#
#6549275247
0#
#6549375247
1#
#6549475247
0#
#6549575247
1#
#6549675247
0#
#6549775247
1#
#6549875247
0#
#6549975247
1#
#6550075247
0#
#6550175247
1#
#6550275247
0#
#6550375247
1#
#6550475247
0#
#6550575247
1#
#6550675247
0#
#6550775247
1#
#6550875247
0#
#6550975247
1#
#6551075247
0#
#6551175247
1#
#6551275247
0#
#6551375247
1#
#6551475247
0#
#6551575247
1#
#6551675247
0#
#6551775247
1#
#6551875247
0#
#6551975247
1#
#6552075247
0#
#6552175247
1#
#6552275247
0#
#6552375247
1#
#6552475247
0#
#6552575247
1#
#6552675247
0#
#6552775247
1#
#6552875247
0#
#6552975247
1#
#6553075247
0#
#6553175247
1#
#6553275247
0#
#6553375247
1#
#6553475247
0#
#6553575247
1#
#6553675247
0#
#6553775247
1#
#6553875247
0#
#6553975247
1#
#6554075247
0#
#6554175247
1#
#6554275247
0#
#6554375247
1#
#6554475247
0#
#6554575247
1#
#6554675247
0#
#6554775247
1#
#6554875247
0#
#6554975247
1#
#6555075247
0#
#6555175247
1#
#6555275247
0#
#6555375247
1#
#6555475247
0#
#6555575247
1#
#6555675247
0#
#6555775247
1#
#6555875247
0#
#6555975247
1#
#6556075247
0#
#6556175247
1#
#6556275247
0#
#6556375247
1#
#6556475247
0#
#6556575247
1#
#6556675247
0#
#6556775247
1#
#6556875247
0#
#6556975247
1#
#6557075247
0#
#6557175247
1#
#6557275247
0#
#6557375247
1#
#6557475247
0#
#6557575247
1#
#6557675247
0#
#6557775247
1#
#6557875247
0#
#6557975247
1#
#6558075247
0#
#6558175247
1#
#6558275247
0#
#6558375247
1#
#6558475247
0#
#6558575247
1#
#6558675247
0#
#6558775247
1#
#6558875247
0#
#6558975247
1#
#6559075247
0#
#6559175247
1#
#6559275247
0#
#6559375247
1#
#6559475247
0#
#6559575247
1#
#6559675247
0#
#6559775247
1#
#6559875247
0#
#6559975247
1#
#6560075247
0#
#6560175247
1#
#6560275247
0#
#6560375247
1#
#6560475247
0#
#6560575247
1#
#6560675247
0#
#6560775247
1#
#6560875247
0#
#6560975247
1#
#6561075247
0#
#6561175247
1#
#6561275247
0#
#6561375247
1#
#6561475247
0#
#6561575247
1#
#6561675247
0#
#6561775247
1#
#6561875247
0#
#6561975247
1#
#6562075247
0#
#6562175247
1#
#6562275247
0#
#6562375247
1#
#6562475247
0#
#6562575247
1#
#6562675247
0#
#6562775247
1#
#6562875247
0#
#6562975247
1#
#6563075247
0#
#6563175247
1#
#6563275247
0#
#6563375247
1#
#6563475247
0#
#6563575247
1#
#6563675247
0#
#6563775247
1#
#6563875247
0#
#6563975247
1#
#6564075247
0#
#6564175247
1#
#6564275247
0#
#6564375247
1#
#6564475247
0#
#6564575247
1#
#6564675247
0#
#6564775247
1#
#6564875247
0#
#6564975247
1#
#6565075247
0#
#6565175247
1#
#6565275247
0#
#6565375247
1#
#6565475247
0#
#6565575247
1#
#6565675247
0#
#6565775247
1#
#6565875247
0#
#6565975247
1#
#6566075247
0#
#6566175247
1#
#6566275247
0#
#6566375247
1#
#6566475247
0#
#6566575247
1#
#6566675247
0#
#6566775247
1#
#6566875247
0#
#6566975247
1#
#6567075247
0#
#6567175247
1#
#6567275247
0#
#6567375247
1#
#6567475247
0#
#6567575247
1#
#6567675247
0#
#6567775247
1#
#6567875247
0#
#6567975247
1#
#6568075247
0#
#6568175247
1#
#6568275247
0#
#6568375247
1#
#6568475247
0#
#6568575247
1#
#6568675247
0#
#6568775247
1#
#6568875247
0#
#6568975247
1#
#6569075247
0#
#6569175247
1#
#6569275247
0#
#6569375247
1#
#6569475247
0#
#6569575247
1#
#6569675247
0#
#6569775247
1#
#6569875247
0#
#6569975247
1#
#6570075247
0#
#6570175247
1#
#6570275247
0#
#6570375247
1#
#6570475247
0#
#6570575247
1#
#6570675247
0#
#6570775247
1#
#6570875247
0#
#6570975247
1#
#6571075247
0#
#6571175247
1#
#6571275247
0#
#6571375247
1#
#6571475247
0#
#6571575247
1#
#6571675247
0#
#6571775247
1#
#6571875247
0#
#6571975247
1#
#6572075247
0#
#6572175247
1#
#6572275247
0#
#6572375247
1#
#6572475247
0#
#6572575247
1#
#6572675247
0#
#6572775247
1#
#6572875247
0#
#6572975247
1#
#6573075247
0#
#6573175247
1#
#6573275247
0#
#6573375247
1#
#6573475247
0#
#6573575247
1#
#6573675247
0#
#6573775247
1#
#6573875247
0#
#6573975247
1#
#6574075247
0#
#6574175247
1#
#6574275247
0#
#6574375247
1#
#6574475247
0#
#6574575247
1#
#6574675247
0#
#6574775247
1#
#6574875247
0#
#6574975247
1#
#6575075247
0#
#6575175247
1#
#6575275247
0#
#6575375247
1#
#6575475247
0#
#6575575247
1#
#6575675247
0#
#6575775247
1#
#6575875247
0#
#6575975247
1#
#6576075247
0#
#6576175247
1#
#6576275247
0#
#6576375247
1#
#6576475247
0#
#6576575247
1#
#6576675247
0#
#6576775247
1#
#6576875247
0#
#6576975247
1#
#6577075247
0#
#6577175247
1#
#6577275247
0#
#6577375247
1#
#6577475247
0#
#6577575247
1#
#6577675247
0#
#6577775247
1#
#6577875247
0#
#6577975247
1#
#6578075247
0#
#6578175247
1#
#6578275247
0#
#6578375247
1#
#6578475247
0#
#6578575247
1#
#6578675247
0#
#6578775247
1#
#6578875247
0#
#6578975247
1#
#6579075247
0#
#6579175247
1#
#6579275247
0#
#6579375247
1#
#6579475247
0#
#6579575247
1#
#6579675247
0#
#6579775247
1#
#6579875247
0#
#6579975247
1#
#6580075247
0#
#6580175247
1#
#6580275247
0#
#6580375247
1#
#6580475247
0#
#6580575247
1#
#6580675247
0#
#6580775247
1#
#6580875247
0#
#6580975247
1#
#6581075247
0#
#6581175247
1#
#6581275247
0#
#6581375247
1#
#6581475247
0#
#6581575247
1#
#6581675247
0#
#6581775247
1#
#6581875247
0#
#6581975247
1#
#6582075247
0#
#6582175247
1#
#6582275247
0#
#6582375247
1#
#6582475247
0#
#6582575247
1#
#6582675247
0#
#6582775247
1#
#6582875247
0#
#6582975247
1#
#6583075247
0#
#6583175247
1#
#6583275247
0#
#6583375247
1#
#6583475247
0#
#6583575247
1#
#6583675247
0#
#6583775247
1#
#6583875247
0#
#6583975247
1#
#6584075247
0#
#6584175247
1#
#6584275247
0#
#6584375247
1#
#6584475247
0#
#6584575247
1#
#6584675247
0#
#6584775247
1#
#6584875247
0#
#6584975247
1#
#6585075247
0#
#6585175247
1#
#6585275247
0#
#6585375247
1#
#6585475247
0#
#6585575247
1#
#6585675247
0#
#6585775247
1#
#6585875247
0#
#6585975247
1#
#6586075247
0#
#6586175247
1#
#6586275247
0#
#6586375247
1#
#6586475247
0#
#6586575247
1#
#6586675247
0#
#6586775247
1#
#6586875247
0#
#6586975247
1#
#6587075247
0#
#6587175247
1#
#6587275247
0#
#6587375247
1#
#6587475247
0#
#6587575247
1#
#6587675247
0#
#6587775247
1#
#6587875247
0#
#6587975247
1#
#6588075247
0#
#6588175247
1#
#6588275247
0#
#6588375247
1#
#6588475247
0#
#6588575247
1#
#6588675247
0#
#6588775247
1#
#6588875247
0#
#6588975247
1#
#6589075247
0#
#6589175247
1#
#6589275247
0#
#6589375247
1#
#6589475247
0#
#6589575247
1#
#6589675247
0#
#6589775247
1#
#6589875247
0#
#6589975247
1#
#6590075247
0#
#6590175247
1#
#6590275247
0#
#6590375247
1#
#6590475247
0#
#6590575247
1#
#6590675247
0#
#6590775247
1#
#6590875247
0#
#6590975247
1#
#6591075247
0#
#6591175247
1#
#6591275247
0#
#6591375247
1#
#6591475247
0#
#6591575247
1#
#6591675247
0#
#6591775247
1#
#6591875247
0#
#6591975247
1#
#6592075247
0#
#6592175247
1#
#6592275247
0#
#6592375247
1#
#6592475247
0#
#6592575247
1#
#6592675247
0#
#6592775247
1#
#6592875247
0#
#6592975247
1#
#6593075247
0#
#6593175247
1#
#6593275247
0#
#6593375247
1#
#6593475247
0#
#6593575247
1#
#6593675247
0#
#6593775247
1#
#6593875247
0#
#6593975247
1#
#6594075247
0#
#6594175247
1#
#6594275247
0#
#6594375247
1#
#6594475247
0#
#6594575247
1#
#6594675247
0#
#6594775247
1#
#6594875247
0#
#6594975247
1#
#6595075247
0#
#6595175247
1#
#6595275247
0#
#6595375247
1#
#6595475247
0#
#6595575247
1#
#6595675247
0#
#6595775247
1#
#6595875247
0#
#6595975247
1#
#6596075247
0#
#6596175247
1#
#6596275247
0#
#6596375247
1#
#6596475247
0#
#6596575247
1#
#6596675247
0#
#6596775247
1#
#6596875247
0#
#6596975247
1#
#6597075247
0#
#6597175247
1#
#6597275247
0#
#6597375247
1#
#6597475247
0#
#6597575247
1#
#6597675247
0#
#6597775247
1#
#6597875247
0#
#6597975247
1#
#6598075247
0#
#6598175247
1#
#6598275247
0#
#6598375247
1#
#6598475247
0#
#6598575247
1#
#6598675247
0#
#6598775247
1#
#6598875247
0#
#6598975247
1#
#6599075247
0#
#6599175247
1#
#6599275247
0#
#6599375247
1#
#6599475247
0#
#6599575247
1#
#6599675247
0#
#6599775247
1#
#6599875247
0#
#6599975247
1#
#6600075247
0#
#6600175247
1#
#6600275247
0#
#6600375247
1#
#6600475247
0#
#6600575247
1#
#6600675247
0#
#6600775247
1#
#6600875247
0#
#6600975247
1#
#6601075247
0#
#6601175247
1#
#6601275247
0#
#6601375247
1#
#6601475247
0#
#6601575247
1#
#6601675247
0#
#6601775247
1#
#6601875247
0#
#6601975247
1#
#6602075247
0#
#6602175247
1#
#6602275247
0#
#6602375247
1#
#6602475247
0#
#6602575247
1#
#6602675247
0#
#6602775247
1#
#6602875247
0#
#6602975247
1#
#6603075247
0#
#6603175247
1#
#6603275247
0#
#6603375247
1#
#6603475247
0#
#6603575247
1#
#6603675247
0#
#6603775247
1#
#6603875247
0#
#6603975247
1#
#6604075247
0#
#6604175247
1#
#6604275247
0#
#6604375247
1#
#6604475247
0#
#6604575247
1#
#6604675247
0#
#6604775247
1#
#6604875247
0#
#6604975247
1#
#6605075247
0#
#6605175247
1#
#6605275247
0#
#6605375247
1#
#6605475247
0#
#6605575247
1#
#6605675247
0#
#6605775247
1#
#6605875247
0#
#6605975247
1#
#6606075247
0#
#6606175247
1#
#6606275247
0#
#6606375247
1#
#6606475247
0#
#6606575247
1#
#6606675247
0#
#6606775247
1#
#6606875247
0#
#6606975247
1#
#6607075247
0#
#6607175247
1#
#6607275247
0#
#6607375247
1#
#6607475247
0#
#6607575247
1#
#6607675247
0#
#6607775247
1#
#6607875247
0#
#6607975247
1#
#6608075247
0#
#6608175247
1#
#6608275247
0#
#6608375247
1#
#6608475247
0#
#6608575247
1#
#6608675247
0#
#6608775247
1#
#6608875247
0#
#6608975247
1#
#6609075247
0#
#6609175247
1#
#6609275247
0#
#6609375247
1#
#6609475247
0#
#6609575247
1#
#6609675247
0#
#6609775247
1#
#6609875247
0#
#6609975247
1#
#6610075247
0#
#6610175247
1#
#6610275247
0#
#6610375247
1#
#6610475247
0#
#6610575247
1#
#6610675247
0#
#6610775247
1#
#6610875247
0#
#6610975247
1#
#6611075247
0#
#6611175247
1#
#6611275247
0#
#6611375247
1#
#6611475247
0#
#6611575247
1#
#6611675247
0#
#6611775247
1#
#6611875247
0#
#6611975247
1#
#6612075247
0#
#6612175247
1#
#6612275247
0#
#6612375247
1#
#6612475247
0#
#6612575247
1#
#6612675247
0#
#6612775247
1#
#6612875247
0#
#6612975247
1#
#6613075247
0#
#6613175247
1#
#6613275247
0#
#6613375247
1#
#6613475247
0#
#6613575247
1#
#6613675247
0#
#6613775247
1#
#6613875247
0#
#6613975247
1#
#6614075247
0#
#6614175247
1#
#6614275247
0#
#6614375247
1#
#6614475247
0#
#6614575247
1#
#6614675247
0#
#6614775247
1#
#6614875247
0#
#6614975247
1#
#6615075247
0#
#6615175247
1#
#6615275247
0#
#6615375247
1#
#6615475247
0#
#6615575247
1#
#6615675247
0#
#6615775247
1#
#6615875247
0#
#6615975247
1#
#6616075247
0#
#6616175247
1#
#6616275247
0#
#6616375247
1#
#6616475247
0#
#6616575247
1#
#6616675247
0#
#6616775247
1#
#6616875247
0#
#6616975247
1#
#6617075247
0#
#6617175247
1#
#6617275247
0#
#6617375247
1#
#6617475247
0#
#6617575247
1#
#6617675247
0#
#6617775247
1#
#6617875247
0#
#6617975247
1#
#6618075247
0#
#6618175247
1#
#6618275247
0#
#6618375247
1#
#6618475247
0#
#6618575247
1#
#6618675247
0#
#6618775247
1#
#6618875247
0#
#6618975247
1#
#6619075247
0#
#6619175247
1#
#6619275247
0#
#6619375247
1#
#6619475247
0#
#6619575247
1#
#6619675247
0#
#6619775247
1#
#6619875247
0#
#6619975247
1#
#6620075247
0#
#6620175247
1#
#6620275247
0#
#6620375247
1#
#6620475247
0#
#6620575247
1#
#6620675247
0#
#6620775247
1#
#6620875247
0#
#6620975247
1#
#6621075247
0#
#6621175247
1#
#6621275247
0#
#6621375247
1#
#6621475247
0#
#6621575247
1#
#6621675247
0#
#6621775247
1#
#6621875247
0#
#6621975247
1#
#6622075247
0#
#6622175247
1#
#6622275247
0#
#6622375247
1#
#6622475247
0#
#6622575247
1#
#6622675247
0#
#6622775247
1#
#6622875247
0#
#6622975247
1#
#6623075247
0#
#6623175247
1#
#6623275247
0#
#6623375247
1#
#6623475247
0#
#6623575247
1#
#6623675247
0#
#6623775247
1#
#6623875247
0#
#6623975247
1#
#6624075247
0#
#6624175247
1#
#6624275247
0#
#6624375247
1#
#6624475247
0#
#6624575247
1#
#6624675247
0#
#6624775247
1#
#6624875247
0#
#6624975247
1#
#6625075247
0#
#6625175247
1#
#6625275247
0#
#6625375247
1#
#6625475247
0#
#6625575247
1#
#6625675247
0#
#6625775247
1#
#6625875247
0#
#6625975247
1#
#6626075247
0#
#6626175247
1#
#6626275247
0#
#6626375247
1#
#6626475247
0#
#6626575247
1#
#6626675247
0#
#6626775247
1#
#6626875247
0#
#6626975247
1#
#6627075247
0#
#6627175247
1#
#6627275247
0#
#6627375247
1#
#6627475247
0#
#6627575247
1#
#6627675247
0#
#6627775247
1#
#6627875247
0#
#6627975247
1#
#6628075247
0#
#6628175247
1#
#6628275247
0#
#6628375247
1#
#6628475247
0#
#6628575247
1#
#6628675247
0#
#6628775247
1#
#6628875247
0#
#6628975247
1#
#6629075247
0#
#6629175247
1#
#6629275247
0#
#6629375247
1#
#6629475247
0#
#6629575247
1#
#6629675247
0#
#6629775247
1#
#6629875247
0#
#6629975247
1#
#6630075247
0#
#6630175247
1#
#6630275247
0#
#6630375247
1#
#6630475247
0#
#6630575247
1#
#6630675247
0#
#6630775247
1#
#6630875247
0#
#6630975247
1#
#6631075247
0#
#6631175247
1#
#6631275247
0#
#6631375247
1#
#6631475247
0#
#6631575247
1#
#6631675247
0#
#6631775247
1#
#6631875247
0#
#6631975247
1#
#6632075247
0#
#6632175247
1#
#6632275247
0#
#6632375247
1#
#6632475247
0#
#6632575247
1#
#6632675247
0#
#6632775247
1#
#6632875247
0#
#6632975247
1#
#6633075247
0#
#6633175247
1#
#6633275247
0#
#6633375247
1#
#6633475247
0#
#6633575247
1#
#6633675247
0#
#6633775247
1#
#6633875247
0#
#6633975247
1#
#6634075247
0#
#6634175247
1#
#6634275247
0#
#6634375247
1#
#6634475247
0#
#6634575247
1#
#6634675247
0#
#6634775247
1#
#6634875247
0#
#6634975247
1#
#6635075247
0#
#6635175247
1#
#6635275247
0#
#6635375247
1#
#6635475247
0#
#6635575247
1#
#6635675247
0#
#6635775247
1#
#6635875247
0#
#6635975247
1#
#6636075247
0#
#6636175247
1#
#6636275247
0#
#6636375247
1#
#6636475247
0#
#6636575247
1#
#6636675247
0#
#6636775247
1#
#6636875247
0#
#6636975247
1#
#6637075247
0#
#6637175247
1#
#6637275247
0#
#6637375247
1#
#6637475247
0#
#6637575247
1#
#6637675247
0#
#6637775247
1#
#6637875247
0#
#6637975247
1#
#6638075247
0#
#6638175247
1#
#6638275247
0#
#6638375247
1#
#6638475247
0#
#6638575247
1#
#6638675247
0#
#6638775247
1#
#6638875247
0#
#6638975247
1#
#6639075247
0#
#6639175247
1#
#6639275247
0#
#6639375247
1#
#6639475247
0#
#6639575247
1#
#6639675247
0#
#6639775247
1#
#6639875247
0#
#6639975247
1#
#6640075247
0#
#6640175247
1#
#6640275247
0#
#6640375247
1#
#6640475247
0#
#6640575247
1#
#6640675247
0#
#6640775247
1#
#6640875247
0#
#6640975247
1#
#6641075247
0#
#6641175247
1#
#6641275247
0#
#6641375247
1#
#6641475247
0#
#6641575247
1#
#6641675247
0#
#6641775247
1#
#6641875247
0#
#6641975247
1#
#6642075247
0#
#6642175247
1#
#6642275247
0#
#6642375247
1#
#6642475247
0#
#6642575247
1#
#6642675247
0#
#6642775247
1#
#6642875247
0#
#6642975247
1#
#6643075247
0#
#6643175247
1#
#6643275247
0#
#6643375247
1#
#6643475247
0#
#6643575247
1#
#6643675247
0#
#6643775247
1#
#6643875247
0#
#6643975247
1#
#6644075247
0#
#6644175247
1#
#6644275247
0#
#6644375247
1#
#6644475247
0#
#6644575247
1#
#6644675247
0#
#6644775247
1#
#6644875247
0#
#6644975247
1#
#6645075247
0#
#6645175247
1#
#6645275247
0#
#6645375247
1#
#6645475247
0#
#6645575247
1#
#6645675247
0#
#6645775247
1#
#6645875247
0#
#6645975247
1#
#6646075247
0#
#6646175247
1#
#6646275247
0#
#6646375247
1#
#6646475247
0#
#6646575247
1#
#6646675247
0#
#6646775247
1#
#6646875247
0#
#6646975247
1#
#6647075247
0#
#6647175247
1#
#6647275247
0#
#6647375247
1#
#6647475247
0#
#6647575247
1#
#6647675247
0#
#6647775247
1#
#6647875247
0#
#6647975247
1#
#6648075247
0#
#6648175247
1#
#6648275247
0#
#6648375247
1#
#6648475247
0#
#6648575247
1#
#6648675247
0#
#6648775247
1#
#6648875247
0#
#6648975247
1#
#6649075247
0#
#6649175247
1#
#6649275247
0#
#6649375247
1#
#6649475247
0#
#6649575247
1#
#6649675247
0#
#6649775247
1#
#6649875247
0#
#6649975247
1#
#6650075247
0#
#6650175247
1#
#6650275247
0#
#6650375247
1#
#6650475247
0#
#6650575247
1#
#6650675247
0#
#6650775247
1#
#6650875247
0#
#6650975247
1#
#6651075247
0#
#6651175247
1#
#6651275247
0#
#6651375247
1#
#6651475247
0#
#6651575247
1#
#6651675247
0#
#6651775247
1#
#6651875247
0#
#6651975247
1#
#6652075247
0#
#6652175247
1#
#6652275247
0#
#6652375247
1#
#6652475247
0#
#6652575247
1#
#6652675247
0#
#6652775247
1#
#6652875247
0#
#6652975247
1#
#6653075247
0#
#6653175247
1#
#6653275247
0#
#6653375247
1#
#6653475247
0#
#6653575247
1#
#6653675247
0#
#6653775247
1#
#6653875247
0#
#6653975247
1#
#6654075247
0#
#6654175247
1#
#6654275247
0#
#6654375247
1#
#6654475247
0#
#6654575247
1#
#6654675247
0#
#6654775247
1#
#6654875247
0#
#6654975247
1#
#6655075247
0#
#6655175247
1#
#6655275247
0#
#6655375247
1#
#6655475247
0#
#6655575247
1#
#6655675247
0#
#6655775247
1#
#6655875247
0#
#6655975247
1#
#6656075247
0#
#6656175247
1#
#6656275247
0#
#6656375247
1#
#6656475247
0#
#6656575247
1#
#6656675247
0#
#6656775247
1#
#6656875247
0#
#6656975247
1#
#6657075247
0#
#6657175247
1#
#6657275247
0#
#6657375247
1#
#6657475247
0#
#6657575247
1#
#6657675247
0#
#6657775247
1#
#6657875247
0#
#6657975247
1#
#6658075247
0#
#6658175247
1#
#6658275247
0#
#6658375247
1#
#6658475247
0#
#6658575247
1#
#6658675247
0#
#6658775247
1#
#6658875247
0#
#6658975247
1#
#6659075247
0#
#6659175247
1#
#6659275247
0#
#6659375247
1#
#6659475247
0#
#6659575247
1#
#6659675247
0#
#6659775247
1#
#6659875247
0#
#6659975247
1#
#6660075247
0#
#6660175247
1#
#6660275247
0#
#6660375247
1#
#6660475247
0#
#6660575247
1#
#6660675247
0#
#6660775247
1#
#6660875247
0#
#6660975247
1#
#6661075247
0#
#6661175247
1#
#6661275247
0#
#6661375247
1#
#6661475247
0#
#6661575247
1#
#6661675247
0#
#6661775247
1#
#6661875247
0#
#6661975247
1#
#6662075247
0#
#6662175247
1#
#6662275247
0#
#6662375247
1#
#6662475247
0#
#6662575247
1#
#6662675247
0#
#6662775247
1#
#6662875247
0#
#6662975247
1#
#6663075247
0#
#6663175247
1#
#6663275247
0#
#6663375247
1#
#6663475247
0#
#6663575247
1#
#6663675247
0#
#6663775247
1#
#6663875247
0#
#6663975247
1#
#6664075247
0#
#6664175247
1#
#6664275247
0#
#6664375247
1#
#6664475247
0#
#6664575247
1#
#6664675247
0#
#6664775247
1#
#6664875247
0#
#6664975247
1#
#6665075247
0#
#6665175247
1#
#6665275247
0#
#6665375247
1#
#6665475247
0#
#6665575247
1#
#6665675247
0#
#6665775247
1#
#6665875247
0#
#6665975247
1#
#6666075247
0#
#6666175247
1#
#6666275247
0#
#6666375247
1#
#6666475247
0#
#6666575247
1#
#6666675247
0#
#6666775247
1#
#6666875247
0#
#6666975247
1#
#6667075247
0#
#6667175247
1#
#6667275247
0#
#6667375247
1#
#6667475247
0#
#6667575247
1#
#6667675247
0#
#6667775247
1#
#6667875247
0#
#6667975247
1#
#6668075247
0#
#6668175247
1#
#6668275247
0#
#6668375247
1#
#6668475247
0#
#6668575247
1#
#6668675247
0#
#6668775247
1#
#6668875247
0#
#6668975247
1#
#6669075247
0#
#6669175247
1#
#6669275247
0#
#6669375247
1#
#6669475247
0#
#6669575247
1#
#6669675247
0#
#6669775247
1#
#6669875247
0#
#6669975247
1#
#6670075247
0#
#6670175247
1#
#6670275247
0#
#6670375247
1#
#6670475247
0#
#6670575247
1#
#6670675247
0#
#6670775247
1#
#6670875247
0#
#6670975247
1#
#6671075247
0#
#6671175247
1#
#6671275247
0#
#6671375247
1#
#6671475247
0#
#6671575247
1#
#6671675247
0#
#6671775247
1#
#6671875247
0#
#6671975247
1#
#6672075247
0#
#6672175247
1#
#6672275247
0#
#6672375247
1#
#6672475247
0#
#6672575247
1#
#6672675247
0#
#6672775247
1#
#6672875247
0#
#6672975247
1#
#6673075247
0#
#6673175247
1#
#6673275247
0#
#6673375247
1#
#6673475247
0#
#6673575247
1#
#6673675247
0#
#6673775247
1#
#6673875247
0#
#6673975247
1#
#6674075247
0#
#6674175247
1#
#6674275247
0#
#6674375247
1#
#6674475247
0#
#6674575247
1#
#6674675247
0#
#6674775247
1#
#6674875247
0#
#6674975247
1#
#6675075247
0#
#6675175247
1#
#6675275247
0#
#6675375247
1#
#6675475247
0#
#6675575247
1#
#6675675247
0#
#6675775247
1#
#6675875247
0#
#6675975247
1#
#6676075247
0#
#6676175247
1#
#6676275247
0#
#6676375247
1#
#6676475247
0#
#6676575247
1#
#6676675247
0#
#6676775247
1#
#6676875247
0#
#6676975247
1#
#6677075247
0#
#6677175247
1#
#6677275247
0#
#6677375247
1#
#6677475247
0#
#6677575247
1#
#6677675247
0#
#6677775247
1#
#6677875247
0#
#6677975247
1#
#6678075247
0#
#6678175247
1#
#6678275247
0#
#6678375247
1#
#6678475247
0#
#6678575247
1#
#6678675247
0#
#6678775247
1#
#6678875247
0#
#6678975247
1#
#6679075247
0#
#6679175247
1#
#6679275247
0#
#6679375247
1#
#6679475247
0#
#6679575247
1#
#6679675247
0#
#6679775247
1#
#6679875247
0#
#6679975247
1#
#6680075247
0#
#6680175247
1#
#6680275247
0#
#6680375247
1#
#6680475247
0#
#6680575247
1#
#6680675247
0#
#6680775247
1#
#6680875247
0#
#6680975247
1#
#6681075247
0#
#6681175247
1#
#6681275247
0#
#6681375247
1#
#6681475247
0#
#6681575247
1#
#6681675247
0#
#6681775247
1#
#6681875247
0#
#6681975247
1#
#6682075247
0#
#6682175247
1#
#6682275247
0#
#6682375247
1#
#6682475247
0#
#6682575247
1#
#6682675247
0#
#6682775247
1#
#6682875247
0#
#6682975247
1#
#6683075247
0#
#6683175247
1#
#6683275247
0#
#6683375247
1#
#6683475247
0#
#6683575247
1#
#6683675247
0#
#6683775247
1#
#6683875247
0#
#6683975247
1#
#6684075247
0#
#6684175247
1#
#6684275247
0#
#6684375247
1#
#6684475247
0#
#6684575247
1#
#6684675247
0#
#6684775247
1#
#6684875247
0#
#6684975247
1#
#6685075247
0#
#6685175247
1#
#6685275247
0#
#6685375247
1#
#6685475247
0#
#6685575247
1#
#6685675247
0#
#6685775247
1#
#6685875247
0#
#6685975247
1#
#6686075247
0#
#6686175247
1#
#6686275247
0#
#6686375247
1#
#6686475247
0#
#6686575247
1#
#6686675247
0#
#6686775247
1#
#6686875247
0#
#6686975247
1#
#6687075247
0#
#6687175247
1#
#6687275247
0#
#6687375247
1#
#6687475247
0#
#6687575247
1#
#6687675247
0#
#6687775247
1#
#6687875247
0#
#6687975247
1#
#6688075247
0#
#6688175247
1#
#6688275247
0#
#6688375247
1#
#6688475247
0#
#6688575247
1#
#6688675247
0#
#6688775247
1#
#6688875247
0#
#6688975247
1#
#6689075247
0#
#6689175247
1#
#6689275247
0#
#6689375247
1#
#6689475247
0#
#6689575247
1#
#6689675247
0#
#6689775247
1#
#6689875247
0#
#6689975247
1#
#6690075247
0#
#6690175247
1#
#6690275247
0#
#6690375247
1#
#6690475247
0#
#6690575247
1#
#6690675247
0#
#6690775247
1#
#6690875247
0#
#6690975247
1#
#6691075247
0#
#6691175247
1#
#6691275247
0#
#6691375247
1#
#6691475247
0#
#6691575247
1#
#6691675247
0#
#6691775247
1#
#6691875247
0#
#6691975247
1#
#6692075247
0#
#6692175247
1#
#6692275247
0#
#6692375247
1#
#6692475247
0#
#6692575247
1#
#6692675247
0#
#6692775247
1#
#6692875247
0#
#6692975247
1#
#6693075247
0#
#6693175247
1#
#6693275247
0#
#6693375247
1#
#6693475247
0#
#6693575247
1#
#6693675247
0#
#6693775247
1#
#6693875247
0#
#6693975247
1#
#6694075247
0#
#6694175247
1#
#6694275247
0#
#6694375247
1#
#6694475247
0#
#6694575247
1#
#6694675247
0#
#6694775247
1#
#6694875247
0#
#6694975247
1#
#6695075247
0#
#6695175247
1#
#6695275247
0#
#6695375247
1#
#6695475247
0#
#6695575247
1#
#6695675247
0#
#6695775247
1#
#6695875247
0#
#6695975247
1#
#6696075247
0#
#6696175247
1#
#6696275247
0#
#6696375247
1#
#6696475247
0#
#6696575247
1#
#6696675247
0#
#6696775247
1#
#6696875247
0#
#6696975247
1#
#6697075247
0#
#6697175247
1#
#6697275247
0#
#6697375247
1#
#6697475247
0#
#6697575247
1#
#6697675247
0#
#6697775247
1#
#6697875247
0#
#6697975247
1#
#6698075247
0#
#6698175247
1#
#6698275247
0#
#6698375247
1#
#6698475247
0#
#6698575247
1#
#6698675247
0#
#6698775247
1#
#6698875247
0#
#6698975247
1#
#6699075247
0#
#6699175247
1#
#6699275247
0#
#6699375247
1#
#6699475247
0#
#6699575247
1#
#6699675247
0#
#6699775247
1#
#6699875247
0#
#6699975247
1#
#6700075247
0#
#6700175247
1#
#6700275247
0#
#6700375247
1#
#6700475247
0#
#6700575247
1#
#6700675247
0#
#6700775247
1#
#6700875247
0#
#6700975247
1#
#6701075247
0#
#6701175247
1#
#6701275247
0#
#6701375247
1#
#6701475247
0#
#6701575247
1#
#6701675247
0#
#6701775247
1#
#6701875247
0#
#6701975247
1#
#6702075247
0#
#6702175247
1#
#6702275247
0#
#6702375247
1#
#6702475247
0#
#6702575247
1#
#6702675247
0#
#6702775247
1#
#6702875247
0#
#6702975247
1#
#6703075247
0#
#6703175247
1#
#6703275247
0#
#6703375247
1#
#6703475247
0#
#6703575247
1#
#6703675247
0#
#6703775247
1#
#6703875247
0#
#6703975247
1#
#6704075247
0#
#6704175247
1#
#6704275247
0#
#6704375247
1#
#6704475247
0#
#6704575247
1#
#6704675247
0#
#6704775247
1#
#6704875247
0#
#6704975247
1#
#6705075247
0#
#6705175247
1#
#6705275247
0#
#6705375247
1#
#6705475247
0#
#6705575247
1#
#6705675247
0#
#6705775247
1#
#6705875247
0#
#6705975247
1#
#6706075247
0#
#6706175247
1#
#6706275247
0#
#6706375247
1#
#6706475247
0#
#6706575247
1#
#6706675247
0#
#6706775247
1#
#6706875247
0#
#6706975247
1#
#6707075247
0#
#6707175247
1#
#6707275247
0#
#6707375247
1#
#6707475247
0#
#6707575247
1#
#6707675247
0#
#6707775247
1#
#6707875247
0#
#6707975247
1#
#6708075247
0#
#6708175247
1#
#6708275247
0#
#6708375247
1#
#6708475247
0#
#6708575247
1#
#6708675247
0#
#6708775247
1#
#6708875247
0#
#6708975247
1#
#6709075247
0#
#6709175247
1#
#6709275247
0#
#6709375247
1#
#6709475247
0#
#6709575247
1#
#6709675247
0#
#6709775247
1#
#6709875247
0#
#6709975247
1#
#6710075247
0#
#6710175247
1#
#6710275247
0#
#6710375247
1#
#6710475247
0#
#6710575247
1#
#6710675247
0#
#6710775247
1#
#6710875247
0#
#6710975247
1#
#6711075247
0#
#6711175247
1#
#6711275247
0#
#6711375247
1#
#6711475247
0#
#6711575247
1#
#6711675247
0#
#6711775247
1#
#6711875247
0#
#6711975247
1#
#6712075247
0#
#6712175247
1#
#6712275247
0#
#6712375247
1#
#6712475247
0#
#6712575247
1#
#6712675247
0#
#6712775247
1#
#6712875247
0#
#6712975247
1#
#6713075247
0#
#6713175247
1#
#6713275247
0#
#6713375247
1#
#6713475247
0#
#6713575247
1#
#6713675247
0#
#6713775247
1#
#6713875247
0#
#6713975247
1#
#6714075247
0#
#6714175247
1#
#6714275247
0#
#6714375247
1#
#6714475247
0#
#6714575247
1#
#6714675247
0#
#6714775247
1#
#6714875247
0#
#6714975247
1#
#6715075247
0#
#6715175247
1#
#6715275247
0#
#6715375247
1#
#6715475247
0#
#6715575247
1#
#6715675247
0#
#6715775247
1#
#6715875247
0#
#6715975247
1#
#6716075247
0#
#6716175247
1#
#6716275247
0#
#6716375247
1#
#6716475247
0#
#6716575247
1#
#6716675247
0#
#6716775247
1#
#6716875247
0#
#6716975247
1#
#6717075247
0#
#6717175247
1#
#6717275247
0#
#6717375247
1#
#6717475247
0#
#6717575247
1#
#6717675247
0#
#6717775247
1#
#6717875247
0#
#6717975247
1#
#6718075247
0#
#6718175247
1#
#6718275247
0#
#6718375247
1#
#6718475247
0#
#6718575247
1#
#6718675247
0#
#6718775247
1#
#6718875247
0#
#6718975247
1#
#6719075247
0#
#6719175247
1#
#6719275247
0#
#6719375247
1#
#6719475247
0#
#6719575247
1#
#6719675247
0#
#6719775247
1#
#6719875247
0#
#6719975247
1#
#6720075247
0#
#6720175247
1#
#6720275247
0#
#6720375247
1#
#6720475247
0#
#6720575247
1#
#6720675247
0#
#6720775247
1#
#6720875247
0#
#6720975247
1#
#6721075247
0#
#6721175247
1#
#6721275247
0#
#6721375247
1#
#6721475247
0#
#6721575247
1#
#6721675247
0#
#6721775247
1#
#6721875247
0#
#6721975247
1#
#6722075247
0#
#6722175247
1#
#6722275247
0#
#6722375247
1#
#6722475247
0#
#6722575247
1#
#6722675247
0#
#6722775247
1#
#6722875247
0#
#6722975247
1#
#6723075247
0#
#6723175247
1#
#6723275247
0#
#6723375247
1#
#6723475247
0#
#6723575247
1#
#6723675247
0#
#6723775247
1#
#6723875247
0#
#6723975247
1#
#6724075247
0#
#6724175247
1#
#6724275247
0#
#6724375247
1#
#6724475247
0#
#6724575247
1#
#6724675247
0#
#6724775247
1#
#6724875247
0#
#6724975247
1#
#6725075247
0#
#6725175247
1#
#6725275247
0#
#6725375247
1#
#6725475247
0#
#6725575247
1#
#6725675247
0#
#6725775247
1#
#6725875247
0#
#6725975247
1#
#6726075247
0#
#6726175247
1#
#6726275247
0#
#6726375247
1#
#6726475247
0#
#6726575247
1#
#6726675247
0#
#6726775247
1#
#6726875247
0#
#6726975247
1#
#6727075247
0#
#6727175247
1#
#6727275247
0#
#6727375247
1#
#6727475247
0#
#6727575247
1#
#6727675247
0#
#6727775247
1#
#6727875247
0#
#6727975247
1#
#6728075247
0#
#6728175247
1#
#6728275247
0#
#6728375247
1#
#6728475247
0#
#6728575247
1#
#6728675247
0#
#6728775247
1#
#6728875247
0#
#6728975247
1#
#6729075247
0#
#6729175247
1#
#6729275247
0#
#6729375247
1#
#6729475247
0#
#6729575247
1#
#6729675247
0#
#6729775247
1#
#6729875247
0#
#6729975247
1#
#6730075247
0#
#6730175247
1#
#6730275247
0#
#6730375247
1#
#6730475247
0#
#6730575247
1#
#6730675247
0#
#6730775247
1#
#6730875247
0#
#6730975247
1#
#6731075247
0#
#6731175247
1#
#6731275247
0#
#6731375247
1#
#6731475247
0#
#6731575247
1#
#6731675247
0#
#6731775247
1#
#6731875247
0#
#6731975247
1#
#6732075247
0#
#6732175247
1#
#6732275247
0#
#6732375247
1#
#6732475247
0#
#6732575247
1#
#6732675247
0#
#6732775247
1#
#6732875247
0#
#6732975247
1#
#6733075247
0#
#6733175247
1#
#6733275247
0#
#6733375247
1#
#6733475247
0#
#6733575247
1#
#6733675247
0#
#6733775247
1#
#6733875247
0#
#6733975247
1#
#6734075247
0#
#6734175247
1#
#6734275247
0#
#6734375247
1#
#6734475247
0#
#6734575247
1#
#6734675247
0#
#6734775247
1#
#6734875247
0#
#6734975247
1#
#6735075247
0#
#6735175247
1#
#6735275247
0#
#6735375247
1#
#6735475247
0#
#6735575247
1#
#6735675247
0#
#6735775247
1#
#6735875247
0#
#6735975247
1#
#6736075247
0#
#6736175247
1#
#6736275247
0#
#6736375247
1#
#6736475247
0#
#6736575247
1#
#6736675247
0#
#6736775247
1#
#6736875247
0#
#6736975247
1#
#6737075247
0#
#6737175247
1#
#6737275247
0#
#6737375247
1#
#6737475247
0#
#6737575247
1#
#6737675247
0#
#6737775247
1#
#6737875247
0#
#6737975247
1#
#6738075247
0#
#6738175247
1#
#6738275247
0#
#6738375247
1#
#6738475247
0#
#6738575247
1#
#6738675247
0#
#6738775247
1#
#6738875247
0#
#6738975247
1#
#6739075247
0#
#6739175247
1#
#6739275247
0#
#6739375247
1#
#6739475247
0#
#6739575247
1#
#6739675247
0#
#6739775247
1#
#6739875247
0#
#6739975247
1#
#6740075247
0#
#6740175247
1#
#6740275247
0#
#6740375247
1#
#6740475247
0#
#6740575247
1#
#6740675247
0#
#6740775247
1#
#6740875247
0#
#6740975247
1#
#6741075247
0#
#6741175247
1#
#6741275247
0#
#6741375247
1#
#6741475247
0#
#6741575247
1#
#6741675247
0#
#6741775247
1#
#6741875247
0#
#6741975247
1#
#6742075247
0#
#6742175247
1#
#6742275247
0#
#6742375247
1#
#6742475247
0#
#6742575247
1#
#6742675247
0#
#6742775247
1#
#6742875247
0#
#6742975247
1#
#6743075247
0#
#6743175247
1#
#6743275247
0#
#6743375247
1#
#6743475247
0#
#6743575247
1#
#6743675247
0#
#6743775247
1#
#6743875247
0#
#6743975247
1#
#6744075247
0#
#6744175247
1#
#6744275247
0#
#6744375247
1#
#6744475247
0#
#6744575247
1#
#6744675247
0#
#6744775247
1#
#6744875247
0#
#6744975247
1#
#6745075247
0#
#6745175247
1#
#6745275247
0#
#6745375247
1#
#6745475247
0#
#6745575247
1#
#6745675247
0#
#6745775247
1#
#6745875247
0#
#6745975247
1#
#6746075247
0#
#6746175247
1#
#6746275247
0#
#6746375247
1#
#6746475247
0#
#6746575247
1#
#6746675247
0#
#6746775247
1#
#6746875247
0#
#6746975247
1#
#6747075247
0#
#6747175247
1#
#6747275247
0#
#6747375247
1#
#6747475247
0#
#6747575247
1#
#6747675247
0#
#6747775247
1#
#6747875247
0#
#6747975247
1#
#6748075247
0#
#6748175247
1#
#6748275247
0#
#6748375247
1#
#6748475247
0#
#6748575247
1#
#6748675247
0#
#6748775247
1#
#6748875247
0#
#6748975247
1#
#6749075247
0#
#6749175247
1#
#6749275247
0#
#6749375247
1#
#6749475247
0#
#6749575247
1#
#6749675247
0#
#6749775247
1#
#6749875247
0#
#6749975247
1#
#6750075247
0#
#6750175247
1#
#6750275247
0#
#6750375247
1#
#6750475247
0#
#6750575247
1#
#6750675247
0#
#6750775247
1#
#6750875247
0#
#6750975247
1#
#6751075247
0#
#6751175247
1#
#6751275247
0#
#6751375247
1#
#6751475247
0#
#6751575247
1#
#6751675247
0#
#6751775247
1#
#6751875247
0#
#6751975247
1#
#6752075247
0#
#6752175247
1#
#6752275247
0#
#6752375247
1#
#6752475247
0#
#6752575247
1#
#6752675247
0#
#6752775247
1#
#6752875247
0#
#6752975247
1#
#6753075247
0#
#6753175247
1#
#6753275247
0#
#6753375247
1#
#6753475247
0#
#6753575247
1#
#6753675247
0#
#6753775247
1#
#6753875247
0#
#6753975247
1#
#6754075247
0#
#6754175247
1#
#6754275247
0#
#6754375247
1#
#6754475247
0#
#6754575247
1#
#6754675247
0#
#6754775247
1#
#6754875247
0#
#6754975247
1#
#6755075247
0#
#6755175247
1#
#6755275247
0#
#6755375247
1#
#6755475247
0#
#6755575247
1#
#6755675247
0#
#6755775247
1#
#6755875247
0#
#6755975247
1#
#6756075247
0#
#6756175247
1#
#6756275247
0#
#6756375247
1#
#6756475247
0#
#6756575247
1#
#6756675247
0#
#6756775247
1#
#6756875247
0#
#6756975247
1#
#6757075247
0#
#6757175247
1#
#6757275247
0#
#6757375247
1#
#6757475247
0#
#6757575247
1#
#6757675247
0#
#6757775247
1#
#6757875247
0#
#6757975247
1#
#6758075247
0#
#6758175247
1#
#6758275247
0#
#6758375247
1#
#6758475247
0#
#6758575247
1#
#6758675247
0#
#6758775247
1#
#6758875247
0#
#6758975247
1#
#6759075247
0#
#6759175247
1#
#6759275247
0#
#6759375247
1#
#6759475247
0#
#6759575247
1#
#6759675247
0#
#6759775247
1#
#6759875247
0#
#6759975247
1#
#6760075247
0#
#6760175247
1#
#6760275247
0#
#6760375247
1#
#6760475247
0#
#6760575247
1#
#6760675247
0#
#6760775247
1#
#6760875247
0#
#6760975247
1#
#6761075247
0#
#6761175247
1#
#6761275247
0#
#6761375247
1#
#6761475247
0#
#6761575247
1#
#6761675247
0#
#6761775247
1#
#6761875247
0#
#6761975247
1#
#6762075247
0#
#6762175247
1#
#6762275247
0#
#6762375247
1#
#6762475247
0#
#6762575247
1#
#6762675247
0#
#6762775247
1#
#6762875247
0#
#6762975247
1#
#6763075247
0#
#6763175247
1#
#6763275247
0#
#6763375247
1#
#6763475247
0#
#6763575247
1#
#6763675247
0#
#6763775247
1#
#6763875247
0#
#6763975247
1#
#6764075247
0#
#6764175247
1#
#6764275247
0#
#6764375247
1#
#6764475247
0#
#6764575247
1#
#6764675247
0#
#6764775247
1#
#6764875247
0#
#6764975247
1#
#6765075247
0#
#6765175247
1#
#6765275247
0#
#6765375247
1#
#6765475247
0#
#6765575247
1#
#6765675247
0#
#6765775247
1#
#6765875247
0#
#6765975247
1#
#6766075247
0#
#6766175247
1#
#6766275247
0#
#6766375247
1#
#6766475247
0#
#6766575247
1#
#6766675247
0#
#6766775247
1#
#6766875247
0#
#6766975247
1#
#6767075247
0#
#6767175247
1#
#6767275247
0#
#6767375247
1#
#6767475247
0#
#6767575247
1#
#6767675247
0#
#6767775247
1#
#6767875247
0#
#6767975247
1#
#6768075247
0#
#6768175247
1#
#6768275247
0#
#6768375247
1#
#6768475247
0#
#6768575247
1#
#6768675247
0#
#6768775247
1#
#6768875247
0#
#6768975247
1#
#6769075247
0#
#6769175247
1#
#6769275247
0#
#6769375247
1#
#6769475247
0#
#6769575247
1#
#6769675247
0#
#6769775247
1#
#6769875247
0#
#6769975247
1#
#6770075247
0#
#6770175247
1#
#6770275247
0#
#6770375247
1#
#6770475247
0#
#6770575247
1#
#6770675247
0#
#6770775247
1#
#6770875247
0#
#6770975247
1#
#6771075247
0#
#6771175247
1#
#6771275247
0#
#6771375247
1#
#6771475247
0#
#6771575247
1#
#6771675247
0#
#6771775247
1#
#6771875247
0#
#6771975247
1#
#6772075247
0#
#6772175247
1#
#6772275247
0#
#6772375247
1#
#6772475247
0#
#6772575247
1#
#6772675247
0#
#6772775247
1#
#6772875247
0#
#6772975247
1#
#6773075247
0#
#6773175247
1#
#6773275247
0#
#6773375247
1#
#6773475247
0#
#6773575247
1#
#6773675247
0#
#6773775247
1#
#6773875247
0#
#6773975247
1#
#6774075247
0#
#6774175247
1#
#6774275247
0#
#6774375247
1#
#6774475247
0#
#6774575247
1#
#6774675247
0#
#6774775247
1#
#6774875247
0#
#6774975247
1#
#6775075247
0#
#6775175247
1#
#6775275247
0#
#6775375247
1#
#6775475247
0#
#6775575247
1#
#6775675247
0#
#6775775247
1#
#6775875247
0#
#6775975247
1#
#6776075247
0#
#6776175247
1#
#6776275247
0#
#6776375247
1#
#6776475247
0#
#6776575247
1#
#6776675247
0#
#6776775247
1#
#6776875247
0#
#6776975247
1#
#6777075247
0#
#6777175247
1#
#6777275247
0#
#6777375247
1#
#6777475247
0#
#6777575247
1#
#6777675247
0#
#6777775247
1#
#6777875247
0#
#6777975247
1#
#6778075247
0#
#6778175247
1#
#6778275247
0#
#6778375247
1#
#6778475247
0#
#6778575247
1#
#6778675247
0#
#6778775247
1#
#6778875247
0#
#6778975247
1#
#6779075247
0#
#6779175247
1#
#6779275247
0#
#6779375247
1#
#6779475247
0#
#6779575247
1#
#6779675247
0#
#6779775247
1#
#6779875247
0#
#6779975247
1#
#6780075247
0#
#6780175247
1#
#6780275247
0#
#6780375247
1#
#6780475247
0#
#6780575247
1#
#6780675247
0#
#6780775247
1#
#6780875247
0#
#6780975247
1#
#6781075247
0#
#6781175247
1#
#6781275247
0#
#6781375247
1#
#6781475247
0#
#6781575247
1#
#6781675247
0#
#6781775247
1#
#6781875247
0#
#6781975247
1#
#6782075247
0#
#6782175247
1#
#6782275247
0#
#6782375247
1#
#6782475247
0#
#6782575247
1#
#6782675247
0#
#6782775247
1#
#6782875247
0#
#6782975247
1#
#6783075247
0#
#6783175247
1#
#6783275247
0#
#6783375247
1#
#6783475247
0#
#6783575247
1#
#6783675247
0#
#6783775247
1#
#6783875247
0#
#6783975247
1#
#6784075247
0#
#6784175247
1#
#6784275247
0#
#6784375247
1#
#6784475247
0#
#6784575247
1#
#6784675247
0#
#6784775247
1#
#6784875247
0#
#6784975247
1#
#6785075247
0#
#6785175247
1#
#6785275247
0#
#6785375247
1#
#6785475247
0#
#6785575247
1#
#6785675247
0#
#6785775247
1#
#6785875247
0#
#6785975247
1#
#6786075247
0#
#6786175247
1#
#6786275247
0#
#6786375247
1#
#6786475247
0#
#6786575247
1#
#6786675247
0#
#6786775247
1#
#6786875247
0#
#6786975247
1#
#6787075247
0#
#6787175247
1#
#6787275247
0#
#6787375247
1#
#6787475247
0#
#6787575247
1#
#6787675247
0#
#6787775247
1#
#6787875247
0#
#6787975247
1#
#6788075247
0#
#6788175247
1#
#6788275247
0#
#6788375247
1#
#6788475247
0#
#6788575247
1#
#6788675247
0#
#6788775247
1#
#6788875247
0#
#6788975247
1#
#6789075247
0#
#6789175247
1#
#6789275247
0#
#6789375247
1#
#6789475247
0#
#6789575247
1#
#6789675247
0#
#6789775247
1#
#6789875247
0#
#6789975247
1#
#6790075247
0#
#6790175247
1#
#6790275247
0#
#6790375247
1#
#6790475247
0#
#6790575247
1#
#6790675247
0#
#6790775247
1#
#6790875247
0#
#6790975247
1#
#6791075247
0#
#6791175247
1#
#6791275247
0#
#6791375247
1#
#6791475247
0#
#6791575247
1#
#6791675247
0#
#6791775247
1#
#6791875247
0#
#6791975247
1#
#6792075247
0#
#6792175247
1#
#6792275247
0#
#6792375247
1#
#6792475247
0#
#6792575247
1#
#6792675247
0#
#6792775247
1#
#6792875247
0#
#6792975247
1#
#6793075247
0#
#6793175247
1#
#6793275247
0#
#6793375247
1#
#6793475247
0#
#6793575247
1#
#6793675247
0#
#6793775247
1#
#6793875247
0#
#6793975247
1#
#6794075247
0#
#6794175247
1#
#6794275247
0#
#6794375247
1#
#6794475247
0#
#6794575247
1#
#6794675247
0#
#6794775247
1#
#6794875247
0#
#6794975247
1#
#6795075247
0#
#6795175247
1#
#6795275247
0#
#6795375247
1#
#6795475247
0#
#6795575247
1#
#6795675247
0#
#6795775247
1#
#6795875247
0#
#6795975247
1#
#6796075247
0#
#6796175247
1#
#6796275247
0#
#6796375247
1#
#6796475247
0#
#6796575247
1#
#6796675247
0#
#6796775247
1#
#6796875247
0#
#6796975247
1#
#6797075247
0#
#6797175247
1#
#6797275247
0#
#6797375247
1#
#6797475247
0#
#6797575247
1#
#6797675247
0#
#6797775247
1#
#6797875247
0#
#6797975247
1#
#6798075247
0#
#6798175247
1#
#6798275247
0#
#6798375247
1#
#6798475247
0#
#6798575247
1#
#6798675247
0#
#6798775247
1#
#6798875247
0#
#6798975247
1#
#6799075247
0#
#6799175247
1#
#6799275247
0#
#6799375247
1#
#6799475247
0#
#6799575247
1#
#6799675247
0#
#6799775247
1#
#6799875247
0#
#6799975247
1#
#6800075247
0#
#6800175247
1#
#6800275247
0#
#6800375247
1#
#6800475247
0#
#6800575247
1#
#6800675247
0#
#6800775247
1#
#6800875247
0#
#6800975247
1#
#6801075247
0#
#6801175247
1#
#6801275247
0#
#6801375247
1#
#6801475247
0#
#6801575247
1#
#6801675247
0#
#6801775247
1#
#6801875247
0#
#6801975247
1#
#6802075247
0#
#6802175247
1#
#6802275247
0#
#6802375247
1#
#6802475247
0#
#6802575247
1#
#6802675247
0#
#6802775247
1#
#6802875247
0#
#6802975247
1#
#6803075247
0#
#6803175247
1#
#6803275247
0#
#6803375247
1#
#6803475247
0#
#6803575247
1#
#6803675247
0#
#6803775247
1#
#6803875247
0#
#6803975247
1#
#6804075247
0#
#6804175247
1#
#6804275247
0#
#6804375247
1#
#6804475247
0#
#6804575247
1#
#6804675247
0#
#6804775247
1#
#6804875247
0#
#6804975247
1#
#6805075247
0#
#6805175247
1#
#6805275247
0#
#6805375247
1#
#6805475247
0#
#6805575247
1#
#6805675247
0#
#6805775247
1#
#6805875247
0#
#6805975247
1#
#6806075247
0#
#6806175247
1#
#6806275247
0#
#6806375247
1#
#6806475247
0#
#6806575247
1#
#6806675247
0#
#6806775247
1#
#6806875247
0#
#6806975247
1#
#6807075247
0#
#6807175247
1#
#6807275247
0#
#6807375247
1#
#6807475247
0#
#6807575247
1#
#6807675247
0#
#6807775247
1#
#6807875247
0#
#6807975247
1#
#6808075247
0#
#6808175247
1#
#6808275247
0#
#6808375247
1#
#6808475247
0#
#6808575247
1#
#6808675247
0#
#6808775247
1#
#6808875247
0#
#6808975247
1#
#6809075247
0#
#6809175247
1#
#6809275247
0#
#6809375247
1#
#6809475247
0#
#6809575247
1#
#6809675247
0#
#6809775247
1#
#6809875247
0#
#6809975247
1#
#6810075247
0#
#6810175247
1#
#6810275247
0#
#6810375247
1#
#6810475247
0#
#6810575247
1#
#6810675247
0#
#6810775247
1#
#6810875247
0#
#6810975247
1#
#6811075247
0#
#6811175247
1#
#6811275247
0#
#6811375247
1#
#6811475247
0#
#6811575247
1#
#6811675247
0#
#6811775247
1#
#6811875247
0#
#6811975247
1#
#6812075247
0#
#6812175247
1#
#6812275247
0#
#6812375247
1#
#6812475247
0#
#6812575247
1#
#6812675247
0#
#6812775247
1#
#6812875247
0#
#6812975247
1#
#6813075247
0#
#6813175247
1#
#6813275247
0#
#6813375247
1#
#6813475247
0#
#6813575247
1#
#6813675247
0#
#6813775247
1#
#6813875247
0#
#6813975247
1#
#6814075247
0#
#6814175247
1#
#6814275247
0#
#6814375247
1#
#6814475247
0#
#6814575247
1#
#6814675247
0#
#6814775247
1#
#6814875247
0#
#6814975247
1#
#6815075247
0#
#6815175247
1#
#6815275247
0#
#6815375247
1#
#6815475247
0#
#6815575247
1#
#6815675247
0#
#6815775247
1#
#6815875247
0#
#6815975247
1#
#6816075247
0#
#6816175247
1#
#6816275247
0#
#6816375247
1#
#6816475247
0#
#6816575247
1#
#6816675247
0#
#6816775247
1#
#6816875247
0#
#6816975247
1#
#6817075247
0#
#6817175247
1#
#6817275247
0#
#6817375247
1#
#6817475247
0#
#6817575247
1#
#6817675247
0#
#6817775247
1#
#6817875247
0#
#6817975247
1#
#6818075247
0#
#6818175247
1#
#6818275247
0#
#6818375247
1#
#6818475247
0#
#6818575247
1#
#6818675247
0#
#6818775247
1#
#6818875247
0#
#6818975247
1#
#6819075247
0#
#6819175247
1#
#6819275247
0#
#6819375247
1#
#6819475247
0#
#6819575247
1#
#6819675247
0#
#6819775247
1#
#6819875247
0#
#6819975247
1#
#6820075247
0#
#6820175247
1#
#6820275247
0#
#6820375247
1#
#6820475247
0#
#6820575247
1#
#6820675247
0#
#6820775247
1#
#6820875247
0#
#6820975247
1#
#6821075247
0#
#6821175247
1#
#6821275247
0#
#6821375247
1#
#6821475247
0#
#6821575247
1#
#6821675247
0#
#6821775247
1#
#6821875247
0#
#6821975247
1#
#6822075247
0#
#6822175247
1#
#6822275247
0#
#6822375247
1#
#6822475247
0#
#6822575247
1#
#6822675247
0#
#6822775247
1#
#6822875247
0#
#6822975247
1#
#6823075247
0#
#6823175247
1#
#6823275247
0#
#6823375247
1#
#6823475247
0#
#6823575247
1#
#6823675247
0#
#6823775247
1#
#6823875247
0#
#6823975247
1#
#6824075247
0#
#6824175247
1#
#6824275247
0#
#6824375247
1#
#6824475247
0#
#6824575247
1#
#6824675247
0#
#6824775247
1#
#6824875247
0#
#6824975247
1#
#6825075247
0#
#6825175247
1#
#6825275247
0#
#6825375247
1#
#6825475247
0#
#6825575247
1#
#6825675247
0#
#6825775247
1#
#6825875247
0#
#6825975247
1#
#6826075247
0#
#6826175247
1#
#6826275247
0#
#6826375247
1#
#6826475247
0#
#6826575247
1#
#6826675247
0#
#6826775247
1#
#6826875247
0#
#6826975247
1#
#6827075247
0#
#6827175247
1#
#6827275247
0#
#6827375247
1#
#6827475247
0#
#6827575247
1#
#6827675247
0#
#6827775247
1#
#6827875247
0#
#6827975247
1#
#6828075247
0#
#6828175247
1#
#6828275247
0#
#6828375247
1#
#6828475247
0#
#6828575247
1#
#6828675247
0#
#6828775247
1#
#6828875247
0#
#6828975247
1#
#6829075247
0#
#6829175247
1#
#6829275247
0#
#6829375247
1#
#6829475247
0#
#6829575247
1#
#6829675247
0#
#6829775247
1#
#6829875247
0#
#6829975247
1#
#6830075247
0#
#6830175247
1#
#6830275247
0#
#6830375247
1#
#6830475247
0#
#6830575247
1#
#6830675247
0#
#6830775247
1#
#6830875247
0#
#6830975247
1#
#6831075247
0#
#6831175247
1#
#6831275247
0#
#6831375247
1#
#6831475247
0#
#6831575247
1#
#6831675247
0#
#6831775247
1#
#6831875247
0#
#6831975247
1#
#6832075247
0#
#6832175247
1#
#6832275247
0#
#6832375247
1#
#6832475247
0#
#6832575247
1#
#6832675247
0#
#6832775247
1#
#6832875247
0#
#6832975247
1#
#6833075247
0#
#6833175247
1#
#6833275247
0#
#6833375247
1#
#6833475247
0#
#6833575247
1#
#6833675247
0#
#6833775247
1#
#6833875247
0#
#6833975247
1#
#6834075247
0#
#6834175247
1#
#6834275247
0#
#6834375247
1#
#6834475247
0#
#6834575247
1#
#6834675247
0#
#6834775247
1#
#6834875247
0#
#6834975247
1#
#6835075247
0#
#6835175247
1#
#6835275247
0#
#6835375247
1#
#6835475247
0#
#6835575247
1#
#6835675247
0#
#6835775247
1#
#6835875247
0#
#6835975247
1#
#6836075247
0#
#6836175247
1#
#6836275247
0#
#6836375247
1#
#6836475247
0#
#6836575247
1#
#6836675247
0#
#6836775247
1#
#6836875247
0#
#6836975247
1#
#6837075247
0#
#6837175247
1#
#6837275247
0#
#6837375247
1#
#6837475247
0#
#6837575247
1#
#6837675247
0#
#6837775247
1#
#6837875247
0#
#6837975247
1#
#6838075247
0#
#6838175247
1#
#6838275247
0#
#6838375247
1#
#6838475247
0#
#6838575247
1#
#6838675247
0#
#6838775247
1#
#6838875247
0#
#6838975247
1#
#6839075247
0#
#6839175247
1#
#6839275247
0#
#6839375247
1#
#6839475247
0#
#6839575247
1#
#6839675247
0#
#6839775247
1#
#6839875247
0#
#6839975247
1#
#6840075247
0#
#6840175247
1#
#6840275247
0#
#6840375247
1#
#6840475247
0#
#6840575247
1#
#6840675247
0#
#6840775247
1#
#6840875247
0#
#6840975247
1#
#6841075247
0#
#6841175247
1#
#6841275247
0#
#6841375247
1#
#6841475247
0#
#6841575247
1#
#6841675247
0#
#6841775247
1#
#6841875247
0#
#6841975247
1#
#6842075247
0#
#6842175247
1#
#6842275247
0#
#6842375247
1#
#6842475247
0#
#6842575247
1#
#6842675247
0#
#6842775247
1#
#6842875247
0#
#6842975247
1#
#6843075247
0#
#6843175247
1#
#6843275247
0#
#6843375247
1#
#6843475247
0#
#6843575247
1#
#6843675247
0#
#6843775247
1#
#6843875247
0#
#6843975247
1#
#6844075247
0#
#6844175247
1#
#6844275247
0#
#6844375247
1#
#6844475247
0#
#6844575247
1#
#6844675247
0#
#6844775247
1#
#6844875247
0#
#6844975247
1#
#6845075247
0#
#6845175247
1#
#6845275247
0#
#6845375247
1#
#6845475247
0#
#6845575247
1#
#6845675247
0#
#6845775247
1#
#6845875247
0#
#6845975247
1#
#6846075247
0#
#6846175247
1#
#6846275247
0#
#6846375247
1#
#6846475247
0#
#6846575247
1#
#6846675247
0#
#6846775247
1#
#6846875247
0#
#6846975247
1#
#6847075247
0#
#6847175247
1#
#6847275247
0#
#6847375247
1#
#6847475247
0#
#6847575247
1#
#6847675247
0#
#6847775247
1#
#6847875247
0#
#6847975247
1#
#6848075247
0#
#6848175247
1#
#6848275247
0#
#6848375247
1#
#6848475247
0#
#6848575247
1#
#6848675247
0#
#6848775247
1#
#6848875247
0#
#6848975247
1#
#6849075247
0#
#6849175247
1#
#6849275247
0#
#6849375247
1#
#6849475247
0#
#6849575247
1#
#6849675247
0#
#6849775247
1#
#6849875247
0#
#6849975247
1#
#6850075247
0#
#6850175247
1#
#6850275247
0#
#6850375247
1#
#6850475247
0#
#6850575247
1#
#6850675247
0#
#6850775247
1#
#6850875247
0#
#6850975247
1#
#6851075247
0#
#6851175247
1#
#6851275247
0#
#6851375247
1#
#6851475247
0#
#6851575247
1#
#6851675247
0#
#6851775247
1#
#6851875247
0#
#6851975247
1#
#6852075247
0#
#6852175247
1#
#6852275247
0#
#6852375247
1#
#6852475247
0#
#6852575247
1#
#6852675247
0#
#6852775247
1#
#6852875247
0#
#6852975247
1#
#6853075247
0#
#6853175247
1#
#6853275247
0#
#6853375247
1#
#6853475247
0#
#6853575247
1#
#6853675247
0#
#6853775247
1#
#6853875247
0#
#6853975247
1#
#6854075247
0#
#6854175247
1#
#6854275247
0#
#6854375247
1#
#6854475247
0#
#6854575247
1#
#6854675247
0#
#6854775247
1#
#6854875247
0#
#6854975247
1#
#6855075247
0#
#6855175247
1#
#6855275247
0#
#6855375247
1#
#6855475247
0#
#6855575247
1#
#6855675247
0#
#6855775247
1#
#6855875247
0#
#6855975247
1#
#6856075247
0#
#6856175247
1#
#6856275247
0#
#6856375247
1#
#6856475247
0#
#6856575247
1#
#6856675247
0#
#6856775247
1#
#6856875247
0#
#6856975247
1#
#6857075247
0#
#6857175247
1#
#6857275247
0#
#6857375247
1#
#6857475247
0#
#6857575247
1#
#6857675247
0#
#6857775247
1#
#6857875247
0#
#6857975247
1#
#6858075247
0#
#6858175247
1#
#6858275247
0#
#6858375247
1#
#6858475247
0#
#6858575247
1#
#6858675247
0#
#6858775247
1#
#6858875247
0#
#6858975247
1#
#6859075247
0#
#6859175247
1#
#6859275247
0#
#6859375247
1#
#6859475247
0#
#6859575247
1#
#6859675247
0#
#6859775247
1#
#6859875247
0#
#6859975247
1#
#6860075247
0#
#6860175247
1#
#6860275247
0#
#6860375247
1#
#6860475247
0#
#6860575247
1#
#6860675247
0#
#6860775247
1#
#6860875247
0#
#6860975247
1#
#6861075247
0#
#6861175247
1#
#6861275247
0#
#6861375247
1#
#6861475247
0#
#6861575247
1#
#6861675247
0#
#6861775247
1#
#6861875247
0#
#6861975247
1#
#6862075247
0#
#6862175247
1#
#6862275247
0#
#6862375247
1#
#6862475247
0#
#6862575247
1#
#6862675247
0#
#6862775247
1#
#6862875247
0#
#6862975247
1#
#6863075247
0#
#6863175247
1#
#6863275247
0#
#6863375247
1#
#6863475247
0#
#6863575247
1#
#6863675247
0#
#6863775247
1#
#6863875247
0#
#6863975247
1#
#6864075247
0#
#6864175247
1#
#6864275247
0#
#6864375247
1#
#6864475247
0#
#6864575247
1#
#6864675247
0#
#6864775247
1#
#6864875247
0#
#6864975247
1#
#6865075247
0#
#6865175247
1#
#6865275247
0#
#6865375247
1#
#6865475247
0#
#6865575247
1#
#6865675247
0#
#6865775247
1#
#6865875247
0#
#6865975247
1#
#6866075247
0#
#6866175247
1#
#6866275247
0#
#6866375247
1#
#6866475247
0#
#6866575247
1#
#6866675247
0#
#6866775247
1#
#6866875247
0#
#6866975247
1#
#6867075247
0#
#6867175247
1#
#6867275247
0#
#6867375247
1#
#6867475247
0#
#6867575247
1#
#6867675247
0#
#6867775247
1#
#6867875247
0#
#6867975247
1#
#6868075247
0#
#6868175247
1#
#6868275247
0#
#6868375247
1#
#6868475247
0#
#6868575247
1#
#6868675247
0#
#6868775247
1#
#6868875247
0#
#6868975247
1#
#6869075247
0#
#6869175247
1#
#6869275247
0#
#6869375247
1#
#6869475247
0#
#6869575247
1#
#6869675247
0#
#6869775247
1#
#6869875247
0#
#6869975247
1#
#6870075247
0#
#6870175247
1#
#6870275247
0#
#6870375247
1#
#6870475247
0#
#6870575247
1#
#6870675247
0#
#6870775247
1#
#6870875247
0#
#6870975247
1#
#6871075247
0#
#6871175247
1#
#6871275247
0#
#6871375247
1#
#6871475247
0#
#6871575247
1#
#6871675247
0#
#6871775247
1#
#6871875247
0#
#6871975247
1#
#6872075247
0#
#6872175247
1#
#6872275247
0#
#6872375247
1#
#6872475247
0#
#6872575247
1#
#6872675247
0#
#6872775247
1#
#6872875247
0#
#6872975247
1#
#6873075247
0#
#6873175247
1#
#6873275247
0#
#6873375247
1#
#6873475247
0#
#6873575247
1#
#6873675247
0#
#6873775247
1#
#6873875247
0#
#6873975247
1#
#6874075247
0#
#6874175247
1#
#6874275247
0#
#6874375247
1#
#6874475247
0#
#6874575247
1#
#6874675247
0#
#6874775247
1#
#6874875247
0#
#6874975247
1#
#6875075247
0#
#6875175247
1#
#6875275247
0#
#6875375247
1#
#6875475247
0#
#6875575247
1#
#6875675247
0#
#6875775247
1#
#6875875247
0#
#6875975247
1#
#6876075247
0#
#6876175247
1#
#6876275247
0#
#6876375247
1#
#6876475247
0#
#6876575247
1#
#6876675247
0#
#6876775247
1#
#6876875247
0#
#6876975247
1#
#6877075247
0#
#6877175247
1#
#6877275247
0#
#6877375247
1#
#6877475247
0#
#6877575247
1#
#6877675247
0#
#6877775247
1#
#6877875247
0#
#6877975247
1#
#6878075247
0#
#6878175247
1#
#6878275247
0#
#6878375247
1#
#6878475247
0#
#6878575247
1#
#6878675247
0#
#6878775247
1#
#6878875247
0#
#6878975247
1#
#6879075247
0#
#6879175247
1#
#6879275247
0#
#6879375247
1#
#6879475247
0#
#6879575247
1#
#6879675247
0#
#6879775247
1#
#6879875247
0#
#6879975247
1#
#6880075247
0#
#6880175247
1#
#6880275247
0#
#6880375247
1#
#6880475247
0#
#6880575247
1#
#6880675247
0#
#6880775247
1#
#6880875247
0#
#6880975247
1#
#6881075247
0#
#6881175247
1#
#6881275247
0#
#6881375247
1#
#6881475247
0#
#6881575247
1#
#6881675247
0#
#6881775247
1#
#6881875247
0#
#6881975247
1#
#6882075247
0#
#6882175247
1#
#6882275247
0#
#6882375247
1#
#6882475247
0#
#6882575247
1#
#6882675247
0#
#6882775247
1#
#6882875247
0#
#6882975247
1#
#6883075247
0#
#6883175247
1#
#6883275247
0#
#6883375247
1#
#6883475247
0#
#6883575247
1#
#6883675247
0#
#6883775247
1#
#6883875247
0#
#6883975247
1#
#6884075247
0#
#6884175247
1#
#6884275247
0#
#6884375247
1#
#6884475247
0#
#6884575247
1#
#6884675247
0#
#6884775247
1#
#6884875247
0#
#6884975247
1#
#6885075247
0#
#6885175247
1#
#6885275247
0#
#6885375247
1#
#6885475247
0#
#6885575247
1#
#6885675247
0#
#6885775247
1#
#6885875247
0#
#6885975247
1#
#6886075247
0#
#6886175247
1#
#6886275247
0#
#6886375247
1#
#6886475247
0#
#6886575247
1#
#6886675247
0#
#6886775247
1#
#6886875247
0#
#6886975247
1#
#6887075247
0#
#6887175247
1#
#6887275247
0#
#6887375247
1#
#6887475247
0#
#6887575247
1#
#6887675247
0#
#6887775247
1#
#6887875247
0#
#6887975247
1#
#6888075247
0#
#6888175247
1#
#6888275247
0#
#6888375247
1#
#6888475247
0#
#6888575247
1#
#6888675247
0#
#6888775247
1#
#6888875247
0#
#6888975247
1#
#6889075247
0#
#6889175247
1#
#6889275247
0#
#6889375247
1#
#6889475247
0#
#6889575247
1#
#6889675247
0#
#6889775247
1#
#6889875247
0#
#6889975247
1#
#6890075247
0#
#6890175247
1#
#6890275247
0#
#6890375247
1#
#6890475247
0#
#6890575247
1#
#6890675247
0#
#6890775247
1#
#6890875247
0#
#6890975247
1#
#6891075247
0#
#6891175247
1#
#6891275247
0#
#6891375247
1#
#6891475247
0#
#6891575247
1#
#6891675247
0#
#6891775247
1#
#6891875247
0#
#6891975247
1#
#6892075247
0#
#6892175247
1#
#6892275247
0#
#6892375247
1#
#6892475247
0#
#6892575247
1#
#6892675247
0#
#6892775247
1#
#6892875247
0#
#6892975247
1#
#6893075247
0#
#6893175247
1#
#6893275247
0#
#6893375247
1#
#6893475247
0#
#6893575247
1#
#6893675247
0#
#6893775247
1#
#6893875247
0#
#6893975247
1#
#6894075247
0#
#6894175247
1#
#6894275247
0#
#6894375247
1#
#6894475247
0#
#6894575247
1#
#6894675247
0#
#6894775247
1#
#6894875247
0#
#6894975247
1#
#6895075247
0#
#6895175247
1#
#6895275247
0#
#6895375247
1#
#6895475247
0#
#6895575247
1#
#6895675247
0#
#6895775247
1#
#6895875247
0#
#6895975247
1#
#6896075247
0#
#6896175247
1#
#6896275247
0#
#6896375247
1#
#6896475247
0#
#6896575247
1#
#6896675247
0#
#6896775247
1#
#6896875247
0#
#6896975247
1#
#6897075247
0#
#6897175247
1#
#6897275247
0#
#6897375247
1#
#6897475247
0#
#6897575247
1#
#6897675247
0#
#6897775247
1#
#6897875247
0#
#6897975247
1#
#6898075247
0#
#6898175247
1#
#6898275247
0#
#6898375247
1#
#6898475247
0#
#6898575247
1#
#6898675247
0#
#6898775247
1#
#6898875247
0#
#6898975247
1#
#6899075247
0#
#6899175247
1#
#6899275247
0#
#6899375247
1#
#6899475247
0#
#6899575247
1#
#6899675247
0#
#6899775247
1#
#6899875247
0#
#6899975247
1#
#6900075247
0#
#6900175247
1#
#6900275247
0#
#6900375247
1#
#6900475247
0#
#6900575247
1#
#6900675247
0#
#6900775247
1#
#6900875247
0#
#6900975247
1#
#6901075247
0#
#6901175247
1#
#6901275247
0#
#6901375247
1#
#6901475247
0#
#6901575247
1#
#6901675247
0#
#6901775247
1#
#6901875247
0#
#6901975247
1#
#6902075247
0#
#6902175247
1#
#6902275247
0#
#6902375247
1#
#6902475247
0#
#6902575247
1#
#6902675247
0#
#6902775247
1#
#6902875247
0#
#6902975247
1#
#6903075247
0#
#6903175247
1#
#6903275247
0#
#6903375247
1#
#6903475247
0#
#6903575247
1#
#6903675247
0#
#6903775247
1#
#6903875247
0#
#6903975247
1#
#6904075247
0#
#6904175247
1#
#6904275247
0#
#6904375247
1#
#6904475247
0#
#6904575247
1#
#6904675247
0#
#6904775247
1#
#6904875247
0#
#6904975247
1#
#6905075247
0#
#6905175247
1#
#6905275247
0#
#6905375247
1#
#6905475247
0#
#6905575247
1#
#6905675247
0#
#6905775247
1#
#6905875247
0#
#6905975247
1#
#6906075247
0#
#6906175247
1#
#6906275247
0#
#6906375247
1#
#6906475247
0#
#6906575247
1#
#6906675247
0#
#6906775247
1#
#6906875247
0#
#6906975247
1#
#6907075247
0#
#6907175247
1#
#6907275247
0#
#6907375247
1#
#6907475247
0#
#6907575247
1#
#6907675247
0#
#6907775247
1#
#6907875247
0#
#6907975247
1#
#6908075247
0#
#6908175247
1#
#6908275247
0#
#6908375247
1#
#6908475247
0#
#6908575247
1#
#6908675247
0#
#6908775247
1#
#6908875247
0#
#6908975247
1#
#6909075247
0#
#6909175247
1#
#6909275247
0#
#6909375247
1#
#6909475247
0#
#6909575247
1#
#6909675247
0#
#6909775247
1#
#6909875247
0#
#6909975247
1#
#6910075247
0#
#6910175247
1#
#6910275247
0#
#6910375247
1#
#6910475247
0#
#6910575247
1#
#6910675247
0#
#6910775247
1#
#6910875247
0#
#6910975247
1#
#6911075247
0#
#6911175247
1#
#6911275247
0#
#6911375247
1#
#6911475247
0#
#6911575247
1#
#6911675247
0#
#6911775247
1#
#6911875247
0#
#6911975247
1#
#6912075247
0#
#6912175247
1#
#6912275247
0#
#6912375247
1#
#6912475247
0#
#6912575247
1#
#6912675247
0#
#6912775247
1#
#6912875247
0#
#6912975247
1#
#6913075247
0#
#6913175247
1#
#6913275247
0#
#6913375247
1#
#6913475247
0#
#6913575247
1#
#6913675247
0#
#6913775247
1#
#6913875247
0#
#6913975247
1#
#6914075247
0#
#6914175247
1#
#6914275247
0#
#6914375247
1#
#6914475247
0#
#6914575247
1#
#6914675247
0#
#6914775247
1#
#6914875247
0#
#6914975247
1#
#6915075247
0#
#6915175247
1#
#6915275247
0#
#6915375247
1#
#6915475247
0#
#6915575247
1#
#6915675247
0#
#6915775247
1#
#6915875247
0#
#6915975247
1#
#6916075247
0#
#6916175247
1#
#6916275247
0#
#6916375247
1#
#6916475247
0#
#6916575247
1#
#6916675247
0#
#6916775247
1#
#6916875247
0#
#6916975247
1#
#6917075247
0#
#6917175247
1#
#6917275247
0#
#6917375247
1#
#6917475247
0#
#6917575247
1#
#6917675247
0#
#6917775247
1#
#6917875247
0#
#6917975247
1#
#6918075247
0#
#6918175247
1#
#6918275247
0#
#6918375247
1#
#6918475247
0#
#6918575247
1#
#6918675247
0#
#6918775247
1#
#6918875247
0#
#6918975247
1#
#6919075247
0#
#6919175247
1#
#6919275247
0#
#6919375247
1#
#6919475247
0#
#6919575247
1#
#6919675247
0#
#6919775247
1#
#6919875247
0#
#6919975247
1#
#6920075247
0#
#6920175247
1#
#6920275247
0#
#6920375247
1#
#6920475247
0#
#6920575247
1#
#6920675247
0#
#6920775247
1#
#6920875247
0#
#6920975247
1#
#6921075247
0#
#6921175247
1#
#6921275247
0#
#6921375247
1#
#6921475247
0#
#6921575247
1#
#6921675247
0#
#6921775247
1#
#6921875247
0#
#6921975247
1#
#6922075247
0#
#6922175247
1#
#6922275247
0#
#6922375247
1#
#6922475247
0#
#6922575247
1#
#6922675247
0#
#6922775247
1#
#6922875247
0#
#6922975247
1#
#6923075247
0#
#6923175247
1#
#6923275247
0#
#6923375247
1#
#6923475247
0#
#6923575247
1#
#6923675247
0#
#6923775247
1#
#6923875247
0#
#6923975247
1#
#6924075247
0#
#6924175247
1#
#6924275247
0#
#6924375247
1#
#6924475247
0#
#6924575247
1#
#6924675247
0#
#6924775247
1#
#6924875247
0#
#6924975247
1#
#6925075247
0#
#6925175247
1#
#6925275247
0#
#6925375247
1#
#6925475247
0#
#6925575247
1#
#6925675247
0#
#6925775247
1#
#6925875247
0#
#6925975247
1#
#6926075247
0#
#6926175247
1#
#6926275247
0#
#6926375247
1#
#6926475247
0#
#6926575247
1#
#6926675247
0#
#6926775247
1#
#6926875247
0#
#6926975247
1#
#6927075247
0#
#6927175247
1#
#6927275247
0#
#6927375247
1#
#6927475247
0#
#6927575247
1#
#6927675247
0#
#6927775247
1#
#6927875247
0#
#6927975247
1#
#6928075247
0#
#6928175247
1#
#6928275247
0#
#6928375247
1#
#6928475247
0#
#6928575247
1#
#6928675247
0#
#6928775247
1#
#6928875247
0#
#6928975247
1#
#6929075247
0#
#6929175247
1#
#6929275247
0#
#6929375247
1#
#6929475247
0#
#6929575247
1#
#6929675247
0#
#6929775247
1#
#6929875247
0#
#6929975247
1#
#6930075247
0#
#6930175247
1#
#6930275247
0#
#6930375247
1#
#6930475247
0#
#6930575247
1#
#6930675247
0#
#6930775247
1#
#6930875247
0#
#6930975247
1#
#6931075247
0#
#6931175247
1#
#6931275247
0#
#6931375247
1#
#6931475247
0#
#6931575247
1#
#6931675247
0#
#6931775247
1#
#6931875247
0#
#6931975247
1#
#6932075247
0#
#6932175247
1#
#6932275247
0#
#6932375247
1#
#6932475247
0#
#6932575247
1#
#6932675247
0#
#6932775247
1#
#6932875247
0#
#6932975247
1#
#6933075247
0#
#6933175247
1#
#6933275247
0#
#6933375247
1#
#6933475247
0#
#6933575247
1#
#6933675247
0#
#6933775247
1#
#6933875247
0#
#6933975247
1#
#6934075247
0#
#6934175247
1#
#6934275247
0#
#6934375247
1#
#6934475247
0#
#6934575247
1#
#6934675247
0#
#6934775247
1#
#6934875247
0#
#6934975247
1#
#6935075247
0#
#6935175247
1#
#6935275247
0#
#6935375247
1#
#6935475247
0#
#6935575247
1#
#6935675247
0#
#6935775247
1#
#6935875247
0#
#6935975247
1#
#6936075247
0#
#6936175247
1#
#6936275247
0#
#6936375247
1#
#6936475247
0#
#6936575247
1#
#6936675247
0#
#6936775247
1#
#6936875247
0#
#6936975247
1#
#6937075247
0#
#6937175247
1#
#6937275247
0#
#6937375247
1#
#6937475247
0#
#6937575247
1#
#6937675247
0#
#6937775247
1#
#6937875247
0#
#6937975247
1#
#6938075247
0#
#6938175247
1#
#6938275247
0#
#6938375247
1#
#6938475247
0#
#6938575247
1#
#6938675247
0#
#6938775247
1#
#6938875247
0#
#6938975247
1#
#6939075247
0#
#6939175247
1#
#6939275247
0#
#6939375247
1#
#6939475247
0#
#6939575247
1#
#6939675247
0#
#6939775247
1#
#6939875247
0#
#6939975247
1#
#6940075247
0#
#6940175247
1#
#6940275247
0#
#6940375247
1#
#6940475247
0#
#6940575247
1#
#6940675247
0#
#6940775247
1#
#6940875247
0#
#6940975247
1#
#6941075247
0#
#6941175247
1#
#6941275247
0#
#6941375247
1#
#6941475247
0#
#6941575247
1#
#6941675247
0#
#6941775247
1#
#6941875247
0#
#6941975247
1#
#6942075247
0#
#6942175247
1#
#6942275247
0#
#6942375247
1#
#6942475247
0#
#6942575247
1#
#6942675247
0#
#6942775247
1#
#6942875247
0#
#6942975247
1#
#6943075247
0#
#6943175247
1#
#6943275247
0#
#6943375247
1#
#6943475247
0#
#6943575247
1#
#6943675247
0#
#6943775247
1#
#6943875247
0#
#6943975247
1#
#6944075247
0#
#6944175247
1#
#6944275247
0#
#6944375247
1#
#6944475247
0#
#6944575247
1#
#6944675247
0#
#6944775247
1#
#6944875247
0#
#6944975247
1#
#6945075247
0#
#6945175247
1#
#6945275247
0#
#6945375247
1#
#6945475247
0#
#6945575247
1#
#6945675247
0#
#6945775247
1#
#6945875247
0#
#6945975247
1#
#6946075247
0#
#6946175247
1#
#6946275247
0#
#6946375247
1#
#6946475247
0#
#6946575247
1#
#6946675247
0#
#6946775247
1#
#6946875247
0#
#6946975247
1#
#6947075247
0#
#6947175247
1#
#6947275247
0#
#6947375247
1#
#6947475247
0#
#6947575247
1#
#6947675247
0#
#6947775247
1#
#6947875247
0#
#6947975247
1#
#6948075247
0#
#6948175247
1#
#6948275247
0#
#6948375247
1#
#6948475247
0#
#6948575247
1#
#6948675247
0#
#6948775247
1#
#6948875247
0#
#6948975247
1#
#6949075247
0#
#6949175247
1#
#6949275247
0#
#6949375247
1#
#6949475247
0#
#6949575247
1#
#6949675247
0#
#6949775247
1#
#6949875247
0#
#6949975247
1#
#6950075247
0#
#6950175247
1#
#6950275247
0#
#6950375247
1#
#6950475247
0#
#6950575247
1#
#6950675247
0#
#6950775247
1#
#6950875247
0#
#6950975247
1#
#6951075247
0#
#6951175247
1#
#6951275247
0#
#6951375247
1#
#6951475247
0#
#6951575247
1#
#6951675247
0#
#6951775247
1#
#6951875247
0#
#6951975247
1#
#6952075247
0#
#6952175247
1#
#6952275247
0#
#6952375247
1#
#6952475247
0#
#6952575247
1#
#6952675247
0#
#6952775247
1#
#6952875247
0#
#6952975247
1#
#6953075247
0#
#6953175247
1#
#6953275247
0#
#6953375247
1#
#6953475247
0#
#6953575247
1#
#6953675247
0#
#6953775247
1#
#6953875247
0#
#6953975247
1#
#6954075247
0#
#6954175247
1#
#6954275247
0#
#6954375247
1#
#6954475247
0#
#6954575247
1#
#6954675247
0#
#6954775247
1#
#6954875247
0#
#6954975247
1#
#6955075247
0#
#6955175247
1#
#6955275247
0#
#6955375247
1#
#6955475247
0#
#6955575247
1#
#6955675247
0#
#6955775247
1#
#6955875247
0#
#6955975247
1#
#6956075247
0#
#6956175247
1#
#6956275247
0#
#6956375247
1#
#6956475247
0#
#6956575247
1#
#6956675247
0#
#6956775247
1#
#6956875247
0#
#6956975247
1#
#6957075247
0#
#6957175247
1#
#6957275247
0#
#6957375247
1#
#6957475247
0#
#6957575247
1#
#6957675247
0#
#6957775247
1#
#6957875247
0#
#6957975247
1#
#6958075247
0#
#6958175247
1#
#6958275247
0#
#6958375247
1#
#6958475247
0#
#6958575247
1#
#6958675247
0#
#6958775247
1#
#6958875247
0#
#6958975247
1#
#6959075247
0#
#6959175247
1#
#6959275247
0#
#6959375247
1#
#6959475247
0#
#6959575247
1#
#6959675247
0#
#6959775247
1#
#6959875247
0#
#6959975247
1#
#6960075247
0#
#6960175247
1#
#6960275247
0#
#6960375247
1#
#6960475247
0#
#6960575247
1#
#6960675247
0#
#6960775247
1#
#6960875247
0#
#6960975247
1#
#6961075247
0#
#6961175247
1#
#6961275247
0#
#6961375247
1#
#6961475247
0#
#6961575247
1#
#6961675247
0#
#6961775247
1#
#6961875247
0#
#6961975247
1#
#6962075247
0#
#6962175247
1#
#6962275247
0#
#6962375247
1#
#6962475247
0#
#6962575247
1#
#6962675247
0#
#6962775247
1#
#6962875247
0#
#6962975247
1#
#6963075247
0#
#6963175247
1#
#6963275247
0#
#6963375247
1#
#6963475247
0#
#6963575247
1#
#6963675247
0#
#6963775247
1#
#6963875247
0#
#6963975247
1#
#6964075247
0#
#6964175247
1#
#6964275247
0#
#6964375247
1#
#6964475247
0#
#6964575247
1#
#6964675247
0#
#6964775247
1#
#6964875247
0#
#6964975247
1#
#6965075247
0#
#6965175247
1#
#6965275247
0#
#6965375247
1#
#6965475247
0#
#6965575247
1#
#6965675247
0#
#6965775247
1#
#6965875247
0#
#6965975247
1#
#6966075247
0#
#6966175247
1#
#6966275247
0#
#6966375247
1#
#6966475247
0#
#6966575247
1#
#6966675247
0#
#6966775247
1#
#6966875247
0#
#6966975247
1#
#6967075247
0#
#6967175247
1#
#6967275247
0#
#6967375247
1#
#6967475247
0#
#6967575247
1#
#6967675247
0#
#6967775247
1#
#6967875247
0#
#6967975247
1#
#6968075247
0#
#6968175247
1#
#6968275247
0#
#6968375247
1#
#6968475247
0#
#6968575247
1#
#6968675247
0#
#6968775247
1#
#6968875247
0#
#6968975247
1#
#6969075247
0#
#6969175247
1#
#6969275247
0#
#6969375247
1#
#6969475247
0#
#6969575247
1#
#6969675247
0#
#6969775247
1#
#6969875247
0#
#6969975247
1#
#6970075247
0#
#6970175247
1#
#6970275247
0#
#6970375247
1#
#6970475247
0#
#6970575247
1#
#6970675247
0#
#6970775247
1#
#6970875247
0#
#6970975247
1#
#6971075247
0#
#6971175247
1#
#6971275247
0#
#6971375247
1#
#6971475247
0#
#6971575247
1#
#6971675247
0#
#6971775247
1#
#6971875247
0#
#6971975247
1#
#6972075247
0#
#6972175247
1#
#6972275247
0#
#6972375247
1#
#6972475247
0#
#6972575247
1#
#6972675247
0#
#6972775247
1#
#6972875247
0#
#6972975247
1#
#6973075247
0#
#6973175247
1#
#6973275247
0#
#6973375247
1#
#6973475247
0#
#6973575247
1#
#6973675247
0#
#6973775247
1#
#6973875247
0#
#6973975247
1#
#6974075247
0#
#6974175247
1#
#6974275247
0#
#6974375247
1#
#6974475247
0#
#6974575247
1#
#6974675247
0#
#6974775247
1#
#6974875247
0#
#6974975247
1#
#6975075247
0#
#6975175247
1#
#6975275247
0#
#6975375247
1#
#6975475247
0#
#6975575247
1#
#6975675247
0#
#6975775247
1#
#6975875247
0#
#6975975247
1#
#6976075247
0#
#6976175247
1#
#6976275247
0#
#6976375247
1#
#6976475247
0#
#6976575247
1#
#6976675247
0#
#6976775247
1#
#6976875247
0#
#6976975247
1#
#6977075247
0#
#6977175247
1#
#6977275247
0#
#6977375247
1#
#6977475247
0#
#6977575247
1#
#6977675247
0#
#6977775247
1#
#6977875247
0#
#6977975247
1#
#6978075247
0#
#6978175247
1#
#6978275247
0#
#6978375247
1#
#6978475247
0#
#6978575247
1#
#6978675247
0#
#6978775247
1#
#6978875247
0#
#6978975247
1#
#6979075247
0#
#6979175247
1#
#6979275247
0#
#6979375247
1#
#6979475247
0#
#6979575247
1#
#6979675247
0#
#6979775247
1#
#6979875247
0#
#6979975247
1#
#6980075247
0#
#6980175247
1#
#6980275247
0#
#6980375247
1#
#6980475247
0#
#6980575247
1#
#6980675247
0#
#6980775247
1#
#6980875247
0#
#6980975247
1#
#6981075247
0#
#6981175247
1#
#6981275247
0#
#6981375247
1#
#6981475247
0#
#6981575247
1#
#6981675247
0#
#6981775247
1#
#6981875247
0#
#6981975247
1#
#6982075247
0#
#6982175247
1#
#6982275247
0#
#6982375247
1#
#6982475247
0#
#6982575247
1#
#6982675247
0#
#6982775247
1#
#6982875247
0#
#6982975247
1#
#6983075247
0#
#6983175247
1#
#6983275247
0#
#6983375247
1#
#6983475247
0#
#6983575247
1#
#6983675247
0#
#6983775247
1#
#6983875247
0#
#6983975247
1#
#6984075247
0#
#6984175247
1#
#6984275247
0#
#6984375247
1#
#6984475247
0#
#6984575247
1#
#6984675247
0#
#6984775247
1#
#6984875247
0#
#6984975247
1#
#6985075247
0#
#6985175247
1#
#6985275247
0#
#6985375247
1#
#6985475247
0#
#6985575247
1#
#6985675247
0#
#6985775247
1#
#6985875247
0#
#6985975247
1#
#6986075247
0#
#6986175247
1#
#6986275247
0#
#6986375247
1#
#6986475247
0#
#6986575247
1#
#6986675247
0#
#6986775247
1#
#6986875247
0#
#6986975247
1#
#6987075247
0#
#6987175247
1#
#6987275247
0#
#6987375247
1#
#6987475247
0#
#6987575247
1#
#6987675247
0#
#6987775247
1#
#6987875247
0#
#6987975247
1#
#6988075247
0#
#6988175247
1#
#6988275247
0#
#6988375247
1#
#6988475247
0#
#6988575247
1#
#6988675247
0#
#6988775247
1#
#6988875247
0#
#6988975247
1#
#6989075247
0#
#6989175247
1#
#6989275247
0#
#6989375247
1#
#6989475247
0#
#6989575247
1#
#6989675247
0#
#6989775247
1#
#6989875247
0#
#6989975247
1#
#6990075247
0#
#6990175247
1#
#6990275247
0#
#6990375247
1#
#6990475247
0#
#6990575247
1#
#6990675247
0#
#6990775247
1#
#6990875247
0#
#6990975247
1#
#6991075247
0#
#6991175247
1#
#6991275247
0#
#6991375247
1#
#6991475247
0#
#6991575247
1#
#6991675247
0#
#6991775247
1#
#6991875247
0#
#6991975247
1#
#6992075247
0#
#6992175247
1#
#6992275247
0#
#6992375247
1#
#6992475247
0#
#6992575247
1#
#6992675247
0#
#6992775247
1#
#6992875247
0#
#6992975247
1#
#6993075247
0#
#6993175247
1#
#6993275247
0#
#6993375247
1#
#6993475247
0#
#6993575247
1#
#6993675247
0#
#6993775247
1#
#6993875247
0#
#6993975247
1#
#6994075247
0#
#6994175247
1#
#6994275247
0#
#6994375247
1#
#6994475247
0#
#6994575247
1#
#6994675247
0#
#6994775247
1#
#6994875247
0#
#6994975247
1#
#6995075247
0#
#6995175247
1#
#6995275247
0#
#6995375247
1#
#6995475247
0#
#6995575247
1#
#6995675247
0#
#6995775247
1#
#6995875247
0#
#6995975247
1#
#6996075247
0#
#6996175247
1#
#6996275247
0#
#6996375247
1#
#6996475247
0#
#6996575247
1#
#6996675247
0#
#6996775247
1#
#6996875247
0#
#6996975247
1#
#6997075247
0#
#6997175247
1#
#6997275247
0#
#6997375247
1#
#6997475247
0#
#6997575247
1#
#6997675247
0#
#6997775247
1#
#6997875247
0#
#6997975247
1#
#6998075247
0#
#6998175247
1#
#6998275247
0#
#6998375247
1#
#6998475247
0#
#6998575247
1#
#6998675247
0#
#6998775247
1#
#6998875247
0#
#6998975247
1#
#6999075247
0#
#6999175247
1#
#6999275247
0#
#6999375247
1#
#6999475247
0#
#6999575247
1#
#6999675247
0#
#6999775247
1#
#6999875247
0#
#6999975247
1#
#7000075247
0#
#7000175247
1#
#7000275247
0#
#7000375247
1#
#7000475247
0#
#7000575247
1#
#7000675247
0#
#7000775247
1#
#7000875247
0#
#7000975247
1#
#7001075247
0#
#7001175247
1#
#7001275247
0#
#7001375247
1#
#7001475247
0#
#7001575247
1#
#7001675247
0#
#7001775247
1#
#7001875247
0#
#7001975247
1#
#7002075247
0#
#7002175247
1#
#7002275247
0#
#7002375247
1#
#7002475247
0#
#7002575247
1#
#7002675247
0#
#7002775247
1#
#7002875247
0#
#7002975247
1#
#7003075247
0#
#7003175247
1#
#7003275247
0#
#7003375247
1#
#7003475247
0#
#7003575247
1#
#7003675247
0#
#7003775247
1#
#7003875247
0#
#7003975247
1#
#7004075247
0#
#7004175247
1#
#7004275247
0#
#7004375247
1#
#7004475247
0#
#7004575247
1#
#7004675247
0#
#7004775247
1#
#7004875247
0#
#7004975247
1#
#7005075247
0#
#7005175247
1#
#7005275247
0#
#7005375247
1#
#7005475247
0#
#7005575247
1#
#7005675247
0#
#7005775247
1#
#7005875247
0#
#7005975247
1#
#7006075247
0#
#7006175247
1#
#7006275247
0#
#7006375247
1#
#7006475247
0#
#7006575247
1#
#7006675247
0#
#7006775247
1#
#7006875247
0#
#7006975247
1#
#7007075247
0#
#7007175247
1#
#7007275247
0#
#7007375247
1#
#7007475247
0#
#7007575247
1#
#7007675247
0#
#7007775247
1#
#7007875247
0#
#7007975247
1#
#7008075247
0#
#7008175247
1#
#7008275247
0#
#7008375247
1#
#7008475247
0#
#7008575247
1#
#7008675247
0#
#7008775247
1#
#7008875247
0#
#7008975247
1#
#7009075247
0#
#7009175247
1#
#7009275247
0#
#7009375247
1#
#7009475247
0#
#7009575247
1#
#7009675247
0#
#7009775247
1#
#7009875247
0#
#7009975247
1#
#7010075247
0#
#7010175247
1#
#7010275247
0#
#7010375247
1#
#7010475247
0#
#7010575247
1#
#7010675247
0#
#7010775247
1#
#7010875247
0#
#7010975247
1#
#7011075247
0#
#7011175247
1#
#7011275247
0#
#7011375247
1#
#7011475247
0#
#7011575247
1#
#7011675247
0#
#7011775247
1#
#7011875247
0#
#7011975247
1#
#7012075247
0#
#7012175247
1#
#7012275247
0#
#7012375247
1#
#7012475247
0#
#7012575247
1#
#7012675247
0#
#7012775247
1#
#7012875247
0#
#7012975247
1#
#7013075247
0#
#7013175247
1#
#7013275247
0#
#7013375247
1#
#7013475247
0#
#7013575247
1#
#7013675247
0#
#7013775247
1#
#7013875247
0#
#7013975247
1#
#7014075247
0#
#7014175247
1#
#7014275247
0#
#7014375247
1#
#7014475247
0#
#7014575247
1#
#7014675247
0#
#7014775247
1#
#7014875247
0#
#7014975247
1#
#7015075247
0#
#7015175247
1#
#7015275247
0#
#7015375247
1#
#7015475247
0#
#7015575247
1#
#7015675247
0#
#7015775247
1#
#7015875247
0#
#7015975247
1#
#7016075247
0#
#7016175247
1#
#7016275247
0#
#7016375247
1#
#7016475247
0#
#7016575247
1#
#7016675247
0#
#7016775247
1#
#7016875247
0#
#7016975247
1#
#7017075247
0#
#7017175247
1#
#7017275247
0#
#7017375247
1#
#7017475247
0#
#7017575247
1#
#7017675247
0#
#7017775247
1#
#7017875247
0#
#7017975247
1#
#7018075247
0#
#7018175247
1#
#7018275247
0#
#7018375247
1#
#7018475247
0#
#7018575247
1#
#7018675247
0#
#7018775247
1#
#7018875247
0#
#7018975247
1#
#7019075247
0#
#7019175247
1#
#7019275247
0#
#7019375247
1#
#7019475247
0#
#7019575247
1#
#7019675247
0#
#7019775247
1#
#7019875247
0#
#7019975247
1#
#7020075247
0#
#7020175247
1#
#7020275247
0#
#7020375247
1#
#7020475247
0#
#7020575247
1#
#7020675247
0#
#7020775247
1#
#7020875247
0#
#7020975247
1#
#7021075247
0#
#7021175247
1#
#7021275247
0#
#7021375247
1#
#7021475247
0#
#7021575247
1#
#7021675247
0#
#7021775247
1#
#7021875247
0#
#7021975247
1#
#7022075247
0#
#7022175247
1#
#7022275247
0#
#7022375247
1#
#7022475247
0#
#7022575247
1#
#7022675247
0#
#7022775247
1#
#7022875247
0#
#7022975247
1#
#7023075247
0#
#7023175247
1#
#7023275247
0#
#7023375247
1#
#7023475247
0#
#7023575247
1#
#7023675247
0#
#7023775247
1#
#7023875247
0#
#7023975247
1#
#7024075247
0#
#7024175247
1#
#7024275247
0#
#7024375247
1#
#7024475247
0#
#7024575247
1#
#7024675247
0#
#7024775247
1#
#7024875247
0#
#7024975247
1#
#7025075247
0#
#7025175247
1#
#7025275247
0#
#7025375247
1#
#7025475247
0#
#7025575247
1#
#7025675247
0#
#7025775247
1#
#7025875247
0#
#7025975247
1#
#7026075247
0#
#7026175247
1#
#7026275247
0#
#7026375247
1#
#7026475247
0#
#7026575247
1#
#7026675247
0#
#7026775247
1#
#7026875247
0#
#7026975247
1#
#7027075247
0#
#7027175247
1#
#7027275247
0#
#7027375247
1#
#7027475247
0#
#7027575247
1#
#7027675247
0#
#7027775247
1#
#7027875247
0#
#7027975247
1#
#7028075247
0#
#7028175247
1#
#7028275247
0#
#7028375247
1#
#7028475247
0#
#7028575247
1#
#7028675247
0#
#7028775247
1#
#7028875247
0#
#7028975247
1#
#7029075247
0#
#7029175247
1#
#7029275247
0#
#7029375247
1#
#7029475247
0#
#7029575247
1#
#7029675247
0#
#7029775247
1#
#7029875247
0#
#7029975247
1#
#7030075247
0#
#7030175247
1#
#7030275247
0#
#7030375247
1#
#7030475247
0#
#7030575247
1#
#7030675247
0#
#7030775247
1#
#7030875247
0#
#7030975247
1#
#7031075247
0#
#7031175247
1#
#7031275247
0#
#7031375247
1#
#7031475247
0#
#7031575247
1#
#7031675247
0#
#7031775247
1#
#7031875247
0#
#7031975247
1#
#7032075247
0#
#7032175247
1#
#7032275247
0#
#7032375247
1#
#7032475247
0#
#7032575247
1#
#7032675247
0#
#7032775247
1#
#7032875247
0#
#7032975247
1#
#7033075247
0#
#7033175247
1#
#7033275247
0#
#7033375247
1#
#7033475247
0#
#7033575247
1#
#7033675247
0#
#7033775247
1#
#7033875247
0#
#7033975247
1#
#7034075247
0#
#7034175247
1#
#7034275247
0#
#7034375247
1#
#7034475247
0#
#7034575247
1#
#7034675247
0#
#7034775247
1#
#7034875247
0#
#7034975247
1#
#7035075247
0#
#7035175247
1#
#7035275247
0#
#7035375247
1#
#7035475247
0#
#7035575247
1#
#7035675247
0#
#7035775247
1#
#7035875247
0#
#7035975247
1#
#7036075247
0#
#7036175247
1#
#7036275247
0#
#7036375247
1#
#7036475247
0#
#7036575247
1#
#7036675247
0#
#7036775247
1#
#7036875247
0#
#7036975247
1#
#7037075247
0#
#7037175247
1#
#7037275247
0#
#7037375247
1#
#7037475247
0#
#7037575247
1#
#7037675247
0#
#7037775247
1#
#7037875247
0#
#7037975247
1#
#7038075247
0#
#7038175247
1#
#7038275247
0#
#7038375247
1#
#7038475247
0#
#7038575247
1#
#7038675247
0#
#7038775247
1#
#7038875247
0#
#7038975247
1#
#7039075247
0#
#7039175247
1#
#7039275247
0#
#7039375247
1#
#7039475247
0#
#7039575247
1#
#7039675247
0#
#7039775247
1#
#7039875247
0#
#7039975247
1#
#7040075247
0#
#7040175247
1#
#7040275247
0#
#7040375247
1#
#7040475247
0#
#7040575247
1#
#7040675247
0#
#7040775247
1#
#7040875247
0#
#7040975247
1#
#7041075247
0#
#7041175247
1#
#7041275247
0#
#7041375247
1#
#7041475247
0#
#7041575247
1#
#7041675247
0#
#7041775247
1#
#7041875247
0#
#7041975247
1#
#7042075247
0#
#7042175247
1#
#7042275247
0#
#7042375247
1#
#7042475247
0#
#7042575247
1#
#7042675247
0#
#7042775247
1#
#7042875247
0#
#7042975247
1#
#7043075247
0#
#7043175247
1#
#7043275247
0#
#7043375247
1#
#7043475247
0#
#7043575247
1#
#7043675247
0#
#7043775247
1#
#7043875247
0#
#7043975247
1#
#7044075247
0#
#7044175247
1#
#7044275247
0#
#7044375247
1#
#7044475247
0#
#7044575247
1#
#7044675247
0#
#7044775247
1#
#7044875247
0#
#7044975247
1#
#7045075247
0#
#7045175247
1#
#7045275247
0#
#7045375247
1#
#7045475247
0#
#7045575247
1#
#7045675247
0#
#7045775247
1#
#7045875247
0#
#7045975247
1#
#7046075247
0#
#7046175247
1#
#7046275247
0#
#7046375247
1#
#7046475247
0#
#7046575247
1#
#7046675247
0#
#7046775247
1#
#7046875247
0#
#7046975247
1#
#7047075247
0#
#7047175247
1#
#7047275247
0#
#7047375247
1#
#7047475247
0#
#7047575247
1#
#7047675247
0#
#7047775247
1#
#7047875247
0#
#7047975247
1#
#7048075247
0#
#7048175247
1#
#7048275247
0#
#7048375247
1#
#7048475247
0#
#7048575247
1#
#7048675247
0#
#7048775247
1#
#7048875247
0#
#7048975247
1#
#7049075247
0#
#7049175247
1#
#7049275247
0#
#7049375247
1#
#7049475247
0#
#7049575247
1#
#7049675247
0#
#7049775247
1#
#7049875247
0#
#7049975247
1#
#7050075247
0#
#7050175247
1#
#7050275247
0#
#7050375247
1#
#7050475247
0#
#7050575247
1#
#7050675247
0#
#7050775247
1#
#7050875247
0#
#7050975247
1#
#7051075247
0#
#7051175247
1#
#7051275247
0#
#7051375247
1#
#7051475247
0#
#7051575247
1#
#7051675247
0#
#7051775247
1#
#7051875247
0#
#7051975247
1#
#7052075247
0#
#7052175247
1#
#7052275247
0#
#7052375247
1#
#7052475247
0#
#7052575247
1#
#7052675247
0#
#7052775247
1#
#7052875247
0#
#7052975247
1#
#7053075247
0#
#7053175247
1#
#7053275247
0#
#7053375247
1#
#7053475247
0#
#7053575247
1#
#7053675247
0#
#7053775247
1#
#7053875247
0#
#7053975247
1#
#7054075247
0#
#7054175247
1#
#7054275247
0#
#7054375247
1#
#7054475247
0#
#7054575247
1#
#7054675247
0#
#7054775247
1#
#7054875247
0#
#7054975247
1#
#7055075247
0#
#7055175247
1#
#7055275247
0#
#7055375247
1#
#7055475247
0#
#7055575247
1#
#7055675247
0#
#7055775247
1#
#7055875247
0#
#7055975247
1#
#7056075247
0#
#7056175247
1#
#7056275247
0#
#7056375247
1#
#7056475247
0#
#7056575247
1#
#7056675247
0#
#7056775247
1#
#7056875247
0#
#7056975247
1#
#7057075247
0#
#7057175247
1#
#7057275247
0#
#7057375247
1#
#7057475247
0#
#7057575247
1#
#7057675247
0#
#7057775247
1#
#7057875247
0#
#7057975247
1#
#7058075247
0#
#7058175247
1#
#7058275247
0#
#7058375247
1#
#7058475247
0#
#7058575247
1#
#7058675247
0#
#7058775247
1#
#7058875247
0#
#7058975247
1#
#7059075247
0#
#7059175247
1#
#7059275247
0#
#7059375247
1#
#7059475247
0#
#7059575247
1#
#7059675247
0#
#7059775247
1#
#7059875247
0#
#7059975247
1#
#7060075247
0#
#7060175247
1#
#7060275247
0#
#7060375247
1#
#7060475247
0#
#7060575247
1#
#7060675247
0#
#7060775247
1#
#7060875247
0#
#7060975247
1#
#7061075247
0#
#7061175247
1#
#7061275247
0#
#7061375247
1#
#7061475247
0#
#7061575247
1#
#7061675247
0#
#7061775247
1#
#7061875247
0#
#7061975247
1#
#7062075247
0#
#7062175247
1#
#7062275247
0#
#7062375247
1#
#7062475247
0#
#7062575247
1#
#7062675247
0#
#7062775247
1#
#7062875247
0#
#7062975247
1#
#7063075247
0#
#7063175247
1#
#7063275247
0#
#7063375247
1#
#7063475247
0#
#7063575247
1#
#7063675247
0#
#7063775247
1#
#7063875247
0#
#7063975247
1#
#7064075247
0#
#7064175247
1#
#7064275247
0#
#7064375247
1#
#7064475247
0#
#7064575247
1#
#7064675247
0#
#7064775247
1#
#7064875247
0#
#7064975247
1#
#7065075247
0#
#7065175247
1#
#7065275247
0#
#7065375247
1#
#7065475247
0#
#7065575247
1#
#7065675247
0#
#7065775247
1#
#7065875247
0#
#7065975247
1#
#7066075247
0#
#7066175247
1#
#7066275247
0#
#7066375247
1#
#7066475247
0#
#7066575247
1#
#7066675247
0#
#7066775247
1#
#7066875247
0#
#7066975247
1#
#7067075247
0#
#7067175247
1#
#7067275247
0#
#7067375247
1#
#7067475247
0#
#7067575247
1#
#7067675247
0#
#7067775247
1#
#7067875247
0#
#7067975247
1#
#7068075247
0#
#7068175247
1#
#7068275247
0#
#7068375247
1#
#7068475247
0#
#7068575247
1#
#7068675247
0#
#7068775247
1#
#7068875247
0#
#7068975247
1#
#7069075247
0#
#7069175247
1#
#7069275247
0#
#7069375247
1#
#7069475247
0#
#7069575247
1#
#7069675247
0#
#7069775247
1#
#7069875247
0#
#7069975247
1#
#7070075247
0#
#7070175247
1#
#7070275247
0#
#7070375247
1#
#7070475247
0#
#7070575247
1#
#7070675247
0#
#7070775247
1#
#7070875247
0#
#7070975247
1#
#7071075247
0#
#7071175247
1#
#7071275247
0#
#7071375247
1#
#7071475247
0#
#7071575247
1#
#7071675247
0#
#7071775247
1#
#7071875247
0#
#7071975247
1#
#7072075247
0#
#7072175247
1#
#7072275247
0#
#7072375247
1#
#7072475247
0#
#7072575247
1#
#7072675247
0#
#7072775247
1#
#7072875247
0#
#7072975247
1#
#7073075247
0#
#7073175247
1#
#7073275247
0#
#7073375247
1#
#7073475247
0#
#7073575247
1#
#7073675247
0#
#7073775247
1#
#7073875247
0#
#7073975247
1#
#7074075247
0#
#7074175247
1#
#7074275247
0#
#7074375247
1#
#7074475247
0#
#7074575247
1#
#7074675247
0#
#7074775247
1#
#7074875247
0#
#7074975247
1#
#7075075247
0#
#7075175247
1#
#7075275247
0#
#7075375247
1#
#7075475247
0#
#7075575247
1#
#7075675247
0#
#7075775247
1#
#7075875247
0#
#7075975247
1#
#7076075247
0#
#7076175247
1#
#7076275247
0#
#7076375247
1#
#7076475247
0#
#7076575247
1#
#7076675247
0#
#7076775247
1#
#7076875247
0#
#7076975247
1#
#7077075247
0#
#7077175247
1#
#7077275247
0#
#7077375247
1#
#7077475247
0#
#7077575247
1#
#7077675247
0#
#7077775247
1#
#7077875247
0#
#7077975247
1#
#7078075247
0#
#7078175247
1#
#7078275247
0#
#7078375247
1#
#7078475247
0#
#7078575247
1#
#7078675247
0#
#7078775247
1#
#7078875247
0#
#7078975247
1#
#7079075247
0#
#7079175247
1#
#7079275247
0#
#7079375247
1#
#7079475247
0#
#7079575247
1#
#7079675247
0#
#7079775247
1#
#7079875247
0#
#7079975247
1#
#7080075247
0#
#7080175247
1#
#7080275247
0#
#7080375247
1#
#7080475247
0#
#7080575247
1#
#7080675247
0#
#7080775247
1#
#7080875247
0#
#7080975247
1#
#7081075247
0#
#7081175247
1#
#7081275247
0#
#7081375247
1#
#7081475247
0#
#7081575247
1#
#7081675247
0#
#7081775247
1#
#7081875247
0#
#7081975247
1#
#7082075247
0#
#7082175247
1#
#7082275247
0#
#7082375247
1#
#7082475247
0#
#7082575247
1#
#7082675247
0#
#7082775247
1#
#7082875247
0#
#7082975247
1#
#7083075247
0#
#7083175247
1#
#7083275247
0#
#7083375247
1#
#7083475247
0#
#7083575247
1#
#7083675247
0#
#7083775247
1#
#7083875247
0#
#7083975247
1#
#7084075247
0#
#7084175247
1#
#7084275247
0#
#7084375247
1#
#7084475247
0#
#7084575247
1#
#7084675247
0#
#7084775247
1#
#7084875247
0#
#7084975247
1#
#7085075247
0#
#7085175247
1#
#7085275247
0#
#7085375247
1#
#7085475247
0#
#7085575247
1#
#7085675247
0#
#7085775247
1#
#7085875247
0#
#7085975247
1#
#7086075247
0#
#7086175247
1#
#7086275247
0#
#7086375247
1#
#7086475247
0#
#7086575247
1#
#7086675247
0#
#7086775247
1#
#7086875247
0#
#7086975247
1#
#7087075247
0#
#7087175247
1#
#7087275247
0#
#7087375247
1#
#7087475247
0#
#7087575247
1#
#7087675247
0#
#7087775247
1#
#7087875247
0#
#7087975247
1#
#7088075247
0#
#7088175247
1#
#7088275247
0#
#7088375247
1#
#7088475247
0#
#7088575247
1#
#7088675247
0#
#7088775247
1#
#7088875247
0#
#7088975247
1#
#7089075247
0#
#7089175247
1#
#7089275247
0#
#7089375247
1#
#7089475247
0#
#7089575247
1#
#7089675247
0#
#7089775247
1#
#7089875247
0#
#7089975247
1#
#7090075247
0#
#7090175247
1#
#7090275247
0#
#7090375247
1#
#7090475247
0#
#7090575247
1#
#7090675247
0#
#7090775247
1#
#7090875247
0#
#7090975247
1#
#7091075247
0#
#7091175247
1#
#7091275247
0#
#7091375247
1#
#7091475247
0#
#7091575247
1#
#7091675247
0#
#7091775247
1#
#7091875247
0#
#7091975247
1#
#7092075247
0#
#7092175247
1#
#7092275247
0#
#7092375247
1#
#7092475247
0#
#7092575247
1#
#7092675247
0#
#7092775247
1#
#7092875247
0#
#7092975247
1#
#7093075247
0#
#7093175247
1#
#7093275247
0#
#7093375247
1#
#7093475247
0#
#7093575247
1#
#7093675247
0#
#7093775247
1#
#7093875247
0#
#7093975247
1#
#7094075247
0#
#7094175247
1#
#7094275247
0#
#7094375247
1#
#7094475247
0#
#7094575247
1#
#7094675247
0#
#7094775247
1#
#7094875247
0#
#7094975247
1#
#7095075247
0#
#7095175247
1#
#7095275247
0#
#7095375247
1#
#7095475247
0#
#7095575247
1#
#7095675247
0#
#7095775247
1#
#7095875247
0#
#7095975247
1#
#7096075247
0#
#7096175247
1#
#7096275247
0#
#7096375247
1#
#7096475247
0#
#7096575247
1#
#7096675247
0#
#7096775247
1#
#7096875247
0#
#7096975247
1#
#7097075247
0#
#7097175247
1#
#7097275247
0#
#7097375247
1#
#7097475247
0#
#7097575247
1#
#7097675247
0#
#7097775247
1#
#7097875247
0#
#7097975247
1#
#7098075247
0#
#7098175247
1#
#7098275247
0#
#7098375247
1#
#7098475247
0#
#7098575247
1#
#7098675247
0#
#7098775247
1#
#7098875247
0#
#7098975247
1#
#7099075247
0#
#7099175247
1#
#7099275247
0#
#7099375247
1#
#7099475247
0#
#7099575247
1#
#7099675247
0#
#7099775247
1#
#7099875247
0#
#7099975247
1#
#7100075247
0#
#7100175247
1#
#7100275247
0#
#7100375247
1#
#7100475247
0#
#7100575247
1#
#7100675247
0#
#7100775247
1#
#7100875247
0#
#7100975247
1#
#7101075247
0#
#7101175247
1#
#7101275247
0#
#7101375247
1#
#7101475247
0#
#7101575247
1#
#7101675247
0#
#7101775247
1#
#7101875247
0#
#7101975247
1#
#7102075247
0#
#7102175247
1#
#7102275247
0#
#7102375247
1#
#7102475247
0#
#7102575247
1#
#7102675247
0#
#7102775247
1#
#7102875247
0#
#7102975247
1#
#7103075247
0#
#7103175247
1#
#7103275247
0#
#7103375247
1#
#7103475247
0#
#7103575247
1#
#7103675247
0#
#7103775247
1#
#7103875247
0#
#7103975247
1#
#7104075247
0#
#7104175247
1#
#7104275247
0#
#7104375247
1#
#7104475247
0#
#7104575247
1#
#7104675247
0#
#7104775247
1#
#7104875247
0#
#7104975247
1#
#7105075247
0#
#7105175247
1#
#7105275247
0#
#7105375247
1#
#7105475247
0#
#7105575247
1#
#7105675247
0#
#7105775247
1#
#7105875247
0#
#7105975247
1#
#7106075247
0#
#7106175247
1#
#7106275247
0#
#7106375247
1#
#7106475247
0#
#7106575247
1#
#7106675247
0#
#7106775247
1#
#7106875247
0#
#7106975247
1#
#7107075247
0#
#7107175247
1#
#7107275247
0#
#7107375247
1#
#7107475247
0#
#7107575247
1#
#7107675247
0#
#7107775247
1#
#7107875247
0#
#7107975247
1#
#7108075247
0#
#7108175247
1#
#7108275247
0#
#7108375247
1#
#7108475247
0#
#7108575247
1#
#7108675247
0#
#7108775247
1#
#7108875247
0#
#7108975247
1#
#7109075247
0#
#7109175247
1#
#7109275247
0#
#7109375247
1#
#7109475247
0#
#7109575247
1#
#7109675247
0#
#7109775247
1#
#7109875247
0#
#7109975247
1#
#7110075247
0#
#7110175247
1#
#7110275247
0#
#7110375247
1#
#7110475247
0#
#7110575247
1#
#7110675247
0#
#7110775247
1#
#7110875247
0#
#7110975247
1#
#7111075247
0#
#7111175247
1#
#7111275247
0#
#7111375247
1#
#7111475247
0#
#7111575247
1#
#7111675247
0#
#7111775247
1#
#7111875247
0#
#7111975247
1#
#7112075247
0#
#7112175247
1#
#7112275247
0#
#7112375247
1#
#7112475247
0#
#7112575247
1#
#7112675247
0#
#7112775247
1#
#7112875247
0#
#7112975247
1#
#7113075247
0#
#7113175247
1#
#7113275247
0#
#7113375247
1#
#7113475247
0#
#7113575247
1#
#7113675247
0#
#7113775247
1#
#7113875247
0#
#7113975247
1#
#7114075247
0#
#7114175247
1#
#7114275247
0#
#7114375247
1#
#7114475247
0#
#7114575247
1#
#7114675247
0#
#7114775247
1#
#7114875247
0#
#7114975247
1#
#7115075247
0#
#7115175247
1#
#7115275247
0#
#7115375247
1#
#7115475247
0#
#7115575247
1#
#7115675247
0#
#7115775247
1#
#7115875247
0#
#7115975247
1#
#7116075247
0#
#7116175247
1#
#7116275247
0#
#7116375247
1#
#7116475247
0#
#7116575247
1#
#7116675247
0#
#7116775247
1#
#7116875247
0#
#7116975247
1#
#7117075247
0#
#7117175247
1#
#7117275247
0#
#7117375247
1#
#7117475247
0#
#7117575247
1#
#7117675247
0#
#7117775247
1#
#7117875247
0#
#7117975247
1#
#7118075247
0#
#7118175247
1#
#7118275247
0#
#7118375247
1#
#7118475247
0#
#7118575247
1#
#7118675247
0#
#7118775247
1#
#7118875247
0#
#7118975247
1#
#7119075247
0#
#7119175247
1#
#7119275247
0#
#7119375247
1#
#7119475247
0#
#7119575247
1#
#7119675247
0#
#7119775247
1#
#7119875247
0#
#7119975247
1#
#7120075247
0#
#7120175247
1#
#7120275247
0#
#7120375247
1#
#7120475247
0#
#7120575247
1#
#7120675247
0#
#7120775247
1#
#7120875247
0#
#7120975247
1#
#7121075247
0#
#7121175247
1#
#7121275247
0#
#7121375247
1#
#7121475247
0#
#7121575247
1#
#7121675247
0#
#7121775247
1#
#7121875247
0#
#7121975247
1#
#7122075247
0#
#7122175247
1#
#7122275247
0#
#7122375247
1#
#7122475247
0#
#7122575247
1#
#7122675247
0#
#7122775247
1#
#7122875247
0#
#7122975247
1#
#7123075247
0#
#7123175247
1#
#7123275247
0#
#7123375247
1#
#7123475247
0#
#7123575247
1#
#7123675247
0#
#7123775247
1#
#7123875247
0#
#7123975247
1#
#7124075247
0#
#7124175247
1#
#7124275247
0#
#7124375247
1#
#7124475247
0#
#7124575247
1#
#7124675247
0#
#7124775247
1#
#7124875247
0#
#7124975247
1#
#7125075247
0#
#7125175247
1#
#7125275247
0#
#7125375247
1#
#7125475247
0#
#7125575247
1#
#7125675247
0#
#7125775247
1#
#7125875247
0#
#7125975247
1#
#7126075247
0#
#7126175247
1#
#7126275247
0#
#7126375247
1#
#7126475247
0#
#7126575247
1#
#7126675247
0#
#7126775247
1#
#7126875247
0#
#7126975247
1#
#7127075247
0#
#7127175247
1#
#7127275247
0#
#7127375247
1#
#7127475247
0#
#7127575247
1#
#7127675247
0#
#7127775247
1#
#7127875247
0#
#7127975247
1#
#7128075247
0#
#7128175247
1#
#7128275247
0#
#7128375247
1#
#7128475247
0#
#7128575247
1#
#7128675247
0#
#7128775247
1#
#7128875247
0#
#7128975247
1#
#7129075247
0#
#7129175247
1#
#7129275247
0#
#7129375247
1#
#7129475247
0#
#7129575247
1#
#7129675247
0#
#7129775247
1#
#7129875247
0#
#7129975247
1#
#7130075247
0#
#7130175247
1#
#7130275247
0#
#7130375247
1#
#7130475247
0#
#7130575247
1#
#7130675247
0#
#7130775247
1#
#7130875247
0#
#7130975247
1#
#7131075247
0#
#7131175247
1#
#7131275247
0#
#7131375247
1#
#7131475247
0#
#7131575247
1#
#7131675247
0#
#7131775247
1#
#7131875247
0#
#7131975247
1#
#7132075247
0#
#7132175247
1#
#7132275247
0#
#7132375247
1#
#7132475247
0#
#7132575247
1#
#7132675247
0#
#7132775247
1#
#7132875247
0#
#7132975247
1#
#7133075247
0#
#7133175247
1#
#7133275247
0#
#7133375247
1#
#7133475247
0#
#7133575247
1#
#7133675247
0#
#7133775247
1#
#7133875247
0#
#7133975247
1#
#7134075247
0#
#7134175247
1#
#7134275247
0#
#7134375247
1#
#7134475247
0#
#7134575247
1#
#7134675247
0#
#7134775247
1#
#7134875247
0#
#7134975247
1#
#7135075247
0#
#7135175247
1#
#7135275247
0#
#7135375247
1#
#7135475247
0#
#7135575247
1#
#7135675247
0#
#7135775247
1#
#7135875247
0#
#7135975247
1#
#7136075247
0#
#7136175247
1#
#7136275247
0#
#7136375247
1#
#7136475247
0#
#7136575247
1#
#7136675247
0#
#7136775247
1#
#7136875247
0#
#7136975247
1#
#7137075247
0#
#7137175247
1#
#7137275247
0#
#7137375247
1#
#7137475247
0#
#7137575247
1#
#7137675247
0#
#7137775247
1#
#7137875247
0#
#7137975247
1#
#7138075247
0#
#7138175247
1#
#7138275247
0#
#7138375247
1#
#7138475247
0#
#7138575247
1#
#7138675247
0#
#7138775247
1#
#7138875247
0#
#7138975247
1#
#7139075247
0#
#7139175247
1#
#7139275247
0#
#7139375247
1#
#7139475247
0#
#7139575247
1#
#7139675247
0#
#7139775247
1#
#7139875247
0#
#7139975247
1#
#7140075247
0#
#7140175247
1#
#7140275247
0#
#7140375247
1#
#7140475247
0#
#7140575247
1#
#7140675247
0#
#7140775247
1#
#7140875247
0#
#7140975247
1#
#7141075247
0#
#7141175247
1#
#7141275247
0#
#7141375247
1#
#7141475247
0#
#7141575247
1#
#7141675247
0#
#7141775247
1#
#7141875247
0#
#7141975247
1#
#7142075247
0#
#7142175247
1#
#7142275247
0#
#7142375247
1#
#7142475247
0#
#7142575247
1#
#7142675247
0#
#7142775247
1#
#7142875247
0#
#7142975247
1#
#7143075247
0#
#7143175247
1#
#7143275247
0#
#7143375247
1#
#7143475247
0#
#7143575247
1#
#7143675247
0#
#7143775247
1#
#7143875247
0#
#7143975247
1#
#7144075247
0#
#7144175247
1#
#7144275247
0#
#7144375247
1#
#7144475247
0#
#7144575247
1#
#7144675247
0#
#7144775247
1#
#7144875247
0#
#7144975247
1#
#7145075247
0#
#7145175247
1#
#7145275247
0#
#7145375247
1#
#7145475247
0#
#7145575247
1#
#7145675247
0#
#7145775247
1#
#7145875247
0#
#7145975247
1#
#7146075247
0#
#7146175247
1#
#7146275247
0#
#7146375247
1#
#7146475247
0#
#7146575247
1#
#7146675247
0#
#7146775247
1#
#7146875247
0#
#7146975247
1#
#7147075247
0#
#7147175247
1#
#7147275247
0#
#7147375247
1#
#7147475247
0#
#7147575247
1#
#7147675247
0#
#7147775247
1#
#7147875247
0#
#7147975247
1#
#7148075247
0#
#7148175247
1#
#7148275247
0#
#7148375247
1#
#7148475247
0#
#7148575247
1#
#7148675247
0#
#7148775247
1#
#7148875247
0#
#7148975247
1#
#7149075247
0#
#7149175247
1#
#7149275247
0#
#7149375247
1#
#7149475247
0#
#7149575247
1#
#7149675247
0#
#7149775247
1#
#7149875247
0#
#7149975247
1#
#7150075247
0#
#7150175247
1#
#7150275247
0#
#7150375247
1#
#7150475247
0#
#7150575247
1#
#7150675247
0#
#7150775247
1#
#7150875247
0#
#7150975247
1#
#7151075247
0#
#7151175247
1#
#7151275247
0#
#7151375247
1#
#7151475247
0#
#7151575247
1#
#7151675247
0#
#7151775247
1#
#7151875247
0#
#7151975247
1#
#7152075247
0#
#7152175247
1#
#7152275247
0#
#7152375247
1#
#7152475247
0#
#7152575247
1#
#7152675247
0#
#7152775247
1#
#7152875247
0#
#7152975247
1#
#7153075247
0#
#7153175247
1#
#7153275247
0#
#7153375247
1#
#7153475247
0#
#7153575247
1#
#7153675247
0#
#7153775247
1#
#7153875247
0#
#7153975247
1#
#7154075247
0#
#7154175247
1#
#7154275247
0#
#7154375247
1#
#7154475247
0#
#7154575247
1#
#7154675247
0#
#7154775247
1#
#7154875247
0#
#7154975247
1#
#7155075247
0#
#7155175247
1#
#7155275247
0#
#7155375247
1#
#7155475247
0#
#7155575247
1#
#7155675247
0#
#7155775247
1#
#7155875247
0#
#7155975247
1#
#7156075247
0#
#7156175247
1#
#7156275247
0#
#7156375247
1#
#7156475247
0#
#7156575247
1#
#7156675247
0#
#7156775247
1#
#7156875247
0#
#7156975247
1#
#7157075247
0#
#7157175247
1#
#7157275247
0#
#7157375247
1#
#7157475247
0#
#7157575247
1#
#7157675247
0#
#7157775247
1#
#7157875247
0#
#7157975247
1#
#7158075247
0#
#7158175247
1#
#7158275247
0#
#7158375247
1#
#7158475247
0#
#7158575247
1#
#7158675247
0#
#7158775247
1#
#7158875247
0#
#7158975247
1#
#7159075247
0#
#7159175247
1#
#7159275247
0#
#7159375247
1#
#7159475247
0#
#7159575247
1#
#7159675247
0#
#7159775247
1#
#7159875247
0#
#7159975247
1#
#7160075247
0#
#7160175247
1#
#7160275247
0#
#7160375247
1#
#7160475247
0#
#7160575247
1#
#7160675247
0#
#7160775247
1#
#7160875247
0#
#7160975247
1#
#7161075247
0#
#7161175247
1#
#7161275247
0#
#7161375247
1#
#7161475247
0#
#7161575247
1#
#7161675247
0#
#7161775247
1#
#7161875247
0#
#7161975247
1#
#7162075247
0#
#7162175247
1#
#7162275247
0#
#7162375247
1#
#7162475247
0#
#7162575247
1#
#7162675247
0#
#7162775247
1#
#7162875247
0#
#7162975247
1#
#7163075247
0#
#7163175247
1#
#7163275247
0#
#7163375247
1#
#7163475247
0#
#7163575247
1#
#7163675247
0#
#7163775247
1#
#7163875247
0#
#7163975247
1#
#7164075247
0#
#7164175247
1#
#7164275247
0#
#7164375247
1#
#7164475247
0#
#7164575247
1#
#7164675247
0#
#7164775247
1#
#7164875247
0#
#7164975247
1#
#7165075247
0#
#7165175247
1#
#7165275247
0#
#7165375247
1#
#7165475247
0#
#7165575247
1#
#7165675247
0#
#7165775247
1#
#7165875247
0#
#7165975247
1#
#7166075247
0#
#7166175247
1#
#7166275247
0#
#7166375247
1#
#7166475247
0#
#7166575247
1#
#7166675247
0#
#7166775247
1#
#7166875247
0#
#7166975247
1#
#7167075247
0#
#7167175247
1#
#7167275247
0#
#7167375247
1#
#7167475247
0#
#7167575247
1#
#7167675247
0#
#7167775247
1#
#7167875247
0#
#7167975247
1#
#7168075247
0#
#7168175247
1#
#7168275247
0#
#7168375247
1#
#7168475247
0#
#7168575247
1#
#7168675247
0#
#7168775247
1#
#7168875247
0#
#7168975247
1#
#7169075247
0#
#7169175247
1#
#7169275247
0#
#7169375247
1#
#7169475247
0#
#7169575247
1#
#7169675247
0#
#7169775247
1#
#7169875247
0#
#7169975247
1#
#7170075247
0#
#7170175247
1#
#7170275247
0#
#7170375247
1#
#7170475247
0#
#7170575247
1#
#7170675247
0#
#7170775247
1#
#7170875247
0#
#7170975247
1#
#7171075247
0#
#7171175247
1#
#7171275247
0#
#7171375247
1#
#7171475247
0#
#7171575247
1#
#7171675247
0#
#7171775247
1#
#7171875247
0#
#7171975247
1#
#7172075247
0#
#7172175247
1#
#7172275247
0#
#7172375247
1#
#7172475247
0#
#7172575247
1#
#7172675247
0#
#7172775247
1#
#7172875247
0#
#7172975247
1#
#7173075247
0#
#7173175247
1#
#7173275247
0#
#7173375247
1#
#7173475247
0#
#7173575247
1#
#7173675247
0#
#7173775247
1#
#7173875247
0#
#7173975247
1#
#7174075247
0#
#7174175247
1#
#7174275247
0#
#7174375247
1#
#7174475247
0#
#7174575247
1#
#7174675247
0#
#7174775247
1#
#7174875247
0#
#7174975247
1#
#7175075247
0#
#7175175247
1#
#7175275247
0#
#7175375247
1#
#7175475247
0#
#7175575247
1#
#7175675247
0#
#7175775247
1#
#7175875247
0#
#7175975247
1#
#7176075247
0#
#7176175247
1#
#7176275247
0#
#7176375247
1#
#7176475247
0#
#7176575247
1#
#7176675247
0#
#7176775247
1#
#7176875247
0#
#7176975247
1#
#7177075247
0#
#7177175247
1#
#7177275247
0#
#7177375247
1#
#7177475247
0#
#7177575247
1#
#7177675247
0#
#7177775247
1#
#7177875247
0#
#7177975247
1#
#7178075247
0#
#7178175247
1#
#7178275247
0#
#7178375247
1#
#7178475247
0#
#7178575247
1#
#7178675247
0#
#7178775247
1#
#7178875247
0#
#7178975247
1#
#7179075247
0#
#7179175247
1#
#7179275247
0#
#7179375247
1#
#7179475247
0#
#7179575247
1#
#7179675247
0#
#7179775247
1#
#7179875247
0#
#7179975247
1#
#7180075247
0#
#7180175247
1#
#7180275247
0#
#7180375247
1#
#7180475247
0#
#7180575247
1#
#7180675247
0#
#7180775247
1#
#7180875247
0#
#7180975247
1#
#7181075247
0#
#7181175247
1#
#7181275247
0#
#7181375247
1#
#7181475247
0#
#7181575247
1#
#7181675247
0#
#7181775247
1#
#7181875247
0#
#7181975247
1#
#7182075247
0#
#7182175247
1#
#7182275247
0#
#7182375247
1#
#7182475247
0#
#7182575247
1#
#7182675247
0#
#7182775247
1#
#7182875247
0#
#7182975247
1#
#7183075247
0#
#7183175247
1#
#7183275247
0#
#7183375247
1#
#7183475247
0#
#7183575247
1#
#7183675247
0#
#7183775247
1#
#7183875247
0#
#7183975247
1#
#7184075247
0#
#7184175247
1#
#7184275247
0#
#7184375247
1#
#7184475247
0#
#7184575247
1#
#7184675247
0#
#7184775247
1#
#7184875247
0#
#7184975247
1#
#7185075247
0#
#7185175247
1#
#7185275247
0#
#7185375247
1#
#7185475247
0#
#7185575247
1#
#7185675247
0#
#7185775247
1#
#7185875247
0#
#7185975247
1#
#7186075247
0#
#7186175247
1#
#7186275247
0#
#7186375247
1#
#7186475247
0#
#7186575247
1#
#7186675247
0#
#7186775247
1#
#7186875247
0#
#7186975247
1#
#7187075247
0#
#7187175247
1#
#7187275247
0#
#7187375247
1#
#7187475247
0#
#7187575247
1#
#7187675247
0#
#7187775247
1#
#7187875247
0#
#7187975247
1#
#7188075247
0#
#7188175247
1#
#7188275247
0#
#7188375247
1#
#7188475247
0#
#7188575247
1#
#7188675247
0#
#7188775247
1#
#7188875247
0#
#7188975247
1#
#7189075247
0#
#7189175247
1#
#7189275247
0#
#7189375247
1#
#7189475247
0#
#7189575247
1#
#7189675247
0#
#7189775247
1#
#7189875247
0#
#7189975247
1#
#7190075247
0#
#7190175247
1#
#7190275247
0#
#7190375247
1#
#7190475247
0#
#7190575247
1#
#7190675247
0#
#7190775247
1#
#7190875247
0#
#7190975247
1#
#7191075247
0#
#7191175247
1#
#7191275247
0#
#7191375247
1#
#7191475247
0#
#7191575247
1#
#7191675247
0#
#7191775247
1#
#7191875247
0#
#7191975247
1#
#7192075247
0#
#7192175247
1#
#7192275247
0#
#7192375247
1#
#7192475247
0#
#7192575247
1#
#7192675247
0#
#7192775247
1#
#7192875247
0#
#7192975247
1#
#7193075247
0#
#7193175247
1#
#7193275247
0#
#7193375247
1#
#7193475247
0#
#7193575247
1#
#7193675247
0#
#7193775247
1#
#7193875247
0#
#7193975247
1#
#7194075247
0#
#7194175247
1#
#7194275247
0#
#7194375247
1#
#7194475247
0#
#7194575247
1#
#7194675247
0#
#7194775247
1#
#7194875247
0#
#7194975247
1#
#7195075247
0#
#7195175247
1#
#7195275247
0#
#7195375247
1#
#7195475247
0#
#7195575247
1#
#7195675247
0#
#7195775247
1#
#7195875247
0#
#7195975247
1#
#7196075247
0#
#7196175247
1#
#7196275247
0#
#7196375247
1#
#7196475247
0#
#7196575247
1#
#7196675247
0#
#7196775247
1#
#7196875247
0#
#7196975247
1#
#7197075247
0#
#7197175247
1#
#7197275247
0#
#7197375247
1#
#7197475247
0#
#7197575247
1#
#7197675247
0#
#7197775247
1#
#7197875247
0#
#7197975247
1#
#7198075247
0#
#7198175247
1#
#7198275247
0#
#7198375247
1#
#7198475247
0#
#7198575247
1#
#7198675247
0#
#7198775247
1#
#7198875247
0#
#7198975247
1#
#7199075247
0#
#7199175247
1#
#7199275247
0#
#7199375247
1#
#7199475247
0#
#7199575247
1#
#7199675247
0#
#7199775247
1#
#7199875247
0#
#7199975247
1#
#7200075247
0#
#7200175247
1#
#7200275247
0#
#7200375247
1#
#7200475247
0#
#7200575247
1#
#7200675247
0#
#7200775247
1#
#7200875247
0#
#7200975247
1#
#7201075247
0#
#7201175247
1#
#7201275247
0#
#7201375247
1#
#7201475247
0#
#7201575247
1#
#7201675247
0#
#7201775247
1#
#7201875247
0#
#7201975247
1#
#7202075247
0#
#7202175247
1#
#7202275247
0#
#7202375247
1#
#7202475247
0#
#7202575247
1#
#7202675247
0#
#7202775247
1#
#7202875247
0#
#7202975247
1#
#7203075247
0#
#7203175247
1#
#7203275247
0#
#7203375247
1#
#7203475247
0#
#7203575247
1#
#7203675247
0#
#7203775247
1#
#7203875247
0#
#7203975247
1#
#7204075247
0#
#7204175247
1#
#7204275247
0#
#7204375247
1#
#7204475247
0#
#7204575247
1#
#7204675247
0#
#7204775247
1#
#7204875247
0#
#7204975247
1#
#7205075247
0#
#7205175247
1#
#7205275247
0#
#7205375247
1#
#7205475247
0#
#7205575247
1#
#7205675247
0#
#7205775247
1#
#7205875247
0#
#7205975247
1#
#7206075247
0#
#7206175247
1#
#7206275247
0#
#7206375247
1#
#7206475247
0#
#7206575247
1#
#7206675247
0#
#7206775247
1#
#7206875247
0#
#7206975247
1#
#7207075247
0#
#7207175247
1#
#7207275247
0#
#7207375247
1#
#7207475247
0#
#7207575247
1#
#7207675247
0#
#7207775247
1#
#7207875247
0#
#7207975247
1#
#7208075247
0#
#7208175247
1#
#7208275247
0#
#7208375247
1#
#7208475247
0#
#7208575247
1#
#7208675247
0#
#7208775247
1#
#7208875247
0#
#7208975247
1#
#7209075247
0#
#7209175247
1#
#7209275247
0#
#7209375247
1#
#7209475247
0#
#7209575247
1#
#7209675247
0#
#7209775247
1#
#7209875247
0#
#7209975247
1#
#7210075247
0#
#7210175247
1#
#7210275247
0#
#7210375247
1#
#7210475247
0#
#7210575247
1#
#7210675247
0#
#7210775247
1#
#7210875247
0#
#7210975247
1#
#7211075247
0#
#7211175247
1#
#7211275247
0#
#7211375247
1#
#7211475247
0#
#7211575247
1#
#7211675247
0#
#7211775247
1#
#7211875247
0#
#7211975247
1#
#7212075247
0#
#7212175247
1#
#7212275247
0#
#7212375247
1#
#7212475247
0#
#7212575247
1#
#7212675247
0#
#7212775247
1#
#7212875247
0#
#7212975247
1#
#7213075247
0#
#7213175247
1#
#7213275247
0#
#7213375247
1#
#7213475247
0#
#7213575247
1#
#7213675247
0#
#7213775247
1#
#7213875247
0#
#7213975247
1#
#7214075247
0#
#7214175247
1#
#7214275247
0#
#7214375247
1#
#7214475247
0#
#7214575247
1#
#7214675247
0#
#7214775247
1#
#7214875247
0#
#7214975247
1#
#7215075247
0#
#7215175247
1#
#7215275247
0#
#7215375247
1#
#7215475247
0#
#7215575247
1#
#7215675247
0#
#7215775247
1#
#7215875247
0#
#7215975247
1#
#7216075247
0#
#7216175247
1#
#7216275247
0#
#7216375247
1#
#7216475247
0#
#7216575247
1#
#7216675247
0#
#7216775247
1#
#7216875247
0#
#7216975247
1#
#7217075247
0#
#7217175247
1#
#7217275247
0#
#7217375247
1#
#7217475247
0#
#7217575247
1#
#7217675247
0#
#7217775247
1#
#7217875247
0#
#7217975247
1#
#7218075247
0#
#7218175247
1#
#7218275247
0#
#7218375247
1#
#7218475247
0#
#7218575247
1#
#7218675247
0#
#7218775247
1#
#7218875247
0#
#7218975247
1#
#7219075247
0#
#7219175247
1#
#7219275247
0#
#7219375247
1#
#7219475247
0#
#7219575247
1#
#7219675247
0#
#7219775247
1#
#7219875247
0#
#7219975247
1#
#7220075247
0#
#7220175247
1#
#7220275247
0#
#7220375247
1#
#7220475247
0#
#7220575247
1#
#7220675247
0#
#7220775247
1#
#7220875247
0#
#7220975247
1#
#7221075247
0#
#7221175247
1#
#7221275247
0#
#7221375247
1#
#7221475247
0#
#7221575247
1#
#7221675247
0#
#7221775247
1#
#7221875247
0#
#7221975247
1#
#7222075247
0#
#7222175247
1#
#7222275247
0#
#7222375247
1#
#7222475247
0#
#7222575247
1#
#7222675247
0#
#7222775247
1#
#7222875247
0#
#7222975247
1#
#7223075247
0#
#7223175247
1#
#7223275247
0#
#7223375247
1#
#7223475247
0#
#7223575247
1#
#7223675247
0#
#7223775247
1#
#7223875247
0#
#7223975247
1#
#7224075247
0#
#7224175247
1#
#7224275247
0#
#7224375247
1#
#7224475247
0#
#7224575247
1#
#7224675247
0#
#7224775247
1#
#7224875247
0#
#7224975247
1#
#7225075247
0#
#7225175247
1#
#7225275247
0#
#7225375247
1#
#7225475247
0#
#7225575247
1#
#7225675247
0#
#7225775247
1#
#7225875247
0#
#7225975247
1#
#7226075247
0#
#7226175247
1#
#7226275247
0#
#7226375247
1#
#7226475247
0#
#7226575247
1#
#7226675247
0#
#7226775247
1#
#7226875247
0#
#7226975247
1#
#7227075247
0#
#7227175247
1#
#7227275247
0#
#7227375247
1#
#7227475247
0#
#7227575247
1#
#7227675247
0#
#7227775247
1#
#7227875247
0#
#7227975247
1#
#7228075247
0#
#7228175247
1#
#7228275247
0#
#7228375247
1#
#7228475247
0#
#7228575247
1#
#7228675247
0#
#7228775247
1#
#7228875247
0#
#7228975247
1#
#7229075247
0#
#7229175247
1#
#7229275247
0#
#7229375247
1#
#7229475247
0#
#7229575247
1#
#7229675247
0#
#7229775247
1#
#7229875247
0#
#7229975247
1#
#7230075247
0#
#7230175247
1#
#7230275247
0#
#7230375247
1#
#7230475247
0#
#7230575247
1#
#7230675247
0#
#7230775247
1#
#7230875247
0#
#7230975247
1#
#7231075247
0#
#7231175247
1#
#7231275247
0#
#7231375247
1#
#7231475247
0#
#7231575247
1#
#7231675247
0#
#7231775247
1#
#7231875247
0#
#7231975247
1#
#7232075247
0#
#7232175247
1#
#7232275247
0#
#7232375247
1#
#7232475247
0#
#7232575247
1#
#7232675247
0#
#7232775247
1#
#7232875247
0#
#7232975247
1#
#7233075247
0#
#7233175247
1#
#7233275247
0#
#7233375247
1#
#7233475247
0#
#7233575247
1#
#7233675247
0#
#7233775247
1#
#7233875247
0#
#7233975247
1#
#7234075247
0#
#7234175247
1#
#7234275247
0#
#7234375247
1#
#7234475247
0#
#7234575247
1#
#7234675247
0#
#7234775247
1#
#7234875247
0#
#7234975247
1#
#7235075247
0#
#7235175247
1#
#7235275247
0#
#7235375247
1#
#7235475247
0#
#7235575247
1#
#7235675247
0#
#7235775247
1#
#7235875247
0#
#7235975247
1#
#7236075247
0#
#7236175247
1#
#7236275247
0#
#7236375247
1#
#7236475247
0#
#7236575247
1#
#7236675247
0#
#7236775247
1#
#7236875247
0#
#7236975247
1#
#7237075247
0#
#7237175247
1#
#7237275247
0#
#7237375247
1#
#7237475247
0#
#7237575247
1#
#7237675247
0#
#7237775247
1#
#7237875247
0#
#7237975247
1#
#7238075247
0#
#7238175247
1#
#7238275247
0#
#7238375247
1#
#7238475247
0#
#7238575247
1#
#7238675247
0#
#7238775247
1#
#7238875247
0#
#7238975247
1#
#7239075247
0#
#7239175247
1#
#7239275247
0#
#7239375247
1#
#7239475247
0#
#7239575247
1#
#7239675247
0#
#7239775247
1#
#7239875247
0#
#7239975247
1#
#7240075247
0#
#7240175247
1#
#7240275247
0#
#7240375247
1#
#7240475247
0#
#7240575247
1#
#7240675247
0#
#7240775247
1#
#7240875247
0#
#7240975247
1#
#7241075247
0#
#7241175247
1#
#7241275247
0#
#7241375247
1#
#7241475247
0#
#7241575247
1#
#7241675247
0#
#7241775247
1#
#7241875247
0#
#7241975247
1#
#7242075247
0#
#7242175247
1#
#7242275247
0#
#7242375247
1#
#7242475247
0#
#7242575247
1#
#7242675247
0#
#7242775247
1#
#7242875247
0#
#7242975247
1#
#7243075247
0#
#7243175247
1#
#7243275247
0#
#7243375247
1#
#7243475247
0#
#7243575247
1#
#7243675247
0#
#7243775247
1#
#7243875247
0#
#7243975247
1#
#7244075247
0#
#7244175247
1#
#7244275247
0#
#7244375247
1#
#7244475247
0#
#7244575247
1#
#7244675247
0#
#7244775247
1#
#7244875247
0#
#7244975247
1#
#7245075247
0#
#7245175247
1#
#7245275247
0#
#7245375247
1#
#7245475247
0#
#7245575247
1#
#7245675247
0#
#7245775247
1#
#7245875247
0#
#7245975247
1#
#7246075247
0#
#7246175247
1#
#7246275247
0#
#7246375247
1#
#7246475247
0#
#7246575247
1#
#7246675247
0#
#7246775247
1#
#7246875247
0#
#7246975247
1#
#7247075247
0#
#7247175247
1#
#7247275247
0#
#7247375247
1#
#7247475247
0#
#7247575247
1#
#7247675247
0#
#7247775247
1#
#7247875247
0#
#7247975247
1#
#7248075247
0#
#7248175247
1#
#7248275247
0#
#7248375247
1#
#7248475247
0#
#7248575247
1#
#7248675247
0#
#7248775247
1#
#7248875247
0#
#7248975247
1#
#7249075247
0#
#7249175247
1#
#7249275247
0#
#7249375247
1#
#7249475247
0#
#7249575247
1#
#7249675247
0#
#7249775247
1#
#7249875247
0#
#7249975247
1#
#7250075247
0#
#7250175247
1#
#7250275247
0#
#7250375247
1#
#7250475247
0#
#7250575247
1#
#7250675247
0#
#7250775247
1#
#7250875247
0#
#7250975247
1#
#7251075247
0#
#7251175247
1#
#7251275247
0#
#7251375247
1#
#7251475247
0#
#7251575247
1#
#7251675247
0#
#7251775247
1#
#7251875247
0#
#7251975247
1#
#7252075247
0#
#7252175247
1#
#7252275247
0#
#7252375247
1#
#7252475247
0#
#7252575247
1#
#7252675247
0#
#7252775247
1#
#7252875247
0#
#7252975247
1#
#7253075247
0#
#7253175247
1#
#7253275247
0#
#7253375247
1#
#7253475247
0#
#7253575247
1#
#7253675247
0#
#7253775247
1#
#7253875247
0#
#7253975247
1#
#7254075247
0#
#7254175247
1#
#7254275247
0#
#7254375247
1#
#7254475247
0#
#7254575247
1#
#7254675247
0#
#7254775247
1#
#7254875247
0#
#7254975247
1#
#7255075247
0#
#7255175247
1#
#7255275247
0#
#7255375247
1#
#7255475247
0#
#7255575247
1#
#7255675247
0#
#7255775247
1#
#7255875247
0#
#7255975247
1#
#7256075247
0#
#7256175247
1#
#7256275247
0#
#7256375247
1#
#7256475247
0#
#7256575247
1#
#7256675247
0#
#7256775247
1#
#7256875247
0#
#7256975247
1#
#7257075247
0#
#7257175247
1#
#7257275247
0#
#7257375247
1#
#7257475247
0#
#7257575247
1#
#7257675247
0#
#7257775247
1#
#7257875247
0#
#7257975247
1#
#7258075247
0#
#7258175247
1#
#7258275247
0#
#7258375247
1#
#7258475247
0#
#7258575247
1#
#7258675247
0#
#7258775247
1#
#7258875247
0#
#7258975247
1#
#7259075247
0#
#7259175247
1#
#7259275247
0#
#7259375247
1#
#7259475247
0#
#7259575247
1#
#7259675247
0#
#7259775247
1#
#7259875247
0#
#7259975247
1#
#7260075247
0#
#7260175247
1#
#7260275247
0#
#7260375247
1#
#7260475247
0#
#7260575247
1#
#7260675247
0#
#7260775247
1#
#7260875247
0#
#7260975247
1#
#7261075247
0#
#7261175247
1#
#7261275247
0#
#7261375247
1#
#7261475247
0#
#7261575247
1#
#7261675247
0#
#7261775247
1#
#7261875247
0#
#7261975247
1#
#7262075247
0#
#7262175247
1#
#7262275247
0#
#7262375247
1#
#7262475247
0#
#7262575247
1#
#7262675247
0#
#7262775247
1#
#7262875247
0#
#7262975247
1#
#7263075247
0#
#7263175247
1#
#7263275247
0#
#7263375247
1#
#7263475247
0#
#7263575247
1#
#7263675247
0#
#7263775247
1#
#7263875247
0#
#7263975247
1#
#7264075247
0#
#7264175247
1#
#7264275247
0#
#7264375247
1#
#7264475247
0#
#7264575247
1#
#7264675247
0#
#7264775247
1#
#7264875247
0#
#7264975247
1#
#7265075247
0#
#7265175247
1#
#7265275247
0#
#7265375247
1#
#7265475247
0#
#7265575247
1#
#7265675247
0#
#7265775247
1#
#7265875247
0#
#7265975247
1#
#7266075247
0#
#7266175247
1#
#7266275247
0#
#7266375247
1#
#7266475247
0#
#7266575247
1#
#7266675247
0#
#7266775247
1#
#7266875247
0#
#7266975247
1#
#7267075247
0#
#7267175247
1#
#7267275247
0#
#7267375247
1#
#7267475247
0#
#7267575247
1#
#7267675247
0#
#7267775247
1#
#7267875247
0#
#7267975247
1#
#7268075247
0#
#7268175247
1#
#7268275247
0#
#7268375247
1#
#7268475247
0#
#7268575247
1#
#7268675247
0#
#7268775247
1#
#7268875247
0#
#7268975247
1#
#7269075247
0#
#7269175247
1#
#7269275247
0#
#7269375247
1#
#7269475247
0#
#7269575247
1#
#7269675247
0#
#7269775247
1#
#7269875247
0#
#7269975247
1#
#7270075247
0#
#7270175247
1#
#7270275247
0#
#7270375247
1#
#7270475247
0#
#7270575247
1#
#7270675247
0#
#7270775247
1#
#7270875247
0#
#7270975247
1#
#7271075247
0#
#7271175247
1#
#7271275247
0#
#7271375247
1#
#7271475247
0#
#7271575247
1#
#7271675247
0#
#7271775247
1#
#7271875247
0#
#7271975247
1#
#7272075247
0#
#7272175247
1#
#7272275247
0#
#7272375247
1#
#7272475247
0#
#7272575247
1#
#7272675247
0#
#7272775247
1#
#7272875247
0#
#7272975247
1#
#7273075247
0#
#7273175247
1#
#7273275247
0#
#7273375247
1#
#7273475247
0#
#7273575247
1#
#7273675247
0#
#7273775247
1#
#7273875247
0#
#7273975247
1#
#7274075247
0#
#7274175247
1#
#7274275247
0#
#7274375247
1#
#7274475247
0#
#7274575247
1#
#7274675247
0#
#7274775247
1#
#7274875247
0#
#7274975247
1#
#7275075247
0#
#7275175247
1#
#7275275247
0#
#7275375247
1#
#7275475247
0#
#7275575247
1#
#7275675247
0#
#7275775247
1#
#7275875247
0#
#7275975247
1#
#7276075247
0#
#7276175247
1#
#7276275247
0#
#7276375247
1#
#7276475247
0#
#7276575247
1#
#7276675247
0#
#7276775247
1#
#7276875247
0#
#7276975247
1#
#7277075247
0#
#7277175247
1#
#7277275247
0#
#7277375247
1#
#7277475247
0#
#7277575247
1#
#7277675247
0#
#7277775247
1#
#7277875247
0#
#7277975247
1#
#7278075247
0#
#7278175247
1#
#7278275247
0#
#7278375247
1#
#7278475247
0#
#7278575247
1#
#7278675247
0#
#7278775247
1#
#7278875247
0#
#7278975247
1#
#7279075247
0#
#7279175247
1#
#7279275247
0#
#7279375247
1#
#7279475247
0#
#7279575247
1#
#7279675247
0#
#7279775247
1#
#7279875247
0#
#7279975247
1#
#7280075247
0#
#7280175247
1#
#7280275247
0#
#7280375247
1#
#7280475247
0#
#7280575247
1#
#7280675247
0#
#7280775247
1#
#7280875247
0#
#7280975247
1#
#7281075247
0#
#7281175247
1#
#7281275247
0#
#7281375247
1#
#7281475247
0#
#7281575247
1#
#7281675247
0#
#7281775247
1#
#7281875247
0#
#7281975247
1#
#7282075247
0#
#7282175247
1#
#7282275247
0#
#7282375247
1#
#7282475247
0#
#7282575247
1#
#7282675247
0#
#7282775247
1#
#7282875247
0#
#7282975247
1#
#7283075247
0#
#7283175247
1#
#7283275247
0#
#7283375247
1#
#7283475247
0#
#7283575247
1#
#7283675247
0#
#7283775247
1#
#7283875247
0#
#7283975247
1#
#7284075247
0#
#7284175247
1#
#7284275247
0#
#7284375247
1#
#7284475247
0#
#7284575247
1#
#7284675247
0#
#7284775247
1#
#7284875247
0#
#7284975247
1#
#7285075247
0#
#7285175247
1#
#7285275247
0#
#7285375247
1#
#7285475247
0#
#7285575247
1#
#7285675247
0#
#7285775247
1#
#7285875247
0#
#7285975247
1#
#7286075247
0#
#7286175247
1#
#7286275247
0#
#7286375247
1#
#7286475247
0#
#7286575247
1#
#7286675247
0#
#7286775247
1#
#7286875247
0#
#7286975247
1#
#7287075247
0#
#7287175247
1#
#7287275247
0#
#7287375247
1#
#7287475247
0#
#7287575247
1#
#7287675247
0#
#7287775247
1#
#7287875247
0#
#7287975247
1#
#7288075247
0#
#7288175247
1#
#7288275247
0#
#7288375247
1#
#7288475247
0#
#7288575247
1#
#7288675247
0#
#7288775247
1#
#7288875247
0#
#7288975247
1#
#7289075247
0#
#7289175247
1#
#7289275247
0#
#7289375247
1#
#7289475247
0#
#7289575247
1#
#7289675247
0#
#7289775247
1#
#7289875247
0#
#7289975247
1#
#7290075247
0#
#7290175247
1#
#7290275247
0#
#7290375247
1#
#7290475247
0#
#7290575247
1#
#7290675247
0#
#7290775247
1#
#7290875247
0#
#7290975247
1#
#7291075247
0#
#7291175247
1#
#7291275247
0#
#7291375247
1#
#7291475247
0#
#7291575247
1#
#7291675247
0#
#7291775247
1#
#7291875247
0#
#7291975247
1#
#7292075247
0#
#7292175247
1#
#7292275247
0#
#7292375247
1#
#7292475247
0#
#7292575247
1#
#7292675247
0#
#7292775247
1#
#7292875247
0#
#7292975247
1#
#7293075247
0#
#7293175247
1#
#7293275247
0#
#7293375247
1#
#7293475247
0#
#7293575247
1#
#7293675247
0#
#7293775247
1#
#7293875247
0#
#7293975247
1#
#7294075247
0#
#7294175247
1#
#7294275247
0#
#7294375247
1#
#7294475247
0#
#7294575247
1#
#7294675247
0#
#7294775247
1#
#7294875247
0#
#7294975247
1#
#7295075247
0#
#7295175247
1#
#7295275247
0#
#7295375247
1#
#7295475247
0#
#7295575247
1#
#7295675247
0#
#7295775247
1#
#7295875247
0#
#7295975247
1#
#7296075247
0#
#7296175247
1#
#7296275247
0#
#7296375247
1#
#7296475247
0#
#7296575247
1#
#7296675247
0#
#7296775247
1#
#7296875247
0#
#7296975247
1#
#7297075247
0#
#7297175247
1#
#7297275247
0#
#7297375247
1#
#7297475247
0#
#7297575247
1#
#7297675247
0#
#7297775247
1#
#7297875247
0#
#7297975247
1#
#7298075247
0#
#7298175247
1#
#7298275247
0#
#7298375247
1#
#7298475247
0#
#7298575247
1#
#7298675247
0#
#7298775247
1#
#7298875247
0#
#7298975247
1#
#7299075247
0#
#7299175247
1#
#7299275247
0#
#7299375247
1#
#7299475247
0#
#7299575247
1#
#7299675247
0#
#7299775247
1#
#7299875247
0#
#7299975247
1#
#7300075247
0#
#7300175247
1#
#7300275247
0#
#7300375247
1#
#7300475247
0#
#7300575247
1#
#7300675247
0#
#7300775247
1#
#7300875247
0#
#7300975247
1#
#7301075247
0#
#7301175247
1#
#7301275247
0#
#7301375247
1#
#7301475247
0#
#7301575247
1#
#7301675247
0#
#7301775247
1#
#7301875247
0#
#7301975247
1#
#7302075247
0#
#7302175247
1#
#7302275247
0#
#7302375247
1#
#7302475247
0#
#7302575247
1#
#7302675247
0#
#7302775247
1#
#7302875247
0#
#7302975247
1#
#7303075247
0#
#7303175247
1#
#7303275247
0#
#7303375247
1#
#7303475247
0#
#7303575247
1#
#7303675247
0#
#7303775247
1#
#7303875247
0#
#7303975247
1#
#7304075247
0#
#7304175247
1#
#7304275247
0#
#7304375247
1#
#7304475247
0#
#7304575247
1#
#7304675247
0#
#7304775247
1#
#7304875247
0#
#7304975247
1#
#7305075247
0#
#7305175247
1#
#7305275247
0#
#7305375247
1#
#7305475247
0#
#7305575247
1#
#7305675247
0#
#7305775247
1#
#7305875247
0#
#7305975247
1#
#7306075247
0#
#7306175247
1#
#7306275247
0#
#7306375247
1#
#7306475247
0#
#7306575247
1#
#7306675247
0#
#7306775247
1#
#7306875247
0#
#7306975247
1#
#7307075247
0#
#7307175247
1#
#7307275247
0#
#7307375247
1#
#7307475247
0#
#7307575247
1#
#7307675247
0#
#7307775247
1#
#7307875247
0#
#7307975247
1#
#7308075247
0#
#7308175247
1#
#7308275247
0#
#7308375247
1#
#7308475247
0#
#7308575247
1#
#7308675247
0#
#7308775247
1#
#7308875247
0#
#7308975247
1#
#7309075247
0#
#7309175247
1#
#7309275247
0#
#7309375247
1#
#7309475247
0#
#7309575247
1#
#7309675247
0#
#7309775247
1#
#7309875247
0#
#7309975247
1#
#7310075247
0#
#7310175247
1#
#7310275247
0#
#7310375247
1#
#7310475247
0#
#7310575247
1#
#7310675247
0#
#7310775247
1#
#7310875247
0#
#7310975247
1#
#7311075247
0#
#7311175247
1#
#7311275247
0#
#7311375247
1#
#7311475247
0#
#7311575247
1#
#7311675247
0#
#7311775247
1#
#7311875247
0#
#7311975247
1#
#7312075247
0#
#7312175247
1#
#7312275247
0#
#7312375247
1#
#7312475247
0#
#7312575247
1#
#7312675247
0#
#7312775247
1#
#7312875247
0#
#7312975247
1#
#7313075247
0#
#7313175247
1#
#7313275247
0#
#7313375247
1#
#7313475247
0#
#7313575247
1#
#7313675247
0#
#7313775247
1#
#7313875247
0#
#7313975247
1#
#7314075247
0#
#7314175247
1#
#7314275247
0#
#7314375247
1#
#7314475247
0#
#7314575247
1#
#7314675247
0#
#7314775247
1#
#7314875247
0#
#7314975247
1#
#7315075247
0#
#7315175247
1#
#7315275247
0#
#7315375247
1#
#7315475247
0#
#7315575247
1#
#7315675247
0#
#7315775247
1#
#7315875247
0#
#7315975247
1#
#7316075247
0#
#7316175247
1#
#7316275247
0#
#7316375247
1#
#7316475247
0#
#7316575247
1#
#7316675247
0#
#7316775247
1#
#7316875247
0#
#7316975247
1#
#7317075247
0#
#7317175247
1#
#7317275247
0#
#7317375247
1#
#7317475247
0#
#7317575247
1#
#7317675247
0#
#7317775247
1#
#7317875247
0#
#7317975247
1#
#7318075247
0#
#7318175247
1#
#7318275247
0#
#7318375247
1#
#7318475247
0#
#7318575247
1#
#7318675247
0#
#7318775247
1#
#7318875247
0#
#7318975247
1#
#7319075247
0#
#7319175247
1#
#7319275247
0#
#7319375247
1#
#7319475247
0#
#7319575247
1#
#7319675247
0#
#7319775247
1#
#7319875247
0#
#7319975247
1#
#7320075247
0#
#7320175247
1#
#7320275247
0#
#7320375247
1#
#7320475247
0#
#7320575247
1#
#7320675247
0#
#7320775247
1#
#7320875247
0#
#7320975247
1#
#7321075247
0#
#7321175247
1#
#7321275247
0#
#7321375247
1#
#7321475247
0#
#7321575247
1#
#7321675247
0#
#7321775247
1#
#7321875247
0#
#7321975247
1#
#7322075247
0#
#7322175247
1#
#7322275247
0#
#7322375247
1#
#7322475247
0#
#7322575247
1#
#7322675247
0#
#7322775247
1#
#7322875247
0#
#7322975247
1#
#7323075247
0#
#7323175247
1#
#7323275247
0#
#7323375247
1#
#7323475247
0#
#7323575247
1#
#7323675247
0#
#7323775247
1#
#7323875247
0#
#7323975247
1#
#7324075247
0#
#7324175247
1#
#7324275247
0#
#7324375247
1#
#7324475247
0#
#7324575247
1#
#7324675247
0#
#7324775247
1#
#7324875247
0#
#7324975247
1#
#7325075247
0#
#7325175247
1#
#7325275247
0#
#7325375247
1#
#7325475247
0#
#7325575247
1#
#7325675247
0#
#7325775247
1#
#7325875247
0#
#7325975247
1#
#7326075247
0#
#7326175247
1#
#7326275247
0#
#7326375247
1#
#7326475247
0#
#7326575247
1#
#7326675247
0#
#7326775247
1#
#7326875247
0#
#7326975247
1#
#7327075247
0#
#7327175247
1#
#7327275247
0#
#7327375247
1#
#7327475247
0#
#7327575247
1#
#7327675247
0#
#7327775247
1#
#7327875247
0#
#7327975247
1#
#7328075247
0#
#7328175247
1#
#7328275247
0#
#7328375247
1#
#7328475247
0#
#7328575247
1#
#7328675247
0#
#7328775247
1#
#7328875247
0#
#7328975247
1#
#7329075247
0#
#7329175247
1#
#7329275247
0#
#7329375247
1#
#7329475247
0#
#7329575247
1#
#7329675247
0#
#7329775247
1#
#7329875247
0#
#7329975247
1#
#7330075247
0#
#7330175247
1#
#7330275247
0#
#7330375247
1#
#7330475247
0#
#7330575247
1#
#7330675247
0#
#7330775247
1#
#7330875247
0#
#7330975247
1#
#7331075247
0#
#7331175247
1#
#7331275247
0#
#7331375247
1#
#7331475247
0#
#7331575247
1#
#7331675247
0#
#7331775247
1#
#7331875247
0#
#7331975247
1#
#7332075247
0#
#7332175247
1#
#7332275247
0#
#7332375247
1#
#7332475247
0#
#7332575247
1#
#7332675247
0#
#7332775247
1#
#7332875247
0#
#7332975247
1#
#7333075247
0#
#7333175247
1#
#7333275247
0#
#7333375247
1#
#7333475247
0#
#7333575247
1#
#7333675247
0#
#7333775247
1#
#7333875247
0#
#7333975247
1#
#7334075247
0#
#7334175247
1#
#7334275247
0#
#7334375247
1#
#7334475247
0#
#7334575247
1#
#7334675247
0#
#7334775247
1#
#7334875247
0#
#7334975247
1#
#7335075247
0#
#7335175247
1#
#7335275247
0#
#7335375247
1#
#7335475247
0#
#7335575247
1#
#7335675247
0#
#7335775247
1#
#7335875247
0#
#7335975247
1#
#7336075247
0#
#7336175247
1#
#7336275247
0#
#7336375247
1#
#7336475247
0#
#7336575247
1#
#7336675247
0#
#7336775247
1#
#7336875247
0#
#7336975247
1#
#7337075247
0#
#7337175247
1#
#7337275247
0#
#7337375247
1#
#7337475247
0#
#7337575247
1#
#7337675247
0#
#7337775247
1#
#7337875247
0#
#7337975247
1#
#7338075247
0#
#7338175247
1#
#7338275247
0#
#7338375247
1#
#7338475247
0#
#7338575247
1#
#7338675247
0#
#7338775247
1#
#7338875247
0#
#7338975247
1#
#7339075247
0#
#7339175247
1#
#7339275247
0#
#7339375247
1#
#7339475247
0#
#7339575247
1#
#7339675247
0#
#7339775247
1#
#7339875247
0#
#7339975247
1#
#7340075247
0#
#7340175247
1#
#7340275247
0#
#7340375247
1#
#7340475247
0#
#7340575247
1#
#7340675247
0#
#7340775247
1#
#7340875247
0#
#7340975247
1#
#7341075247
0#
#7341175247
1#
#7341275247
0#
#7341375247
1#
#7341475247
0#
#7341575247
1#
#7341675247
0#
#7341775247
1#
#7341875247
0#
#7341975247
1#
#7342075247
0#
#7342175247
1#
#7342275247
0#
#7342375247
1#
#7342475247
0#
#7342575247
1#
#7342675247
0#
#7342775247
1#
#7342875247
0#
#7342975247
1#
#7343075247
0#
#7343175247
1#
#7343275247
0#
#7343375247
1#
#7343475247
0#
#7343575247
1#
#7343675247
0#
#7343775247
1#
#7343875247
0#
#7343975247
1#
#7344075247
0#
#7344175247
1#
#7344275247
0#
#7344375247
1#
#7344475247
0#
#7344575247
1#
#7344675247
0#
#7344775247
1#
#7344875247
0#
#7344975247
1#
#7345075247
0#
#7345175247
1#
#7345275247
0#
#7345375247
1#
#7345475247
0#
#7345575247
1#
#7345675247
0#
#7345775247
1#
#7345875247
0#
#7345975247
1#
#7346075247
0#
#7346175247
1#
#7346275247
0#
#7346375247
1#
#7346475247
0#
#7346575247
1#
#7346675247
0#
#7346775247
1#
#7346875247
0#
#7346975247
1#
#7347075247
0#
#7347175247
1#
#7347275247
0#
#7347375247
1#
#7347475247
0#
#7347575247
1#
#7347675247
0#
#7347775247
1#
#7347875247
0#
#7347975247
1#
#7348075247
0#
#7348175247
1#
#7348275247
0#
#7348375247
1#
#7348475247
0#
#7348575247
1#
#7348675247
0#
#7348775247
1#
#7348875247
0#
#7348975247
1#
#7349075247
0#
#7349175247
1#
#7349275247
0#
#7349375247
1#
#7349475247
0#
#7349575247
1#
#7349675247
0#
#7349775247
1#
#7349875247
0#
#7349975247
1#
#7350075247
0#
#7350175247
1#
#7350275247
0#
#7350375247
1#
#7350475247
0#
#7350575247
1#
#7350675247
0#
#7350775247
1#
#7350875247
0#
#7350975247
1#
#7351075247
0#
#7351175247
1#
#7351275247
0#
#7351375247
1#
#7351475247
0#
#7351575247
1#
#7351675247
0#
#7351775247
1#
#7351875247
0#
#7351975247
1#
#7352075247
0#
#7352175247
1#
#7352275247
0#
#7352375247
1#
#7352475247
0#
#7352575247
1#
#7352675247
0#
#7352775247
1#
#7352875247
0#
#7352975247
1#
#7353075247
0#
#7353175247
1#
#7353275247
0#
#7353375247
1#
#7353475247
0#
#7353575247
1#
#7353675247
0#
#7353775247
1#
#7353875247
0#
#7353975247
1#
#7354075247
0#
#7354175247
1#
#7354275247
0#
#7354375247
1#
#7354475247
0#
#7354575247
1#
#7354675247
0#
#7354775247
1#
#7354875247
0#
#7354975247
1#
#7355075247
0#
#7355175247
1#
#7355275247
0#
#7355375247
1#
#7355475247
0#
#7355575247
1#
#7355675247
0#
#7355775247
1#
#7355875247
0#
#7355975247
1#
#7356075247
0#
#7356175247
1#
#7356275247
0#
#7356375247
1#
#7356475247
0#
#7356575247
1#
#7356675247
0#
#7356775247
1#
#7356875247
0#
#7356975247
1#
#7357075247
0#
#7357175247
1#
#7357275247
0#
#7357375247
1#
#7357475247
0#
#7357575247
1#
#7357675247
0#
#7357775247
1#
#7357875247
0#
#7357975247
1#
#7358075247
0#
#7358175247
1#
#7358275247
0#
#7358375247
1#
#7358475247
0#
#7358575247
1#
#7358675247
0#
#7358775247
1#
#7358875247
0#
#7358975247
1#
#7359075247
0#
#7359175247
1#
#7359275247
0#
#7359375247
1#
#7359475247
0#
#7359575247
1#
#7359675247
0#
#7359775247
1#
#7359875247
0#
#7359975247
1#
#7360075247
0#
#7360175247
1#
#7360275247
0#
#7360375247
1#
#7360475247
0#
#7360575247
1#
#7360675247
0#
#7360775247
1#
#7360875247
0#
#7360975247
1#
#7361075247
0#
#7361175247
1#
#7361275247
0#
#7361375247
1#
#7361475247
0#
#7361575247
1#
#7361675247
0#
#7361775247
1#
#7361875247
0#
#7361975247
1#
#7362075247
0#
#7362175247
1#
#7362275247
0#
#7362375247
1#
#7362475247
0#
#7362575247
1#
#7362675247
0#
#7362775247
1#
#7362875247
0#
#7362975247
1#
#7363075247
0#
#7363175247
1#
#7363275247
0#
#7363375247
1#
#7363475247
0#
#7363575247
1#
#7363675247
0#
#7363775247
1#
#7363875247
0#
#7363975247
1#
#7364075247
0#
#7364175247
1#
#7364275247
0#
#7364375247
1#
#7364475247
0#
#7364575247
1#
#7364675247
0#
#7364775247
1#
#7364875247
0#
#7364975247
1#
#7365075247
0#
#7365175247
1#
#7365275247
0#
#7365375247
1#
#7365475247
0#
#7365575247
1#
#7365675247
0#
#7365775247
1#
#7365875247
0#
#7365975247
1#
#7366075247
0#
#7366175247
1#
#7366275247
0#
#7366375247
1#
#7366475247
0#
#7366575247
1#
#7366675247
0#
#7366775247
1#
#7366875247
0#
#7366975247
1#
#7367075247
0#
#7367175247
1#
#7367275247
0#
#7367375247
1#
#7367475247
0#
#7367575247
1#
#7367675247
0#
#7367775247
1#
#7367875247
0#
#7367975247
1#
#7368075247
0#
#7368175247
1#
#7368275247
0#
#7368375247
1#
#7368475247
0#
#7368575247
1#
#7368675247
0#
#7368775247
1#
#7368875247
0#
#7368975247
1#
#7369075247
0#
#7369175247
1#
#7369275247
0#
#7369375247
1#
#7369475247
0#
#7369575247
1#
#7369675247
0#
#7369775247
1#
#7369875247
0#
#7369975247
1#
#7370075247
0#
#7370175247
1#
#7370275247
0#
#7370375247
1#
#7370475247
0#
#7370575247
1#
#7370675247
0#
#7370775247
1#
#7370875247
0#
#7370975247
1#
#7371075247
0#
#7371175247
1#
#7371275247
0#
#7371375247
1#
#7371475247
0#
#7371575247
1#
#7371675247
0#
#7371775247
1#
#7371875247
0#
#7371975247
1#
#7372075247
0#
#7372175247
1#
#7372275247
0#
#7372375247
1#
#7372475247
0#
#7372575247
1#
#7372675247
0#
#7372775247
1#
#7372875247
0#
#7372975247
1#
#7373075247
0#
#7373175247
1#
#7373275247
0#
#7373375247
1#
#7373475247
0#
#7373575247
1#
#7373675247
0#
#7373775247
1#
#7373875247
0#
#7373975247
1#
#7374075247
0#
#7374175247
1#
#7374275247
0#
#7374375247
1#
#7374475247
0#
#7374575247
1#
#7374675247
0#
#7374775247
1#
#7374875247
0#
#7374975247
1#
#7375075247
0#
#7375175247
1#
#7375275247
0#
#7375375247
1#
#7375475247
0#
#7375575247
1#
#7375675247
0#
#7375775247
1#
#7375875247
0#
#7375975247
1#
#7376075247
0#
#7376175247
1#
#7376275247
0#
#7376375247
1#
#7376475247
0#
#7376575247
1#
#7376675247
0#
#7376775247
1#
#7376875247
0#
#7376975247
1#
#7377075247
0#
#7377175247
1#
#7377275247
0#
#7377375247
1#
#7377475247
0#
#7377575247
1#
#7377675247
0#
#7377775247
1#
#7377875247
0#
#7377975247
1#
#7378075247
0#
#7378175247
1#
#7378275247
0#
#7378375247
1#
#7378475247
0#
#7378575247
1#
#7378675247
0#
#7378775247
1#
#7378875247
0#
#7378975247
1#
#7379075247
0#
#7379175247
1#
#7379275247
0#
#7379375247
1#
#7379475247
0#
#7379575247
1#
#7379675247
0#
#7379775247
1#
#7379875247
0#
#7379975247
1#
#7380075247
0#
#7380175247
1#
#7380275247
0#
#7380375247
1#
#7380475247
0#
#7380575247
1#
#7380675247
0#
#7380775247
1#
#7380875247
0#
#7380975247
1#
#7381075247
0#
#7381175247
1#
#7381275247
0#
#7381375247
1#
#7381475247
0#
#7381575247
1#
#7381675247
0#
#7381775247
1#
#7381875247
0#
#7381975247
1#
#7382075247
0#
#7382175247
1#
#7382275247
0#
#7382375247
1#
#7382475247
0#
#7382575247
1#
#7382675247
0#
#7382775247
1#
#7382875247
0#
#7382975247
1#
#7383075247
0#
#7383175247
1#
#7383275247
0#
#7383375247
1#
#7383475247
0#
#7383575247
1#
#7383675247
0#
#7383775247
1#
#7383875247
0#
#7383975247
1#
#7384075247
0#
#7384175247
1#
#7384275247
0#
#7384375247
1#
#7384475247
0#
#7384575247
1#
#7384675247
0#
#7384775247
1#
#7384875247
0#
#7384975247
1#
#7385075247
0#
#7385175247
1#
#7385275247
0#
#7385375247
1#
#7385475247
0#
#7385575247
1#
#7385675247
0#
#7385775247
1#
#7385875247
0#
#7385975247
1#
#7386075247
0#
#7386175247
1#
#7386275247
0#
#7386375247
1#
#7386475247
0#
#7386575247
1#
#7386675247
0#
#7386775247
1#
#7386875247
0#
#7386975247
1#
#7387075247
0#
#7387175247
1#
#7387275247
0#
#7387375247
1#
#7387475247
0#
#7387575247
1#
#7387675247
0#
#7387775247
1#
#7387875247
0#
#7387975247
1#
#7388075247
0#
#7388175247
1#
#7388275247
0#
#7388375247
1#
#7388475247
0#
#7388575247
1#
#7388675247
0#
#7388775247
1#
#7388875247
0#
#7388975247
1#
#7389075247
0#
#7389175247
1#
#7389275247
0#
#7389375247
1#
#7389475247
0#
#7389575247
1#
#7389675247
0#
#7389775247
1#
#7389875247
0#
#7389975247
1#
#7390075247
0#
#7390175247
1#
#7390275247
0#
#7390375247
1#
#7390475247
0#
#7390575247
1#
#7390675247
0#
#7390775247
1#
#7390875247
0#
#7390975247
1#
#7391075247
0#
#7391175247
1#
#7391275247
0#
#7391375247
1#
#7391475247
0#
#7391575247
1#
#7391675247
0#
#7391775247
1#
#7391875247
0#
#7391975247
1#
#7392075247
0#
#7392175247
1#
#7392275247
0#
#7392375247
1#
#7392475247
0#
#7392575247
1#
#7392675247
0#
#7392775247
1#
#7392875247
0#
#7392975247
1#
#7393075247
0#
#7393175247
1#
#7393275247
0#
#7393375247
1#
#7393475247
0#
#7393575247
1#
#7393675247
0#
#7393775247
1#
#7393875247
0#
#7393975247
1#
#7394075247
0#
#7394175247
1#
#7394275247
0#
#7394375247
1#
#7394475247
0#
#7394575247
1#
#7394675247
0#
#7394775247
1#
#7394875247
0#
#7394975247
1#
#7395075247
0#
#7395175247
1#
#7395275247
0#
#7395375247
1#
#7395475247
0#
#7395575247
1#
#7395675247
0#
#7395775247
1#
#7395875247
0#
#7395975247
1#
#7396075247
0#
#7396175247
1#
#7396275247
0#
#7396375247
1#
#7396475247
0#
#7396575247
1#
#7396675247
0#
#7396775247
1#
#7396875247
0#
#7396975247
1#
#7397075247
0#
#7397175247
1#
#7397275247
0#
#7397375247
1#
#7397475247
0#
#7397575247
1#
#7397675247
0#
#7397775247
1#
#7397875247
0#
#7397975247
1#
#7398075247
0#
#7398175247
1#
#7398275247
0#
#7398375247
1#
#7398475247
0#
#7398575247
1#
#7398675247
0#
#7398775247
1#
#7398875247
0#
#7398975247
1#
#7399075247
0#
#7399175247
1#
#7399275247
0#
#7399375247
1#
#7399475247
0#
#7399575247
1#
#7399675247
0#
#7399775247
1#
#7399875247
0#
#7399975247
1#
#7400075247
0#
#7400175247
1#
#7400275247
0#
#7400375247
1#
#7400475247
0#
#7400575247
1#
#7400675247
0#
#7400775247
1#
#7400875247
0#
#7400975247
1#
#7401075247
0#
#7401175247
1#
#7401275247
0#
#7401375247
1#
#7401475247
0#
#7401575247
1#
#7401675247
0#
#7401775247
1#
#7401875247
0#
#7401975247
1#
#7402075247
0#
#7402175247
1#
#7402275247
0#
#7402375247
1#
#7402475247
0#
#7402575247
1#
#7402675247
0#
#7402775247
1#
#7402875247
0#
#7402975247
1#
#7403075247
0#
#7403175247
1#
#7403275247
0#
#7403375247
1#
#7403475247
0#
#7403575247
1#
#7403675247
0#
#7403775247
1#
#7403875247
0#
#7403975247
1#
#7404075247
0#
#7404175247
1#
#7404275247
0#
#7404375247
1#
#7404475247
0#
#7404575247
1#
#7404675247
0#
#7404775247
1#
#7404875247
0#
#7404975247
1#
#7405075247
0#
#7405175247
1#
#7405275247
0#
#7405375247
1#
#7405475247
0#
#7405575247
1#
#7405675247
0#
#7405775247
1#
#7405875247
0#
#7405975247
1#
#7406075247
0#
#7406175247
1#
#7406275247
0#
#7406375247
1#
#7406475247
0#
#7406575247
1#
#7406675247
0#
#7406775247
1#
#7406875247
0#
#7406975247
1#
#7407075247
0#
#7407175247
1#
#7407275247
0#
#7407375247
1#
#7407475247
0#
#7407575247
1#
#7407675247
0#
#7407775247
1#
#7407875247
0#
#7407975247
1#
#7408075247
0#
#7408175247
1#
#7408275247
0#
#7408375247
1#
#7408475247
0#
#7408575247
1#
#7408675247
0#
#7408775247
1#
#7408875247
0#
#7408975247
1#
#7409075247
0#
#7409175247
1#
#7409275247
0#
#7409375247
1#
#7409475247
0#
#7409575247
1#
#7409675247
0#
#7409775247
1#
#7409875247
0#
#7409975247
1#
#7410075247
0#
#7410175247
1#
#7410275247
0#
#7410375247
1#
#7410475247
0#
#7410575247
1#
#7410675247
0#
#7410775247
1#
#7410875247
0#
#7410975247
1#
#7411075247
0#
#7411175247
1#
#7411275247
0#
#7411375247
1#
#7411475247
0#
#7411575247
1#
#7411675247
0#
#7411775247
1#
#7411875247
0#
#7411975247
1#
#7412075247
0#
#7412175247
1#
#7412275247
0#
#7412375247
1#
#7412475247
0#
#7412575247
1#
#7412675247
0#
#7412775247
1#
#7412875247
0#
#7412975247
1#
#7413075247
0#
#7413175247
1#
#7413275247
0#
#7413375247
1#
#7413475247
0#
#7413575247
1#
#7413675247
0#
#7413775247
1#
#7413875247
0#
#7413975247
1#
#7414075247
0#
#7414175247
1#
#7414275247
0#
#7414375247
1#
#7414475247
0#
#7414575247
1#
#7414675247
0#
#7414775247
1#
#7414875247
0#
#7414975247
1#
#7415075247
0#
#7415175247
1#
#7415275247
0#
#7415375247
1#
#7415475247
0#
#7415575247
1#
#7415675247
0#
#7415775247
1#
#7415875247
0#
#7415975247
1#
#7416075247
0#
#7416175247
1#
#7416275247
0#
#7416375247
1#
#7416475247
0#
#7416575247
1#
#7416675247
0#
#7416775247
1#
#7416875247
0#
#7416975247
1#
#7417075247
0#
#7417175247
1#
#7417275247
0#
#7417375247
1#
#7417475247
0#
#7417575247
1#
#7417675247
0#
#7417775247
1#
#7417875247
0#
#7417975247
1#
#7418075247
0#
#7418175247
1#
#7418275247
0#
#7418375247
1#
#7418475247
0#
#7418575247
1#
#7418675247
0#
#7418775247
1#
#7418875247
0#
#7418975247
1#
#7419075247
0#
#7419175247
1#
#7419275247
0#
#7419375247
1#
#7419475247
0#
#7419575247
1#
#7419675247
0#
#7419775247
1#
#7419875247
0#
#7419975247
1#
#7420075247
0#
#7420175247
1#
#7420275247
0#
#7420375247
1#
#7420475247
0#
#7420575247
1#
#7420675247
0#
#7420775247
1#
#7420875247
0#
#7420975247
1#
#7421075247
0#
#7421175247
1#
#7421275247
0#
#7421375247
1#
#7421475247
0#
#7421575247
1#
#7421675247
0#
#7421775247
1#
#7421875247
0#
#7421975247
1#
#7422075247
0#
#7422175247
1#
#7422275247
0#
#7422375247
1#
#7422475247
0#
#7422575247
1#
#7422675247
0#
#7422775247
1#
#7422875247
0#
#7422975247
1#
#7423075247
0#
#7423175247
1#
#7423275247
0#
#7423375247
1#
#7423475247
0#
#7423575247
1#
#7423675247
0#
#7423775247
1#
#7423875247
0#
#7423975247
1#
#7424075247
0#
#7424175247
1#
#7424275247
0#
#7424375247
1#
#7424475247
0#
#7424575247
1#
#7424675247
0#
#7424775247
1#
#7424875247
0#
#7424975247
1#
#7425075247
0#
#7425175247
1#
#7425275247
0#
#7425375247
1#
#7425475247
0#
#7425575247
1#
#7425675247
0#
#7425775247
1#
#7425875247
0#
#7425975247
1#
#7426075247
0#
#7426175247
1#
#7426275247
0#
#7426375247
1#
#7426475247
0#
#7426575247
1#
#7426675247
0#
#7426775247
1#
#7426875247
0#
#7426975247
1#
#7427075247
0#
#7427175247
1#
#7427275247
0#
#7427375247
1#
#7427475247
0#
#7427575247
1#
#7427675247
0#
#7427775247
1#
#7427875247
0#
#7427975247
1#
#7428075247
0#
#7428175247
1#
#7428275247
0#
#7428375247
1#
#7428475247
0#
#7428575247
1#
#7428675247
0#
#7428775247
1#
#7428875247
0#
#7428975247
1#
#7429075247
0#
#7429175247
1#
#7429275247
0#
#7429375247
1#
#7429475247
0#
#7429575247
1#
#7429675247
0#
#7429775247
1#
#7429875247
0#
#7429975247
1#
#7430075247
0#
#7430175247
1#
#7430275247
0#
#7430375247
1#
#7430475247
0#
#7430575247
1#
#7430675247
0#
#7430775247
1#
#7430875247
0#
#7430975247
1#
#7431075247
0#
#7431175247
1#
#7431275247
0#
#7431375247
1#
#7431475247
0#
#7431575247
1#
#7431675247
0#
#7431775247
1#
#7431875247
0#
#7431975247
1#
#7432075247
0#
#7432175247
1#
#7432275247
0#
#7432375247
1#
#7432475247
0#
#7432575247
1#
#7432675247
0#
#7432775247
1#
#7432875247
0#
#7432975247
1#
#7433075247
0#
#7433175247
1#
#7433275247
0#
#7433375247
1#
#7433475247
0#
#7433575247
1#
#7433675247
0#
#7433775247
1#
#7433875247
0#
#7433975247
1#
#7434075247
0#
#7434175247
1#
#7434275247
0#
#7434375247
1#
#7434475247
0#
#7434575247
1#
#7434675247
0#
#7434775247
1#
#7434875247
0#
#7434975247
1#
#7435075247
0#
#7435175247
1#
#7435275247
0#
#7435375247
1#
#7435475247
0#
#7435575247
1#
#7435675247
0#
#7435775247
1#
#7435875247
0#
#7435975247
1#
#7436075247
0#
#7436175247
1#
#7436275247
0#
#7436375247
1#
#7436475247
0#
#7436575247
1#
#7436675247
0#
#7436775247
1#
#7436875247
0#
#7436975247
1#
#7437075247
0#
#7437175247
1#
#7437275247
0#
#7437375247
1#
#7437475247
0#
#7437575247
1#
#7437675247
0#
#7437775247
1#
#7437875247
0#
#7437975247
1#
#7438075247
0#
#7438175247
1#
#7438275247
0#
#7438375247
1#
#7438475247
0#
#7438575247
1#
#7438675247
0#
#7438775247
1#
#7438875247
0#
#7438975247
1#
#7439075247
0#
#7439175247
1#
#7439275247
0#
#7439375247
1#
#7439475247
0#
#7439575247
1#
#7439675247
0#
#7439775247
1#
#7439875247
0#
#7439975247
1#
#7440075247
0#
#7440175247
1#
#7440275247
0#
#7440375247
1#
#7440475247
0#
#7440575247
1#
#7440675247
0#
#7440775247
1#
#7440875247
0#
#7440975247
1#
#7441075247
0#
#7441175247
1#
#7441275247
0#
#7441375247
1#
#7441475247
0#
#7441575247
1#
#7441675247
0#
#7441775247
1#
#7441875247
0#
#7441975247
1#
#7442075247
0#
#7442175247
1#
#7442275247
0#
#7442375247
1#
#7442475247
0#
#7442575247
1#
#7442675247
0#
#7442775247
1#
#7442875247
0#
#7442975247
1#
#7443075247
0#
#7443175247
1#
#7443275247
0#
#7443375247
1#
#7443475247
0#
#7443575247
1#
#7443675247
0#
#7443775247
1#
#7443875247
0#
#7443975247
1#
#7444075247
0#
#7444175247
1#
#7444275247
0#
#7444375247
1#
#7444475247
0#
#7444575247
1#
#7444675247
0#
#7444775247
1#
#7444875247
0#
#7444975247
1#
#7445075247
0#
#7445175247
1#
#7445275247
0#
#7445375247
1#
#7445475247
0#
#7445575247
1#
#7445675247
0#
#7445775247
1#
#7445875247
0#
#7445975247
1#
#7446075247
0#
#7446175247
1#
#7446275247
0#
#7446375247
1#
#7446475247
0#
#7446575247
1#
#7446675247
0#
#7446775247
1#
#7446875247
0#
#7446975247
1#
#7447075247
0#
#7447175247
1#
#7447275247
0#
#7447375247
1#
#7447475247
0#
#7447575247
1#
#7447675247
0#
#7447775247
1#
#7447875247
0#
#7447975247
1#
#7448075247
0#
#7448175247
1#
#7448275247
0#
#7448375247
1#
#7448475247
0#
#7448575247
1#
#7448675247
0#
#7448775247
1#
#7448875247
0#
#7448975247
1#
#7449075247
0#
#7449175247
1#
#7449275247
0#
#7449375247
1#
#7449475247
0#
#7449575247
1#
#7449675247
0#
#7449775247
1#
#7449875247
0#
#7449975247
1#
#7450075247
0#
#7450175247
1#
#7450275247
0#
#7450375247
1#
#7450475247
0#
#7450575247
1#
#7450675247
0#
#7450775247
1#
#7450875247
0#
#7450975247
1#
#7451075247
0#
#7451175247
1#
#7451275247
0#
#7451375247
1#
#7451475247
0#
#7451575247
1#
#7451675247
0#
#7451775247
1#
#7451875247
0#
#7451975247
1#
#7452075247
0#
#7452175247
1#
#7452275247
0#
#7452375247
1#
#7452475247
0#
#7452575247
1#
#7452675247
0#
#7452775247
1#
#7452875247
0#
#7452975247
1#
#7453075247
0#
#7453175247
1#
#7453275247
0#
#7453375247
1#
#7453475247
0#
#7453575247
1#
#7453675247
0#
#7453775247
1#
#7453875247
0#
#7453975247
1#
#7454075247
0#
#7454175247
1#
#7454275247
0#
#7454375247
1#
#7454475247
0#
#7454575247
1#
#7454675247
0#
#7454775247
1#
#7454875247
0#
#7454975247
1#
#7455075247
0#
#7455175247
1#
#7455275247
0#
#7455375247
1#
#7455475247
0#
#7455575247
1#
#7455675247
0#
#7455775247
1#
#7455875247
0#
#7455975247
1#
#7456075247
0#
#7456175247
1#
#7456275247
0#
#7456375247
1#
#7456475247
0#
#7456575247
1#
#7456675247
0#
#7456775247
1#
#7456875247
0#
#7456975247
1#
#7457075247
0#
#7457175247
1#
#7457275247
0#
#7457375247
1#
#7457475247
0#
#7457575247
1#
#7457675247
0#
#7457775247
1#
#7457875247
0#
#7457975247
1#
#7458075247
0#
#7458175247
1#
#7458275247
0#
#7458375247
1#
#7458475247
0#
#7458575247
1#
#7458675247
0#
#7458775247
1#
#7458875247
0#
#7458975247
1#
#7459075247
0#
#7459175247
1#
#7459275247
0#
#7459375247
1#
#7459475247
0#
#7459575247
1#
#7459675247
0#
#7459775247
1#
#7459875247
0#
#7459975247
1#
#7460075247
0#
#7460175247
1#
#7460275247
0#
#7460375247
1#
#7460475247
0#
#7460575247
1#
#7460675247
0#
#7460775247
1#
#7460875247
0#
#7460975247
1#
#7461075247
0#
#7461175247
1#
#7461275247
0#
#7461375247
1#
#7461475247
0#
#7461575247
1#
#7461675247
0#
#7461775247
1#
#7461875247
0#
#7461975247
1#
#7462075247
0#
#7462175247
1#
#7462275247
0#
#7462375247
1#
#7462475247
0#
#7462575247
1#
#7462675247
0#
#7462775247
1#
#7462875247
0#
#7462975247
1#
#7463075247
0#
#7463175247
1#
#7463275247
0#
#7463375247
1#
#7463475247
0#
#7463575247
1#
#7463675247
0#
#7463775247
1#
#7463875247
0#
#7463975247
1#
#7464075247
0#
#7464175247
1#
#7464275247
0#
#7464375247
1#
#7464475247
0#
#7464575247
1#
#7464675247
0#
#7464775247
1#
#7464875247
0#
#7464975247
1#
#7465075247
0#
#7465175247
1#
#7465275247
0#
#7465375247
1#
#7465475247
0#
#7465575247
1#
#7465675247
0#
#7465775247
1#
#7465875247
0#
#7465975247
1#
#7466075247
0#
#7466175247
1#
#7466275247
0#
#7466375247
1#
#7466475247
0#
#7466575247
1#
#7466675247
0#
#7466775247
1#
#7466875247
0#
#7466975247
1#
#7467075247
0#
#7467175247
1#
#7467275247
0#
#7467375247
1#
#7467475247
0#
#7467575247
1#
#7467675247
0#
#7467775247
1#
#7467875247
0#
#7467975247
1#
#7468075247
0#
#7468175247
1#
#7468275247
0#
#7468375247
1#
#7468475247
0#
#7468575247
1#
#7468675247
0#
#7468775247
1#
#7468875247
0#
#7468975247
1#
#7469075247
0#
#7469175247
1#
#7469275247
0#
#7469375247
1#
#7469475247
0#
#7469575247
1#
#7469675247
0#
#7469775247
1#
#7469875247
0#
#7469975247
1#
#7470075247
0#
#7470175247
1#
#7470275247
0#
#7470375247
1#
#7470475247
0#
#7470575247
1#
#7470675247
0#
#7470775247
1#
#7470875247
0#
#7470975247
1#
#7471075247
0#
#7471175247
1#
#7471275247
0#
#7471375247
1#
#7471475247
0#
#7471575247
1#
#7471675247
0#
#7471775247
1#
#7471875247
0#
#7471975247
1#
#7472075247
0#
#7472175247
1#
#7472275247
0#
#7472375247
1#
#7472475247
0#
#7472575247
1#
#7472675247
0#
#7472775247
1#
#7472875247
0#
#7472975247
1#
#7473075247
0#
#7473175247
1#
#7473275247
0#
#7473375247
1#
#7473475247
0#
#7473575247
1#
#7473675247
0#
#7473775247
1#
#7473875247
0#
#7473975247
1#
#7474075247
0#
#7474175247
1#
#7474275247
0#
#7474375247
1#
#7474475247
0#
#7474575247
1#
#7474675247
0#
#7474775247
1#
#7474875247
0#
#7474975247
1#
#7475075247
0#
#7475175247
1#
#7475275247
0#
#7475375247
1#
#7475475247
0#
#7475575247
1#
#7475675247
0#
#7475775247
1#
#7475875247
0#
#7475975247
1#
#7476075247
0#
#7476175247
1#
#7476275247
0#
#7476375247
1#
#7476475247
0#
#7476575247
1#
#7476675247
0#
#7476775247
1#
#7476875247
0#
#7476975247
1#
#7477075247
0#
#7477175247
1#
#7477275247
0#
#7477375247
1#
#7477475247
0#
#7477575247
1#
#7477675247
0#
#7477775247
1#
#7477875247
0#
#7477975247
1#
#7478075247
0#
#7478175247
1#
#7478275247
0#
#7478375247
1#
#7478475247
0#
#7478575247
1#
#7478675247
0#
#7478775247
1#
#7478875247
0#
#7478975247
1#
#7479075247
0#
#7479175247
1#
#7479275247
0#
#7479375247
1#
#7479475247
0#
#7479575247
1#
#7479675247
0#
#7479775247
1#
#7479875247
0#
#7479975247
1#
#7480075247
0#
#7480175247
1#
#7480275247
0#
#7480375247
1#
#7480475247
0#
#7480575247
1#
#7480675247
0#
#7480775247
1#
#7480875247
0#
#7480975247
1#
#7481075247
0#
#7481175247
1#
#7481275247
0#
#7481375247
1#
#7481475247
0#
#7481575247
1#
#7481675247
0#
#7481775247
1#
#7481875247
0#
#7481975247
1#
#7482075247
0#
#7482175247
1#
#7482275247
0#
#7482375247
1#
#7482475247
0#
#7482575247
1#
#7482675247
0#
#7482775247
1#
#7482875247
0#
#7482975247
1#
#7483075247
0#
#7483175247
1#
#7483275247
0#
#7483375247
1#
#7483475247
0#
#7483575247
1#
#7483675247
0#
#7483775247
1#
#7483875247
0#
#7483975247
1#
#7484075247
0#
#7484175247
1#
#7484275247
0#
#7484375247
1#
#7484475247
0#
#7484575247
1#
#7484675247
0#
#7484775247
1#
#7484875247
0#
#7484975247
1#
#7485075247
0#
#7485175247
1#
#7485275247
0#
#7485375247
1#
#7485475247
0#
#7485575247
1#
#7485675247
0#
#7485775247
1#
#7485875247
0#
#7485975247
1#
#7486075247
0#
#7486175247
1#
#7486275247
0#
#7486375247
1#
#7486475247
0#
#7486575247
1#
#7486675247
0#
#7486775247
1#
#7486875247
0#
#7486975247
1#
#7487075247
0#
#7487175247
1#
#7487275247
0#
#7487375247
1#
#7487475247
0#
#7487575247
1#
#7487675247
0#
#7487775247
1#
#7487875247
0#
#7487975247
1#
#7488075247
0#
#7488175247
1#
#7488275247
0#
#7488375247
1#
#7488475247
0#
#7488575247
1#
#7488675247
0#
#7488775247
1#
#7488875247
0#
#7488975247
1#
#7489075247
0#
#7489175247
1#
#7489275247
0#
#7489375247
1#
#7489475247
0#
#7489575247
1#
#7489675247
0#
#7489775247
1#
#7489875247
0#
#7489975247
1#
#7490075247
0#
#7490175247
1#
#7490275247
0#
#7490375247
1#
#7490475247
0#
#7490575247
1#
#7490675247
0#
#7490775247
1#
#7490875247
0#
#7490975247
1#
#7491075247
0#
#7491175247
1#
#7491275247
0#
#7491375247
1#
#7491475247
0#
#7491575247
1#
#7491675247
0#
#7491775247
1#
#7491875247
0#
#7491975247
1#
#7492075247
0#
#7492175247
1#
#7492275247
0#
#7492375247
1#
#7492475247
0#
#7492575247
1#
#7492675247
0#
#7492775247
1#
#7492875247
0#
#7492975247
1#
#7493075247
0#
#7493175247
1#
#7493275247
0#
#7493375247
1#
#7493475247
0#
#7493575247
1#
#7493675247
0#
#7493775247
1#
#7493875247
0#
#7493975247
1#
#7494075247
0#
#7494175247
1#
#7494275247
0#
#7494375247
1#
#7494475247
0#
#7494575247
1#
#7494675247
0#
#7494775247
1#
#7494875247
0#
#7494975247
1#
#7495075247
0#
#7495175247
1#
#7495275247
0#
#7495375247
1#
#7495475247
0#
#7495575247
1#
#7495675247
0#
#7495775247
1#
#7495875247
0#
#7495975247
1#
#7496075247
0#
#7496175247
1#
#7496275247
0#
#7496375247
1#
#7496475247
0#
#7496575247
1#
#7496675247
0#
#7496775247
1#
#7496875247
0#
#7496975247
1#
#7497075247
0#
#7497175247
1#
#7497275247
0#
#7497375247
1#
#7497475247
0#
#7497575247
1#
#7497675247
0#
#7497775247
1#
#7497875247
0#
#7497975247
1#
#7498075247
0#
#7498175247
1#
#7498275247
0#
#7498375247
1#
#7498475247
0#
#7498575247
1#
#7498675247
0#
#7498775247
1#
#7498875247
0#
#7498975247
1#
#7499075247
0#
#7499175247
1#
#7499275247
0#
#7499375247
1#
#7499475247
0#
#7499575247
1#
#7499675247
0#
#7499775247
1#
#7499875247
0#
#7499975247
1#
#7500075247
0#
#7500175247
1#
#7500275247
0#
#7500375247
1#
#7500475247
0#
#7500575247
1#
#7500675247
0#
#7500775247
1#
#7500875247
0#
#7500975247
1#
#7501075247
0#
#7501175247
1#
#7501275247
0#
#7501375247
1#
#7501475247
0#
#7501575247
1#
#7501675247
0#
#7501775247
1#
#7501875247
0#
#7501975247
1#
#7502075247
0#
#7502175247
1#
#7502275247
0#
#7502375247
1#
#7502475247
0#
#7502575247
1#
#7502675247
0#
#7502775247
1#
#7502875247
0#
#7502975247
1#
#7503075247
0#
#7503175247
1#
#7503275247
0#
#7503375247
1#
#7503475247
0#
#7503575247
1#
#7503675247
0#
#7503775247
1#
#7503875247
0#
#7503975247
1#
#7504075247
0#
#7504175247
1#
#7504275247
0#
#7504375247
1#
#7504475247
0#
#7504575247
1#
#7504675247
0#
#7504775247
1#
#7504875247
0#
#7504975247
1#
#7505075247
0#
#7505175247
1#
#7505275247
0#
#7505375247
1#
#7505475247
0#
#7505575247
1#
#7505675247
0#
#7505775247
1#
#7505875247
0#
#7505975247
1#
#7506075247
0#
#7506175247
1#
#7506275247
0#
#7506375247
1#
#7506475247
0#
#7506575247
1#
#7506675247
0#
#7506775247
1#
#7506875247
0#
#7506975247
1#
#7507075247
0#
#7507175247
1#
#7507275247
0#
#7507375247
1#
#7507475247
0#
#7507575247
1#
#7507675247
0#
#7507775247
1#
#7507875247
0#
#7507975247
1#
#7508075247
0#
#7508175247
1#
#7508275247
0#
#7508375247
1#
#7508475247
0#
#7508575247
1#
#7508675247
0#
#7508775247
1#
#7508875247
0#
#7508975247
1#
#7509075247
0#
#7509175247
1#
#7509275247
0#
#7509375247
1#
#7509475247
0#
#7509575247
1#
#7509675247
0#
#7509775247
1#
#7509875247
0#
#7509975247
1#
#7510075247
0#
#7510175247
1#
#7510275247
0#
#7510375247
1#
#7510475247
0#
#7510575247
1#
#7510675247
0#
#7510775247
1#
#7510875247
0#
#7510975247
1#
#7511075247
0#
#7511175247
1#
#7511275247
0#
#7511375247
1#
#7511475247
0#
#7511575247
1#
#7511675247
0#
#7511775247
1#
#7511875247
0#
#7511975247
1#
#7512075247
0#
#7512175247
1#
#7512275247
0#
#7512375247
1#
#7512475247
0#
#7512575247
1#
#7512675247
0#
#7512775247
1#
#7512875247
0#
#7512975247
1#
#7513075247
0#
#7513175247
1#
#7513275247
0#
#7513375247
1#
#7513475247
0#
#7513575247
1#
#7513675247
0#
#7513775247
1#
#7513875247
0#
#7513975247
1#
#7514075247
0#
#7514175247
1#
#7514275247
0#
#7514375247
1#
#7514475247
0#
#7514575247
1#
#7514675247
0#
#7514775247
1#
#7514875247
0#
#7514975247
1#
#7515075247
0#
#7515175247
1#
#7515275247
0#
#7515375247
1#
#7515475247
0#
#7515575247
1#
#7515675247
0#
#7515775247
1#
#7515875247
0#
#7515975247
1#
#7516075247
0#
#7516175247
1#
#7516275247
0#
#7516375247
1#
#7516475247
0#
#7516575247
1#
#7516675247
0#
#7516775247
1#
#7516875247
0#
#7516975247
1#
#7517075247
0#
#7517175247
1#
#7517275247
0#
#7517375247
1#
#7517475247
0#
#7517575247
1#
#7517675247
0#
#7517775247
1#
#7517875247
0#
#7517975247
1#
#7518075247
0#
#7518175247
1#
#7518275247
0#
#7518375247
1#
#7518475247
0#
#7518575247
1#
#7518675247
0#
#7518775247
1#
#7518875247
0#
#7518975247
1#
#7519075247
0#
#7519175247
1#
#7519275247
0#
#7519375247
1#
#7519475247
0#
#7519575247
1#
#7519675247
0#
#7519775247
1#
#7519875247
0#
#7519975247
1#
#7520075247
0#
#7520175247
1#
#7520275247
0#
#7520375247
1#
#7520475247
0#
#7520575247
1#
#7520675247
0#
#7520775247
1#
#7520875247
0#
#7520975247
1#
#7521075247
0#
#7521175247
1#
#7521275247
0#
#7521375247
1#
#7521475247
0#
#7521575247
1#
#7521675247
0#
#7521775247
1#
#7521875247
0#
#7521975247
1#
#7522075247
0#
#7522175247
1#
#7522275247
0#
#7522375247
1#
#7522475247
0#
#7522575247
1#
#7522675247
0#
#7522775247
1#
#7522875247
0#
#7522975247
1#
#7523075247
0#
#7523175247
1#
#7523275247
0#
#7523375247
1#
#7523475247
0#
#7523575247
1#
#7523675247
0#
#7523775247
1#
#7523875247
0#
#7523975247
1#
#7524075247
0#
#7524175247
1#
#7524275247
0#
#7524375247
1#
#7524475247
0#
#7524575247
1#
#7524675247
0#
#7524775247
1#
#7524875247
0#
#7524975247
1#
#7525075247
0#
#7525175247
1#
#7525275247
0#
#7525375247
1#
#7525475247
0#
#7525575247
1#
#7525675247
0#
#7525775247
1#
#7525875247
0#
#7525975247
1#
#7526075247
0#
#7526175247
1#
#7526275247
0#
#7526375247
1#
#7526475247
0#
#7526575247
1#
#7526675247
0#
#7526775247
1#
#7526875247
0#
#7526975247
1#
#7527075247
0#
#7527175247
1#
#7527275247
0#
#7527375247
1#
#7527475247
0#
#7527575247
1#
#7527675247
0#
#7527775247
1#
#7527875247
0#
#7527975247
1#
#7528075247
0#
#7528175247
1#
#7528275247
0#
#7528375247
1#
#7528475247
0#
#7528575247
1#
#7528675247
0#
#7528775247
1#
#7528875247
0#
#7528975247
1#
#7529075247
0#
#7529175247
1#
#7529275247
0#
#7529375247
1#
#7529475247
0#
#7529575247
1#
#7529675247
0#
#7529775247
1#
#7529875247
0#
#7529975247
1#
#7530075247
0#
#7530175247
1#
#7530275247
0#
#7530375247
1#
#7530475247
0#
#7530575247
1#
#7530675247
0#
#7530775247
1#
#7530875247
0#
#7530975247
1#
#7531075247
0#
#7531175247
1#
#7531275247
0#
#7531375247
1#
#7531475247
0#
#7531575247
1#
#7531675247
0#
#7531775247
1#
#7531875247
0#
#7531975247
1#
#7532075247
0#
#7532175247
1#
#7532275247
0#
#7532375247
1#
#7532475247
0#
#7532575247
1#
#7532675247
0#
#7532775247
1#
#7532875247
0#
#7532975247
1#
#7533075247
0#
#7533175247
1#
#7533275247
0#
#7533375247
1#
#7533475247
0#
#7533575247
1#
#7533675247
0#
#7533775247
1#
#7533875247
0#
#7533975247
1#
#7534075247
0#
#7534175247
1#
#7534275247
0#
#7534375247
1#
#7534475247
0#
#7534575247
1#
#7534675247
0#
#7534775247
1#
#7534875247
0#
#7534975247
1#
#7535075247
0#
#7535175247
1#
#7535275247
0#
#7535375247
1#
#7535475247
0#
#7535575247
1#
#7535675247
0#
#7535775247
1#
#7535875247
0#
#7535975247
1#
#7536075247
0#
#7536175247
1#
#7536275247
0#
#7536375247
1#
#7536475247
0#
#7536575247
1#
#7536675247
0#
#7536775247
1#
#7536875247
0#
#7536975247
1#
#7537075247
0#
#7537175247
1#
#7537275247
0#
#7537375247
1#
#7537475247
0#
#7537575247
1#
#7537675247
0#
#7537775247
1#
#7537875247
0#
#7537975247
1#
#7538075247
0#
#7538175247
1#
#7538275247
0#
#7538375247
1#
#7538475247
0#
#7538575247
1#
#7538675247
0#
#7538775247
1#
#7538875247
0#
#7538975247
1#
#7539075247
0#
#7539175247
1#
#7539275247
0#
#7539375247
1#
#7539475247
0#
#7539575247
1#
#7539675247
0#
#7539775247
1#
#7539875247
0#
#7539975247
1#
#7540075247
0#
#7540175247
1#
#7540275247
0#
#7540375247
1#
#7540475247
0#
#7540575247
1#
#7540675247
0#
#7540775247
1#
#7540875247
0#
#7540975247
1#
#7541075247
0#
#7541175247
1#
#7541275247
0#
#7541375247
1#
#7541475247
0#
#7541575247
1#
#7541675247
0#
#7541775247
1#
#7541875247
0#
#7541975247
1#
#7542075247
0#
#7542175247
1#
#7542275247
0#
#7542375247
1#
#7542475247
0#
#7542575247
1#
#7542675247
0#
#7542775247
1#
#7542875247
0#
#7542975247
1#
#7543075247
0#
#7543175247
1#
#7543275247
0#
#7543375247
1#
#7543475247
0#
#7543575247
1#
#7543675247
0#
#7543775247
1#
#7543875247
0#
#7543975247
1#
#7544075247
0#
#7544175247
1#
#7544275247
0#
#7544375247
1#
#7544475247
0#
#7544575247
1#
#7544675247
0#
#7544775247
1#
#7544875247
0#
#7544975247
1#
#7545075247
0#
#7545175247
1#
#7545275247
0#
#7545375247
1#
#7545475247
0#
#7545575247
1#
#7545675247
0#
#7545775247
1#
#7545875247
0#
#7545975247
1#
#7546075247
0#
#7546175247
1#
#7546275247
0#
#7546375247
1#
#7546475247
0#
#7546575247
1#
#7546675247
0#
#7546775247
1#
#7546875247
0#
#7546975247
1#
#7547075247
0#
#7547175247
1#
#7547275247
0#
#7547375247
1#
#7547475247
0#
#7547575247
1#
#7547675247
0#
#7547775247
1#
#7547875247
0#
#7547975247
1#
#7548075247
0#
#7548175247
1#
#7548275247
0#
#7548375247
1#
#7548475247
0#
#7548575247
1#
#7548675247
0#
#7548775247
1#
#7548875247
0#
#7548975247
1#
#7549075247
0#
#7549175247
1#
#7549275247
0#
#7549375247
1#
#7549475247
0#
#7549575247
1#
#7549675247
0#
#7549775247
1#
#7549875247
0#
#7549975247
1#
#7550075247
0#
#7550175247
1#
#7550275247
0#
#7550375247
1#
#7550475247
0#
#7550575247
1#
#7550675247
0#
#7550775247
1#
#7550875247
0#
#7550975247
1#
#7551075247
0#
#7551175247
1#
#7551275247
0#
#7551375247
1#
#7551475247
0#
#7551575247
1#
#7551675247
0#
#7551775247
1#
#7551875247
0#
#7551975247
1#
#7552075247
0#
#7552175247
1#
#7552275247
0#
#7552375247
1#
#7552475247
0#
#7552575247
1#
#7552675247
0#
#7552775247
1#
#7552875247
0#
#7552975247
1#
#7553075247
0#
#7553175247
1#
#7553275247
0#
#7553375247
1#
#7553475247
0#
#7553575247
1#
#7553675247
0#
#7553775247
1#
#7553875247
0#
#7553975247
1#
#7554075247
0#
#7554175247
1#
#7554275247
0#
#7554375247
1#
#7554475247
0#
#7554575247
1#
#7554675247
0#
#7554775247
1#
#7554875247
0#
#7554975247
1#
#7555075247
0#
#7555175247
1#
#7555275247
0#
#7555375247
1#
#7555475247
0#
#7555575247
1#
#7555675247
0#
#7555775247
1#
#7555875247
0#
#7555975247
1#
#7556075247
0#
#7556175247
1#
#7556275247
0#
#7556375247
1#
#7556475247
0#
#7556575247
1#
#7556675247
0#
#7556775247
1#
#7556875247
0#
#7556975247
1#
#7557075247
0#
#7557175247
1#
#7557275247
0#
#7557375247
1#
#7557475247
0#
#7557575247
1#
#7557675247
0#
#7557775247
1#
#7557875247
0#
#7557975247
1#
#7558075247
0#
#7558175247
1#
#7558275247
0#
#7558375247
1#
#7558475247
0#
#7558575247
1#
#7558675247
0#
#7558775247
1#
#7558875247
0#
#7558975247
1#
#7559075247
0#
#7559175247
1#
#7559275247
0#
#7559375247
1#
#7559475247
0#
#7559575247
1#
#7559675247
0#
#7559775247
1#
#7559875247
0#
#7559975247
1#
#7560075247
0#
#7560175247
1#
#7560275247
0#
#7560375247
1#
#7560475247
0#
#7560575247
1#
#7560675247
0#
#7560775247
1#
#7560875247
0#
#7560975247
1#
#7561075247
0#
#7561175247
1#
#7561275247
0#
#7561375247
1#
#7561475247
0#
#7561575247
1#
#7561675247
0#
#7561775247
1#
#7561875247
0#
#7561975247
1#
#7562075247
0#
#7562175247
1#
#7562275247
0#
#7562375247
1#
#7562475247
0#
#7562575247
1#
#7562675247
0#
#7562775247
1#
#7562875247
0#
#7562975247
1#
#7563075247
0#
#7563175247
1#
#7563275247
0#
#7563375247
1#
#7563475247
0#
#7563575247
1#
#7563675247
0#
#7563775247
1#
#7563875247
0#
#7563975247
1#
#7564075247
0#
#7564175247
1#
#7564275247
0#
#7564375247
1#
#7564475247
0#
#7564575247
1#
#7564675247
0#
#7564775247
1#
#7564875247
0#
#7564975247
1#
#7565075247
0#
#7565175247
1#
#7565275247
0#
#7565375247
1#
#7565475247
0#
#7565575247
1#
#7565675247
0#
#7565775247
1#
#7565875247
0#
#7565975247
1#
#7566075247
0#
#7566175247
1#
#7566275247
0#
#7566375247
1#
#7566475247
0#
#7566575247
1#
#7566675247
0#
#7566775247
1#
#7566875247
0#
#7566975247
1#
#7567075247
0#
#7567175247
1#
#7567275247
0#
#7567375247
1#
#7567475247
0#
#7567575247
1#
#7567675247
0#
#7567775247
1#
#7567875247
0#
#7567975247
1#
#7568075247
0#
#7568175247
1#
#7568275247
0#
#7568375247
1#
#7568475247
0#
#7568575247
1#
#7568675247
0#
#7568775247
1#
#7568875247
0#
#7568975247
1#
#7569075247
0#
#7569175247
1#
#7569275247
0#
#7569375247
1#
#7569475247
0#
#7569575247
1#
#7569675247
0#
#7569775247
1#
#7569875247
0#
#7569975247
1#
#7570075247
0#
#7570175247
1#
#7570275247
0#
#7570375247
1#
#7570475247
0#
#7570575247
1#
#7570675247
0#
#7570775247
1#
#7570875247
0#
#7570975247
1#
#7571075247
0#
#7571175247
1#
#7571275247
0#
#7571375247
1#
#7571475247
0#
#7571575247
1#
#7571675247
0#
#7571775247
1#
#7571875247
0#
#7571975247
1#
#7572075247
0#
#7572175247
1#
#7572275247
0#
#7572375247
1#
#7572475247
0#
#7572575247
1#
#7572675247
0#
#7572775247
1#
#7572875247
0#
#7572975247
1#
#7573075247
0#
#7573175247
1#
#7573275247
0#
#7573375247
1#
#7573475247
0#
#7573575247
1#
#7573675247
0#
#7573775247
1#
#7573875247
0#
#7573975247
1#
#7574075247
0#
#7574175247
1#
#7574275247
0#
#7574375247
1#
#7574475247
0#
#7574575247
1#
#7574675247
0#
#7574775247
1#
#7574875247
0#
#7574975247
1#
#7575075247
0#
#7575175247
1#
#7575275247
0#
#7575375247
1#
#7575475247
0#
#7575575247
1#
#7575675247
0#
#7575775247
1#
#7575875247
0#
#7575975247
1#
#7576075247
0#
#7576175247
1#
#7576275247
0#
#7576375247
1#
#7576475247
0#
#7576575247
1#
#7576675247
0#
#7576775247
1#
#7576875247
0#
#7576975247
1#
#7577075247
0#
#7577175247
1#
#7577275247
0#
#7577375247
1#
#7577475247
0#
#7577575247
1#
#7577675247
0#
#7577775247
1#
#7577875247
0#
#7577975247
1#
#7578075247
0#
#7578175247
1#
#7578275247
0#
#7578375247
1#
#7578475247
0#
#7578575247
1#
#7578675247
0#
#7578775247
1#
#7578875247
0#
#7578975247
1#
#7579075247
0#
#7579175247
1#
#7579275247
0#
#7579375247
1#
#7579475247
0#
#7579575247
1#
#7579675247
0#
#7579775247
1#
#7579875247
0#
#7579975247
1#
#7580075247
0#
#7580175247
1#
#7580275247
0#
#7580375247
1#
#7580475247
0#
#7580575247
1#
#7580675247
0#
#7580775247
1#
#7580875247
0#
#7580975247
1#
#7581075247
0#
#7581175247
1#
#7581275247
0#
#7581375247
1#
#7581475247
0#
#7581575247
1#
#7581675247
0#
#7581775247
1#
#7581875247
0#
#7581975247
1#
#7582075247
0#
#7582175247
1#
#7582275247
0#
#7582375247
1#
#7582475247
0#
#7582575247
1#
#7582675247
0#
#7582775247
1#
#7582875247
0#
#7582975247
1#
#7583075247
0#
#7583175247
1#
#7583275247
0#
#7583375247
1#
#7583475247
0#
#7583575247
1#
#7583675247
0#
#7583775247
1#
#7583875247
0#
#7583975247
1#
#7584075247
0#
#7584175247
1#
#7584275247
0#
#7584375247
1#
#7584475247
0#
#7584575247
1#
#7584675247
0#
#7584775247
1#
#7584875247
0#
#7584975247
1#
#7585075247
0#
#7585175247
1#
#7585275247
0#
#7585375247
1#
#7585475247
0#
#7585575247
1#
#7585675247
0#
#7585775247
1#
#7585875247
0#
#7585975247
1#
#7586075247
0#
#7586175247
1#
#7586275247
0#
#7586375247
1#
#7586475247
0#
#7586575247
1#
#7586675247
0#
#7586775247
1#
#7586875247
0#
#7586975247
1#
#7587075247
0#
#7587175247
1#
#7587275247
0#
#7587375247
1#
#7587475247
0#
#7587575247
1#
#7587675247
0#
#7587775247
1#
#7587875247
0#
#7587975247
1#
#7588075247
0#
#7588175247
1#
#7588275247
0#
#7588375247
1#
#7588475247
0#
#7588575247
1#
#7588675247
0#
#7588775247
1#
#7588875247
0#
#7588975247
1#
#7589075247
0#
#7589175247
1#
#7589275247
0#
#7589375247
1#
#7589475247
0#
#7589575247
1#
#7589675247
0#
#7589775247
1#
#7589875247
0#
#7589975247
1#
#7590075247
0#
#7590175247
1#
#7590275247
0#
#7590375247
1#
#7590475247
0#
#7590575247
1#
#7590675247
0#
#7590775247
1#
#7590875247
0#
#7590975247
1#
#7591075247
0#
#7591175247
1#
#7591275247
0#
#7591375247
1#
#7591475247
0#
#7591575247
1#
#7591675247
0#
#7591775247
1#
#7591875247
0#
#7591975247
1#
#7592075247
0#
#7592175247
1#
#7592275247
0#
#7592375247
1#
#7592475247
0#
#7592575247
1#
#7592675247
0#
#7592775247
1#
#7592875247
0#
#7592975247
1#
#7593075247
0#
#7593175247
1#
#7593275247
0#
#7593375247
1#
#7593475247
0#
#7593575247
1#
#7593675247
0#
#7593775247
1#
#7593875247
0#
#7593975247
1#
#7594075247
0#
#7594175247
1#
#7594275247
0#
#7594375247
1#
#7594475247
0#
#7594575247
1#
#7594675247
0#
#7594775247
1#
#7594875247
0#
#7594975247
1#
#7595075247
0#
#7595175247
1#
#7595275247
0#
#7595375247
1#
#7595475247
0#
#7595575247
1#
#7595675247
0#
#7595775247
1#
#7595875247
0#
#7595975247
1#
#7596075247
0#
#7596175247
1#
#7596275247
0#
#7596375247
1#
#7596475247
0#
#7596575247
1#
#7596675247
0#
#7596775247
1#
#7596875247
0#
#7596975247
1#
#7597075247
0#
#7597175247
1#
#7597275247
0#
#7597375247
1#
#7597475247
0#
#7597575247
1#
#7597675247
0#
#7597775247
1#
#7597875247
0#
#7597975247
1#
#7598075247
0#
#7598175247
1#
#7598275247
0#
#7598375247
1#
#7598475247
0#
#7598575247
1#
#7598675247
0#
#7598775247
1#
#7598875247
0#
#7598975247
1#
#7599075247
0#
#7599175247
1#
#7599275247
0#
#7599375247
1#
#7599475247
0#
#7599575247
1#
#7599675247
0#
#7599775247
1#
#7599875247
0#
#7599975247
1#
#7600075247
0#
#7600175247
1#
#7600275247
0#
#7600375247
1#
#7600475247
0#
#7600575247
1#
#7600675247
0#
#7600775247
1#
#7600875247
0#
#7600975247
1#
#7601075247
0#
#7601175247
1#
#7601275247
0#
#7601375247
1#
#7601475247
0#
#7601575247
1#
#7601675247
0#
#7601775247
1#
#7601875247
0#
#7601975247
1#
#7602075247
0#
#7602175247
1#
#7602275247
0#
#7602375247
1#
#7602475247
0#
#7602575247
1#
#7602675247
0#
#7602775247
1#
#7602875247
0#
#7602975247
1#
#7603075247
0#
#7603175247
1#
#7603275247
0#
#7603375247
1#
#7603475247
0#
#7603575247
1#
#7603675247
0#
#7603775247
1#
#7603875247
0#
#7603975247
1#
#7604075247
0#
#7604175247
1#
#7604275247
0#
#7604375247
1#
#7604475247
0#
#7604575247
1#
#7604675247
0#
#7604775247
1#
#7604875247
0#
#7604975247
1#
#7605075247
0#
#7605175247
1#
#7605275247
0#
#7605375247
1#
#7605475247
0#
#7605575247
1#
#7605675247
0#
#7605775247
1#
#7605875247
0#
#7605975247
1#
#7606075247
0#
#7606175247
1#
#7606275247
0#
#7606375247
1#
#7606475247
0#
#7606575247
1#
#7606675247
0#
#7606775247
1#
#7606875247
0#
#7606975247
1#
#7607075247
0#
#7607175247
1#
#7607275247
0#
#7607375247
1#
#7607475247
0#
#7607575247
1#
#7607675247
0#
#7607775247
1#
#7607875247
0#
#7607975247
1#
#7608075247
0#
#7608175247
1#
#7608275247
0#
#7608375247
1#
#7608475247
0#
#7608575247
1#
#7608675247
0#
#7608775247
1#
#7608875247
0#
#7608975247
1#
#7609075247
0#
#7609175247
1#
#7609275247
0#
#7609375247
1#
#7609475247
0#
#7609575247
1#
#7609675247
0#
#7609775247
1#
#7609875247
0#
#7609975247
1#
#7610075247
0#
#7610175247
1#
#7610275247
0#
#7610375247
1#
#7610475247
0#
#7610575247
1#
#7610675247
0#
#7610775247
1#
#7610875247
0#
#7610975247
1#
#7611075247
0#
#7611175247
1#
#7611275247
0#
#7611375247
1#
#7611475247
0#
#7611575247
1#
#7611675247
0#
#7611775247
1#
#7611875247
0#
#7611975247
1#
#7612075247
0#
#7612175247
1#
#7612275247
0#
#7612375247
1#
#7612475247
0#
#7612575247
1#
#7612675247
0#
#7612775247
1#
#7612875247
0#
#7612975247
1#
#7613075247
0#
#7613175247
1#
#7613275247
0#
#7613375247
1#
#7613475247
0#
#7613575247
1#
#7613675247
0#
#7613775247
1#
#7613875247
0#
#7613975247
1#
#7614075247
0#
#7614175247
1#
#7614275247
0#
#7614375247
1#
#7614475247
0#
#7614575247
1#
#7614675247
0#
#7614775247
1#
#7614875247
0#
#7614975247
1#
#7615075247
0#
#7615175247
1#
#7615275247
0#
#7615375247
1#
#7615475247
0#
#7615575247
1#
#7615675247
0#
#7615775247
1#
#7615875247
0#
#7615975247
1#
#7616075247
0#
#7616175247
1#
#7616275247
0#
#7616375247
1#
#7616475247
0#
#7616575247
1#
#7616675247
0#
#7616775247
1#
#7616875247
0#
#7616975247
1#
#7617075247
0#
#7617175247
1#
#7617275247
0#
#7617375247
1#
#7617475247
0#
#7617575247
1#
#7617675247
0#
#7617775247
1#
#7617875247
0#
#7617975247
1#
#7618075247
0#
#7618175247
1#
#7618275247
0#
#7618375247
1#
#7618475247
0#
#7618575247
1#
#7618675247
0#
#7618775247
1#
#7618875247
0#
#7618975247
1#
#7619075247
0#
#7619175247
1#
#7619275247
0#
#7619375247
1#
#7619475247
0#
#7619575247
1#
#7619675247
0#
#7619775247
1#
#7619875247
0#
#7619975247
1#
#7620075247
0#
#7620175247
1#
#7620275247
0#
#7620375247
1#
#7620475247
0#
#7620575247
1#
#7620675247
0#
#7620775247
1#
#7620875247
0#
#7620975247
1#
#7621075247
0#
#7621175247
1#
#7621275247
0#
#7621375247
1#
#7621475247
0#
#7621575247
1#
#7621675247
0#
#7621775247
1#
#7621875247
0#
#7621975247
1#
#7622075247
0#
#7622175247
1#
#7622275247
0#
#7622375247
1#
#7622475247
0#
#7622575247
1#
#7622675247
0#
#7622775247
1#
#7622875247
0#
#7622975247
1#
#7623075247
0#
#7623175247
1#
#7623275247
0#
#7623375247
1#
#7623475247
0#
#7623575247
1#
#7623675247
0#
#7623775247
1#
#7623875247
0#
#7623975247
1#
#7624075247
0#
#7624175247
1#
#7624275247
0#
#7624375247
1#
#7624475247
0#
#7624575247
1#
#7624675247
0#
#7624775247
1#
#7624875247
0#
#7624975247
1#
#7625075247
0#
#7625175247
1#
#7625275247
0#
#7625375247
1#
#7625475247
0#
#7625575247
1#
#7625675247
0#
#7625775247
1#
#7625875247
0#
#7625975247
1#
#7626075247
0#
#7626175247
1#
#7626275247
0#
#7626375247
1#
#7626475247
0#
#7626575247
1#
#7626675247
0#
#7626775247
1#
#7626875247
0#
#7626975247
1#
#7627075247
0#
#7627175247
1#
#7627275247
0#
#7627375247
1#
#7627475247
0#
#7627575247
1#
#7627675247
0#
#7627775247
1#
#7627875247
0#
#7627975247
1#
#7628075247
0#
#7628175247
1#
#7628275247
0#
#7628375247
1#
#7628475247
0#
#7628575247
1#
#7628675247
0#
#7628775247
1#
#7628875247
0#
#7628975247
1#
#7629075247
0#
#7629175247
1#
#7629275247
0#
#7629375247
1#
#7629475247
0#
#7629575247
1#
#7629675247
0#
#7629775247
1#
#7629875247
0#
#7629975247
1#
#7630075247
0#
#7630175247
1#
#7630275247
0#
#7630375247
1#
#7630475247
0#
#7630575247
1#
#7630675247
0#
#7630775247
1#
#7630875247
0#
#7630975247
1#
#7631075247
0#
#7631175247
1#
#7631275247
0#
#7631375247
1#
#7631475247
0#
#7631575247
1#
#7631675247
0#
#7631775247
1#
#7631875247
0#
#7631975247
1#
#7632075247
0#
#7632175247
1#
#7632275247
0#
#7632375247
1#
#7632475247
0#
#7632575247
1#
#7632675247
0#
#7632775247
1#
#7632875247
0#
#7632975247
1#
#7633075247
0#
#7633175247
1#
#7633275247
0#
#7633375247
1#
#7633475247
0#
#7633575247
1#
#7633675247
0#
#7633775247
1#
#7633875247
0#
#7633975247
1#
#7634075247
0#
#7634175247
1#
#7634275247
0#
#7634375247
1#
#7634475247
0#
#7634575247
1#
#7634675247
0#
#7634775247
1#
#7634875247
0#
#7634975247
1#
#7635075247
0#
#7635175247
1#
#7635275247
0#
#7635375247
1#
#7635475247
0#
#7635575247
1#
#7635675247
0#
#7635775247
1#
#7635875247
0#
#7635975247
1#
#7636075247
0#
#7636175247
1#
#7636275247
0#
#7636375247
1#
#7636475247
0#
#7636575247
1#
#7636675247
0#
#7636775247
1#
#7636875247
0#
#7636975247
1#
#7637075247
0#
#7637175247
1#
#7637275247
0#
#7637375247
1#
#7637475247
0#
#7637575247
1#
#7637675247
0#
#7637775247
1#
#7637875247
0#
#7637975247
1#
#7638075247
0#
#7638175247
1#
#7638275247
0#
#7638375247
1#
#7638475247
0#
#7638575247
1#
#7638675247
0#
#7638775247
1#
#7638875247
0#
#7638975247
1#
#7639075247
0#
#7639175247
1#
#7639275247
0#
#7639375247
1#
#7639475247
0#
#7639575247
1#
#7639675247
0#
#7639775247
1#
#7639875247
0#
#7639975247
1#
#7640075247
0#
#7640175247
1#
#7640275247
0#
#7640375247
1#
#7640475247
0#
#7640575247
1#
#7640675247
0#
#7640775247
1#
#7640875247
0#
#7640975247
1#
#7641075247
0#
#7641175247
1#
#7641275247
0#
#7641375247
1#
#7641475247
0#
#7641575247
1#
#7641675247
0#
#7641775247
1#
#7641875247
0#
#7641975247
1#
#7642075247
0#
#7642175247
1#
#7642275247
0#
#7642375247
1#
#7642475247
0#
#7642575247
1#
#7642675247
0#
#7642775247
1#
#7642875247
0#
#7642975247
1#
#7643075247
0#
#7643175247
1#
#7643275247
0#
#7643375247
1#
#7643475247
0#
#7643575247
1#
#7643675247
0#
#7643775247
1#
#7643875247
0#
#7643975247
1#
#7644075247
0#
#7644175247
1#
#7644275247
0#
#7644375247
1#
#7644475247
0#
#7644575247
1#
#7644675247
0#
#7644775247
1#
#7644875247
0#
#7644975247
1#
#7645075247
0#
#7645175247
1#
#7645275247
0#
#7645375247
1#
#7645475247
0#
#7645575247
1#
#7645675247
0#
#7645775247
1#
#7645875247
0#
#7645975247
1#
#7646075247
0#
#7646175247
1#
#7646275247
0#
#7646375247
1#
#7646475247
0#
#7646575247
1#
#7646675247
0#
#7646775247
1#
#7646875247
0#
#7646975247
1#
#7647075247
0#
#7647175247
1#
#7647275247
0#
#7647375247
1#
#7647475247
0#
#7647575247
1#
#7647675247
0#
#7647775247
1#
#7647875247
0#
#7647975247
1#
#7648075247
0#
#7648175247
1#
#7648275247
0#
#7648375247
1#
#7648475247
0#
#7648575247
1#
#7648675247
0#
#7648775247
1#
#7648875247
0#
#7648975247
1#
#7649075247
0#
#7649175247
1#
#7649275247
0#
#7649375247
1#
#7649475247
0#
#7649575247
1#
#7649675247
0#
#7649775247
1#
#7649875247
0#
#7649975247
1#
#7650075247
0#
#7650175247
1#
#7650275247
0#
#7650375247
1#
#7650475247
0#
#7650575247
1#
#7650675247
0#
#7650775247
1#
#7650875247
0#
#7650975247
1#
#7651075247
0#
#7651175247
1#
#7651275247
0#
#7651375247
1#
#7651475247
0#
#7651575247
1#
#7651675247
0#
#7651775247
1#
#7651875247
0#
#7651975247
1#
#7652075247
0#
#7652175247
1#
#7652275247
0#
#7652375247
1#
#7652475247
0#
#7652575247
1#
#7652675247
0#
#7652775247
1#
#7652875247
0#
#7652975247
1#
#7653075247
0#
#7653175247
1#
#7653275247
0#
#7653375247
1#
#7653475247
0#
#7653575247
1#
#7653675247
0#
#7653775247
1#
#7653875247
0#
#7653975247
1#
#7654075247
0#
#7654175247
1#
#7654275247
0#
#7654375247
1#
#7654475247
0#
#7654575247
1#
#7654675247
0#
#7654775247
1#
#7654875247
0#
#7654975247
1#
#7655075247
0#
#7655175247
1#
#7655275247
0#
#7655375247
1#
#7655475247
0#
#7655575247
1#
#7655675247
0#
#7655775247
1#
#7655875247
0#
#7655975247
1#
#7656075247
0#
#7656175247
1#
#7656275247
0#
#7656375247
1#
#7656475247
0#
#7656575247
1#
#7656675247
0#
#7656775247
1#
#7656875247
0#
#7656975247
1#
#7657075247
0#
#7657175247
1#
#7657275247
0#
#7657375247
1#
#7657475247
0#
#7657575247
1#
#7657675247
0#
#7657775247
1#
#7657875247
0#
#7657975247
1#
#7658075247
0#
#7658175247
1#
#7658275247
0#
#7658375247
1#
#7658475247
0#
#7658575247
1#
#7658675247
0#
#7658775247
1#
#7658875247
0#
#7658975247
1#
#7659075247
0#
#7659175247
1#
#7659275247
0#
#7659375247
1#
#7659475247
0#
#7659575247
1#
#7659675247
0#
#7659775247
1#
#7659875247
0#
#7659975247
1#
#7660075247
0#
#7660175247
1#
#7660275247
0#
#7660375247
1#
#7660475247
0#
#7660575247
1#
#7660675247
0#
#7660775247
1#
#7660875247
0#
#7660975247
1#
#7661075247
0#
#7661175247
1#
#7661275247
0#
#7661375247
1#
#7661475247
0#
#7661575247
1#
#7661675247
0#
#7661775247
1#
#7661875247
0#
#7661975247
1#
#7662075247
0#
#7662175247
1#
#7662275247
0#
#7662375247
1#
#7662475247
0#
#7662575247
1#
#7662675247
0#
#7662775247
1#
#7662875247
0#
#7662975247
1#
#7663075247
0#
#7663175247
1#
#7663275247
0#
#7663375247
1#
#7663475247
0#
#7663575247
1#
#7663675247
0#
#7663775247
1#
#7663875247
0#
#7663975247
1#
#7664075247
0#
#7664175247
1#
#7664275247
0#
#7664375247
1#
#7664475247
0#
#7664575247
1#
#7664675247
0#
#7664775247
1#
#7664875247
0#
#7664975247
1#
#7665075247
0#
#7665175247
1#
#7665275247
0#
#7665375247
1#
#7665475247
0#
#7665575247
1#
#7665675247
0#
#7665775247
1#
#7665875247
0#
#7665975247
1#
#7666075247
0#
#7666175247
1#
#7666275247
0#
#7666375247
1#
#7666475247
0#
#7666575247
1#
#7666675247
0#
#7666775247
1#
#7666875247
0#
#7666975247
1#
#7667075247
0#
#7667175247
1#
#7667275247
0#
#7667375247
1#
#7667475247
0#
#7667575247
1#
#7667675247
0#
#7667775247
1#
#7667875247
0#
#7667975247
1#
#7668075247
0#
#7668175247
1#
#7668275247
0#
#7668375247
1#
#7668475247
0#
#7668575247
1#
#7668675247
0#
#7668775247
1#
#7668875247
0#
#7668975247
1#
#7669075247
0#
#7669175247
1#
#7669275247
0#
#7669375247
1#
#7669475247
0#
#7669575247
1#
#7669675247
0#
#7669775247
1#
#7669875247
0#
#7669975247
1#
#7670075247
0#
#7670175247
1#
#7670275247
0#
#7670375247
1#
#7670475247
0#
#7670575247
1#
#7670675247
0#
#7670775247
1#
#7670875247
0#
#7670975247
1#
#7671075247
0#
#7671175247
1#
#7671275247
0#
#7671375247
1#
#7671475247
0#
#7671575247
1#
#7671675247
0#
#7671775247
1#
#7671875247
0#
#7671975247
1#
#7672075247
0#
#7672175247
1#
#7672275247
0#
#7672375247
1#
#7672475247
0#
#7672575247
1#
#7672675247
0#
#7672775247
1#
#7672875247
0#
#7672975247
1#
#7673075247
0#
#7673175247
1#
#7673275247
0#
#7673375247
1#
#7673475247
0#
#7673575247
1#
#7673675247
0#
#7673775247
1#
#7673875247
0#
#7673975247
1#
#7674075247
0#
#7674175247
1#
#7674275247
0#
#7674375247
1#
#7674475247
0#
#7674575247
1#
#7674675247
0#
#7674775247
1#
#7674875247
0#
#7674975247
1#
#7675075247
0#
#7675175247
1#
#7675275247
0#
#7675375247
1#
#7675475247
0#
#7675575247
1#
#7675675247
0#
#7675775247
1#
#7675875247
0#
#7675975247
1#
#7676075247
0#
#7676175247
1#
#7676275247
0#
#7676375247
1#
#7676475247
0#
#7676575247
1#
#7676675247
0#
#7676775247
1#
#7676875247
0#
#7676975247
1#
#7677075247
0#
#7677175247
1#
#7677275247
0#
#7677375247
1#
#7677475247
0#
#7677575247
1#
#7677675247
0#
#7677775247
1#
#7677875247
0#
#7677975247
1#
#7678075247
0#
#7678175247
1#
#7678275247
0#
#7678375247
1#
#7678475247
0#
#7678575247
1#
#7678675247
0#
#7678775247
1#
#7678875247
0#
#7678975247
1#
#7679075247
0#
#7679175247
1#
#7679275247
0#
#7679375247
1#
#7679475247
0#
#7679575247
1#
#7679675247
0#
#7679775247
1#
#7679875247
0#
#7679975247
1#
#7680075247
0#
#7680175247
1#
#7680275247
0#
#7680375247
1#
#7680475247
0#
#7680575247
1#
#7680675247
0#
#7680775247
1#
#7680875247
0#
#7680975247
1#
#7681075247
0#
#7681175247
1#
#7681275247
0#
#7681375247
1#
#7681475247
0#
#7681575247
1#
#7681675247
0#
#7681775247
1#
#7681875247
0#
#7681975247
1#
#7682075247
0#
#7682175247
1#
#7682275247
0#
#7682375247
1#
#7682475247
0#
#7682575247
1#
#7682675247
0#
#7682775247
1#
#7682875247
0#
#7682975247
1#
#7683075247
0#
#7683175247
1#
#7683275247
0#
#7683375247
1#
#7683475247
0#
#7683575247
1#
#7683675247
0#
#7683775247
1#
#7683875247
0#
#7683975247
1#
#7684075247
0#
#7684175247
1#
#7684275247
0#
#7684375247
1#
#7684475247
0#
#7684575247
1#
#7684675247
0#
#7684775247
1#
#7684875247
0#
#7684975247
1#
#7685075247
0#
#7685175247
1#
#7685275247
0#
#7685375247
1#
#7685475247
0#
#7685575247
1#
#7685675247
0#
#7685775247
1#
#7685875247
0#
#7685975247
1#
#7686075247
0#
#7686175247
1#
#7686275247
0#
#7686375247
1#
#7686475247
0#
#7686575247
1#
#7686675247
0#
#7686775247
1#
#7686875247
0#
#7686975247
1#
#7687075247
0#
#7687175247
1#
#7687275247
0#
#7687375247
1#
#7687475247
0#
#7687575247
1#
#7687675247
0#
#7687775247
1#
#7687875247
0#
#7687975247
1#
#7688075247
0#
#7688175247
1#
#7688275247
0#
#7688375247
1#
#7688475247
0#
#7688575247
1#
#7688675247
0#
#7688775247
1#
#7688875247
0#
#7688975247
1#
#7689075247
0#
#7689175247
1#
#7689275247
0#
#7689375247
1#
#7689475247
0#
#7689575247
1#
#7689675247
0#
#7689775247
1#
#7689875247
0#
#7689975247
1#
#7690075247
0#
#7690175247
1#
#7690275247
0#
#7690375247
1#
#7690475247
0#
#7690575247
1#
#7690675247
0#
#7690775247
1#
#7690875247
0#
#7690975247
1#
#7691075247
0#
#7691175247
1#
#7691275247
0#
#7691375247
1#
#7691475247
0#
#7691575247
1#
#7691675247
0#
#7691775247
1#
#7691875247
0#
#7691975247
1#
#7692075247
0#
#7692175247
1#
#7692275247
0#
#7692375247
1#
#7692475247
0#
#7692575247
1#
#7692675247
0#
#7692775247
1#
#7692875247
0#
#7692975247
1#
#7693075247
0#
#7693175247
1#
#7693275247
0#
#7693375247
1#
#7693475247
0#
#7693575247
1#
#7693675247
0#
#7693775247
1#
#7693875247
0#
#7693975247
1#
#7694075247
0#
#7694175247
1#
#7694275247
0#
#7694375247
1#
#7694475247
0#
#7694575247
1#
#7694675247
0#
#7694775247
1#
#7694875247
0#
#7694975247
1#
#7695075247
0#
#7695175247
1#
#7695275247
0#
#7695375247
1#
#7695475247
0#
#7695575247
1#
#7695675247
0#
#7695775247
1#
#7695875247
0#
#7695975247
1#
#7696075247
0#
#7696175247
1#
#7696275247
0#
#7696375247
1#
#7696475247
0#
#7696575247
1#
#7696675247
0#
#7696775247
1#
#7696875247
0#
#7696975247
1#
#7697075247
0#
#7697175247
1#
#7697275247
0#
#7697375247
1#
#7697475247
0#
#7697575247
1#
#7697675247
0#
#7697775247
1#
#7697875247
0#
#7697975247
1#
#7698075247
0#
#7698175247
1#
#7698275247
0#
#7698375247
1#
#7698475247
0#
#7698575247
1#
#7698675247
0#
#7698775247
1#
#7698875247
0#
#7698975247
1#
#7699075247
0#
#7699175247
1#
#7699275247
0#
#7699375247
1#
#7699475247
0#
#7699575247
1#
#7699675247
0#
#7699775247
1#
#7699875247
0#
#7699975247
1#
#7700075247
0#
#7700175247
1#
#7700275247
0#
#7700375247
1#
#7700475247
0#
#7700575247
1#
#7700675247
0#
#7700775247
1#
#7700875247
0#
#7700975247
1#
#7701075247
0#
#7701175247
1#
#7701275247
0#
#7701375247
1#
#7701475247
0#
#7701575247
1#
#7701675247
0#
#7701775247
1#
#7701875247
0#
#7701975247
1#
#7702075247
0#
#7702175247
1#
#7702275247
0#
#7702375247
1#
#7702475247
0#
#7702575247
1#
#7702675247
0#
#7702775247
1#
#7702875247
0#
#7702975247
1#
#7703075247
0#
#7703175247
1#
#7703275247
0#
#7703375247
1#
#7703475247
0#
#7703575247
1#
#7703675247
0#
#7703775247
1#
#7703875247
0#
#7703975247
1#
#7704075247
0#
#7704175247
1#
#7704275247
0#
#7704375247
1#
#7704475247
0#
#7704575247
1#
#7704675247
0#
#7704775247
1#
#7704875247
0#
#7704975247
1#
#7705075247
0#
#7705175247
1#
#7705275247
0#
#7705375247
1#
#7705475247
0#
#7705575247
1#
#7705675247
0#
#7705775247
1#
#7705875247
0#
#7705975247
1#
#7706075247
0#
#7706175247
1#
#7706275247
0#
#7706375247
1#
#7706475247
0#
#7706575247
1#
#7706675247
0#
#7706775247
1#
#7706875247
0#
#7706975247
1#
#7707075247
0#
#7707175247
1#
#7707275247
0#
#7707375247
1#
#7707475247
0#
#7707575247
1#
#7707675247
0#
#7707775247
1#
#7707875247
0#
#7707975247
1#
#7708075247
0#
#7708175247
1#
#7708275247
0#
#7708375247
1#
#7708475247
0#
#7708575247
1#
#7708675247
0#
#7708775247
1#
#7708875247
0#
#7708975247
1#
#7709075247
0#
#7709175247
1#
#7709275247
0#
#7709375247
1#
#7709475247
0#
#7709575247
1#
#7709675247
0#
#7709775247
1#
#7709875247
0#
#7709975247
1#
#7710075247
0#
#7710175247
1#
#7710275247
0#
#7710375247
1#
#7710475247
0#
#7710575247
1#
#7710675247
0#
#7710775247
1#
#7710875247
0#
#7710975247
1#
#7711075247
0#
#7711175247
1#
#7711275247
0#
#7711375247
1#
#7711475247
0#
#7711575247
1#
#7711675247
0#
#7711775247
1#
#7711875247
0#
#7711975247
1#
#7712075247
0#
#7712175247
1#
#7712275247
0#
#7712375247
1#
#7712475247
0#
#7712575247
1#
#7712675247
0#
#7712775247
1#
#7712875247
0#
#7712975247
1#
#7713075247
0#
#7713175247
1#
#7713275247
0#
#7713375247
1#
#7713475247
0#
#7713575247
1#
#7713675247
0#
#7713775247
1#
#7713875247
0#
#7713975247
1#
#7714075247
0#
#7714175247
1#
#7714275247
0#
#7714375247
1#
#7714475247
0#
#7714575247
1#
#7714675247
0#
#7714775247
1#
#7714875247
0#
#7714975247
1#
#7715075247
0#
#7715175247
1#
#7715275247
0#
#7715375247
1#
#7715475247
0#
#7715575247
1#
#7715675247
0#
#7715775247
1#
#7715875247
0#
#7715975247
1#
#7716075247
0#
#7716175247
1#
#7716275247
0#
#7716375247
1#
#7716475247
0#
#7716575247
1#
#7716675247
0#
#7716775247
1#
#7716875247
0#
#7716975247
1#
#7717075247
0#
#7717175247
1#
#7717275247
0#
#7717375247
1#
#7717475247
0#
#7717575247
1#
#7717675247
0#
#7717775247
1#
#7717875247
0#
#7717975247
1#
#7718075247
0#
#7718175247
1#
#7718275247
0#
#7718375247
1#
#7718475247
0#
#7718575247
1#
#7718675247
0#
#7718775247
1#
#7718875247
0#
#7718975247
1#
#7719075247
0#
#7719175247
1#
#7719275247
0#
#7719375247
1#
#7719475247
0#
#7719575247
1#
#7719675247
0#
#7719775247
1#
#7719875247
0#
#7719975247
1#
#7720075247
0#
#7720175247
1#
#7720275247
0#
#7720375247
1#
#7720475247
0#
#7720575247
1#
#7720675247
0#
#7720775247
1#
#7720875247
0#
#7720975247
1#
#7721075247
0#
#7721175247
1#
#7721275247
0#
#7721375247
1#
#7721475247
0#
#7721575247
1#
#7721675247
0#
#7721775247
1#
#7721875247
0#
#7721975247
1#
#7722075247
0#
#7722175247
1#
#7722275247
0#
#7722375247
1#
#7722475247
0#
#7722575247
1#
#7722675247
0#
#7722775247
1#
#7722875247
0#
#7722975247
1#
#7723075247
0#
#7723175247
1#
#7723275247
0#
#7723375247
1#
#7723475247
0#
#7723575247
1#
#7723675247
0#
#7723775247
1#
#7723875247
0#
#7723975247
1#
#7724075247
0#
#7724175247
1#
#7724275247
0#
#7724375247
1#
#7724475247
0#
#7724575247
1#
#7724675247
0#
#7724775247
1#
#7724875247
0#
#7724975247
1#
#7725075247
0#
#7725175247
1#
#7725275247
0#
#7725375247
1#
#7725475247
0#
#7725575247
1#
#7725675247
0#
#7725775247
1#
#7725875247
0#
#7725975247
1#
#7726075247
0#
#7726175247
1#
#7726275247
0#
#7726375247
1#
#7726475247
0#
#7726575247
1#
#7726675247
0#
#7726775247
1#
#7726875247
0#
#7726975247
1#
#7727075247
0#
#7727175247
1#
#7727275247
0#
#7727375247
1#
#7727475247
0#
#7727575247
1#
#7727675247
0#
#7727775247
1#
#7727875247
0#
#7727975247
1#
#7728075247
0#
#7728175247
1#
#7728275247
0#
#7728375247
1#
#7728475247
0#
#7728575247
1#
#7728675247
0#
#7728775247
1#
#7728875247
0#
#7728975247
1#
#7729075247
0#
#7729175247
1#
#7729275247
0#
#7729375247
1#
#7729475247
0#
#7729575247
1#
#7729675247
0#
#7729775247
1#
#7729875247
0#
#7729975247
1#
#7730075247
0#
#7730175247
1#
#7730275247
0#
#7730375247
1#
#7730475247
0#
#7730575247
1#
#7730675247
0#
#7730775247
1#
#7730875247
0#
#7730975247
1#
#7731075247
0#
#7731175247
1#
#7731275247
0#
#7731375247
1#
#7731475247
0#
#7731575247
1#
#7731675247
0#
#7731775247
1#
#7731875247
0#
#7731975247
1#
#7732075247
0#
#7732175247
1#
#7732275247
0#
#7732375247
1#
#7732475247
0#
#7732575247
1#
#7732675247
0#
#7732775247
1#
#7732875247
0#
#7732975247
1#
#7733075247
0#
#7733175247
1#
#7733275247
0#
#7733375247
1#
#7733475247
0#
#7733575247
1#
#7733675247
0#
#7733775247
1#
#7733875247
0#
#7733975247
1#
#7734075247
0#
#7734175247
1#
#7734275247
0#
#7734375247
1#
#7734475247
0#
#7734575247
1#
#7734675247
0#
#7734775247
1#
#7734875247
0#
#7734975247
1#
#7735075247
0#
#7735175247
1#
#7735275247
0#
#7735375247
1#
#7735475247
0#
#7735575247
1#
#7735675247
0#
#7735775247
1#
#7735875247
0#
#7735975247
1#
#7736075247
0#
#7736175247
1#
#7736275247
0#
#7736375247
1#
#7736475247
0#
#7736575247
1#
#7736675247
0#
#7736775247
1#
#7736875247
0#
#7736975247
1#
#7737075247
0#
#7737175247
1#
#7737275247
0#
#7737375247
1#
#7737475247
0#
#7737575247
1#
#7737675247
0#
#7737775247
1#
#7737875247
0#
#7737975247
1#
#7738075247
0#
#7738175247
1#
#7738275247
0#
#7738375247
1#
#7738475247
0#
#7738575247
1#
#7738675247
0#
#7738775247
1#
#7738875247
0#
#7738975247
1#
#7739075247
0#
#7739175247
1#
#7739275247
0#
#7739375247
1#
#7739475247
0#
#7739575247
1#
#7739675247
0#
#7739775247
1#
#7739875247
0#
#7739975247
1#
#7740075247
0#
#7740175247
1#
#7740275247
0#
#7740375247
1#
#7740475247
0#
#7740575247
1#
#7740675247
0#
#7740775247
1#
#7740875247
0#
#7740975247
1#
#7741075247
0#
#7741175247
1#
#7741275247
0#
#7741375247
1#
#7741475247
0#
#7741575247
1#
#7741675247
0#
#7741775247
1#
#7741875247
0#
#7741975247
1#
#7742075247
0#
#7742175247
1#
#7742275247
0#
#7742375247
1#
#7742475247
0#
#7742575247
1#
#7742675247
0#
#7742775247
1#
#7742875247
0#
#7742975247
1#
#7743075247
0#
#7743175247
1#
#7743275247
0#
#7743375247
1#
#7743475247
0#
#7743575247
1#
#7743675247
0#
#7743775247
1#
#7743875247
0#
#7743975247
1#
#7744075247
0#
#7744175247
1#
#7744275247
0#
#7744375247
1#
#7744475247
0#
#7744575247
1#
#7744675247
0#
#7744775247
1#
#7744875247
0#
#7744975247
1#
#7745075247
0#
#7745175247
1#
#7745275247
0#
#7745375247
1#
#7745475247
0#
#7745575247
1#
#7745675247
0#
#7745775247
1#
#7745875247
0#
#7745975247
1#
#7746075247
0#
#7746175247
1#
#7746275247
0#
#7746375247
1#
#7746475247
0#
#7746575247
1#
#7746675247
0#
#7746775247
1#
#7746875247
0#
#7746975247
1#
#7747075247
0#
#7747175247
1#
#7747275247
0#
#7747375247
1#
#7747475247
0#
#7747575247
1#
#7747675247
0#
#7747775247
1#
#7747875247
0#
#7747975247
1#
#7748075247
0#
#7748175247
1#
#7748275247
0#
#7748375247
1#
#7748475247
0#
#7748575247
1#
#7748675247
0#
#7748775247
1#
#7748875247
0#
#7748975247
1#
#7749075247
0#
#7749175247
1#
#7749275247
0#
#7749375247
1#
#7749475247
0#
#7749575247
1#
#7749675247
0#
#7749775247
1#
#7749875247
0#
#7749975247
1#
#7750075247
0#
#7750175247
1#
#7750275247
0#
#7750375247
1#
#7750475247
0#
#7750575247
1#
#7750675247
0#
#7750775247
1#
#7750875247
0#
#7750975247
1#
#7751075247
0#
#7751175247
1#
#7751275247
0#
#7751375247
1#
#7751475247
0#
#7751575247
1#
#7751675247
0#
#7751775247
1#
#7751875247
0#
#7751975247
1#
#7752075247
0#
#7752175247
1#
#7752275247
0#
#7752375247
1#
#7752475247
0#
#7752575247
1#
#7752675247
0#
#7752775247
1#
#7752875247
0#
#7752975247
1#
#7753075247
0#
#7753175247
1#
#7753275247
0#
#7753375247
1#
#7753475247
0#
#7753575247
1#
#7753675247
0#
#7753775247
1#
#7753875247
0#
#7753975247
1#
#7754075247
0#
#7754175247
1#
#7754275247
0#
#7754375247
1#
#7754475247
0#
#7754575247
1#
#7754675247
0#
#7754775247
1#
#7754875247
0#
#7754975247
1#
#7755075247
0#
#7755175247
1#
#7755275247
0#
#7755375247
1#
#7755475247
0#
#7755575247
1#
#7755675247
0#
#7755775247
1#
#7755875247
0#
#7755975247
1#
#7756075247
0#
#7756175247
1#
#7756275247
0#
#7756375247
1#
#7756475247
0#
#7756575247
1#
#7756675247
0#
#7756775247
1#
#7756875247
0#
#7756975247
1#
#7757075247
0#
#7757175247
1#
#7757275247
0#
#7757375247
1#
#7757475247
0#
#7757575247
1#
#7757675247
0#
#7757775247
1#
#7757875247
0#
#7757975247
1#
#7758075247
0#
#7758175247
1#
#7758275247
0#
#7758375247
1#
#7758475247
0#
#7758575247
1#
#7758675247
0#
#7758775247
1#
#7758875247
0#
#7758975247
1#
#7759075247
0#
#7759175247
1#
#7759275247
0#
#7759375247
1#
#7759475247
0#
#7759575247
1#
#7759675247
0#
#7759775247
1#
#7759875247
0#
#7759975247
1#
#7760075247
0#
#7760175247
1#
#7760275247
0#
#7760375247
1#
#7760475247
0#
#7760575247
1#
#7760675247
0#
#7760775247
1#
#7760875247
0#
#7760975247
1#
#7761075247
0#
#7761175247
1#
#7761275247
0#
#7761375247
1#
#7761475247
0#
#7761575247
1#
#7761675247
0#
#7761775247
1#
#7761875247
0#
#7761975247
1#
#7762075247
0#
#7762175247
1#
#7762275247
0#
#7762375247
1#
#7762475247
0#
#7762575247
1#
#7762675247
0#
#7762775247
1#
#7762875247
0#
#7762975247
1#
#7763075247
0#
#7763175247
1#
#7763275247
0#
#7763375247
1#
#7763475247
0#
#7763575247
1#
#7763675247
0#
#7763775247
1#
#7763875247
0#
#7763975247
1#
#7764075247
0#
#7764175247
1#
#7764275247
0#
#7764375247
1#
#7764475247
0#
#7764575247
1#
#7764675247
0#
#7764775247
1#
#7764875247
0#
#7764975247
1#
#7765075247
0#
#7765175247
1#
#7765275247
0#
#7765375247
1#
#7765475247
0#
#7765575247
1#
#7765675247
0#
#7765775247
1#
#7765875247
0#
#7765975247
1#
#7766075247
0#
#7766175247
1#
#7766275247
0#
#7766375247
1#
#7766475247
0#
#7766575247
1#
#7766675247
0#
#7766775247
1#
#7766875247
0#
#7766975247
1#
#7767075247
0#
#7767175247
1#
#7767275247
0#
#7767375247
1#
#7767475247
0#
#7767575247
1#
#7767675247
0#
#7767775247
1#
#7767875247
0#
#7767975247
1#
#7768075247
0#
#7768175247
1#
#7768275247
0#
#7768375247
1#
#7768475247
0#
#7768575247
1#
#7768675247
0#
#7768775247
1#
#7768875247
0#
#7768975247
1#
#7769075247
0#
#7769175247
1#
#7769275247
0#
#7769375247
1#
#7769475247
0#
#7769575247
1#
#7769675247
0#
#7769775247
1#
#7769875247
0#
#7769975247
1#
#7770075247
0#
#7770175247
1#
#7770275247
0#
#7770375247
1#
#7770475247
0#
#7770575247
1#
#7770675247
0#
#7770775247
1#
#7770875247
0#
#7770975247
1#
#7771075247
0#
#7771175247
1#
#7771275247
0#
#7771375247
1#
#7771475247
0#
#7771575247
1#
#7771675247
0#
#7771775247
1#
#7771875247
0#
#7771975247
1#
#7772075247
0#
#7772175247
1#
#7772275247
0#
#7772375247
1#
#7772475247
0#
#7772575247
1#
#7772675247
0#
#7772775247
1#
#7772875247
0#
#7772975247
1#
#7773075247
0#
#7773175247
1#
#7773275247
0#
#7773375247
1#
#7773475247
0#
#7773575247
1#
#7773675247
0#
#7773775247
1#
#7773875247
0#
#7773975247
1#
#7774075247
0#
#7774175247
1#
#7774275247
0#
#7774375247
1#
#7774475247
0#
#7774575247
1#
#7774675247
0#
#7774775247
1#
#7774875247
0#
#7774975247
1#
#7775075247
0#
#7775175247
1#
#7775275247
0#
#7775375247
1#
#7775475247
0#
#7775575247
1#
#7775675247
0#
#7775775247
1#
#7775875247
0#
#7775975247
1#
#7776075247
0#
#7776175247
1#
#7776275247
0#
#7776375247
1#
#7776475247
0#
#7776575247
1#
#7776675247
0#
#7776775247
1#
#7776875247
0#
#7776975247
1#
#7777075247
0#
#7777175247
1#
#7777275247
0#
#7777375247
1#
#7777475247
0#
#7777575247
1#
#7777675247
0#
#7777775247
1#
#7777875247
0#
#7777975247
1#
#7778075247
0#
#7778175247
1#
#7778275247
0#
#7778375247
1#
#7778475247
0#
#7778575247
1#
#7778675247
0#
#7778775247
1#
#7778875247
0#
#7778975247
1#
#7779075247
0#
#7779175247
1#
#7779275247
0#
#7779375247
1#
#7779475247
0#
#7779575247
1#
#7779675247
0#
#7779775247
1#
#7779875247
0#
#7779975247
1#
#7780075247
0#
#7780175247
1#
#7780275247
0#
#7780375247
1#
#7780475247
0#
#7780575247
1#
#7780675247
0#
#7780775247
1#
#7780875247
0#
#7780975247
1#
#7781075247
0#
#7781175247
1#
#7781275247
0#
#7781375247
1#
#7781475247
0#
#7781575247
1#
#7781675247
0#
#7781775247
1#
#7781875247
0#
#7781975247
1#
#7782075247
0#
#7782175247
1#
#7782275247
0#
#7782375247
1#
#7782475247
0#
#7782575247
1#
#7782675247
0#
#7782775247
1#
#7782875247
0#
#7782975247
1#
#7783075247
0#
#7783175247
1#
#7783275247
0#
#7783375247
1#
#7783475247
0#
#7783575247
1#
#7783675247
0#
#7783775247
1#
#7783875247
0#
#7783975247
1#
#7784075247
0#
#7784175247
1#
#7784275247
0#
#7784375247
1#
#7784475247
0#
#7784575247
1#
#7784675247
0#
#7784775247
1#
#7784875247
0#
#7784975247
1#
#7785075247
0#
#7785175247
1#
#7785275247
0#
#7785375247
1#
#7785475247
0#
#7785575247
1#
#7785675247
0#
#7785775247
1#
#7785875247
0#
#7785975247
1#
#7786075247
0#
#7786175247
1#
#7786275247
0#
#7786375247
1#
#7786475247
0#
#7786575247
1#
#7786675247
0#
#7786775247
1#
#7786875247
0#
#7786975247
1#
#7787075247
0#
#7787175247
1#
#7787275247
0#
#7787375247
1#
#7787475247
0#
#7787575247
1#
#7787675247
0#
#7787775247
1#
#7787875247
0#
#7787975247
1#
#7788075247
0#
#7788175247
1#
#7788275247
0#
#7788375247
1#
#7788475247
0#
#7788575247
1#
#7788675247
0#
#7788775247
1#
#7788875247
0#
#7788975247
1#
#7789075247
0#
#7789175247
1#
#7789275247
0#
#7789375247
1#
#7789475247
0#
#7789575247
1#
#7789675247
0#
#7789775247
1#
#7789875247
0#
#7789975247
1#
#7790075247
0#
#7790175247
1#
#7790275247
0#
#7790375247
1#
#7790475247
0#
#7790575247
1#
#7790675247
0#
#7790775247
1#
#7790875247
0#
#7790975247
1#
#7791075247
0#
#7791175247
1#
#7791275247
0#
#7791375247
1#
#7791475247
0#
#7791575247
1#
#7791675247
0#
#7791775247
1#
#7791875247
0#
#7791975247
1#
#7792075247
0#
#7792175247
1#
#7792275247
0#
#7792375247
1#
#7792475247
0#
#7792575247
1#
#7792675247
0#
#7792775247
1#
#7792875247
0#
#7792975247
1#
#7793075247
0#
#7793175247
1#
#7793275247
0#
#7793375247
1#
#7793475247
0#
#7793575247
1#
#7793675247
0#
#7793775247
1#
#7793875247
0#
#7793975247
1#
#7794075247
0#
#7794175247
1#
#7794275247
0#
#7794375247
1#
#7794475247
0#
#7794575247
1#
#7794675247
0#
#7794775247
1#
#7794875247
0#
#7794975247
1#
#7795075247
0#
#7795175247
1#
#7795275247
0#
#7795375247
1#
#7795475247
0#
#7795575247
1#
#7795675247
0#
#7795775247
1#
#7795875247
0#
#7795975247
1#
#7796075247
0#
#7796175247
1#
#7796275247
0#
#7796375247
1#
#7796475247
0#
#7796575247
1#
#7796675247
0#
#7796775247
1#
#7796875247
0#
#7796975247
1#
#7797075247
0#
#7797175247
1#
#7797275247
0#
#7797375247
1#
#7797475247
0#
#7797575247
1#
#7797675247
0#
#7797775247
1#
#7797875247
0#
#7797975247
1#
#7798075247
0#
#7798175247
1#
#7798275247
0#
#7798375247
1#
#7798475247
0#
#7798575247
1#
#7798675247
0#
#7798775247
1#
#7798875247
0#
#7798975247
1#
#7799075247
0#
#7799175247
1#
#7799275247
0#
#7799375247
1#
#7799475247
0#
#7799575247
1#
#7799675247
0#
#7799775247
1#
#7799875247
0#
#7799975247
1#
#7800075247
0#
#7800175247
1#
#7800275247
0#
#7800375247
1#
#7800475247
0#
#7800575247
1#
#7800675247
0#
#7800775247
1#
#7800875247
0#
#7800975247
1#
#7801075247
0#
#7801175247
1#
#7801275247
0#
#7801375247
1#
#7801475247
0#
#7801575247
1#
#7801675247
0#
#7801775247
1#
#7801875247
0#
#7801975247
1#
#7802075247
0#
#7802175247
1#
#7802275247
0#
#7802375247
1#
#7802475247
0#
#7802575247
1#
#7802675247
0#
#7802775247
1#
#7802875247
0#
#7802975247
1#
#7803075247
0#
#7803175247
1#
#7803275247
0#
#7803375247
1#
#7803475247
0#
#7803575247
1#
#7803675247
0#
#7803775247
1#
#7803875247
0#
#7803975247
1#
#7804075247
0#
#7804175247
1#
#7804275247
0#
#7804375247
1#
#7804475247
0#
#7804575247
1#
#7804675247
0#
#7804775247
1#
#7804875247
0#
#7804975247
1#
#7805075247
0#
#7805175247
1#
#7805275247
0#
#7805375247
1#
#7805475247
0#
#7805575247
1#
#7805675247
0#
#7805775247
1#
#7805875247
0#
#7805975247
1#
#7806075247
0#
#7806175247
1#
#7806275247
0#
#7806375247
1#
#7806475247
0#
#7806575247
1#
#7806675247
0#
#7806775247
1#
#7806875247
0#
#7806975247
1#
#7807075247
0#
#7807175247
1#
#7807275247
0#
#7807375247
1#
#7807475247
0#
#7807575247
1#
#7807675247
0#
#7807775247
1#
#7807875247
0#
#7807975247
1#
#7808075247
0#
#7808175247
1#
#7808275247
0#
#7808375247
1#
#7808475247
0#
#7808575247
1#
#7808675247
0#
#7808775247
1#
#7808875247
0#
#7808975247
1#
#7809075247
0#
#7809175247
1#
#7809275247
0#
#7809375247
1#
#7809475247
0#
#7809575247
1#
#7809675247
0#
#7809775247
1#
#7809875247
0#
#7809975247
1#
#7810075247
0#
#7810175247
1#
#7810275247
0#
#7810375247
1#
#7810475247
0#
#7810575247
1#
#7810675247
0#
#7810775247
1#
#7810875247
0#
#7810975247
1#
#7811075247
0#
#7811175247
1#
#7811275247
0#
#7811375247
1#
#7811475247
0#
#7811575247
1#
#7811675247
0#
#7811775247
1#
#7811875247
0#
#7811975247
1#
#7812075247
0#
#7812175247
1#
#7812275247
0#
#7812375247
1#
#7812475247
0#
#7812575247
1#
#7812675247
0#
#7812775247
1#
#7812875247
0#
#7812975247
1#
#7813075247
0#
#7813175247
1#
#7813275247
0#
#7813375247
1#
#7813475247
0#
#7813575247
1#
#7813675247
0#
#7813775247
1#
#7813875247
0#
#7813975247
1#
#7814075247
0#
#7814175247
1#
#7814275247
0#
#7814375247
1#
#7814475247
0#
#7814575247
1#
#7814675247
0#
#7814775247
1#
#7814875247
0#
#7814975247
1#
#7815075247
0#
#7815175247
1#
#7815275247
0#
#7815375247
1#
#7815475247
0#
#7815575247
1#
#7815675247
0#
#7815775247
1#
#7815875247
0#
#7815975247
1#
#7816075247
0#
#7816175247
1#
#7816275247
0#
#7816375247
1#
#7816475247
0#
#7816575247
1#
#7816675247
0#
#7816775247
1#
#7816875247
0#
#7816975247
1#
#7817075247
0#
#7817175247
1#
#7817275247
0#
#7817375247
1#
#7817475247
0#
#7817575247
1#
#7817675247
0#
#7817775247
1#
#7817875247
0#
#7817975247
1#
#7818075247
0#
#7818175247
1#
#7818275247
0#
#7818375247
1#
#7818475247
0#
#7818575247
1#
#7818675247
0#
#7818775247
1#
#7818875247
0#
#7818975247
1#
#7819075247
0#
#7819175247
1#
#7819275247
0#
#7819375247
1#
#7819475247
0#
#7819575247
1#
#7819675247
0#
#7819775247
1#
#7819875247
0#
#7819975247
1#
#7820075247
0#
#7820175247
1#
#7820275247
0#
#7820375247
1#
#7820475247
0#
#7820575247
1#
#7820675247
0#
#7820775247
1#
#7820875247
0#
#7820975247
1#
#7821075247
0#
#7821175247
1#
#7821275247
0#
#7821375247
1#
#7821475247
0#
#7821575247
1#
#7821675247
0#
#7821775247
1#
#7821875247
0#
#7821975247
1#
#7822075247
0#
#7822175247
1#
#7822275247
0#
#7822375247
1#
#7822475247
0#
#7822575247
1#
#7822675247
0#
#7822775247
1#
#7822875247
0#
#7822975247
1#
#7823075247
0#
#7823175247
1#
#7823275247
0#
#7823375247
1#
#7823475247
0#
#7823575247
1#
#7823675247
0#
#7823775247
1#
#7823875247
0#
#7823975247
1#
#7824075247
0#
#7824175247
1#
#7824275247
0#
#7824375247
1#
#7824475247
0#
#7824575247
1#
#7824675247
0#
#7824775247
1#
#7824875247
0#
#7824975247
1#
#7825075247
0#
#7825175247
1#
#7825275247
0#
#7825375247
1#
#7825475247
0#
#7825575247
1#
#7825675247
0#
#7825775247
1#
#7825875247
0#
#7825975247
1#
#7826075247
0#
#7826175247
1#
#7826275247
0#
#7826375247
1#
#7826475247
0#
#7826575247
1#
#7826675247
0#
#7826775247
1#
#7826875247
0#
#7826975247
1#
#7827075247
0#
#7827175247
1#
#7827275247
0#
#7827375247
1#
#7827475247
0#
#7827575247
1#
#7827675247
0#
#7827775247
1#
#7827875247
0#
#7827975247
1#
#7828075247
0#
#7828175247
1#
#7828275247
0#
#7828375247
1#
#7828475247
0#
#7828575247
1#
#7828675247
0#
#7828775247
1#
#7828875247
0#
#7828975247
1#
#7829075247
0#
#7829175247
1#
#7829275247
0#
#7829375247
1#
#7829475247
0#
#7829575247
1#
#7829675247
0#
#7829775247
1#
#7829875247
0#
#7829975247
1#
#7830075247
0#
#7830175247
1#
#7830275247
0#
#7830375247
1#
#7830475247
0#
#7830575247
1#
#7830675247
0#
#7830775247
1#
#7830875247
0#
#7830975247
1#
#7831075247
0#
#7831175247
1#
#7831275247
0#
#7831375247
1#
#7831475247
0#
#7831575247
1#
#7831675247
0#
#7831775247
1#
#7831875247
0#
#7831975247
1#
#7832075247
0#
#7832175247
1#
#7832275247
0#
#7832375247
1#
#7832475247
0#
#7832575247
1#
#7832675247
0#
#7832775247
1#
#7832875247
0#
#7832975247
1#
#7833075247
0#
#7833175247
1#
#7833275247
0#
#7833375247
1#
#7833475247
0#
#7833575247
1#
#7833675247
0#
#7833775247
1#
#7833875247
0#
#7833975247
1#
#7834075247
0#
#7834175247
1#
#7834275247
0#
#7834375247
1#
#7834475247
0#
#7834575247
1#
#7834675247
0#
#7834775247
1#
#7834875247
0#
#7834975247
1#
#7835075247
0#
#7835175247
1#
#7835275247
0#
#7835375247
1#
#7835475247
0#
#7835575247
1#
#7835675247
0#
#7835775247
1#
#7835875247
0#
#7835975247
1#
#7836075247
0#
#7836175247
1#
#7836275247
0#
#7836375247
1#
#7836475247
0#
#7836575247
1#
#7836675247
0#
#7836775247
1#
#7836875247
0#
#7836975247
1#
#7837075247
0#
#7837175247
1#
#7837275247
0#
#7837375247
1#
#7837475247
0#
#7837575247
1#
#7837675247
0#
#7837775247
1#
#7837875247
0#
#7837975247
1#
#7838075247
0#
#7838175247
1#
#7838275247
0#
#7838375247
1#
#7838475247
0#
#7838575247
1#
#7838675247
0#
#7838775247
1#
#7838875247
0#
#7838975247
1#
#7839075247
0#
#7839175247
1#
#7839275247
0#
#7839375247
1#
#7839475247
0#
#7839575247
1#
#7839675247
0#
#7839775247
1#
#7839875247
0#
#7839975247
1#
#7840075247
0#
#7840175247
1#
#7840275247
0#
#7840375247
1#
#7840475247
0#
#7840575247
1#
#7840675247
0#
#7840775247
1#
#7840875247
0#
#7840975247
1#
#7841075247
0#
#7841175247
1#
#7841275247
0#
#7841375247
1#
#7841475247
0#
#7841575247
1#
#7841675247
0#
#7841775247
1#
#7841875247
0#
#7841975247
1#
#7842075247
0#
#7842175247
1#
#7842275247
0#
#7842375247
1#
#7842475247
0#
#7842575247
1#
#7842675247
0#
#7842775247
1#
#7842875247
0#
#7842975247
1#
#7843075247
0#
#7843175247
1#
#7843275247
0#
#7843375247
1#
#7843475247
0#
#7843575247
1#
#7843675247
0#
#7843775247
1#
#7843875247
0#
#7843975247
1#
#7844075247
0#
#7844175247
1#
#7844275247
0#
#7844375247
1#
#7844475247
0#
#7844575247
1#
#7844675247
0#
#7844775247
1#
#7844875247
0#
#7844975247
1#
#7845075247
0#
#7845175247
1#
#7845275247
0#
#7845375247
1#
#7845475247
0#
#7845575247
1#
#7845675247
0#
#7845775247
1#
#7845875247
0#
#7845975247
1#
#7846075247
0#
#7846175247
1#
#7846275247
0#
#7846375247
1#
#7846475247
0#
#7846575247
1#
#7846675247
0#
#7846775247
1#
#7846875247
0#
#7846975247
1#
#7847075247
0#
#7847175247
1#
#7847275247
0#
#7847375247
1#
#7847475247
0#
#7847575247
1#
#7847675247
0#
#7847775247
1#
#7847875247
0#
#7847975247
1#
#7848075247
0#
#7848175247
1#
#7848275247
0#
#7848375247
1#
#7848475247
0#
#7848575247
1#
#7848675247
0#
#7848775247
1#
#7848875247
0#
#7848975247
1#
#7849075247
0#
#7849175247
1#
#7849275247
0#
#7849375247
1#
#7849475247
0#
#7849575247
1#
#7849675247
0#
#7849775247
1#
#7849875247
0#
#7849975247
1#
#7850075247
0#
#7850175247
1#
#7850275247
0#
#7850375247
1#
#7850475247
0#
#7850575247
1#
#7850675247
0#
#7850775247
1#
#7850875247
0#
#7850975247
1#
#7851075247
0#
#7851175247
1#
#7851275247
0#
#7851375247
1#
#7851475247
0#
#7851575247
1#
#7851675247
0#
#7851775247
1#
#7851875247
0#
#7851975247
1#
#7852075247
0#
#7852175247
1#
#7852275247
0#
#7852375247
1#
#7852475247
0#
#7852575247
1#
#7852675247
0#
#7852775247
1#
#7852875247
0#
#7852975247
1#
#7853075247
0#
#7853175247
1#
#7853275247
0#
#7853375247
1#
#7853475247
0#
#7853575247
1#
#7853675247
0#
#7853775247
1#
#7853875247
0#
#7853975247
1#
#7854075247
0#
#7854175247
1#
#7854275247
0#
#7854375247
1#
#7854475247
0#
#7854575247
1#
#7854675247
0#
#7854775247
1#
#7854875247
0#
#7854975247
1#
#7855075247
0#
#7855175247
1#
#7855275247
0#
#7855375247
1#
#7855475247
0#
#7855575247
1#
#7855675247
0#
#7855775247
1#
#7855875247
0#
#7855975247
1#
#7856075247
0#
#7856175247
1#
#7856275247
0#
#7856375247
1#
#7856475247
0#
#7856575247
1#
#7856675247
0#
#7856775247
1#
#7856875247
0#
#7856975247
1#
#7857075247
0#
#7857175247
1#
#7857275247
0#
#7857375247
1#
#7857475247
0#
#7857575247
1#
#7857675247
0#
#7857775247
1#
#7857875247
0#
#7857975247
1#
#7858075247
0#
#7858175247
1#
#7858275247
0#
#7858375247
1#
#7858475247
0#
#7858575247
1#
#7858675247
0#
#7858775247
1#
#7858875247
0#
#7858975247
1#
#7859075247
0#
#7859175247
1#
#7859275247
0#
#7859375247
1#
#7859475247
0#
#7859575247
1#
#7859675247
0#
#7859775247
1#
#7859875247
0#
#7859975247
1#
#7860075247
0#
#7860175247
1#
#7860275247
0#
#7860375247
1#
#7860475247
0#
#7860575247
1#
#7860675247
0#
#7860775247
1#
#7860875247
0#
#7860975247
1#
#7861075247
0#
#7861175247
1#
#7861275247
0#
#7861375247
1#
#7861475247
0#
#7861575247
1#
#7861675247
0#
#7861775247
1#
#7861875247
0#
#7861975247
1#
#7862075247
0#
#7862175247
1#
#7862275247
0#
#7862375247
1#
#7862475247
0#
#7862575247
1#
#7862675247
0#
#7862775247
1#
#7862875247
0#
#7862975247
1#
#7863075247
0#
#7863175247
1#
#7863275247
0#
#7863375247
1#
#7863475247
0#
#7863575247
1#
#7863675247
0#
#7863775247
1#
#7863875247
0#
#7863975247
1#
#7864075247
0#
#7864175247
1#
#7864275247
0#
#7864375247
1#
#7864475247
0#
#7864575247
1#
#7864675247
0#
#7864775247
1#
#7864875247
0#
#7864975247
1#
#7865075247
0#
#7865175247
1#
#7865275247
0#
#7865375247
1#
#7865475247
0#
#7865575247
1#
#7865675247
0#
#7865775247
1#
#7865875247
0#
#7865975247
1#
#7866075247
0#
#7866175247
1#
#7866275247
0#
#7866375247
1#
#7866475247
0#
#7866575247
1#
#7866675247
0#
#7866775247
1#
#7866875247
0#
#7866975247
1#
#7867075247
0#
#7867175247
1#
#7867275247
0#
#7867375247
1#
#7867475247
0#
#7867575247
1#
#7867675247
0#
#7867775247
1#
#7867875247
0#
#7867975247
1#
#7868075247
0#
#7868175247
1#
#7868275247
0#
#7868375247
1#
#7868475247
0#
#7868575247
1#
#7868675247
0#
#7868775247
1#
#7868875247
0#
#7868975247
1#
#7869075247
0#
#7869175247
1#
#7869275247
0#
#7869375247
1#
#7869475247
0#
#7869575247
1#
#7869675247
0#
#7869775247
1#
#7869875247
0#
#7869975247
1#
#7870075247
0#
#7870175247
1#
#7870275247
0#
#7870375247
1#
#7870475247
0#
#7870575247
1#
#7870675247
0#
#7870775247
1#
#7870875247
0#
#7870975247
1#
#7871075247
0#
#7871175247
1#
#7871275247
0#
#7871375247
1#
#7871475247
0#
#7871575247
1#
#7871675247
0#
#7871775247
1#
#7871875247
0#
#7871975247
1#
#7872075247
0#
#7872175247
1#
#7872275247
0#
#7872375247
1#
#7872475247
0#
#7872575247
1#
#7872675247
0#
#7872775247
1#
#7872875247
0#
#7872975247
1#
#7873075247
0#
#7873175247
1#
#7873275247
0#
#7873375247
1#
#7873475247
0#
#7873575247
1#
#7873675247
0#
#7873775247
1#
#7873875247
0#
#7873975247
1#
#7874075247
0#
#7874175247
1#
#7874275247
0#
#7874375247
1#
#7874475247
0#
#7874575247
1#
#7874675247
0#
#7874775247
1#
#7874875247
0#
#7874975247
1#
#7875075247
0#
#7875175247
1#
#7875275247
0#
#7875375247
1#
#7875475247
0#
#7875575247
1#
#7875675247
0#
#7875775247
1#
#7875875247
0#
#7875975247
1#
#7876075247
0#
#7876175247
1#
#7876275247
0#
#7876375247
1#
#7876475247
0#
#7876575247
1#
#7876675247
0#
#7876775247
1#
#7876875247
0#
#7876975247
1#
#7877075247
0#
#7877175247
1#
#7877275247
0#
#7877375247
1#
#7877475247
0#
#7877575247
1#
#7877675247
0#
#7877775247
1#
#7877875247
0#
#7877975247
1#
#7878075247
0#
#7878175247
1#
#7878275247
0#
#7878375247
1#
#7878475247
0#
#7878575247
1#
#7878675247
0#
#7878775247
1#
#7878875247
0#
#7878975247
1#
#7879075247
0#
#7879175247
1#
#7879275247
0#
#7879375247
1#
#7879475247
0#
#7879575247
1#
#7879675247
0#
#7879775247
1#
#7879875247
0#
#7879975247
1#
#7880075247
0#
#7880175247
1#
#7880275247
0#
#7880375247
1#
#7880475247
0#
#7880575247
1#
#7880675247
0#
#7880775247
1#
#7880875247
0#
#7880975247
1#
#7881075247
0#
#7881175247
1#
#7881275247
0#
#7881375247
1#
#7881475247
0#
#7881575247
1#
#7881675247
0#
#7881775247
1#
#7881875247
0#
#7881975247
1#
#7882075247
0#
#7882175247
1#
#7882275247
0#
#7882375247
1#
#7882475247
0#
#7882575247
1#
#7882675247
0#
#7882775247
1#
#7882875247
0#
#7882975247
1#
#7883075247
0#
#7883175247
1#
#7883275247
0#
#7883375247
1#
#7883475247
0#
#7883575247
1#
#7883675247
0#
#7883775247
1#
#7883875247
0#
#7883975247
1#
#7884075247
0#
#7884175247
1#
#7884275247
0#
#7884375247
1#
#7884475247
0#
#7884575247
1#
#7884675247
0#
#7884775247
1#
#7884875247
0#
#7884975247
1#
#7885075247
0#
#7885175247
1#
#7885275247
0#
#7885375247
1#
#7885475247
0#
#7885575247
1#
#7885675247
0#
#7885775247
1#
#7885875247
0#
#7885975247
1#
#7886075247
0#
#7886175247
1#
#7886275247
0#
#7886375247
1#
#7886475247
0#
#7886575247
1#
#7886675247
0#
#7886775247
1#
#7886875247
0#
#7886975247
1#
#7887075247
0#
#7887175247
1#
#7887275247
0#
#7887375247
1#
#7887475247
0#
#7887575247
1#
#7887675247
0#
#7887775247
1#
#7887875247
0#
#7887975247
1#
#7888075247
0#
#7888175247
1#
#7888275247
0#
#7888375247
1#
#7888475247
0#
#7888575247
1#
#7888675247
0#
#7888775247
1#
#7888875247
0#
#7888975247
1#
#7889075247
0#
#7889175247
1#
#7889275247
0#
#7889375247
1#
#7889475247
0#
#7889575247
1#
#7889675247
0#
#7889775247
1#
#7889875247
0#
#7889975247
1#
#7890075247
0#
#7890175247
1#
#7890275247
0#
#7890375247
1#
#7890475247
0#
#7890575247
1#
#7890675247
0#
#7890775247
1#
#7890875247
0#
#7890975247
1#
#7891075247
0#
#7891175247
1#
#7891275247
0#
#7891375247
1#
#7891475247
0#
#7891575247
1#
#7891675247
0#
#7891775247
1#
#7891875247
0#
#7891975247
1#
#7892075247
0#
#7892175247
1#
#7892275247
0#
#7892375247
1#
#7892475247
0#
#7892575247
1#
#7892675247
0#
#7892775247
1#
#7892875247
0#
#7892975247
1#
#7893075247
0#
#7893175247
1#
#7893275247
0#
#7893375247
1#
#7893475247
0#
#7893575247
1#
#7893675247
0#
#7893775247
1#
#7893875247
0#
#7893975247
1#
#7894075247
0#
#7894175247
1#
#7894275247
0#
#7894375247
1#
#7894475247
0#
#7894575247
1#
#7894675247
0#
#7894775247
1#
#7894875247
0#
#7894975247
1#
#7895075247
0#
#7895175247
1#
#7895275247
0#
#7895375247
1#
#7895475247
0#
#7895575247
1#
#7895675247
0#
#7895775247
1#
#7895875247
0#
#7895975247
1#
#7896075247
0#
#7896175247
1#
#7896275247
0#
#7896375247
1#
#7896475247
0#
#7896575247
1#
#7896675247
0#
#7896775247
1#
#7896875247
0#
#7896975247
1#
#7897075247
0#
#7897175247
1#
#7897275247
0#
#7897375247
1#
#7897475247
0#
#7897575247
1#
#7897675247
0#
#7897775247
1#
#7897875247
0#
#7897975247
1#
#7898075247
0#
#7898175247
1#
#7898275247
0#
#7898375247
1#
#7898475247
0#
#7898575247
1#
#7898675247
0#
#7898775247
1#
#7898875247
0#
#7898975247
1#
#7899075247
0#
#7899175247
1#
#7899275247
0#
#7899375247
1#
#7899475247
0#
#7899575247
1#
#7899675247
0#
#7899775247
1#
#7899875247
0#
#7899975247
1#
#7900075247
0#
#7900175247
1#
#7900275247
0#
#7900375247
1#
#7900475247
0#
#7900575247
1#
#7900675247
0#
#7900775247
1#
#7900875247
0#
#7900975247
1#
#7901075247
0#
#7901175247
1#
#7901275247
0#
#7901375247
1#
#7901475247
0#
#7901575247
1#
#7901675247
0#
#7901775247
1#
#7901875247
0#
#7901975247
1#
#7902075247
0#
#7902175247
1#
#7902275247
0#
#7902375247
1#
#7902475247
0#
#7902575247
1#
#7902675247
0#
#7902775247
1#
#7902875247
0#
#7902975247
1#
#7903075247
0#
#7903175247
1#
#7903275247
0#
#7903375247
1#
#7903475247
0#
#7903575247
1#
#7903675247
0#
#7903775247
1#
#7903875247
0#
#7903975247
1#
#7904075247
0#
#7904175247
1#
#7904275247
0#
#7904375247
1#
#7904475247
0#
#7904575247
1#
#7904675247
0#
#7904775247
1#
#7904875247
0#
#7904975247
1#
#7905075247
0#
#7905175247
1#
#7905275247
0#
#7905375247
1#
#7905475247
0#
#7905575247
1#
#7905675247
0#
#7905775247
1#
#7905875247
0#
#7905975247
1#
#7906075247
0#
#7906175247
1#
#7906275247
0#
#7906375247
1#
#7906475247
0#
#7906575247
1#
#7906675247
0#
#7906775247
1#
#7906875247
0#
#7906975247
1#
#7907075247
0#
#7907175247
1#
#7907275247
0#
#7907375247
1#
#7907475247
0#
#7907575247
1#
#7907675247
0#
#7907775247
1#
#7907875247
0#
#7907975247
1#
#7908075247
0#
#7908175247
1#
#7908275247
0#
#7908375247
1#
#7908475247
0#
#7908575247
1#
#7908675247
0#
#7908775247
1#
#7908875247
0#
#7908975247
1#
#7909075247
0#
#7909175247
1#
#7909275247
0#
#7909375247
1#
#7909475247
0#
#7909575247
1#
#7909675247
0#
#7909775247
1#
#7909875247
0#
#7909975247
1#
#7910075247
0#
#7910175247
1#
#7910275247
0#
#7910375247
1#
#7910475247
0#
#7910575247
1#
#7910675247
0#
#7910775247
1#
#7910875247
0#
#7910975247
1#
#7911075247
0#
#7911175247
1#
#7911275247
0#
#7911375247
1#
#7911475247
0#
#7911575247
1#
#7911675247
0#
#7911775247
1#
#7911875247
0#
#7911975247
1#
#7912075247
0#
#7912175247
1#
#7912275247
0#
#7912375247
1#
#7912475247
0#
#7912575247
1#
#7912675247
0#
#7912775247
1#
#7912875247
0#
#7912975247
1#
#7913075247
0#
#7913175247
1#
#7913275247
0#
#7913375247
1#
#7913475247
0#
#7913575247
1#
#7913675247
0#
#7913775247
1#
#7913875247
0#
#7913975247
1#
#7914075247
0#
#7914175247
1#
#7914275247
0#
#7914375247
1#
#7914475247
0#
#7914575247
1#
#7914675247
0#
#7914775247
1#
#7914875247
0#
#7914975247
1#
#7915075247
0#
#7915175247
1#
#7915275247
0#
#7915375247
1#
#7915475247
0#
#7915575247
1#
#7915675247
0#
#7915775247
1#
#7915875247
0#
#7915975247
1#
#7916075247
0#
#7916175247
1#
#7916275247
0#
#7916375247
1#
#7916475247
0#
#7916575247
1#
#7916675247
0#
#7916775247
1#
#7916875247
0#
#7916975247
1#
#7917075247
0#
#7917175247
1#
#7917275247
0#
#7917375247
1#
#7917475247
0#
#7917575247
1#
#7917675247
0#
#7917775247
1#
#7917875247
0#
#7917975247
1#
#7918075247
0#
#7918175247
1#
#7918275247
0#
#7918375247
1#
#7918475247
0#
#7918575247
1#
#7918675247
0#
#7918775247
1#
#7918875247
0#
#7918975247
1#
#7919075247
0#
#7919175247
1#
#7919275247
0#
#7919375247
1#
#7919475247
0#
#7919575247
1#
#7919675247
0#
#7919775247
1#
#7919875247
0#
#7919975247
1#
#7920075247
0#
#7920175247
1#
#7920275247
0#
#7920375247
1#
#7920475247
0#
#7920575247
1#
#7920675247
0#
#7920775247
1#
#7920875247
0#
#7920975247
1#
#7921075247
0#
#7921175247
1#
#7921275247
0#
#7921375247
1#
#7921475247
0#
#7921575247
1#
#7921675247
0#
#7921775247
1#
#7921875247
0#
#7921975247
1#
#7922075247
0#
#7922175247
1#
#7922275247
0#
#7922375247
1#
#7922475247
0#
#7922575247
1#
#7922675247
0#
#7922775247
1#
#7922875247
0#
#7922975247
1#
#7923075247
0#
#7923175247
1#
#7923275247
0#
#7923375247
1#
#7923475247
0#
#7923575247
1#
#7923675247
0#
#7923775247
1#
#7923875247
0#
#7923975247
1#
#7924075247
0#
#7924175247
1#
#7924275247
0#
#7924375247
1#
#7924475247
0#
#7924575247
1#
#7924675247
0#
#7924775247
1#
#7924875247
0#
#7924975247
1#
#7925075247
0#
#7925175247
1#
#7925275247
0#
#7925375247
1#
#7925475247
0#
#7925575247
1#
#7925675247
0#
#7925775247
1#
#7925875247
0#
#7925975247
1#
#7926075247
0#
#7926175247
1#
#7926275247
0#
#7926375247
1#
#7926475247
0#
#7926575247
1#
#7926675247
0#
#7926775247
1#
#7926875247
0#
#7926975247
1#
#7927075247
0#
#7927175247
1#
#7927275247
0#
#7927375247
1#
#7927475247
0#
#7927575247
1#
#7927675247
0#
#7927775247
1#
#7927875247
0#
#7927975247
1#
#7928075247
0#
#7928175247
1#
#7928275247
0#
#7928375247
1#
#7928475247
0#
#7928575247
1#
#7928675247
0#
#7928775247
1#
#7928875247
0#
#7928975247
1#
#7929075247
0#
#7929175247
1#
#7929275247
0#
#7929375247
1#
#7929475247
0#
#7929575247
1#
#7929675247
0#
#7929775247
1#
#7929875247
0#
#7929975247
1#
#7930075247
0#
#7930175247
1#
#7930275247
0#
#7930375247
1#
#7930475247
0#
#7930575247
1#
#7930675247
0#
#7930775247
1#
#7930875247
0#
#7930975247
1#
#7931075247
0#
#7931175247
1#
#7931275247
0#
#7931375247
1#
#7931475247
0#
#7931575247
1#
#7931675247
0#
#7931775247
1#
#7931875247
0#
#7931975247
1#
#7932075247
0#
#7932175247
1#
#7932275247
0#
#7932375247
1#
#7932475247
0#
#7932575247
1#
#7932675247
0#
#7932775247
1#
#7932875247
0#
#7932975247
1#
#7933075247
0#
#7933175247
1#
#7933275247
0#
#7933375247
1#
#7933475247
0#
#7933575247
1#
#7933675247
0#
#7933775247
1#
#7933875247
0#
#7933975247
1#
#7934075247
0#
#7934175247
1#
#7934275247
0#
#7934375247
1#
#7934475247
0#
#7934575247
1#
#7934675247
0#
#7934775247
1#
#7934875247
0#
#7934975247
1#
#7935075247
0#
#7935175247
1#
#7935275247
0#
#7935375247
1#
#7935475247
0#
#7935575247
1#
#7935675247
0#
#7935775247
1#
#7935875247
0#
#7935975247
1#
#7936075247
0#
#7936175247
1#
#7936275247
0#
#7936375247
1#
#7936475247
0#
#7936575247
1#
#7936675247
0#
#7936775247
1#
#7936875247
0#
#7936975247
1#
#7937075247
0#
#7937175247
1#
#7937275247
0#
#7937375247
1#
#7937475247
0#
#7937575247
1#
#7937675247
0#
#7937775247
1#
#7937875247
0#
#7937975247
1#
#7938075247
0#
#7938175247
1#
#7938275247
0#
#7938375247
1#
#7938475247
0#
#7938575247
1#
#7938675247
0#
#7938775247
1#
#7938875247
0#
#7938975247
1#
#7939075247
0#
#7939175247
1#
#7939275247
0#
#7939375247
1#
#7939475247
0#
#7939575247
1#
#7939675247
0#
#7939775247
1#
#7939875247
0#
#7939975247
1#
#7940075247
0#
#7940175247
1#
#7940275247
0#
#7940375247
1#
#7940475247
0#
#7940575247
1#
#7940675247
0#
#7940775247
1#
#7940875247
0#
#7940975247
1#
#7941075247
0#
#7941175247
1#
#7941275247
0#
#7941375247
1#
#7941475247
0#
#7941575247
1#
#7941675247
0#
#7941775247
1#
#7941875247
0#
#7941975247
1#
#7942075247
0#
#7942175247
1#
#7942275247
0#
#7942375247
1#
#7942475247
0#
#7942575247
1#
#7942675247
0#
#7942775247
1#
#7942875247
0#
#7942975247
1#
#7943075247
0#
#7943175247
1#
#7943275247
0#
#7943375247
1#
#7943475247
0#
#7943575247
1#
#7943675247
0#
#7943775247
1#
#7943875247
0#
#7943975247
1#
#7944075247
0#
#7944175247
1#
#7944275247
0#
#7944375247
1#
#7944475247
0#
#7944575247
1#
#7944675247
0#
#7944775247
1#
#7944875247
0#
#7944975247
1#
#7945075247
0#
#7945175247
1#
#7945275247
0#
#7945375247
1#
#7945475247
0#
#7945575247
1#
#7945675247
0#
#7945775247
1#
#7945875247
0#
#7945975247
1#
#7946075247
0#
#7946175247
1#
#7946275247
0#
#7946375247
1#
#7946475247
0#
#7946575247
1#
#7946675247
0#
#7946775247
1#
#7946875247
0#
#7946975247
1#
#7947075247
0#
#7947175247
1#
#7947275247
0#
#7947375247
1#
#7947475247
0#
#7947575247
1#
#7947675247
0#
#7947775247
1#
#7947875247
0#
#7947975247
1#
#7948075247
0#
#7948175247
1#
#7948275247
0#
#7948375247
1#
#7948475247
0#
#7948575247
1#
#7948675247
0#
#7948775247
1#
#7948875247
0#
#7948975247
1#
#7949075247
0#
#7949175247
1#
#7949275247
0#
#7949375247
1#
#7949475247
0#
#7949575247
1#
#7949675247
0#
#7949775247
1#
#7949875247
0#
#7949975247
1#
#7950075247
0#
#7950175247
1#
#7950275247
0#
#7950375247
1#
#7950475247
0#
#7950575247
1#
#7950675247
0#
#7950775247
1#
#7950875247
0#
#7950975247
1#
#7951075247
0#
#7951175247
1#
#7951275247
0#
#7951375247
1#
#7951475247
0#
#7951575247
1#
#7951675247
0#
#7951775247
1#
#7951875247
0#
#7951975247
1#
#7952075247
0#
#7952175247
1#
#7952275247
0#
#7952375247
1#
#7952475247
0#
#7952575247
1#
#7952675247
0#
#7952775247
1#
#7952875247
0#
#7952975247
1#
#7953075247
0#
#7953175247
1#
#7953275247
0#
#7953375247
1#
#7953475247
0#
#7953575247
1#
#7953675247
0#
#7953775247
1#
#7953875247
0#
#7953975247
1#
#7954075247
0#
#7954175247
1#
#7954275247
0#
#7954375247
1#
#7954475247
0#
#7954575247
1#
#7954675247
0#
#7954775247
1#
#7954875247
0#
#7954975247
1#
#7955075247
0#
#7955175247
1#
#7955275247
0#
#7955375247
1#
#7955475247
0#
#7955575247
1#
#7955675247
0#
#7955775247
1#
#7955875247
0#
#7955975247
1#
#7956075247
0#
#7956175247
1#
#7956275247
0#
#7956375247
1#
#7956475247
0#
#7956575247
1#
#7956675247
0#
#7956775247
1#
#7956875247
0#
#7956975247
1#
#7957075247
0#
#7957175247
1#
#7957275247
0#
#7957375247
1#
#7957475247
0#
#7957575247
1#
#7957675247
0#
#7957775247
1#
#7957875247
0#
#7957975247
1#
#7958075247
0#
#7958175247
1#
#7958275247
0#
#7958375247
1#
#7958475247
0#
#7958575247
1#
#7958675247
0#
#7958775247
1#
#7958875247
0#
#7958975247
1#
#7959075247
0#
#7959175247
1#
#7959275247
0#
#7959375247
1#
#7959475247
0#
#7959575247
1#
#7959675247
0#
#7959775247
1#
#7959875247
0#
#7959975247
1#
#7960075247
0#
#7960175247
1#
#7960275247
0#
#7960375247
1#
#7960475247
0#
#7960575247
1#
#7960675247
0#
#7960775247
1#
#7960875247
0#
#7960975247
1#
#7961075247
0#
#7961175247
1#
#7961275247
0#
#7961375247
1#
#7961475247
0#
#7961575247
1#
#7961675247
0#
#7961775247
1#
#7961875247
0#
#7961975247
1#
#7962075247
0#
#7962175247
1#
#7962275247
0#
#7962375247
1#
#7962475247
0#
#7962575247
1#
#7962675247
0#
#7962775247
1#
#7962875247
0#
#7962975247
1#
#7963075247
0#
#7963175247
1#
#7963275247
0#
#7963375247
1#
#7963475247
0#
#7963575247
1#
#7963675247
0#
#7963775247
1#
#7963875247
0#
#7963975247
1#
#7964075247
0#
#7964175247
1#
#7964275247
0#
#7964375247
1#
#7964475247
0#
#7964575247
1#
#7964675247
0#
#7964775247
1#
#7964875247
0#
#7964975247
1#
#7965075247
0#
#7965175247
1#
#7965275247
0#
#7965375247
1#
#7965475247
0#
#7965575247
1#
#7965675247
0#
#7965775247
1#
#7965875247
0#
#7965975247
1#
#7966075247
0#
#7966175247
1#
#7966275247
0#
#7966375247
1#
#7966475247
0#
#7966575247
1#
#7966675247
0#
#7966775247
1#
#7966875247
0#
#7966975247
1#
#7967075247
0#
#7967175247
1#
#7967275247
0#
#7967375247
1#
#7967475247
0#
#7967575247
1#
#7967675247
0#
#7967775247
1#
#7967875247
0#
#7967975247
1#
#7968075247
0#
#7968175247
1#
#7968275247
0#
#7968375247
1#
#7968475247
0#
#7968575247
1#
#7968675247
0#
#7968775247
1#
#7968875247
0#
#7968975247
1#
#7969075247
0#
#7969175247
1#
#7969275247
0#
#7969375247
1#
#7969475247
0#
#7969575247
1#
#7969675247
0#
#7969775247
1#
#7969875247
0#
#7969975247
1#
#7970075247
0#
#7970175247
1#
#7970275247
0#
#7970375247
1#
#7970475247
0#
#7970575247
1#
#7970675247
0#
#7970775247
1#
#7970875247
0#
#7970975247
1#
#7971075247
0#
#7971175247
1#
#7971275247
0#
#7971375247
1#
#7971475247
0#
#7971575247
1#
#7971675247
0#
#7971775247
1#
#7971875247
0#
#7971975247
1#
#7972075247
0#
#7972175247
1#
#7972275247
0#
#7972375247
1#
#7972475247
0#
#7972575247
1#
#7972675247
0#
#7972775247
1#
#7972875247
0#
#7972975247
1#
#7973075247
0#
#7973175247
1#
#7973275247
0#
#7973375247
1#
#7973475247
0#
#7973575247
1#
#7973675247
0#
#7973775247
1#
#7973875247
0#
#7973975247
1#
#7974075247
0#
#7974175247
1#
#7974275247
0#
#7974375247
1#
#7974475247
0#
#7974575247
1#
#7974675247
0#
#7974775247
1#
#7974875247
0#
#7974975247
1#
#7975075247
0#
#7975175247
1#
#7975275247
0#
#7975375247
1#
#7975475247
0#
#7975575247
1#
#7975675247
0#
#7975775247
1#
#7975875247
0#
#7975975247
1#
#7976075247
0#
#7976175247
1#
#7976275247
0#
#7976375247
1#
#7976475247
0#
#7976575247
1#
#7976675247
0#
#7976775247
1#
#7976875247
0#
#7976975247
1#
#7977075247
0#
#7977175247
1#
#7977275247
0#
#7977375247
1#
#7977475247
0#
#7977575247
1#
#7977675247
0#
#7977775247
1#
#7977875247
0#
#7977975247
1#
#7978075247
0#
#7978175247
1#
#7978275247
0#
#7978375247
1#
#7978475247
0#
#7978575247
1#
#7978675247
0#
#7978775247
1#
#7978875247
0#
#7978975247
1#
#7979075247
0#
#7979175247
1#
#7979275247
0#
#7979375247
1#
#7979475247
0#
#7979575247
1#
#7979675247
0#
#7979775247
1#
#7979875247
0#
#7979975247
1#
#7980075247
0#
#7980175247
1#
#7980275247
0#
#7980375247
1#
#7980475247
0#
#7980575247
1#
#7980675247
0#
#7980775247
1#
#7980875247
0#
#7980975247
1#
#7981075247
0#
#7981175247
1#
#7981275247
0#
#7981375247
1#
#7981475247
0#
#7981575247
1#
#7981675247
0#
#7981775247
1#
#7981875247
0#
#7981975247
1#
#7982075247
0#
#7982175247
1#
#7982275247
0#
#7982375247
1#
#7982475247
0#
#7982575247
1#
#7982675247
0#
#7982775247
1#
#7982875247
0#
#7982975247
1#
#7983075247
0#
#7983175247
1#
#7983275247
0#
#7983375247
1#
#7983475247
0#
#7983575247
1#
#7983675247
0#
#7983775247
1#
#7983875247
0#
#7983975247
1#
#7984075247
0#
#7984175247
1#
#7984275247
0#
#7984375247
1#
#7984475247
0#
#7984575247
1#
#7984675247
0#
#7984775247
1#
#7984875247
0#
#7984975247
1#
#7985075247
0#
#7985175247
1#
#7985275247
0#
#7985375247
1#
#7985475247
0#
#7985575247
1#
#7985675247
0#
#7985775247
1#
#7985875247
0#
#7985975247
1#
#7986075247
0#
#7986175247
1#
#7986275247
0#
#7986375247
1#
#7986475247
0#
#7986575247
1#
#7986675247
0#
#7986775247
1#
#7986875247
0#
#7986975247
1#
#7987075247
0#
#7987175247
1#
#7987275247
0#
#7987375247
1#
#7987475247
0#
#7987575247
1#
#7987675247
0#
#7987775247
1#
#7987875247
0#
#7987975247
1#
#7988075247
0#
#7988175247
1#
#7988275247
0#
#7988375247
1#
#7988475247
0#
#7988575247
1#
#7988675247
0#
#7988775247
1#
#7988875247
0#
#7988975247
1#
#7989075247
0#
#7989175247
1#
#7989275247
0#
#7989375247
1#
#7989475247
0#
#7989575247
1#
#7989675247
0#
#7989775247
1#
#7989875247
0#
#7989975247
1#
#7990075247
0#
#7990175247
1#
#7990275247
0#
#7990375247
1#
#7990475247
0#
#7990575247
1#
#7990675247
0#
#7990775247
1#
#7990875247
0#
#7990975247
1#
#7991075247
0#
#7991175247
1#
#7991275247
0#
#7991375247
1#
#7991475247
0#
#7991575247
1#
#7991675247
0#
#7991775247
1#
#7991875247
0#
#7991975247
1#
#7992075247
0#
#7992175247
1#
#7992275247
0#
#7992375247
1#
#7992475247
0#
#7992575247
1#
#7992675247
0#
#7992775247
1#
#7992875247
0#
#7992975247
1#
#7993075247
0#
#7993175247
1#
#7993275247
0#
#7993375247
1#
#7993475247
0#
#7993575247
1#
#7993675247
0#
#7993775247
1#
#7993875247
0#
#7993975247
1#
#7994075247
0#
#7994175247
1#
#7994275247
0#
#7994375247
1#
#7994475247
0#
#7994575247
1#
#7994675247
0#
#7994775247
1#
#7994875247
0#
#7994975247
1#
#7995075247
0#
#7995175247
1#
#7995275247
0#
#7995375247
1#
#7995475247
0#
#7995575247
1#
#7995675247
0#
#7995775247
1#
#7995875247
0#
#7995975247
1#
#7996075247
0#
#7996175247
1#
#7996275247
0#
#7996375247
1#
#7996475247
0#
#7996575247
1#
#7996675247
0#
#7996775247
1#
#7996875247
0#
#7996975247
1#
#7997075247
0#
#7997175247
1#
#7997275247
0#
#7997375247
1#
#7997475247
0#
#7997575247
1#
#7997675247
0#
#7997775247
1#
#7997875247
0#
#7997975247
1#
#7998075247
0#
#7998175247
1#
#7998275247
0#
#7998375247
1#
#7998475247
0#
#7998575247
1#
#7998675247
0#
#7998775247
1#
#7998875247
0#
#7998975247
1#
#7999075247
0#
#7999175247
1#
#7999275247
0#
#7999375247
1#
#7999475247
0#
#7999575247
1#
#7999675247
0#
#7999775247
1#
#7999875247
0#
#7999975247
1#
#8000075247
0#
#8000175247
1#
#8000275247
0#
#8000375247
1#
#8000475247
0#
#8000575247
1#
#8000675247
0#
#8000775247
1#
#8000875247
0#
#8000975247
1#
#8001075247
0#
#8001175247
1#
#8001275247
0#
#8001375247
1#
#8001475247
0#
#8001575247
1#
#8001675247
0#
#8001775247
1#
#8001875247
0#
#8001975247
1#
#8002075247
0#
#8002175247
1#
#8002275247
0#
#8002375247
1#
#8002475247
0#
#8002575247
1#
#8002675247
0#
#8002775247
1#
#8002875247
0#
#8002975247
1#
#8003075247
0#
#8003175247
1#
#8003275247
0#
#8003375247
1#
#8003475247
0#
#8003575247
1#
#8003675247
0#
#8003775247
1#
#8003875247
0#
#8003975247
1#
#8004075247
0#
#8004175247
1#
#8004275247
0#
#8004375247
1#
#8004475247
0#
#8004575247
1#
#8004675247
0#
#8004775247
1#
#8004875247
0#
#8004975247
1#
#8005075247
0#
#8005175247
1#
#8005275247
0#
#8005375247
1#
#8005475247
0#
#8005575247
1#
#8005675247
0#
#8005775247
1#
#8005875247
0#
#8005975247
1#
#8006075247
0#
#8006175247
1#
#8006275247
0#
#8006375247
1#
#8006475247
0#
#8006575247
1#
#8006675247
0#
#8006775247
1#
#8006875247
0#
#8006975247
1#
#8007075247
0#
#8007175247
1#
#8007275247
0#
#8007375247
1#
#8007475247
0#
#8007575247
1#
#8007675247
0#
#8007775247
1#
#8007875247
0#
#8007975247
1#
#8008075247
0#
#8008175247
1#
#8008275247
0#
#8008375247
1#
#8008475247
0#
#8008575247
1#
#8008675247
0#
#8008775247
1#
#8008875247
0#
#8008975247
1#
#8009075247
0#
#8009175247
1#
#8009275247
0#
#8009375247
1#
#8009475247
0#
#8009575247
1#
#8009675247
0#
#8009775247
1#
#8009875247
0#
#8009975247
1#
#8010075247
0#
#8010175247
1#
#8010275247
0#
#8010375247
1#
#8010475247
0#
#8010575247
1#
#8010675247
0#
#8010775247
1#
#8010875247
0#
#8010975247
1#
#8011075247
0#
#8011175247
1#
#8011275247
0#
#8011375247
1#
#8011475247
0#
#8011575247
1#
#8011675247
0#
#8011775247
1#
#8011875247
0#
#8011975247
1#
#8012075247
0#
#8012175247
1#
#8012275247
0#
#8012375247
1#
#8012475247
0#
#8012575247
1#
#8012675247
0#
#8012775247
1#
#8012875247
0#
#8012975247
1#
#8013075247
0#
#8013175247
1#
#8013275247
0#
#8013375247
1#
#8013475247
0#
#8013575247
1#
#8013675247
0#
#8013775247
1#
#8013875247
0#
#8013975247
1#
#8014075247
0#
#8014175247
1#
#8014275247
0#
#8014375247
1#
#8014475247
0#
#8014575247
1#
#8014675247
0#
#8014775247
1#
#8014875247
0#
#8014975247
1#
#8015075247
0#
#8015175247
1#
#8015275247
0#
#8015375247
1#
#8015475247
0#
#8015575247
1#
#8015675247
0#
#8015775247
1#
#8015875247
0#
#8015975247
1#
#8016075247
0#
#8016175247
1#
#8016275247
0#
#8016375247
1#
#8016475247
0#
#8016575247
1#
#8016675247
0#
#8016775247
1#
#8016875247
0#
#8016975247
1#
#8017075247
0#
#8017175247
1#
#8017275247
0#
#8017375247
1#
#8017475247
0#
#8017575247
1#
#8017675247
0#
#8017775247
1#
#8017875247
0#
#8017975247
1#
#8018075247
0#
#8018175247
1#
#8018275247
0#
#8018375247
1#
#8018475247
0#
#8018575247
1#
#8018675247
0#
#8018775247
1#
#8018875247
0#
#8018975247
1#
#8019075247
0#
#8019175247
1#
#8019275247
0#
#8019375247
1#
#8019475247
0#
#8019575247
1#
#8019675247
0#
#8019775247
1#
#8019875247
0#
#8019975247
1#
#8020075247
0#
#8020175247
1#
#8020275247
0#
#8020375247
1#
#8020475247
0#
#8020575247
1#
#8020675247
0#
#8020775247
1#
#8020875247
0#
#8020975247
1#
#8021075247
0#
#8021175247
1#
#8021275247
0#
#8021375247
1#
#8021475247
0#
#8021575247
1#
#8021675247
0#
#8021775247
1#
#8021875247
0#
#8021975247
1#
#8022075247
0#
#8022175247
1#
#8022275247
0#
#8022375247
1#
#8022475247
0#
#8022575247
1#
#8022675247
0#
#8022775247
1#
#8022875247
0#
#8022975247
1#
#8023075247
0#
#8023175247
1#
#8023275247
0#
#8023375247
1#
#8023475247
0#
#8023575247
1#
#8023675247
0#
#8023775247
1#
#8023875247
0#
#8023975247
1#
#8024075247
0#
#8024175247
1#
#8024275247
0#
#8024375247
1#
#8024475247
0#
#8024575247
1#
#8024675247
0#
#8024775247
1#
#8024875247
0#
#8024975247
1#
#8025075247
0#
#8025175247
1#
#8025275247
0#
#8025375247
1#
#8025475247
0#
#8025575247
1#
#8025675247
0#
#8025775247
1#
#8025875247
0#
#8025975247
1#
#8026075247
0#
#8026175247
1#
#8026275247
0#
#8026375247
1#
#8026475247
0#
#8026575247
1#
#8026675247
0#
#8026775247
1#
#8026875247
0#
#8026975247
1#
#8027075247
0#
#8027175247
1#
#8027275247
0#
#8027375247
1#
#8027475247
0#
#8027575247
1#
#8027675247
0#
#8027775247
1#
#8027875247
0#
#8027975247
1#
#8028075247
0#
#8028175247
1#
#8028275247
0#
#8028375247
1#
#8028475247
0#
#8028575247
1#
#8028675247
0#
#8028775247
1#
#8028875247
0#
#8028975247
1#
#8029075247
0#
#8029175247
1#
#8029275247
0#
#8029375247
1#
#8029475247
0#
#8029575247
1#
#8029675247
0#
#8029775247
1#
#8029875247
0#
#8029975247
1#
#8030075247
0#
#8030175247
1#
#8030275247
0#
#8030375247
1#
#8030475247
0#
#8030575247
1#
#8030675247
0#
#8030775247
1#
#8030875247
0#
#8030975247
1#
#8031075247
0#
#8031175247
1#
#8031275247
0#
#8031375247
1#
#8031475247
0#
#8031575247
1#
#8031675247
0#
#8031775247
1#
#8031875247
0#
#8031975247
1#
#8032075247
0#
#8032175247
1#
#8032275247
0#
#8032375247
1#
#8032475247
0#
#8032575247
1#
#8032675247
0#
#8032775247
1#
#8032875247
0#
#8032975247
1#
#8033075247
0#
#8033175247
1#
#8033275247
0#
#8033375247
1#
#8033475247
0#
#8033575247
1#
#8033675247
0#
#8033775247
1#
#8033875247
0#
#8033975247
1#
#8034075247
0#
#8034175247
1#
#8034275247
0#
#8034375247
1#
#8034475247
0#
#8034575247
1#
#8034675247
0#
#8034775247
1#
#8034875247
0#
#8034975247
1#
#8035075247
0#
#8035175247
1#
#8035275247
0#
#8035375247
1#
#8035475247
0#
#8035575247
1#
#8035675247
0#
#8035775247
1#
#8035875247
0#
#8035975247
1#
#8036075247
0#
#8036175247
1#
#8036275247
0#
#8036375247
1#
#8036475247
0#
#8036575247
1#
#8036675247
0#
#8036775247
1#
#8036875247
0#
#8036975247
1#
#8037075247
0#
#8037175247
1#
#8037275247
0#
#8037375247
1#
#8037475247
0#
#8037575247
1#
#8037675247
0#
#8037775247
1#
#8037875247
0#
#8037975247
1#
#8038075247
0#
#8038175247
1#
#8038275247
0#
#8038375247
1#
#8038475247
0#
#8038575247
1#
#8038675247
0#
#8038775247
1#
#8038875247
0#
#8038975247
1#
#8039075247
0#
#8039175247
1#
#8039275247
0#
#8039375247
1#
#8039475247
0#
#8039575247
1#
#8039675247
0#
#8039775247
1#
#8039875247
0#
#8039975247
1#
#8040075247
0#
#8040175247
1#
#8040275247
0#
#8040375247
1#
#8040475247
0#
#8040575247
1#
#8040675247
0#
#8040775247
1#
#8040875247
0#
#8040975247
1#
#8041075247
0#
#8041175247
1#
#8041275247
0#
#8041375247
1#
#8041475247
0#
#8041575247
1#
#8041675247
0#
#8041775247
1#
#8041875247
0#
#8041975247
1#
#8042075247
0#
#8042175247
1#
#8042275247
0#
#8042375247
1#
#8042475247
0#
#8042575247
1#
#8042675247
0#
#8042775247
1#
#8042875247
0#
#8042975247
1#
#8043075247
0#
#8043175247
1#
#8043275247
0#
#8043375247
1#
#8043475247
0#
#8043575247
1#
#8043675247
0#
#8043775247
1#
#8043875247
0#
#8043975247
1#
#8044075247
0#
#8044175247
1#
#8044275247
0#
#8044375247
1#
#8044475247
0#
#8044575247
1#
#8044675247
0#
#8044775247
1#
#8044875247
0#
#8044975247
1#
#8045075247
0#
#8045175247
1#
#8045275247
0#
#8045375247
1#
#8045475247
0#
#8045575247
1#
#8045675247
0#
#8045775247
1#
#8045875247
0#
#8045975247
1#
#8046075247
0#
#8046175247
1#
#8046275247
0#
#8046375247
1#
#8046475247
0#
#8046575247
1#
#8046675247
0#
#8046775247
1#
#8046875247
0#
#8046975247
1#
#8047075247
0#
#8047175247
1#
#8047275247
0#
#8047375247
1#
#8047475247
0#
#8047575247
1#
#8047675247
0#
#8047775247
1#
#8047875247
0#
#8047975247
1#
#8048075247
0#
#8048175247
1#
#8048275247
0#
#8048375247
1#
#8048475247
0#
#8048575247
1#
#8048675247
0#
#8048775247
1#
#8048875247
0#
#8048975247
1#
#8049075247
0#
#8049175247
1#
#8049275247
0#
#8049375247
1#
#8049475247
0#
#8049575247
1#
#8049675247
0#
#8049775247
1#
#8049875247
0#
#8049975247
1#
#8050075247
0#
#8050175247
1#
#8050275247
0#
#8050375247
1#
#8050475247
0#
#8050575247
1#
#8050675247
0#
#8050775247
1#
#8050875247
0#
#8050975247
1#
#8051075247
0#
#8051175247
1#
#8051275247
0#
#8051375247
1#
#8051475247
0#
#8051575247
1#
#8051675247
0#
#8051775247
1#
#8051875247
0#
#8051975247
1#
#8052075247
0#
#8052175247
1#
#8052275247
0#
#8052375247
1#
#8052475247
0#
#8052575247
1#
#8052675247
0#
#8052775247
1#
#8052875247
0#
#8052975247
1#
#8053075247
0#
#8053175247
1#
#8053275247
0#
#8053375247
1#
#8053475247
0#
#8053575247
1#
#8053675247
0#
#8053775247
1#
#8053875247
0#
#8053975247
1#
#8054075247
0#
#8054175247
1#
#8054275247
0#
#8054375247
1#
#8054475247
0#
#8054575247
1#
#8054675247
0#
#8054775247
1#
#8054875247
0#
#8054975247
1#
#8055075247
0#
#8055175247
1#
#8055275247
0#
#8055375247
1#
#8055475247
0#
#8055575247
1#
#8055675247
0#
#8055775247
1#
#8055875247
0#
#8055975247
1#
#8056075247
0#
#8056175247
1#
#8056275247
0#
#8056375247
1#
#8056475247
0#
#8056575247
1#
#8056675247
0#
#8056775247
1#
#8056875247
0#
#8056975247
1#
#8057075247
0#
#8057175247
1#
#8057275247
0#
#8057375247
1#
#8057475247
0#
#8057575247
1#
#8057675247
0#
#8057775247
1#
#8057875247
0#
#8057975247
1#
#8058075247
0#
#8058175247
1#
#8058275247
0#
#8058375247
1#
#8058475247
0#
#8058575247
1#
#8058675247
0#
#8058775247
1#
#8058875247
0#
#8058975247
1#
#8059075247
0#
#8059175247
1#
#8059275247
0#
#8059375247
1#
#8059475247
0#
#8059575247
1#
#8059675247
0#
#8059775247
1#
#8059875247
0#
#8059975247
1#
#8060075247
0#
#8060175247
1#
#8060275247
0#
#8060375247
1#
#8060475247
0#
#8060575247
1#
#8060675247
0#
#8060775247
1#
#8060875247
0#
#8060975247
1#
#8061075247
0#
#8061175247
1#
#8061275247
0#
#8061375247
1#
#8061475247
0#
#8061575247
1#
#8061675247
0#
#8061775247
1#
#8061875247
0#
#8061975247
1#
#8062075247
0#
#8062175247
1#
#8062275247
0#
#8062375247
1#
#8062475247
0#
#8062575247
1#
#8062675247
0#
#8062775247
1#
#8062875247
0#
#8062975247
1#
#8063075247
0#
#8063175247
1#
#8063275247
0#
#8063375247
1#
#8063475247
0#
#8063575247
1#
#8063675247
0#
#8063775247
1#
#8063875247
0#
#8063975247
1#
#8064075247
0#
#8064175247
1#
#8064275247
0#
#8064375247
1#
#8064475247
0#
#8064575247
1#
#8064675247
0#
#8064775247
1#
#8064875247
0#
#8064975247
1#
#8065075247
0#
#8065175247
1#
#8065275247
0#
#8065375247
1#
#8065475247
0#
#8065575247
1#
#8065675247
0#
#8065775247
1#
#8065875247
0#
#8065975247
1#
#8066075247
0#
#8066175247
1#
#8066275247
0#
#8066375247
1#
#8066475247
0#
#8066575247
1#
#8066675247
0#
#8066775247
1#
#8066875247
0#
#8066975247
1#
#8067075247
0#
#8067175247
1#
#8067275247
0#
#8067375247
1#
#8067475247
0#
#8067575247
1#
#8067675247
0#
#8067775247
1#
#8067875247
0#
#8067975247
1#
#8068075247
0#
#8068175247
1#
#8068275247
0#
#8068375247
1#
#8068475247
0#
#8068575247
1#
#8068675247
0#
#8068775247
1#
#8068875247
0#
#8068975247
1#
#8069075247
0#
#8069175247
1#
#8069275247
0#
#8069375247
1#
#8069475247
0#
#8069575247
1#
#8069675247
0#
#8069775247
1#
#8069875247
0#
#8069975247
1#
#8070075247
0#
#8070175247
1#
#8070275247
0#
#8070375247
1#
#8070475247
0#
#8070575247
1#
#8070675247
0#
#8070775247
1#
#8070875247
0#
#8070975247
1#
#8071075247
0#
#8071175247
1#
#8071275247
0#
#8071375247
1#
#8071475247
0#
#8071575247
1#
#8071675247
0#
#8071775247
1#
#8071875247
0#
#8071975247
1#
#8072075247
0#
#8072175247
1#
#8072275247
0#
#8072375247
1#
#8072475247
0#
#8072575247
1#
#8072675247
0#
#8072775247
1#
#8072875247
0#
#8072975247
1#
#8073075247
0#
#8073175247
1#
#8073275247
0#
#8073375247
1#
#8073475247
0#
#8073575247
1#
#8073675247
0#
#8073775247
1#
#8073875247
0#
#8073975247
1#
#8074075247
0#
#8074175247
1#
#8074275247
0#
#8074375247
1#
#8074475247
0#
#8074575247
1#
#8074675247
0#
#8074775247
1#
#8074875247
0#
#8074975247
1#
#8075075247
0#
#8075175247
1#
#8075275247
0#
#8075375247
1#
#8075475247
0#
#8075575247
1#
#8075675247
0#
#8075775247
1#
#8075875247
0#
#8075975247
1#
#8076075247
0#
#8076175247
1#
#8076275247
0#
#8076375247
1#
#8076475247
0#
#8076575247
1#
#8076675247
0#
#8076775247
1#
#8076875247
0#
#8076975247
1#
#8077075247
0#
#8077175247
1#
#8077275247
0#
#8077375247
1#
#8077475247
0#
#8077575247
1#
#8077675247
0#
#8077775247
1#
#8077875247
0#
#8077975247
1#
#8078075247
0#
#8078175247
1#
#8078275247
0#
#8078375247
1#
#8078475247
0#
#8078575247
1#
#8078675247
0#
#8078775247
1#
#8078875247
0#
#8078975247
1#
#8079075247
0#
#8079175247
1#
#8079275247
0#
#8079375247
1#
#8079475247
0#
#8079575247
1#
#8079675247
0#
#8079775247
1#
#8079875247
0#
#8079975247
1#
#8080075247
0#
#8080175247
1#
#8080275247
0#
#8080375247
1#
#8080475247
0#
#8080575247
1#
#8080675247
0#
#8080775247
1#
#8080875247
0#
#8080975247
1#
#8081075247
0#
#8081175247
1#
#8081275247
0#
#8081375247
1#
#8081475247
0#
#8081575247
1#
#8081675247
0#
#8081775247
1#
#8081875247
0#
#8081975247
1#
#8082075247
0#
#8082175247
1#
#8082275247
0#
#8082375247
1#
#8082475247
0#
#8082575247
1#
#8082675247
0#
#8082775247
1#
#8082875247
0#
#8082975247
1#
#8083075247
0#
#8083175247
1#
#8083275247
0#
#8083375247
1#
#8083475247
0#
#8083575247
1#
#8083675247
0#
#8083775247
1#
#8083875247
0#
#8083975247
1#
#8084075247
0#
#8084175247
1#
#8084275247
0#
#8084375247
1#
#8084475247
0#
#8084575247
1#
#8084675247
0#
#8084775247
1#
#8084875247
0#
#8084975247
1#
#8085075247
0#
#8085175247
1#
#8085275247
0#
#8085375247
1#
#8085475247
0#
#8085575247
1#
#8085675247
0#
#8085775247
1#
#8085875247
0#
#8085975247
1#
#8086075247
0#
#8086175247
1#
#8086275247
0#
#8086375247
1#
#8086475247
0#
#8086575247
1#
#8086675247
0#
#8086775247
1#
#8086875247
0#
#8086975247
1#
#8087075247
0#
#8087175247
1#
#8087275247
0#
#8087375247
1#
#8087475247
0#
#8087575247
1#
#8087675247
0#
#8087775247
1#
#8087875247
0#
#8087975247
1#
#8088075247
0#
#8088175247
1#
#8088275247
0#
#8088375247
1#
#8088475247
0#
#8088575247
1#
#8088675247
0#
#8088775247
1#
#8088875247
0#
#8088975247
1#
#8089075247
0#
#8089175247
1#
#8089275247
0#
#8089375247
1#
#8089475247
0#
#8089575247
1#
#8089675247
0#
#8089775247
1#
#8089875247
0#
#8089975247
1#
#8090075247
0#
#8090175247
1#
#8090275247
0#
#8090375247
1#
#8090475247
0#
#8090575247
1#
#8090675247
0#
#8090775247
1#
#8090875247
0#
#8090975247
1#
#8091075247
0#
#8091175247
1#
#8091275247
0#
#8091375247
1#
#8091475247
0#
#8091575247
1#
#8091675247
0#
#8091775247
1#
#8091875247
0#
#8091975247
1#
#8092075247
0#
#8092175247
1#
#8092275247
0#
#8092375247
1#
#8092475247
0#
#8092575247
1#
#8092675247
0#
#8092775247
1#
#8092875247
0#
#8092975247
1#
#8093075247
0#
#8093175247
1#
#8093275247
0#
#8093375247
1#
#8093475247
0#
#8093575247
1#
#8093675247
0#
#8093775247
1#
#8093875247
0#
#8093975247
1#
#8094075247
0#
#8094175247
1#
#8094275247
0#
#8094375247
1#
#8094475247
0#
#8094575247
1#
#8094675247
0#
#8094775247
1#
#8094875247
0#
#8094975247
1#
#8095075247
0#
#8095175247
1#
#8095275247
0#
#8095375247
1#
#8095475247
0#
#8095575247
1#
#8095675247
0#
#8095775247
1#
#8095875247
0#
#8095975247
1#
#8096075247
0#
#8096175247
1#
#8096275247
0#
#8096375247
1#
#8096475247
0#
#8096575247
1#
#8096675247
0#
#8096775247
1#
#8096875247
0#
#8096975247
1#
#8097075247
0#
#8097175247
1#
#8097275247
0#
#8097375247
1#
#8097475247
0#
#8097575247
1#
#8097675247
0#
#8097775247
1#
#8097875247
0#
#8097975247
1#
#8098075247
0#
#8098175247
1#
#8098275247
0#
#8098375247
1#
#8098475247
0#
#8098575247
1#
#8098675247
0#
#8098775247
1#
#8098875247
0#
#8098975247
1#
#8099075247
0#
#8099175247
1#
#8099275247
0#
#8099375247
1#
#8099475247
0#
#8099575247
1#
#8099675247
0#
#8099775247
1#
#8099875247
0#
#8099975247
1#
#8100075247
0#
#8100175247
1#
#8100275247
0#
#8100375247
1#
#8100475247
0#
#8100575247
1#
#8100675247
0#
#8100775247
1#
#8100875247
0#
#8100975247
1#
#8101075247
0#
#8101175247
1#
#8101275247
0#
#8101375247
1#
#8101475247
0#
#8101575247
1#
#8101675247
0#
#8101775247
1#
#8101875247
0#
#8101975247
1#
#8102075247
0#
#8102175247
1#
#8102275247
0#
#8102375247
1#
#8102475247
0#
#8102575247
1#
#8102675247
0#
#8102775247
1#
#8102875247
0#
#8102975247
1#
#8103075247
0#
#8103175247
1#
#8103275247
0#
#8103375247
1#
#8103475247
0#
#8103575247
1#
#8103675247
0#
#8103775247
1#
#8103875247
0#
#8103975247
1#
#8104075247
0#
#8104175247
1#
#8104275247
0#
#8104375247
1#
#8104475247
0#
#8104575247
1#
#8104675247
0#
#8104775247
1#
#8104875247
0#
#8104975247
1#
#8105075247
0#
#8105175247
1#
#8105275247
0#
#8105375247
1#
#8105475247
0#
#8105575247
1#
#8105675247
0#
#8105775247
1#
#8105875247
0#
#8105975247
1#
#8106075247
0#
#8106175247
1#
#8106275247
0#
#8106375247
1#
#8106475247
0#
#8106575247
1#
#8106675247
0#
#8106775247
1#
#8106875247
0#
#8106975247
1#
#8107075247
0#
#8107175247
1#
#8107275247
0#
#8107375247
1#
#8107475247
0#
#8107575247
1#
#8107675247
0#
#8107775247
1#
#8107875247
0#
#8107975247
1#
#8108075247
0#
#8108175247
1#
#8108275247
0#
#8108375247
1#
#8108475247
0#
#8108575247
1#
#8108675247
0#
#8108775247
1#
#8108875247
0#
#8108975247
1#
#8109075247
0#
#8109175247
1#
#8109275247
0#
#8109375247
1#
#8109475247
0#
#8109575247
1#
#8109675247
0#
#8109775247
1#
#8109875247
0#
#8109975247
1#
#8110075247
0#
#8110175247
1#
#8110275247
0#
#8110375247
1#
#8110475247
0#
#8110575247
1#
#8110675247
0#
#8110775247
1#
#8110875247
0#
#8110975247
1#
#8111075247
0#
#8111175247
1#
#8111275247
0#
#8111375247
1#
#8111475247
0#
#8111575247
1#
#8111675247
0#
#8111775247
1#
#8111875247
0#
#8111975247
1#
#8112075247
0#
#8112175247
1#
#8112275247
0#
#8112375247
1#
#8112475247
0#
#8112575247
1#
#8112675247
0#
#8112775247
1#
#8112875247
0#
#8112975247
1#
#8113075247
0#
#8113175247
1#
#8113275247
0#
#8113375247
1#
#8113475247
0#
#8113575247
1#
#8113675247
0#
#8113775247
1#
#8113875247
0#
#8113975247
1#
#8114075247
0#
#8114175247
1#
#8114275247
0#
#8114375247
1#
#8114475247
0#
#8114575247
1#
#8114675247
0#
#8114775247
1#
#8114875247
0#
#8114975247
1#
#8115075247
0#
#8115175247
1#
#8115275247
0#
#8115375247
1#
#8115475247
0#
#8115575247
1#
#8115675247
0#
#8115775247
1#
#8115875247
0#
#8115975247
1#
#8116075247
0#
#8116175247
1#
#8116275247
0#
#8116375247
1#
#8116475247
0#
#8116575247
1#
#8116675247
0#
#8116775247
1#
#8116875247
0#
#8116975247
1#
#8117075247
0#
#8117175247
1#
#8117275247
0#
#8117375247
1#
#8117475247
0#
#8117575247
1#
#8117675247
0#
#8117775247
1#
#8117875247
0#
#8117975247
1#
#8118075247
0#
#8118175247
1#
#8118275247
0#
#8118375247
1#
#8118475247
0#
#8118575247
1#
#8118675247
0#
#8118775247
1#
#8118875247
0#
#8118975247
1#
#8119075247
0#
#8119175247
1#
#8119275247
0#
#8119375247
1#
#8119475247
0#
#8119575247
1#
#8119675247
0#
#8119775247
1#
#8119875247
0#
#8119975247
1#
#8120075247
0#
#8120175247
1#
#8120275247
0#
#8120375247
1#
#8120475247
0#
#8120575247
1#
#8120675247
0#
#8120775247
1#
#8120875247
0#
#8120975247
1#
#8121075247
0#
#8121175247
1#
#8121275247
0#
#8121375247
1#
#8121475247
0#
#8121575247
1#
#8121675247
0#
#8121775247
1#
#8121875247
0#
#8121975247
1#
#8122075247
0#
#8122175247
1#
#8122275247
0#
#8122375247
1#
#8122475247
0#
#8122575247
1#
#8122675247
0#
#8122775247
1#
#8122875247
0#
#8122975247
1#
#8123075247
0#
#8123175247
1#
#8123275247
0#
#8123375247
1#
#8123475247
0#
#8123575247
1#
#8123675247
0#
#8123775247
1#
#8123875247
0#
#8123975247
1#
#8124075247
0#
#8124175247
1#
#8124275247
0#
#8124375247
1#
#8124475247
0#
#8124575247
1#
#8124675247
0#
#8124775247
1#
#8124875247
0#
#8124975247
1#
#8125075247
0#
#8125175247
1#
#8125275247
0#
#8125375247
1#
#8125475247
0#
#8125575247
1#
#8125675247
0#
#8125775247
1#
#8125875247
0#
#8125975247
1#
#8126075247
0#
#8126175247
1#
#8126275247
0#
#8126375247
1#
#8126475247
0#
#8126575247
1#
#8126675247
0#
#8126775247
1#
#8126875247
0#
#8126975247
1#
#8127075247
0#
#8127175247
1#
#8127275247
0#
#8127375247
1#
#8127475247
0#
#8127575247
1#
#8127675247
0#
#8127775247
1#
#8127875247
0#
#8127975247
1#
#8128075247
0#
#8128175247
1#
#8128275247
0#
#8128375247
1#
#8128475247
0#
#8128575247
1#
#8128675247
0#
#8128775247
1#
#8128875247
0#
#8128975247
1#
#8129075247
0#
#8129175247
1#
#8129275247
0#
#8129375247
1#
#8129475247
0#
#8129575247
1#
#8129675247
0#
#8129775247
1#
#8129875247
0#
#8129975247
1#
#8130075247
0#
#8130175247
1#
#8130275247
0#
#8130375247
1#
#8130475247
0#
#8130575247
1#
#8130675247
0#
#8130775247
1#
#8130875247
0#
#8130975247
1#
#8131075247
0#
#8131175247
1#
#8131275247
0#
#8131375247
1#
#8131475247
0#
#8131575247
1#
#8131675247
0#
#8131775247
1#
#8131875247
0#
#8131975247
1#
#8132075247
0#
#8132175247
1#
#8132275247
0#
#8132375247
1#
#8132475247
0#
#8132575247
1#
#8132675247
0#
#8132775247
1#
#8132875247
0#
#8132975247
1#
#8133075247
0#
#8133175247
1#
#8133275247
0#
#8133375247
1#
#8133475247
0#
#8133575247
1#
#8133675247
0#
#8133775247
1#
#8133875247
0#
#8133975247
1#
#8134075247
0#
#8134175247
1#
#8134275247
0#
#8134375247
1#
#8134475247
0#
#8134575247
1#
#8134675247
0#
#8134775247
1#
#8134875247
0#
#8134975247
1#
#8135075247
0#
#8135175247
1#
#8135275247
0#
#8135375247
1#
#8135475247
0#
#8135575247
1#
#8135675247
0#
#8135775247
1#
#8135875247
0#
#8135975247
1#
#8136075247
0#
#8136175247
1#
#8136275247
0#
#8136375247
1#
#8136475247
0#
#8136575247
1#
#8136675247
0#
#8136775247
1#
#8136875247
0#
#8136975247
1#
#8137075247
0#
#8137175247
1#
#8137275247
0#
#8137375247
1#
#8137475247
0#
#8137575247
1#
#8137675247
0#
#8137775247
1#
#8137875247
0#
#8137975247
1#
#8138075247
0#
#8138175247
1#
#8138275247
0#
#8138375247
1#
#8138475247
0#
#8138575247
1#
#8138675247
0#
#8138775247
1#
#8138875247
0#
#8138975247
1#
#8139075247
0#
#8139175247
1#
#8139275247
0#
#8139375247
1#
#8139475247
0#
#8139575247
1#
#8139675247
0#
#8139775247
1#
#8139875247
0#
#8139975247
1#
#8140075247
0#
#8140175247
1#
#8140275247
0#
#8140375247
1#
#8140475247
0#
#8140575247
1#
#8140675247
0#
#8140775247
1#
#8140875247
0#
#8140975247
1#
#8141075247
0#
#8141175247
1#
#8141275247
0#
#8141375247
1#
#8141475247
0#
#8141575247
1#
#8141675247
0#
#8141775247
1#
#8141875247
0#
#8141975247
1#
#8142075247
0#
#8142175247
1#
#8142275247
0#
#8142375247
1#
#8142475247
0#
#8142575247
1#
#8142675247
0#
#8142775247
1#
#8142875247
0#
#8142975247
1#
#8143075247
0#
#8143175247
1#
#8143275247
0#
#8143375247
1#
#8143475247
0#
#8143575247
1#
#8143675247
0#
#8143775247
1#
#8143875247
0#
#8143975247
1#
#8144075247
0#
#8144175247
1#
#8144275247
0#
#8144375247
1#
#8144475247
0#
#8144575247
1#
#8144675247
0#
#8144775247
1#
#8144875247
0#
#8144975247
1#
#8145075247
0#
#8145175247
1#
#8145275247
0#
#8145375247
1#
#8145475247
0#
#8145575247
1#
#8145675247
0#
#8145775247
1#
#8145875247
0#
#8145975247
1#
#8146075247
0#
#8146175247
1#
#8146275247
0#
#8146375247
1#
#8146475247
0#
#8146575247
1#
#8146675247
0#
#8146775247
1#
#8146875247
0#
#8146975247
1#
#8147075247
0#
#8147175247
1#
#8147275247
0#
#8147375247
1#
#8147475247
0#
#8147575247
1#
#8147675247
0#
#8147775247
1#
#8147875247
0#
#8147975247
1#
#8148075247
0#
#8148175247
1#
#8148275247
0#
#8148375247
1#
#8148475247
0#
#8148575247
1#
#8148675247
0#
#8148775247
1#
#8148875247
0#
#8148975247
1#
#8149075247
0#
#8149175247
1#
#8149275247
0#
#8149375247
1#
#8149475247
0#
#8149575247
1#
#8149675247
0#
#8149775247
1#
#8149875247
0#
#8149975247
1#
#8150075247
0#
#8150175247
1#
#8150275247
0#
#8150375247
1#
#8150475247
0#
#8150575247
1#
#8150675247
0#
#8150775247
1#
#8150875247
0#
#8150975247
1#
#8151075247
0#
#8151175247
1#
#8151275247
0#
#8151375247
1#
#8151475247
0#
#8151575247
1#
#8151675247
0#
#8151775247
1#
#8151875247
0#
#8151975247
1#
#8152075247
0#
#8152175247
1#
#8152275247
0#
#8152375247
1#
#8152475247
0#
#8152575247
1#
#8152675247
0#
#8152775247
1#
#8152875247
0#
#8152975247
1#
#8153075247
0#
#8153175247
1#
#8153275247
0#
#8153375247
1#
#8153475247
0#
#8153575247
1#
#8153675247
0#
#8153775247
1#
#8153875247
0#
#8153975247
1#
#8154075247
0#
#8154175247
1#
#8154275247
0#
#8154375247
1#
#8154475247
0#
#8154575247
1#
#8154675247
0#
#8154775247
1#
#8154875247
0#
#8154975247
1#
#8155075247
0#
#8155175247
1#
#8155275247
0#
#8155375247
1#
#8155475247
0#
#8155575247
1#
#8155675247
0#
#8155775247
1#
#8155875247
0#
#8155975247
1#
#8156075247
0#
#8156175247
1#
#8156275247
0#
#8156375247
1#
#8156475247
0#
#8156575247
1#
#8156675247
0#
#8156775247
1#
#8156875247
0#
#8156975247
1#
#8157075247
0#
#8157175247
1#
#8157275247
0#
#8157375247
1#
#8157475247
0#
#8157575247
1#
#8157675247
0#
#8157775247
1#
#8157875247
0#
#8157975247
1#
#8158075247
0#
#8158175247
1#
#8158275247
0#
#8158375247
1#
#8158475247
0#
#8158575247
1#
#8158675247
0#
#8158775247
1#
#8158875247
0#
#8158975247
1#
#8159075247
0#
#8159175247
1#
#8159275247
0#
#8159375247
1#
#8159475247
0#
#8159575247
1#
#8159675247
0#
#8159775247
1#
#8159875247
0#
#8159975247
1#
#8160075247
0#
#8160175247
1#
#8160275247
0#
#8160375247
1#
#8160475247
0#
#8160575247
1#
#8160675247
0#
#8160775247
1#
#8160875247
0#
#8160975247
1#
#8161075247
0#
#8161175247
1#
#8161275247
0#
#8161375247
1#
#8161475247
0#
#8161575247
1#
#8161675247
0#
#8161775247
1#
#8161875247
0#
#8161975247
1#
#8162075247
0#
#8162175247
1#
#8162275247
0#
#8162375247
1#
#8162475247
0#
#8162575247
1#
#8162675247
0#
#8162775247
1#
#8162875247
0#
#8162975247
1#
#8163075247
0#
#8163175247
1#
#8163275247
0#
#8163375247
1#
#8163475247
0#
#8163575247
1#
#8163675247
0#
#8163775247
1#
#8163875247
0#
#8163975247
1#
#8164075247
0#
#8164175247
1#
#8164275247
0#
#8164375247
1#
#8164475247
0#
#8164575247
1#
#8164675247
0#
#8164775247
1#
#8164875247
0#
#8164975247
1#
#8165075247
0#
#8165175247
1#
#8165275247
0#
#8165375247
1#
#8165475247
0#
#8165575247
1#
#8165675247
0#
#8165775247
1#
#8165875247
0#
#8165975247
1#
#8166075247
0#
#8166175247
1#
#8166275247
0#
#8166375247
1#
#8166475247
0#
#8166575247
1#
#8166675247
0#
#8166775247
1#
#8166875247
0#
#8166975247
1#
#8167075247
0#
#8167175247
1#
#8167275247
0#
#8167375247
1#
#8167475247
0#
#8167575247
1#
#8167675247
0#
#8167775247
1#
#8167875247
0#
#8167975247
1#
#8168075247
0#
#8168175247
1#
#8168275247
0#
#8168375247
1#
#8168475247
0#
#8168575247
1#
#8168675247
0#
#8168775247
1#
#8168875247
0#
#8168975247
1#
#8169075247
0#
#8169175247
1#
#8169275247
0#
#8169375247
1#
#8169475247
0#
#8169575247
1#
#8169675247
0#
#8169775247
1#
#8169875247
0#
#8169975247
1#
#8170075247
0#
#8170175247
1#
#8170275247
0#
#8170375247
1#
#8170475247
0#
#8170575247
1#
#8170675247
0#
#8170775247
1#
#8170875247
0#
#8170975247
1#
#8171075247
0#
#8171175247
1#
#8171275247
0#
#8171375247
1#
#8171475247
0#
#8171575247
1#
#8171675247
0#
#8171775247
1#
#8171875247
0#
#8171975247
1#
#8172075247
0#
#8172175247
1#
#8172275247
0#
#8172375247
1#
#8172475247
0#
#8172575247
1#
#8172675247
0#
#8172775247
1#
#8172875247
0#
#8172975247
1#
#8173075247
0#
#8173175247
1#
#8173275247
0#
#8173375247
1#
#8173475247
0#
#8173575247
1#
#8173675247
0#
#8173775247
1#
#8173875247
0#
#8173975247
1#
#8174075247
0#
#8174175247
1#
#8174275247
0#
#8174375247
1#
#8174475247
0#
#8174575247
1#
#8174675247
0#
#8174775247
1#
#8174875247
0#
#8174975247
1#
#8175075247
0#
#8175175247
1#
#8175275247
0#
#8175375247
1#
#8175475247
0#
#8175575247
1#
#8175675247
0#
#8175775247
1#
#8175875247
0#
#8175975247
1#
#8176075247
0#
#8176175247
1#
#8176275247
0#
#8176375247
1#
#8176475247
0#
#8176575247
1#
#8176675247
0#
#8176775247
1#
#8176875247
0#
#8176975247
1#
#8177075247
0#
#8177175247
1#
#8177275247
0#
#8177375247
1#
#8177475247
0#
#8177575247
1#
#8177675247
0#
#8177775247
1#
#8177875247
0#
#8177975247
1#
#8178075247
0#
#8178175247
1#
#8178275247
0#
#8178375247
1#
#8178475247
0#
#8178575247
1#
#8178675247
0#
#8178775247
1#
#8178875247
0#
#8178975247
1#
#8179075247
0#
#8179175247
1#
#8179275247
0#
#8179375247
1#
#8179475247
0#
#8179575247
1#
#8179675247
0#
#8179775247
1#
#8179875247
0#
#8179975247
1#
#8180075247
0#
#8180175247
1#
#8180275247
0#
#8180375247
1#
#8180475247
0#
#8180575247
1#
#8180675247
0#
#8180775247
1#
#8180875247
0#
#8180975247
1#
#8181075247
0#
#8181175247
1#
#8181275247
0#
#8181375247
1#
#8181475247
0#
#8181575247
1#
#8181675247
0#
#8181775247
1#
#8181875247
0#
#8181975247
1#
#8182075247
0#
#8182175247
1#
#8182275247
0#
#8182375247
1#
#8182475247
0#
#8182575247
1#
#8182675247
0#
#8182775247
1#
#8182875247
0#
#8182975247
1#
#8183075247
0#
#8183175247
1#
#8183275247
0#
#8183375247
1#
#8183475247
0#
#8183575247
1#
#8183675247
0#
#8183775247
1#
#8183875247
0#
#8183975247
1#
#8184075247
0#
#8184175247
1#
#8184275247
0#
#8184375247
1#
#8184475247
0#
#8184575247
1#
#8184675247
0#
#8184775247
1#
#8184875247
0#
#8184975247
1#
#8185075247
0#
#8185175247
1#
#8185275247
0#
#8185375247
1#
#8185475247
0#
#8185575247
1#
#8185675247
0#
#8185775247
1#
#8185875247
0#
#8185975247
1#
#8186075247
0#
#8186175247
1#
#8186275247
0#
#8186375247
1#
#8186475247
0#
#8186575247
1#
#8186675247
0#
#8186775247
1#
#8186875247
0#
#8186975247
1#
#8187075247
0#
#8187175247
1#
#8187275247
0#
#8187375247
1#
#8187475247
0#
#8187575247
1#
#8187675247
0#
#8187775247
1#
#8187875247
0#
#8187975247
1#
#8188075247
0#
#8188175247
1#
#8188275247
0#
#8188375247
1#
#8188475247
0#
#8188575247
1#
#8188675247
0#
#8188775247
1#
#8188875247
0#
#8188975247
1#
#8189075247
0#
#8189175247
1#
#8189275247
0#
#8189375247
1#
#8189475247
0#
#8189575247
1#
#8189675247
0#
#8189775247
1#
#8189875247
0#
#8189975247
1#
#8190075247
0#
#8190175247
1#
#8190275247
0#
#8190375247
1#
#8190475247
0#
#8190575247
1#
#8190675247
0#
#8190775247
1#
#8190875247
0#
#8190975247
1#
#8191075247
0#
#8191175247
1#
#8191275247
0#
#8191375247
1#
#8191475247
0#
#8191575247
1#
#8191675247
0#
#8191775247
1#
#8191875247
0#
#8191975247
1#
#8192075247
0#
#8192175247
1#
#8192275247
0#
#8192375247
1#
#8192475247
0#
#8192575247
1#
#8192675247
0#
#8192775247
1#
#8192875247
0#
#8192975247
1#
#8193075247
0#
#8193175247
1#
#8193275247
0#
#8193375247
1#
#8193475247
0#
#8193575247
1#
#8193675247
0#
#8193775247
1#
#8193875247
0#
#8193975247
1#
#8194075247
0#
#8194175247
1#
#8194275247
0#
#8194375247
1#
#8194475247
0#
#8194575247
1#
#8194675247
0#
#8194775247
1#
#8194875247
0#
#8194975247
1#
#8195075247
0#
#8195175247
1#
#8195275247
0#
#8195375247
1#
#8195475247
0#
#8195575247
1#
#8195675247
0#
#8195775247
1#
#8195875247
0#
#8195975247
1#
#8196075247
0#
#8196175247
1#
#8196275247
0#
#8196375247
1#
#8196475247
0#
#8196575247
1#
#8196675247
0#
#8196775247
1#
#8196875247
0#
#8196975247
1#
#8197075247
0#
#8197175247
1#
#8197275247
0#
#8197375247
1#
#8197475247
0#
#8197575247
1#
#8197675247
0#
#8197775247
1#
#8197875247
0#
#8197975247
1#
#8198075247
0#
#8198175247
1#
#8198275247
0#
#8198375247
1#
#8198475247
0#
#8198575247
1#
#8198675247
0#
#8198775247
1#
#8198875247
0#
#8198975247
1#
#8199075247
0#
#8199175247
1#
#8199275247
0#
#8199375247
1#
#8199475247
0#
#8199575247
1#
#8199675247
0#
#8199775247
1#
#8199875247
0#
#8199975247
1#
#8200075247
0#
#8200175247
1#
#8200275247
0#
#8200375247
1#
#8200475247
0#
#8200575247
1#
#8200675247
0#
#8200775247
1#
#8200875247
0#
#8200975247
1#
#8201075247
0#
#8201175247
1#
#8201275247
0#
#8201375247
1#
#8201475247
0#
#8201575247
1#
#8201675247
0#
#8201775247
1#
#8201875247
0#
#8201975247
1#
#8202075247
0#
#8202175247
1#
#8202275247
0#
#8202375247
1#
#8202475247
0#
#8202575247
1#
#8202675247
0#
#8202775247
1#
#8202875247
0#
#8202975247
1#
#8203075247
0#
#8203175247
1#
#8203275247
0#
#8203375247
1#
#8203475247
0#
#8203575247
1#
#8203675247
0#
#8203775247
1#
#8203875247
0#
#8203975247
1#
#8204075247
0#
#8204175247
1#
#8204275247
0#
#8204375247
1#
#8204475247
0#
#8204575247
1#
#8204675247
0#
#8204775247
1#
#8204875247
0#
#8204975247
1#
#8205075247
0#
#8205175247
1#
#8205275247
0#
#8205375247
1#
#8205475247
0#
#8205575247
1#
#8205675247
0#
#8205775247
1#
#8205875247
0#
#8205975247
1#
#8206075247
0#
#8206175247
1#
#8206275247
0#
#8206375247
1#
#8206475247
0#
#8206575247
1#
#8206675247
0#
#8206775247
1#
#8206875247
0#
#8206975247
1#
#8207075247
0#
#8207175247
1#
#8207275247
0#
#8207375247
1#
#8207475247
0#
#8207575247
1#
#8207675247
0#
#8207775247
1#
#8207875247
0#
#8207975247
1#
#8208075247
0#
#8208175247
1#
#8208275247
0#
#8208375247
1#
#8208475247
0#
#8208575247
1#
#8208675247
0#
#8208775247
1#
#8208875247
0#
#8208975247
1#
#8209075247
0#
#8209175247
1#
#8209275247
0#
#8209375247
1#
#8209475247
0#
#8209575247
1#
#8209675247
0#
#8209775247
1#
#8209875247
0#
#8209975247
1#
#8210075247
0#
#8210175247
1#
#8210275247
0#
#8210375247
1#
#8210475247
0#
#8210575247
1#
#8210675247
0#
#8210775247
1#
#8210875247
0#
#8210975247
1#
#8211075247
0#
#8211175247
1#
#8211275247
0#
#8211375247
1#
#8211475247
0#
#8211575247
1#
#8211675247
0#
#8211775247
1#
#8211875247
0#
#8211975247
1#
#8212075247
0#
#8212175247
1#
#8212275247
0#
#8212375247
1#
#8212475247
0#
#8212575247
1#
#8212675247
0#
#8212775247
1#
#8212875247
0#
#8212975247
1#
#8213075247
0#
#8213175247
1#
#8213275247
0#
#8213375247
1#
#8213475247
0#
#8213575247
1#
#8213675247
0#
#8213775247
1#
#8213875247
0#
#8213975247
1#
#8214075247
0#
#8214175247
1#
#8214275247
0#
#8214375247
1#
#8214475247
0#
#8214575247
1#
#8214675247
0#
#8214775247
1#
#8214875247
0#
#8214975247
1#
#8215075247
0#
#8215175247
1#
#8215275247
0#
#8215375247
1#
#8215475247
0#
#8215575247
1#
#8215675247
0#
#8215775247
1#
#8215875247
0#
#8215975247
1#
#8216075247
0#
#8216175247
1#
#8216275247
0#
#8216375247
1#
#8216475247
0#
#8216575247
1#
#8216675247
0#
#8216775247
1#
#8216875247
0#
#8216975247
1#
#8217075247
0#
#8217175247
1#
#8217275247
0#
#8217375247
1#
#8217475247
0#
#8217575247
1#
#8217675247
0#
#8217775247
1#
#8217875247
0#
#8217975247
1#
#8218075247
0#
#8218175247
1#
#8218275247
0#
#8218375247
1#
#8218475247
0#
#8218575247
1#
#8218675247
0#
#8218775247
1#
#8218875247
0#
#8218975247
1#
#8219075247
0#
#8219175247
1#
#8219275247
0#
#8219375247
1#
#8219475247
0#
#8219575247
1#
#8219675247
0#
#8219775247
1#
#8219875247
0#
#8219975247
1#
#8220075247
0#
#8220175247
1#
#8220275247
0#
#8220375247
1#
#8220475247
0#
#8220575247
1#
#8220675247
0#
#8220775247
1#
#8220875247
0#
#8220975247
1#
#8221075247
0#
#8221175247
1#
#8221275247
0#
#8221375247
1#
#8221475247
0#
#8221575247
1#
#8221675247
0#
#8221775247
1#
#8221875247
0#
#8221975247
1#
#8222075247
0#
#8222175247
1#
#8222275247
0#
#8222375247
1#
#8222475247
0#
#8222575247
1#
#8222675247
0#
#8222775247
1#
#8222875247
0#
#8222975247
1#
#8223075247
0#
#8223175247
1#
#8223275247
0#
#8223375247
1#
#8223475247
0#
#8223575247
1#
#8223675247
0#
#8223775247
1#
#8223875247
0#
#8223975247
1#
#8224075247
0#
#8224175247
1#
#8224275247
0#
#8224375247
1#
#8224475247
0#
#8224575247
1#
#8224675247
0#
#8224775247
1#
#8224875247
0#
#8224975247
1#
#8225075247
0#
#8225175247
1#
#8225275247
0#
#8225375247
1#
#8225475247
0#
#8225575247
1#
#8225675247
0#
#8225775247
1#
#8225875247
0#
#8225975247
1#
#8226075247
0#
#8226175247
1#
#8226275247
0#
#8226375247
1#
#8226475247
0#
#8226575247
1#
#8226675247
0#
#8226775247
1#
#8226875247
0#
#8226975247
1#
#8227075247
0#
#8227175247
1#
#8227275247
0#
#8227375247
1#
#8227475247
0#
#8227575247
1#
#8227675247
0#
#8227775247
1#
#8227875247
0#
#8227975247
1#
#8228075247
0#
#8228175247
1#
#8228275247
0#
#8228375247
1#
#8228475247
0#
#8228575247
1#
#8228675247
0#
#8228775247
1#
#8228875247
0#
#8228975247
1#
#8229075247
0#
#8229175247
1#
#8229275247
0#
#8229375247
1#
#8229475247
0#
#8229575247
1#
#8229675247
0#
#8229775247
1#
#8229875247
0#
#8229975247
1#
#8230075247
0#
#8230175247
1#
#8230275247
0#
#8230375247
1#
#8230475247
0#
#8230575247
1#
#8230675247
0#
#8230775247
1#
#8230875247
0#
#8230975247
1#
#8231075247
0#
#8231175247
1#
#8231275247
0#
#8231375247
1#
#8231475247
0#
#8231575247
1#
#8231675247
0#
#8231775247
1#
#8231875247
0#
#8231975247
1#
#8232075247
0#
#8232175247
1#
#8232275247
0#
#8232375247
1#
#8232475247
0#
#8232575247
1#
#8232675247
0#
#8232775247
1#
#8232875247
0#
#8232975247
1#
#8233075247
0#
#8233175247
1#
#8233275247
0#
#8233375247
1#
#8233475247
0#
#8233575247
1#
#8233675247
0#
#8233775247
1#
#8233875247
0#
#8233975247
1#
#8234075247
0#
#8234175247
1#
#8234275247
0#
#8234375247
1#
#8234475247
0#
#8234575247
1#
#8234675247
0#
#8234775247
1#
#8234875247
0#
#8234975247
1#
#8235075247
0#
#8235175247
1#
#8235275247
0#
#8235375247
1#
#8235475247
0#
#8235575247
1#
#8235675247
0#
#8235775247
1#
#8235875247
0#
#8235975247
1#
#8236075247
0#
#8236175247
1#
#8236275247
0#
#8236375247
1#
#8236475247
0#
#8236575247
1#
#8236675247
0#
#8236775247
1#
#8236875247
0#
#8236975247
1#
#8237075247
0#
#8237175247
1#
#8237275247
0#
#8237375247
1#
#8237475247
0#
#8237575247
1#
#8237675247
0#
#8237775247
1#
#8237875247
0#
#8237975247
1#
#8238075247
0#
#8238175247
1#
#8238275247
0#
#8238375247
1#
#8238475247
0#
#8238575247
1#
#8238675247
0#
#8238775247
1#
#8238875247
0#
#8238975247
1#
#8239075247
0#
#8239175247
1#
#8239275247
0#
#8239375247
1#
#8239475247
0#
#8239575247
1#
#8239675247
0#
#8239775247
1#
#8239875247
0#
#8239975247
1#
#8240075247
0#
#8240175247
1#
#8240275247
0#
#8240375247
1#
#8240475247
0#
#8240575247
1#
#8240675247
0#
#8240775247
1#
#8240875247
0#
#8240975247
1#
#8241075247
0#
#8241175247
1#
#8241275247
0#
#8241375247
1#
#8241475247
0#
#8241575247
1#
#8241675247
0#
#8241775247
1#
#8241875247
0#
#8241975247
1#
#8242075247
0#
#8242175247
1#
#8242275247
0#
#8242375247
1#
#8242475247
0#
#8242575247
1#
#8242675247
0#
#8242775247
1#
#8242875247
0#
#8242975247
1#
#8243075247
0#
#8243175247
1#
#8243275247
0#
#8243375247
1#
#8243475247
0#
#8243575247
1#
#8243675247
0#
#8243775247
1#
#8243875247
0#
#8243975247
1#
#8244075247
0#
#8244175247
1#
#8244275247
0#
#8244375247
1#
#8244475247
0#
#8244575247
1#
#8244675247
0#
#8244775247
1#
#8244875247
0#
#8244975247
1#
#8245075247
0#
#8245175247
1#
#8245275247
0#
#8245375247
1#
#8245475247
0#
#8245575247
1#
#8245675247
0#
#8245775247
1#
#8245875247
0#
#8245975247
1#
#8246075247
0#
#8246175247
1#
#8246275247
0#
#8246375247
1#
#8246475247
0#
#8246575247
1#
#8246675247
0#
#8246775247
1#
#8246875247
0#
#8246975247
1#
#8247075247
0#
#8247175247
1#
#8247275247
0#
#8247375247
1#
#8247475247
0#
#8247575247
1#
#8247675247
0#
#8247775247
1#
#8247875247
0#
#8247975247
1#
#8248075247
0#
#8248175247
1#
#8248275247
0#
#8248375247
1#
#8248475247
0#
#8248575247
1#
#8248675247
0#
#8248775247
1#
#8248875247
0#
#8248975247
1#
#8249075247
0#
#8249175247
1#
#8249275247
0#
#8249375247
1#
#8249475247
0#
#8249575247
1#
#8249675247
0#
#8249775247
1#
#8249875247
0#
#8249975247
1#
#8250075247
0#
#8250175247
1#
#8250275247
0#
#8250375247
1#
#8250475247
0#
#8250575247
1#
#8250675247
0#
#8250775247
1#
#8250875247
0#
#8250975247
1#
#8251075247
0#
#8251175247
1#
#8251275247
0#
#8251375247
1#
#8251475247
0#
#8251575247
1#
#8251675247
0#
#8251775247
1#
#8251875247
0#
#8251975247
1#
#8252075247
0#
#8252175247
1#
#8252275247
0#
#8252375247
1#
#8252475247
0#
#8252575247
1#
#8252675247
0#
#8252775247
1#
#8252875247
0#
#8252975247
1#
#8253075247
0#
#8253175247
1#
#8253275247
0#
#8253375247
1#
#8253475247
0#
#8253575247
1#
#8253675247
0#
#8253775247
1#
#8253875247
0#
#8253975247
1#
#8254075247
0#
#8254175247
1#
#8254275247
0#
#8254375247
1#
#8254475247
0#
#8254575247
1#
#8254675247
0#
#8254775247
1#
#8254875247
0#
#8254975247
1#
#8255075247
0#
#8255175247
1#
#8255275247
0#
#8255375247
1#
#8255475247
0#
#8255575247
1#
#8255675247
0#
#8255775247
1#
#8255875247
0#
#8255975247
1#
#8256075247
0#
#8256175247
1#
#8256275247
0#
#8256375247
1#
#8256475247
0#
#8256575247
1#
#8256675247
0#
#8256775247
1#
#8256875247
0#
#8256975247
1#
#8257075247
0#
#8257175247
1#
#8257275247
0#
#8257375247
1#
#8257475247
0#
#8257575247
1#
#8257675247
0#
#8257775247
1#
#8257875247
0#
#8257975247
1#
#8258075247
0#
#8258175247
1#
#8258275247
0#
#8258375247
1#
#8258475247
0#
#8258575247
1#
#8258675247
0#
#8258775247
1#
#8258875247
0#
#8258975247
1#
#8259075247
0#
#8259175247
1#
#8259275247
0#
#8259375247
1#
#8259475247
0#
#8259575247
1#
#8259675247
0#
#8259775247
1#
#8259875247
0#
#8259975247
1#
#8260075247
0#
#8260175247
1#
#8260275247
0#
#8260375247
1#
#8260475247
0#
#8260575247
1#
#8260675247
0#
#8260775247
1#
#8260875247
0#
#8260975247
1#
#8261075247
0#
#8261175247
1#
#8261275247
0#
#8261375247
1#
#8261475247
0#
#8261575247
1#
#8261675247
0#
#8261775247
1#
#8261875247
0#
#8261975247
1#
#8262075247
0#
#8262175247
1#
#8262275247
0#
#8262375247
1#
#8262475247
0#
#8262575247
1#
#8262675247
0#
#8262775247
1#
#8262875247
0#
#8262975247
1#
#8263075247
0#
#8263175247
1#
#8263275247
0#
#8263375247
1#
#8263475247
0#
#8263575247
1#
#8263675247
0#
#8263775247
1#
#8263875247
0#
#8263975247
1#
#8264075247
0#
#8264175247
1#
#8264275247
0#
#8264375247
1#
#8264475247
0#
#8264575247
1#
#8264675247
0#
#8264775247
1#
#8264875247
0#
#8264975247
1#
#8265075247
0#
#8265175247
1#
#8265275247
0#
#8265375247
1#
#8265475247
0#
#8265575247
1#
#8265675247
0#
#8265775247
1#
#8265875247
0#
#8265975247
1#
#8266075247
0#
#8266175247
1#
#8266275247
0#
#8266375247
1#
#8266475247
0#
#8266575247
1#
#8266675247
0#
#8266775247
1#
#8266875247
0#
#8266975247
1#
#8267075247
0#
#8267175247
1#
#8267275247
0#
#8267375247
1#
#8267475247
0#
#8267575247
1#
#8267675247
0#
#8267775247
1#
#8267875247
0#
#8267975247
1#
#8268075247
0#
#8268175247
1#
#8268275247
0#
#8268375247
1#
#8268475247
0#
#8268575247
1#
#8268675247
0#
#8268775247
1#
#8268875247
0#
#8268975247
1#
#8269075247
0#
#8269175247
1#
#8269275247
0#
#8269375247
1#
#8269475247
0#
#8269575247
1#
#8269675247
0#
#8269775247
1#
#8269875247
0#
#8269975247
1#
#8270075247
0#
#8270175247
1#
#8270275247
0#
#8270375247
1#
#8270475247
0#
#8270575247
1#
#8270675247
0#
#8270775247
1#
#8270875247
0#
#8270975247
1#
#8271075247
0#
#8271175247
1#
#8271275247
0#
#8271375247
1#
#8271475247
0#
#8271575247
1#
#8271675247
0#
#8271775247
1#
#8271875247
0#
#8271975247
1#
#8272075247
0#
#8272175247
1#
#8272275247
0#
#8272375247
1#
#8272475247
0#
#8272575247
1#
#8272675247
0#
#8272775247
1#
#8272875247
0#
#8272975247
1#
#8273075247
0#
#8273175247
1#
#8273275247
0#
#8273375247
1#
#8273475247
0#
#8273575247
1#
#8273675247
0#
#8273775247
1#
#8273875247
0#
#8273975247
1#
#8274075247
0#
#8274175247
1#
#8274275247
0#
#8274375247
1#
#8274475247
0#
#8274575247
1#
#8274675247
0#
#8274775247
1#
#8274875247
0#
#8274975247
1#
#8275075247
0#
#8275175247
1#
#8275275247
0#
#8275375247
1#
#8275475247
0#
#8275575247
1#
#8275675247
0#
#8275775247
1#
#8275875247
0#
#8275975247
1#
#8276075247
0#
#8276175247
1#
#8276275247
0#
#8276375247
1#
#8276475247
0#
#8276575247
1#
#8276675247
0#
#8276775247
1#
#8276875247
0#
#8276975247
1#
#8277075247
0#
#8277175247
1#
#8277275247
0#
#8277375247
1#
#8277475247
0#
#8277575247
1#
#8277675247
0#
#8277775247
1#
#8277875247
0#
#8277975247
1#
#8278075247
0#
#8278175247
1#
#8278275247
0#
#8278375247
1#
#8278475247
0#
#8278575247
1#
#8278675247
0#
#8278775247
1#
#8278875247
0#
#8278975247
1#
#8279075247
0#
#8279175247
1#
#8279275247
0#
#8279375247
1#
#8279475247
0#
#8279575247
1#
#8279675247
0#
#8279775247
1#
#8279875247
0#
#8279975247
1#
#8280075247
0#
#8280175247
1#
#8280275247
0#
#8280375247
1#
#8280475247
0#
#8280575247
1#
#8280675247
0#
#8280775247
1#
#8280875247
0#
#8280975247
1#
#8281075247
0#
#8281175247
1#
#8281275247
0#
#8281375247
1#
#8281475247
0#
#8281575247
1#
#8281675247
0#
#8281775247
1#
#8281875247
0#
#8281975247
1#
#8282075247
0#
#8282175247
1#
#8282275247
0#
#8282375247
1#
#8282475247
0#
#8282575247
1#
#8282675247
0#
#8282775247
1#
#8282875247
0#
#8282975247
1#
#8283075247
0#
#8283175247
1#
#8283275247
0#
#8283375247
1#
#8283475247
0#
#8283575247
1#
#8283675247
0#
#8283775247
1#
#8283875247
0#
#8283975247
1#
#8284075247
0#
#8284175247
1#
#8284275247
0#
#8284375247
1#
#8284475247
0#
#8284575247
1#
#8284675247
0#
#8284775247
1#
#8284875247
0#
#8284975247
1#
#8285075247
0#
#8285175247
1#
#8285275247
0#
#8285375247
1#
#8285475247
0#
#8285575247
1#
#8285675247
0#
#8285775247
1#
#8285875247
0#
#8285975247
1#
#8286075247
0#
#8286175247
1#
#8286275247
0#
#8286375247
1#
#8286475247
0#
#8286575247
1#
#8286675247
0#
#8286775247
1#
#8286875247
0#
#8286975247
1#
#8287075247
0#
#8287175247
1#
#8287275247
0#
#8287375247
1#
#8287475247
0#
#8287575247
1#
#8287675247
0#
#8287775247
1#
#8287875247
0#
#8287975247
1#
#8288075247
0#
#8288175247
1#
#8288275247
0#
#8288375247
1#
#8288475247
0#
#8288575247
1#
#8288675247
0#
#8288775247
1#
#8288875247
0#
#8288975247
1#
#8289075247
0#
#8289175247
1#
#8289275247
0#
#8289375247
1#
#8289475247
0#
#8289575247
1#
#8289675247
0#
#8289775247
1#
#8289875247
0#
#8289975247
1#
#8290075247
0#
#8290175247
1#
#8290275247
0#
#8290375247
1#
#8290475247
0#
#8290575247
1#
#8290675247
0#
#8290775247
1#
#8290875247
0#
#8290975247
1#
#8291075247
0#
#8291175247
1#
#8291275247
0#
#8291375247
1#
#8291475247
0#
#8291575247
1#
#8291675247
0#
#8291775247
1#
#8291875247
0#
#8291975247
1#
#8292075247
0#
#8292175247
1#
#8292275247
0#
#8292375247
1#
#8292475247
0#
#8292575247
1#
#8292675247
0#
#8292775247
1#
#8292875247
0#
#8292975247
1#
#8293075247
0#
#8293175247
1#
#8293275247
0#
#8293375247
1#
#8293475247
0#
#8293575247
1#
#8293675247
0#
#8293775247
1#
#8293875247
0#
#8293975247
1#
#8294075247
0#
#8294175247
1#
#8294275247
0#
#8294375247
1#
#8294475247
0#
#8294575247
1#
#8294675247
0#
#8294775247
1#
#8294875247
0#
#8294975247
1#
#8295075247
0#
#8295175247
1#
#8295275247
0#
#8295375247
1#
#8295475247
0#
#8295575247
1#
#8295675247
0#
#8295775247
1#
#8295875247
0#
#8295975247
1#
#8296075247
0#
#8296175247
1#
#8296275247
0#
#8296375247
1#
#8296475247
0#
#8296575247
1#
#8296675247
0#
#8296775247
1#
#8296875247
0#
#8296975247
1#
#8297075247
0#
#8297175247
1#
#8297275247
0#
#8297375247
1#
#8297475247
0#
#8297575247
1#
#8297675247
0#
#8297775247
1#
#8297875247
0#
#8297975247
1#
#8298075247
0#
#8298175247
1#
#8298275247
0#
#8298375247
1#
#8298475247
0#
#8298575247
1#
#8298675247
0#
#8298775247
1#
#8298875247
0#
#8298975247
1#
#8299075247
0#
#8299175247
1#
#8299275247
0#
#8299375247
1#
#8299475247
0#
#8299575247
1#
#8299675247
0#
#8299775247
1#
#8299875247
0#
#8299975247
1#
#8300075247
0#
#8300175247
1#
#8300275247
0#
#8300375247
1#
#8300475247
0#
#8300575247
1#
#8300675247
0#
#8300775247
1#
#8300875247
0#
#8300975247
1#
#8301075247
0#
#8301175247
1#
#8301275247
0#
#8301375247
1#
#8301475247
0#
#8301575247
1#
#8301675247
0#
#8301775247
1#
#8301875247
0#
#8301975247
1#
#8302075247
0#
#8302175247
1#
#8302275247
0#
#8302375247
1#
#8302475247
0#
#8302575247
1#
#8302675247
0#
#8302775247
1#
#8302875247
0#
#8302975247
1#
#8303075247
0#
#8303175247
1#
#8303275247
0#
#8303375247
1#
#8303475247
0#
#8303575247
1#
#8303675247
0#
#8303775247
1#
#8303875247
0#
#8303975247
1#
#8304075247
0#
#8304175247
1#
#8304275247
0#
#8304375247
1#
#8304475247
0#
#8304575247
1#
#8304675247
0#
#8304775247
1#
#8304875247
0#
#8304975247
1#
#8305075247
0#
#8305175247
1#
#8305275247
0#
#8305375247
1#
#8305475247
0#
#8305575247
1#
#8305675247
0#
#8305775247
1#
#8305875247
0#
#8305975247
1#
#8306075247
0#
#8306175247
1#
#8306275247
0#
#8306375247
1#
#8306475247
0#
#8306575247
1#
#8306675247
0#
#8306775247
1#
#8306875247
0#
#8306975247
1#
#8307075247
0#
#8307175247
1#
#8307275247
0#
#8307375247
1#
#8307475247
0#
#8307575247
1#
#8307675247
0#
#8307775247
1#
#8307875247
0#
#8307975247
1#
#8308075247
0#
#8308175247
1#
#8308275247
0#
#8308375247
1#
#8308475247
0#
#8308575247
1#
#8308675247
0#
#8308775247
1#
#8308875247
0#
#8308975247
1#
#8309075247
0#
#8309175247
1#
#8309275247
0#
#8309375247
1#
#8309475247
0#
#8309575247
1#
#8309675247
0#
#8309775247
1#
#8309875247
0#
#8309975247
1#
#8310075247
0#
#8310175247
1#
#8310275247
0#
#8310375247
1#
#8310475247
0#
#8310575247
1#
#8310675247
0#
#8310775247
1#
#8310875247
0#
#8310975247
1#
#8311075247
0#
#8311175247
1#
#8311275247
0#
#8311375247
1#
#8311475247
0#
#8311575247
1#
#8311675247
0#
#8311775247
1#
#8311875247
0#
#8311975247
1#
#8312075247
0#
#8312175247
1#
#8312275247
0#
#8312375247
1#
#8312475247
0#
#8312575247
1#
#8312675247
0#
#8312775247
1#
#8312875247
0#
#8312975247
1#
#8313075247
0#
#8313175247
1#
#8313275247
0#
#8313375247
1#
#8313475247
0#
#8313575247
1#
#8313675247
0#
#8313775247
1#
#8313875247
0#
#8313975247
1#
#8314075247
0#
#8314175247
1#
#8314275247
0#
#8314375247
1#
#8314475247
0#
#8314575247
1#
#8314675247
0#
#8314775247
1#
#8314875247
0#
#8314975247
1#
#8315075247
0#
#8315175247
1#
#8315275247
0#
#8315375247
1#
#8315475247
0#
#8315575247
1#
#8315675247
0#
#8315775247
1#
#8315875247
0#
#8315975247
1#
#8316075247
0#
#8316175247
1#
#8316275247
0#
#8316375247
1#
#8316475247
0#
#8316575247
1#
#8316675247
0#
#8316775247
1#
#8316875247
0#
#8316975247
1#
#8317075247
0#
#8317175247
1#
#8317275247
0#
#8317375247
1#
#8317475247
0#
#8317575247
1#
#8317675247
0#
#8317775247
1#
#8317875247
0#
#8317975247
1#
#8318075247
0#
#8318175247
1#
#8318275247
0#
#8318375247
1#
#8318475247
0#
#8318575247
1#
#8318675247
0#
#8318775247
1#
#8318875247
0#
#8318975247
1#
#8319075247
0#
#8319175247
1#
#8319275247
0#
#8319375247
1#
#8319475247
0#
#8319575247
1#
#8319675247
0#
#8319775247
1#
#8319875247
0#
#8319975247
1#
#8320075247
0#
#8320175247
1#
#8320275247
0#
#8320375247
1#
#8320475247
0#
#8320575247
1#
#8320675247
0#
#8320775247
1#
#8320875247
0#
#8320975247
1#
#8321075247
0#
#8321175247
1#
#8321275247
0#
#8321375247
1#
#8321475247
0#
#8321575247
1#
#8321675247
0#
#8321775247
1#
#8321875247
0#
#8321975247
1#
#8322075247
0#
#8322175247
1#
#8322275247
0#
#8322375247
1#
#8322475247
0#
#8322575247
1#
#8322675247
0#
#8322775247
1#
#8322875247
0#
#8322975247
1#
#8323075247
0#
#8323175247
1#
#8323275247
0#
#8323375247
1#
#8323475247
0#
#8323575247
1#
#8323675247
0#
#8323775247
1#
#8323875247
0#
#8323975247
1#
#8324075247
0#
#8324175247
1#
#8324275247
0#
#8324375247
1#
#8324475247
0#
#8324575247
1#
#8324675247
0#
#8324775247
1#
#8324875247
0#
#8324975247
1#
#8325075247
0#
#8325175247
1#
#8325275247
0#
#8325375247
1#
#8325475247
0#
#8325575247
1#
#8325675247
0#
#8325775247
1#
#8325875247
0#
#8325975247
1#
#8326075247
0#
#8326175247
1#
#8326275247
0#
#8326375247
1#
#8326475247
0#
#8326575247
1#
#8326675247
0#
#8326775247
1#
#8326875247
0#
#8326975247
1#
#8327075247
0#
#8327175247
1#
#8327275247
0#
#8327375247
1#
#8327475247
0#
#8327575247
1#
#8327675247
0#
#8327775247
1#
#8327875247
0#
#8327975247
1#
#8328075247
0#
#8328175247
1#
#8328275247
0#
#8328375247
1#
#8328475247
0#
#8328575247
1#
#8328675247
0#
#8328775247
1#
#8328875247
0#
#8328975247
1#
#8329075247
0#
#8329175247
1#
#8329275247
0#
#8329375247
1#
#8329475247
0#
#8329575247
1#
#8329675247
0#
#8329775247
1#
#8329875247
0#
#8329975247
1#
#8330075247
0#
#8330175247
1#
#8330275247
0#
#8330375247
1#
#8330475247
0#
#8330575247
1#
#8330675247
0#
#8330775247
1#
#8330875247
0#
#8330975247
1#
#8331075247
0#
#8331175247
1#
#8331275247
0#
#8331375247
1#
#8331475247
0#
#8331575247
1#
#8331675247
0#
#8331775247
1#
#8331875247
0#
#8331975247
1#
#8332075247
0#
#8332175247
1#
#8332275247
0#
#8332375247
1#
#8332475247
0#
#8332575247
1#
#8332675247
0#
#8332775247
1#
#8332875247
0#
#8332975247
1#
#8333075247
0#
#8333175247
1#
#8333275247
0#
#8333375247
1#
#8333475247
0#
#8333575247
1#
#8333675247
0#
#8333775247
1#
#8333875247
0#
#8333975247
1#
#8334075247
0#
#8334175247
1#
#8334275247
0#
#8334375247
1#
#8334475247
0#
#8334575247
1#
#8334675247
0#
#8334775247
1#
#8334875247
0#
#8334975247
1#
#8335075247
0#
#8335175247
1#
#8335275247
0#
#8335375247
1#
#8335475247
0#
#8335575247
1#
#8335675247
0#
#8335775247
1#
#8335875247
0#
#8335975247
1#
#8336075247
0#
#8336175247
1#
#8336275247
0#
#8336375247
1#
#8336475247
0#
#8336575247
1#
#8336675247
0#
#8336775247
1#
#8336875247
0#
#8336975247
1#
#8337075247
0#
#8337175247
1#
#8337275247
0#
#8337375247
1#
#8337475247
0#
#8337575247
1#
#8337675247
0#
#8337775247
1#
#8337875247
0#
#8337975247
1#
#8338075247
0#
#8338175247
1#
#8338275247
0#
#8338375247
1#
#8338475247
0#
#8338575247
1#
#8338675247
0#
#8338775247
1#
#8338875247
0#
#8338975247
1#
#8339075247
0#
#8339175247
1#
#8339275247
0#
#8339375247
1#
#8339475247
0#
#8339575247
1#
#8339675247
0#
#8339775247
1#
#8339875247
0#
#8339975247
1#
#8340075247
0#
#8340175247
1#
#8340275247
0#
#8340375247
1#
#8340475247
0#
#8340575247
1#
#8340675247
0#
#8340775247
1#
#8340875247
0#
#8340975247
1#
#8341075247
0#
#8341175247
1#
#8341275247
0#
#8341375247
1#
#8341475247
0#
#8341575247
1#
#8341675247
0#
#8341775247
1#
#8341875247
0#
#8341975247
1#
#8342075247
0#
#8342175247
1#
#8342275247
0#
#8342375247
1#
#8342475247
0#
#8342575247
1#
#8342675247
0#
#8342775247
1#
#8342875247
0#
#8342975247
1#
#8343075247
0#
#8343175247
1#
#8343275247
0#
#8343375247
1#
#8343475247
0#
#8343575247
1#
#8343675247
0#
#8343775247
1#
#8343875247
0#
#8343975247
1#
#8344075247
0#
#8344175247
1#
#8344275247
0#
#8344375247
1#
#8344475247
0#
#8344575247
1#
#8344675247
0#
#8344775247
1#
#8344875247
0#
#8344975247
1#
#8345075247
0#
#8345175247
1#
#8345275247
0#
#8345375247
1#
#8345475247
0#
#8345575247
1#
#8345675247
0#
#8345775247
1#
#8345875247
0#
#8345975247
1#
#8346075247
0#
#8346175247
1#
#8346275247
0#
#8346375247
1#
#8346475247
0#
#8346575247
1#
#8346675247
0#
#8346775247
1#
#8346875247
0#
#8346975247
1#
#8347075247
0#
#8347175247
1#
#8347275247
0#
#8347375247
1#
#8347475247
0#
#8347575247
1#
#8347675247
0#
#8347775247
1#
#8347875247
0#
#8347975247
1#
#8348075247
0#
#8348175247
1#
#8348275247
0#
#8348375247
1#
#8348475247
0#
#8348575247
1#
#8348675247
0#
#8348775247
1#
#8348875247
0#
#8348975247
1#
#8349075247
0#
#8349175247
1#
#8349275247
0#
#8349375247
1#
#8349475247
0#
#8349575247
1#
#8349675247
0#
#8349775247
1#
#8349875247
0#
#8349975247
1#
#8350075247
0#
#8350175247
1#
#8350275247
0#
#8350375247
1#
#8350475247
0#
#8350575247
1#
#8350675247
0#
#8350775247
1#
#8350875247
0#
#8350975247
1#
#8351075247
0#
#8351175247
1#
#8351275247
0#
#8351375247
1#
#8351475247
0#
#8351575247
1#
#8351675247
0#
#8351775247
1#
#8351875247
0#
#8351975247
1#
#8352075247
0#
#8352175247
1#
#8352275247
0#
#8352375247
1#
#8352475247
0#
#8352575247
1#
#8352675247
0#
#8352775247
1#
#8352875247
0#
#8352975247
1#
#8353075247
0#
#8353175247
1#
#8353275247
0#
#8353375247
1#
#8353475247
0#
#8353575247
1#
#8353675247
0#
#8353775247
1#
#8353875247
0#
#8353975247
1#
#8354075247
0#
#8354175247
1#
#8354275247
0#
#8354375247
1#
#8354475247
0#
#8354575247
1#
#8354675247
0#
#8354775247
1#
#8354875247
0#
#8354975247
1#
#8355075247
0#
#8355175247
1#
#8355275247
0#
#8355375247
1#
#8355475247
0#
#8355575247
1#
#8355675247
0#
#8355775247
1#
#8355875247
0#
#8355975247
1#
#8356075247
0#
#8356175247
1#
#8356275247
0#
#8356375247
1#
#8356475247
0#
#8356575247
1#
#8356675247
0#
#8356775247
1#
#8356875247
0#
#8356975247
1#
#8357075247
0#
#8357175247
1#
#8357275247
0#
#8357375247
1#
#8357475247
0#
#8357575247
1#
#8357675247
0#
#8357775247
1#
#8357875247
0#
#8357975247
1#
#8358075247
0#
#8358175247
1#
#8358275247
0#
#8358375247
1#
#8358475247
0#
#8358575247
1#
#8358675247
0#
#8358775247
1#
#8358875247
0#
#8358975247
1#
#8359075247
0#
#8359175247
1#
#8359275247
0#
#8359375247
1#
#8359475247
0#
#8359575247
1#
#8359675247
0#
#8359775247
1#
#8359875247
0#
#8359975247
1#
#8360075247
0#
#8360175247
1#
#8360275247
0#
#8360375247
1#
#8360475247
0#
#8360575247
1#
#8360675247
0#
#8360775247
1#
#8360875247
0#
#8360975247
1#
#8361075247
0#
#8361175247
1#
#8361275247
0#
#8361375247
1#
#8361475247
0#
#8361575247
1#
#8361675247
0#
#8361775247
1#
#8361875247
0#
#8361975247
1#
#8362075247
0#
#8362175247
1#
#8362275247
0#
#8362375247
1#
#8362475247
0#
#8362575247
1#
#8362675247
0#
#8362775247
1#
#8362875247
0#
#8362975247
1#
#8363075247
0#
#8363175247
1#
#8363275247
0#
#8363375247
1#
#8363475247
0#
#8363575247
1#
#8363675247
0#
#8363775247
1#
#8363875247
0#
#8363975247
1#
#8364075247
0#
#8364175247
1#
#8364275247
0#
#8364375247
1#
#8364475247
0#
#8364575247
1#
#8364675247
0#
#8364775247
1#
#8364875247
0#
#8364975247
1#
#8365075247
0#
#8365175247
1#
#8365275247
0#
#8365375247
1#
#8365475247
0#
#8365575247
1#
#8365675247
0#
#8365775247
1#
#8365875247
0#
#8365975247
1#
#8366075247
0#
#8366175247
1#
#8366275247
0#
#8366375247
1#
#8366475247
0#
#8366575247
1#
#8366675247
0#
#8366775247
1#
#8366875247
0#
#8366975247
1#
#8367075247
0#
#8367175247
1#
#8367275247
0#
#8367375247
1#
#8367475247
0#
#8367575247
1#
#8367675247
0#
#8367775247
1#
#8367875247
0#
#8367975247
1#
#8368075247
0#
#8368175247
1#
#8368275247
0#
#8368375247
1#
#8368475247
0#
#8368575247
1#
#8368675247
0#
#8368775247
1#
#8368875247
0#
#8368975247
1#
#8369075247
0#
#8369175247
1#
#8369275247
0#
#8369375247
1#
#8369475247
0#
#8369575247
1#
#8369675247
0#
#8369775247
1#
#8369875247
0#
#8369975247
1#
#8370075247
0#
#8370175247
1#
#8370275247
0#
#8370375247
1#
#8370475247
0#
#8370575247
1#
#8370675247
0#
#8370775247
1#
#8370875247
0#
#8370975247
1#
#8371075247
0#
#8371175247
1#
#8371275247
0#
#8371375247
1#
#8371475247
0#
#8371575247
1#
#8371675247
0#
#8371775247
1#
#8371875247
0#
#8371975247
1#
#8372075247
0#
#8372175247
1#
#8372275247
0#
#8372375247
1#
#8372475247
0#
#8372575247
1#
#8372675247
0#
#8372775247
1#
#8372875247
0#
#8372975247
1#
#8373075247
0#
#8373175247
1#
#8373275247
0#
#8373375247
1#
#8373475247
0#
#8373575247
1#
#8373675247
0#
#8373775247
1#
#8373875247
0#
#8373975247
1#
#8374075247
0#
#8374175247
1#
#8374275247
0#
#8374375247
1#
#8374475247
0#
#8374575247
1#
#8374675247
0#
#8374775247
1#
#8374875247
0#
#8374904750
0!
