# WaveFront *.obj file (generated by Autodesk ATF)

mtllib Gripper2_Jaw.mtl

g Body1

v -0.000000 3.438661 -0.167375
v -0.000000 3.400881 -0.144488
v -0.000000 3.370246 -0.112665
v -0.000000 3.348814 -0.074041
v -0.000000 3.338021 -0.031207
v -0.000000 3.338594 0.012962
v -0.000000 3.350492 0.055501
v -0.000000 3.372918 0.093557
v -0.000000 3.404366 0.124576
v -0.000000 3.442727 0.146477
v -0.000000 3.485426 0.157789
v -0.000000 3.529599 0.157754
v -0.000000 3.572280 0.146374
v -0.000000 3.610606 0.124412
v -0.000000 3.642005 0.093343
v -0.000000 3.664370 0.055251
v -0.000000 3.676200 0.012693
v -0.000000 3.676702 -0.031477
v -0.000000 3.665842 -0.074293
v -0.000000 3.644348 -0.112883
v -0.000000 3.613663 -0.144658
v -0.000000 3.575845 -0.167484
v 0.060000 3.575845 -0.167484
v 0.060000 3.613663 -0.144658
v 0.060000 3.644348 -0.112883
v 0.060000 3.665842 -0.074293
v 0.060000 3.676702 -0.031477
v 0.060000 3.676200 0.012693
v 0.060000 3.664370 0.055251
v 0.060000 3.642005 0.093343
v 0.060000 3.610606 0.124412
v 0.060000 3.572280 0.146374
v 0.060000 3.529599 0.157754
v 0.060000 3.485426 0.157789
v 0.060000 3.442727 0.146477
v 0.060000 3.404366 0.124576
v 0.060000 3.372918 0.093557
v 0.060000 3.350492 0.055501
v 0.060000 3.338594 0.012962
v 0.060000 3.338021 -0.031207
v 0.060000 3.348814 -0.074041
v 0.060000 3.370246 -0.112665
v 0.060000 3.400881 -0.144488
v 0.060000 3.438661 -0.167375
v -0.000000 3.438517 -0.348084
v 0.060000 3.438517 -0.348084
v -0.000000 3.575702 -0.348193
v -0.000000 3.653246 -0.319011
v -0.000000 3.721385 -0.269986
v -0.000000 3.775723 -0.204281
v -0.000000 3.812757 -0.126133
v -0.000000 3.830099 -0.040580
v -0.000000 3.826630 0.046860
v -0.000000 3.802573 0.130548
v -0.000000 3.759482 0.205089
v -0.000000 3.700133 0.265675
v -0.000000 3.628354 0.308400
v -0.000000 3.548775 0.330507
v -0.000000 3.466525 0.330573
v -0.000000 3.386911 0.308592
v -0.000000 3.315064 0.265982
v -0.000000 3.255619 0.205490
v -0.000000 3.212408 0.131018
v -0.000000 3.188219 0.047368
v -0.000000 3.184611 -0.040066
v -0.000000 3.201816 -0.125647
v -0.000000 3.238725 -0.203854
v -0.000000 3.292959 -0.269645
v -0.000000 3.361019 -0.318778
v 0.060000 3.361019 -0.318778
v 0.060000 3.292959 -0.269645
v 0.060000 3.238725 -0.203854
v 0.060000 3.201816 -0.125647
v 0.060000 3.184611 -0.040066
v 0.060000 3.188219 0.047368
v 0.060000 3.212408 0.131018
v 0.060000 3.255619 0.205490
v 0.060000 3.315064 0.265982
v 0.060000 3.386911 0.308592
v 0.060000 3.466525 0.330573
v 0.060000 3.548775 0.330507
v 0.060000 3.628354 0.308400
v 0.060000 3.700133 0.265675
v 0.060000 3.759482 0.205089
v 0.060000 3.802573 0.130548
v 0.060000 3.826630 0.046860
v 0.060000 3.830099 -0.040580
v 0.060000 3.812757 -0.126133
v 0.060000 3.775723 -0.204281
v 0.060000 3.721385 -0.269986
v 0.060000 3.653246 -0.319011
v 0.060000 3.575702 -0.348193
v -0.000000 3.101020 -0.387206
v -0.000000 3.100853 -0.596773
v 0.060000 3.100853 -0.596773
v 0.060000 3.101020 -0.387206
v -0.000000 3.912969 -0.597419
v 0.060000 3.912969 -0.597419
v -0.000000 3.912803 -0.806985
v 0.060000 3.912803 -0.806985
v -0.000000 3.102155 1.037793
v -0.000000 3.101988 0.828227
v 0.060000 3.101988 0.828227
v 0.060000 3.102155 1.037793
v -0.000000 3.914104 0.827580
v 0.060000 3.914104 0.827580
v -0.000000 3.913937 0.618014
v 0.060000 3.913937 0.618014
v -0.000000 3.100821 -0.637206
v -0.000000 3.100654 -0.846772
v 0.060000 3.100654 -0.846772
v 0.060000 3.100821 -0.637206
v -0.000000 3.912770 -0.847419
v 0.060000 3.912770 -0.847419
v -0.000000 3.912603 -1.056985
v 0.060000 3.912603 -1.056985
v -0.000000 3.101789 0.578227
v -0.000000 3.913738 0.368014
v 0.060000 3.913738 0.368014
v 0.060000 3.101789 0.578227
v -0.000000 3.101956 0.787793
v 0.060000 3.101956 0.787793
v -0.000000 3.913905 0.577580
v 0.060000 3.913905 0.577580
v 0.075000 4.600000 0.972350
v 0.193286 4.600000 0.895464
v 0.193286 5.100000 0.895464
v 0.075000 5.100000 0.972350
v 0.138788 4.600000 0.811620
v 0.075000 4.600000 0.853082
v 0.075000 5.100000 0.853082
v 0.138788 5.100000 0.811620
v 0.247633 4.600000 0.213658
v 0.187659 4.600000 0.123876
v 0.187659 5.100000 0.123876
v 0.247633 5.100000 0.213658
v 0.103808 4.600000 0.178379
v 0.164479 4.600000 0.269205
v 0.164479 5.100000 0.269205
v 0.103808 5.100000 0.178379
v 0.873105 4.600000 1.150000
v 0.793599 4.600000 1.030977
v 0.793599 5.100000 1.030977
v 0.873105 5.100000 1.150000
v 0.710445 4.600000 1.086523
v 0.752847 4.600000 1.150000
v 0.752847 5.100000 1.150000
v 0.710445 5.100000 1.086523
v 0.878886 4.600000 0.330556
v 0.792462 4.600000 0.197597
v 0.792462 5.100000 0.197597
v 0.878886 5.100000 0.330556
v 0.708618 4.600000 0.252096
v 0.795041 4.600000 0.385055
v 0.795041 5.100000 0.385055
v 0.708618 5.100000 0.252096
v 0.764791 4.600000 0.404717
v 0.764791 5.100000 0.404717
v 0.849540 4.600000 0.468899
v 0.925000 4.600000 0.584991
v 0.925000 5.100000 0.584991
v 0.849540 5.100000 0.468899
v 0.925000 4.600000 0.300582
v 0.925000 5.100000 0.300582
v 0.819290 4.600000 0.488562
v 0.819290 5.100000 0.488562
v 0.638316 4.600000 -0.039551
v 0.579142 4.600000 -0.130588
v 0.579142 5.100000 -0.130588
v 0.638316 5.100000 -0.039551
v 0.495298 4.600000 -0.076089
v 0.554472 4.600000 0.014948
v 0.554472 5.100000 0.014948
v 0.495298 5.100000 -0.076089
v 0.819290 4.600000 0.906002
v 0.925000 4.600000 0.837290
v 0.925000 5.100000 0.837290
v 0.819290 5.100000 0.906002
v 0.925000 4.600000 0.718022
v 0.764791 4.600000 0.822157
v 0.764791 5.100000 0.822157
v 0.925000 5.100000 0.718022
v 0.075000 4.600000 0.554910
v 0.193286 4.600000 0.478024
v 0.193286 5.100000 0.478024
v 0.075000 5.100000 0.554910
v 0.138788 4.600000 0.394180
v 0.075000 4.600000 0.435642
v 0.075000 5.100000 0.435642
v 0.138788 5.100000 0.394180
v 0.443908 4.600000 1.150000
v 0.582142 4.600000 1.060148
v 0.582142 5.100000 1.060148
v 0.443908 5.100000 1.150000
v 0.527644 4.600000 0.976303
v 0.260418 4.600000 1.150000
v 0.260418 5.100000 1.150000
v 0.527644 5.100000 0.976303
v 0.430434 4.600000 0.323878
v 0.582142 4.600000 0.225268
v 0.582142 5.100000 0.225268
v 0.430434 5.100000 0.323878
v 0.527644 4.600000 0.141423
v 0.375935 4.600000 0.240034
v 0.375935 5.100000 0.240034
v 0.527644 5.100000 0.141423
v 0.819290 4.600000 0.071122
v 0.925000 4.600000 0.002410
v 0.925000 5.100000 0.002410
v 0.819290 5.100000 0.071122
v 0.925000 4.600000 -0.116858
v 0.764791 4.600000 -0.012723
v 0.764791 5.100000 -0.012723
v 0.925000 5.100000 -0.116858
v 0.636489 4.600000 0.795782
v 0.548740 4.600000 0.664419
v 0.548740 5.100000 0.664419
v 0.636489 5.100000 0.795782
v 0.582142 4.600000 0.642708
v 0.582142 5.100000 0.642708
v 0.527644 4.600000 0.558863
v 0.493189 4.600000 0.581259
v 0.493189 5.100000 0.581259
v 0.527644 5.100000 0.558863
v 0.404742 4.600000 0.448853
v 0.404742 5.100000 0.448853
v 0.321588 4.600000 0.504400
v 0.409338 4.600000 0.635762
v 0.409338 5.100000 0.635762
v 0.321588 5.100000 0.504400
v 0.464889 4.600000 0.718923
v 0.553335 4.600000 0.851328
v 0.553335 5.100000 0.851328
v 0.464889 5.100000 0.718923
v 0.430434 4.600000 0.741318
v 0.430434 5.100000 0.741318
v 0.375935 4.600000 0.657474
v 0.375935 5.100000 0.657474
v 0.925000 4.600000 -0.355396
v 0.925000 5.100000 -0.355396
v 0.075000 5.100000 0.197104
v 0.075000 4.600000 0.197104
v 0.075000 5.100000 1.150000
v 0.075000 4.600000 1.150000
v 0.570000 5.100000 1.150000
v 0.570000 5.650000 1.150000
v 0.675000 5.650000 1.150000
v 0.675000 5.100000 1.150000
v 0.155000 5.100000 1.150000
v 0.155000 5.650000 1.150000
v 0.260000 5.650000 1.150000
v 0.260000 5.100000 1.150000
v 0.671403 5.100000 -0.043713
v 0.704593 5.100000 -0.040463
v 0.736243 5.100000 -0.029959
v 0.736243 4.600000 -0.029959
v 0.704593 4.600000 -0.040463
v 0.671403 4.600000 -0.043713
v 0.537235 4.600000 0.043496
v 0.526732 4.600000 0.075147
v 0.523481 4.600000 0.108336
v 0.523481 5.100000 0.108336
v 0.526732 5.100000 0.075147
v 0.537235 5.100000 0.043496
v 0.675531 5.100000 0.256258
v 0.642341 5.100000 0.253007
v 0.610690 5.100000 0.242504
v 0.610690 4.600000 0.242504
v 0.642341 4.600000 0.253007
v 0.675531 4.600000 0.256258
v 0.809699 4.600000 0.169049
v 0.820202 4.600000 0.137398
v 0.823453 4.600000 0.104209
v 0.823453 5.100000 0.104209
v 0.820202 5.100000 0.137398
v 0.809699 5.100000 0.169049
v 0.925000 4.600000 1.150000
v 0.925000 5.100000 1.150000
v 0.523488 5.100000 0.943687
v 0.526539 5.100000 0.910948
v 0.536650 5.100000 0.879661
v 0.536650 4.600000 0.879661
v 0.526539 4.600000 0.910948
v 0.523488 4.600000 0.943687
v 0.735816 4.600000 0.804725
v 0.703671 4.600000 0.794225
v 0.669992 4.600000 0.791193
v 0.669992 5.100000 0.791193
v 0.703671 5.100000 0.794225
v 0.735816 5.100000 0.804725
v 0.810283 4.600000 1.002644
v 0.820394 4.600000 0.971357
v 0.823446 4.600000 0.938619
v 0.823446 5.100000 0.938619
v 0.820394 5.100000 0.971357
v 0.810283 5.100000 1.002644
v 0.225041 4.600000 0.914133
v 0.260387 4.600000 0.924500
v 0.297195 4.600000 0.925940
v 0.333243 4.600000 0.918366
v 0.366359 4.600000 0.902235
v 0.394545 4.600000 0.878520
v 0.416102 4.600000 0.848651
v 0.429728 4.600000 0.814428
v 0.434604 4.600000 0.777917
v 0.434604 5.100000 0.777917
v 0.429728 5.100000 0.814428
v 0.416102 5.100000 0.848651
v 0.394545 5.100000 0.878520
v 0.366359 5.100000 0.902235
v 0.333243 5.100000 0.918366
v 0.297195 5.100000 0.925940
v 0.260387 5.100000 0.924500
v 0.225041 5.100000 0.914133
v 0.134618 5.100000 0.775021
v 0.139493 5.100000 0.738509
v 0.153120 5.100000 0.704287
v 0.174677 5.100000 0.674418
v 0.202863 5.100000 0.650702
v 0.235978 5.100000 0.634571
v 0.272027 5.100000 0.626998
v 0.308834 5.100000 0.628438
v 0.344181 5.100000 0.638805
v 0.344181 4.600000 0.638805
v 0.308834 4.600000 0.628438
v 0.272027 4.600000 0.626998
v 0.235978 4.600000 0.634571
v 0.202863 4.600000 0.650702
v 0.174677 4.600000 0.674418
v 0.153120 4.600000 0.704287
v 0.139493 4.600000 0.738509
v 0.134618 4.600000 0.775021
v 0.733037 4.600000 0.386048
v 0.697690 4.600000 0.375681
v 0.660883 4.600000 0.374241
v 0.624834 4.600000 0.381815
v 0.591719 4.600000 0.397946
v 0.563533 4.600000 0.421661
v 0.541976 4.600000 0.451531
v 0.528349 4.600000 0.485753
v 0.523474 4.600000 0.522264
v 0.523474 5.100000 0.522264
v 0.528349 5.100000 0.485753
v 0.541976 5.100000 0.451531
v 0.563533 5.100000 0.421661
v 0.591719 5.100000 0.397946
v 0.624834 5.100000 0.381815
v 0.660883 5.100000 0.374241
v 0.697690 5.100000 0.375681
v 0.733037 5.100000 0.386048
v 0.823460 5.100000 0.525161
v 0.818584 5.100000 0.561672
v 0.804958 5.100000 0.595894
v 0.783401 5.100000 0.625764
v 0.755215 5.100000 0.649479
v 0.722099 5.100000 0.665610
v 0.686051 5.100000 0.673184
v 0.649243 5.100000 0.671744
v 0.613897 5.100000 0.661377
v 0.613897 4.600000 0.661377
v 0.649243 4.600000 0.671744
v 0.686051 4.600000 0.673184
v 0.722099 4.600000 0.665610
v 0.755215 4.600000 0.649479
v 0.783401 4.600000 0.625764
v 0.804958 4.600000 0.595894
v 0.818584 4.600000 0.561672
v 0.823460 4.600000 0.525161
v 0.676942 4.600000 1.091112
v 0.643262 4.600000 1.088080
v 0.611118 4.600000 1.077581
v 0.434589 4.600000 0.356495
v 0.431538 4.600000 0.389233
v 0.421427 4.600000 0.420521
v 0.281136 4.600000 0.209069
v 0.314815 4.600000 0.212101
v 0.346960 4.600000 0.222601
v 0.134632 4.600000 0.361563
v 0.137683 4.600000 0.328824
v 0.147794 4.600000 0.297537
v 0.288086 4.600000 0.508989
v 0.254406 4.600000 0.505956
v 0.222262 4.600000 0.495457
v 0.434589 5.100000 0.356495
v 0.431538 5.100000 0.389233
v 0.421427 5.100000 0.420521
v 0.288086 5.100000 0.508989
v 0.254406 5.100000 0.505956
v 0.222262 5.100000 0.495457
v 0.281136 5.100000 0.209069
v 0.314815 5.100000 0.212101
v 0.346960 5.100000 0.222601
v 0.134632 5.100000 0.361563
v 0.137683 5.100000 0.328824
v 0.147794 5.100000 0.297537
v 0.676942 5.100000 1.091112
v 0.643262 5.100000 1.088080
v 0.611118 5.100000 1.077581
v 0.623467 4.280000 0.106272
v 0.625171 4.280000 0.093331
v 0.630166 4.280000 0.081272
v 0.638112 4.280000 0.070917
v 0.648467 4.280000 0.062971
v 0.660526 4.280000 0.057976
v 0.673467 4.280000 0.056272
v 0.686408 4.280000 0.057976
v 0.698467 4.280000 0.062971
v 0.708822 4.280000 0.070917
v 0.716768 4.280000 0.081272
v 0.721763 4.280000 0.093331
v 0.723467 4.280000 0.106272
v 0.721763 4.280000 0.119213
v 0.716768 4.280000 0.131272
v 0.708822 4.280000 0.141628
v 0.698467 4.280000 0.149574
v 0.686408 4.280000 0.154569
v 0.673467 4.280000 0.156272
v 0.660526 4.280000 0.154569
v 0.648467 4.280000 0.149574
v 0.638112 4.280000 0.141628
v 0.630166 4.280000 0.131272
v 0.625171 4.280000 0.119213
v 0.623467 5.100000 0.106272
v 0.625171 5.100000 0.119213
v 0.630166 5.100000 0.131272
v 0.638112 5.100000 0.141628
v 0.648467 5.100000 0.149574
v 0.660526 5.100000 0.154569
v 0.673467 5.100000 0.156272
v 0.686408 5.100000 0.154569
v 0.698467 5.100000 0.149574
v 0.708822 5.100000 0.141628
v 0.716768 5.100000 0.131272
v 0.721763 5.100000 0.119213
v 0.723467 5.100000 0.106272
v 0.721763 5.100000 0.093331
v 0.716768 5.100000 0.081272
v 0.708822 5.100000 0.070917
v 0.698467 5.100000 0.062971
v 0.686408 5.100000 0.057976
v 0.673467 5.100000 0.056272
v 0.660526 5.100000 0.057976
v 0.648467 5.100000 0.062971
v 0.638112 5.100000 0.070917
v 0.630166 5.100000 0.081272
v 0.625171 5.100000 0.093331
v 0.623467 4.553333 0.106272
v 0.623467 4.826667 0.106272
v 0.625171 4.553333 0.093331
v 0.625171 4.826667 0.093331
v 0.630166 4.553333 0.081272
v 0.630166 4.826667 0.081272
v 0.638112 4.553333 0.070917
v 0.638112 4.826667 0.070917
v 0.648467 4.553333 0.062971
v 0.648467 4.826667 0.062971
v 0.660526 4.553333 0.057976
v 0.660526 4.826667 0.057976
v 0.673467 4.553333 0.056272
v 0.673467 4.826667 0.056272
v 0.686408 4.553333 0.057976
v 0.686408 4.826667 0.057976
v 0.698467 4.553333 0.062971
v 0.698467 4.826667 0.062971
v 0.708822 4.553333 0.070917
v 0.708822 4.826667 0.070917
v 0.716768 4.553333 0.081272
v 0.716768 4.826667 0.081272
v 0.721763 4.553333 0.093331
v 0.721763 4.826667 0.093331
v 0.723467 4.553333 0.106272
v 0.723467 4.826667 0.106272
v 0.721763 4.553333 0.119213
v 0.721763 4.826667 0.119213
v 0.716768 4.553333 0.131272
v 0.716768 4.826667 0.131272
v 0.708822 4.553333 0.141628
v 0.708822 4.826667 0.141628
v 0.698467 4.553333 0.149574
v 0.698467 4.826667 0.149574
v 0.686408 4.553333 0.154569
v 0.686408 4.826667 0.154569
v 0.673467 4.553333 0.156272
v 0.673467 4.826667 0.156272
v 0.660526 4.553333 0.154569
v 0.660526 4.826667 0.154569
v 0.648467 4.553333 0.149574
v 0.648467 4.826667 0.149574
v 0.638112 4.553333 0.141628
v 0.638112 4.826667 0.141628
v 0.630166 4.553333 0.131272
v 0.630166 4.826667 0.131272
v 0.625171 4.553333 0.119213
v 0.625171 4.826667 0.119213
v 0.234611 4.280000 0.359029
v 0.236315 4.280000 0.346088
v 0.241310 4.280000 0.334029
v 0.249256 4.280000 0.323673
v 0.259611 4.280000 0.315728
v 0.271670 4.280000 0.310732
v 0.284611 4.280000 0.309029
v 0.297552 4.280000 0.310732
v 0.309611 4.280000 0.315728
v 0.319966 4.280000 0.323673
v 0.327912 4.280000 0.334029
v 0.332907 4.280000 0.346088
v 0.334611 4.280000 0.359029
v 0.332907 4.280000 0.371970
v 0.327912 4.280000 0.384029
v 0.319966 4.280000 0.394384
v 0.309611 4.280000 0.402330
v 0.297552 4.280000 0.407325
v 0.284611 4.280000 0.409029
v 0.271670 4.280000 0.407325
v 0.259611 4.280000 0.402330
v 0.249256 4.280000 0.394384
v 0.241310 4.280000 0.384029
v 0.236315 4.280000 0.371970
v 0.234611 5.100000 0.359029
v 0.236315 5.100000 0.371970
v 0.241310 5.100000 0.384029
v 0.249256 5.100000 0.394384
v 0.259611 5.100000 0.402330
v 0.271670 5.100000 0.407325
v 0.284611 5.100000 0.409029
v 0.297552 5.100000 0.407325
v 0.309611 5.100000 0.402330
v 0.319966 5.100000 0.394384
v 0.327912 5.100000 0.384029
v 0.332907 5.100000 0.371970
v 0.334611 5.100000 0.359029
v 0.332907 5.100000 0.346088
v 0.327912 5.100000 0.334029
v 0.319966 5.100000 0.323673
v 0.309611 5.100000 0.315728
v 0.297552 5.100000 0.310732
v 0.284611 5.100000 0.309029
v 0.271670 5.100000 0.310732
v 0.259611 5.100000 0.315728
v 0.249256 5.100000 0.323673
v 0.241310 5.100000 0.334029
v 0.236315 5.100000 0.346088
v 0.234611 4.553333 0.359029
v 0.234611 4.826667 0.359029
v 0.236315 4.553333 0.346088
v 0.236315 4.826667 0.346088
v 0.241310 4.553333 0.334029
v 0.241310 4.826667 0.334029
v 0.249256 4.553333 0.323673
v 0.249256 4.826667 0.323673
v 0.259611 4.553333 0.315728
v 0.259611 4.826667 0.315728
v 0.271670 4.553333 0.310732
v 0.271670 4.826667 0.310732
v 0.284611 4.553333 0.309029
v 0.284611 4.826667 0.309029
v 0.297552 4.553333 0.310732
v 0.297552 4.826667 0.310732
v 0.309611 4.553333 0.315728
v 0.309611 4.826667 0.315728
v 0.319966 4.553333 0.323673
v 0.319966 4.826667 0.323673
v 0.327912 4.553333 0.334029
v 0.327912 4.826667 0.334029
v 0.332907 4.553333 0.346088
v 0.332907 4.826667 0.346088
v 0.334611 4.553333 0.359029
v 0.334611 4.826667 0.359029
v 0.332907 4.553333 0.371970
v 0.332907 4.826667 0.371970
v 0.327912 4.553333 0.384029
v 0.327912 4.826667 0.384029
v 0.319966 4.553333 0.394384
v 0.319966 4.826667 0.394384
v 0.309611 4.553333 0.402330
v 0.309611 4.826667 0.402330
v 0.297552 4.553333 0.407325
v 0.297552 4.826667 0.407325
v 0.284611 4.553333 0.409029
v 0.284611 4.826667 0.409029
v 0.271670 4.553333 0.407325
v 0.271670 4.826667 0.407325
v 0.259611 4.553333 0.402330
v 0.259611 4.826667 0.402330
v 0.249256 4.553333 0.394384
v 0.249256 4.826667 0.394384
v 0.241310 4.553333 0.384029
v 0.241310 4.826667 0.384029
v 0.236315 4.553333 0.371970
v 0.236315 4.826667 0.371970
v 0.623467 4.280000 0.941153
v 0.625171 4.280000 0.928212
v 0.630166 4.280000 0.916153
v 0.638112 4.280000 0.905797
v 0.648467 4.280000 0.897851
v 0.660526 4.280000 0.892856
v 0.673467 4.280000 0.891153
v 0.686408 4.280000 0.892856
v 0.698467 4.280000 0.897851
v 0.708822 4.280000 0.905797
v 0.716768 4.280000 0.916153
v 0.721763 4.280000 0.928212
v 0.723467 4.280000 0.941153
v 0.721763 4.280000 0.954094
v 0.716768 4.280000 0.966153
v 0.708822 4.280000 0.976508
v 0.698467 4.280000 0.984454
v 0.686408 4.280000 0.989449
v 0.673467 4.280000 0.991153
v 0.660526 4.280000 0.989449
v 0.648467 4.280000 0.984454
v 0.638112 4.280000 0.976508
v 0.630166 4.280000 0.966153
v 0.625171 4.280000 0.954094
v 0.623467 5.100000 0.941153
v 0.625171 5.100000 0.954094
v 0.630166 5.100000 0.966153
v 0.638112 5.100000 0.976508
v 0.648467 5.100000 0.984454
v 0.660526 5.100000 0.989449
v 0.673467 5.100000 0.991153
v 0.686408 5.100000 0.989449
v 0.698467 5.100000 0.984454
v 0.708822 5.100000 0.976508
v 0.716768 5.100000 0.966153
v 0.721763 5.100000 0.954094
v 0.723467 5.100000 0.941153
v 0.721763 5.100000 0.928212
v 0.716768 5.100000 0.916153
v 0.708822 5.100000 0.905797
v 0.698467 5.100000 0.897851
v 0.686408 5.100000 0.892856
v 0.673467 5.100000 0.891153
v 0.660526 5.100000 0.892856
v 0.648467 5.100000 0.897851
v 0.638112 5.100000 0.905797
v 0.630166 5.100000 0.916153
v 0.625171 5.100000 0.928212
v 0.623467 4.553333 0.941153
v 0.623467 4.826667 0.941153
v 0.625171 4.553333 0.928212
v 0.625171 4.826667 0.928212
v 0.630166 4.553333 0.916153
v 0.630166 4.826667 0.916153
v 0.638112 4.553333 0.905797
v 0.638112 4.826667 0.905797
v 0.648467 4.553333 0.897851
v 0.648467 4.826667 0.897851
v 0.660526 4.553333 0.892856
v 0.660526 4.826667 0.892856
v 0.673467 4.553333 0.891153
v 0.673467 4.826667 0.891153
v 0.686408 4.553333 0.892856
v 0.686408 4.826667 0.892856
v 0.698467 4.553333 0.897851
v 0.698467 4.826667 0.897851
v 0.708822 4.553333 0.905797
v 0.708822 4.826667 0.905797
v 0.716768 4.553333 0.916153
v 0.716768 4.826667 0.916153
v 0.721763 4.553333 0.928212
v 0.721763 4.826667 0.928212
v 0.723467 4.553333 0.941153
v 0.723467 4.826667 0.941153
v 0.721763 4.553333 0.954094
v 0.721763 4.826667 0.954094
v 0.716768 4.553333 0.966153
v 0.716768 4.826667 0.966153
v 0.708822 4.553333 0.976508
v 0.708822 4.826667 0.976508
v 0.698467 4.553333 0.984454
v 0.698467 4.826667 0.984454
v 0.686408 4.553333 0.989449
v 0.686408 4.826667 0.989449
v 0.673467 4.553333 0.991153
v 0.673467 4.826667 0.991153
v 0.660526 4.553333 0.989449
v 0.660526 4.826667 0.989449
v 0.648467 4.553333 0.984454
v 0.648467 4.826667 0.984454
v 0.638112 4.553333 0.976508
v 0.638112 4.826667 0.976508
v 0.630166 4.553333 0.966153
v 0.630166 4.826667 0.966153
v 0.625171 4.553333 0.954094
v 0.625171 4.826667 0.954094
v 0.623467 4.280000 0.523712
v 0.625171 4.280000 0.510772
v 0.630166 4.280000 0.498712
v 0.638112 4.280000 0.488357
v 0.648467 4.280000 0.480411
v 0.660526 4.280000 0.475416
v 0.673467 4.280000 0.473712
v 0.686408 4.280000 0.475416
v 0.698467 4.280000 0.480411
v 0.708822 4.280000 0.488357
v 0.716768 4.280000 0.498712
v 0.721763 4.280000 0.510772
v 0.723467 4.280000 0.523712
v 0.721763 4.280000 0.536653
v 0.716768 4.280000 0.548712
v 0.708822 4.280000 0.559068
v 0.698467 4.280000 0.567014
v 0.686408 4.280000 0.572009
v 0.673467 4.280000 0.573712
v 0.660526 4.280000 0.572009
v 0.648467 4.280000 0.567014
v 0.638112 4.280000 0.559068
v 0.630166 4.280000 0.548712
v 0.625171 4.280000 0.536653
v 0.623467 5.100000 0.523712
v 0.625171 5.100000 0.536653
v 0.630166 5.100000 0.548712
v 0.638112 5.100000 0.559068
v 0.648467 5.100000 0.567014
v 0.660526 5.100000 0.572009
v 0.673467 5.100000 0.573712
v 0.686408 5.100000 0.572009
v 0.698467 5.100000 0.567014
v 0.708822 5.100000 0.559068
v 0.716768 5.100000 0.548712
v 0.721763 5.100000 0.536653
v 0.723467 5.100000 0.523712
v 0.721763 5.100000 0.510772
v 0.716768 5.100000 0.498712
v 0.708822 5.100000 0.488357
v 0.698467 5.100000 0.480411
v 0.686408 5.100000 0.475416
v 0.673467 5.100000 0.473712
v 0.660526 5.100000 0.475416
v 0.648467 5.100000 0.480411
v 0.638112 5.100000 0.488357
v 0.630166 5.100000 0.498712
v 0.625171 5.100000 0.510772
v 0.623467 4.553333 0.523712
v 0.623467 4.826667 0.523712
v 0.625171 4.553333 0.510772
v 0.625171 4.826667 0.510772
v 0.630166 4.553333 0.498712
v 0.630166 4.826667 0.498712
v 0.638112 4.553333 0.488357
v 0.638112 4.826667 0.488357
v 0.648467 4.553333 0.480411
v 0.648467 4.826667 0.480411
v 0.660526 4.553333 0.475416
v 0.660526 4.826667 0.475416
v 0.673467 4.553333 0.473712
v 0.673467 4.826667 0.473712
v 0.686408 4.553333 0.475416
v 0.686408 4.826667 0.475416
v 0.698467 4.553333 0.480411
v 0.698467 4.826667 0.480411
v 0.708822 4.553333 0.488357
v 0.708822 4.826667 0.488357
v 0.716768 4.553333 0.498712
v 0.716768 4.826667 0.498712
v 0.721763 4.553333 0.510772
v 0.721763 4.826667 0.510772
v 0.723467 4.553333 0.523712
v 0.723467 4.826667 0.523712
v 0.721763 4.553333 0.536653
v 0.721763 4.826667 0.536653
v 0.716768 4.553333 0.548712
v 0.716768 4.826667 0.548712
v 0.708822 4.553333 0.559068
v 0.708822 4.826667 0.559068
v 0.698467 4.553333 0.567014
v 0.698467 4.826667 0.567014
v 0.686408 4.553333 0.572009
v 0.686408 4.826667 0.572009
v 0.673467 4.553333 0.573712
v 0.673467 4.826667 0.573712
v 0.660526 4.553333 0.572009
v 0.660526 4.826667 0.572009
v 0.648467 4.553333 0.567014
v 0.648467 4.826667 0.567014
v 0.638112 4.553333 0.559068
v 0.638112 4.826667 0.559068
v 0.630166 4.553333 0.548712
v 0.630166 4.826667 0.548712
v 0.625171 4.553333 0.536653
v 0.625171 4.826667 0.536653
v 0.234611 4.280000 0.776469
v 0.236315 4.280000 0.763528
v 0.241310 4.280000 0.751469
v 0.249256 4.280000 0.741114
v 0.259611 4.280000 0.733168
v 0.271670 4.280000 0.728173
v 0.284611 4.280000 0.726469
v 0.297552 4.280000 0.728173
v 0.309611 4.280000 0.733168
v 0.319966 4.280000 0.741114
v 0.327912 4.280000 0.751469
v 0.332907 4.280000 0.763528
v 0.334611 4.280000 0.776469
v 0.332907 4.280000 0.789410
v 0.327912 4.280000 0.801469
v 0.319966 4.280000 0.811824
v 0.309611 4.280000 0.819770
v 0.297552 4.280000 0.824765
v 0.284611 4.280000 0.826469
v 0.271670 4.280000 0.824765
v 0.259611 4.280000 0.819770
v 0.249256 4.280000 0.811824
v 0.241310 4.280000 0.801469
v 0.236315 4.280000 0.789410
v 0.234611 5.100000 0.776469
v 0.236315 5.100000 0.789410
v 0.241310 5.100000 0.801469
v 0.249256 5.100000 0.811824
v 0.259611 5.100000 0.819770
v 0.271670 5.100000 0.824765
v 0.284611 5.100000 0.826469
v 0.297552 5.100000 0.824765
v 0.309611 5.100000 0.819770
v 0.319966 5.100000 0.811824
v 0.327912 5.100000 0.801469
v 0.332907 5.100000 0.789410
v 0.334611 5.100000 0.776469
v 0.332907 5.100000 0.763528
v 0.327912 5.100000 0.751469
v 0.319966 5.100000 0.741114
v 0.309611 5.100000 0.733168
v 0.297552 5.100000 0.728173
v 0.284611 5.100000 0.726469
v 0.271670 5.100000 0.728173
v 0.259611 5.100000 0.733168
v 0.249256 5.100000 0.741114
v 0.241310 5.100000 0.751469
v 0.236315 5.100000 0.763528
v 0.234611 4.553333 0.776469
v 0.234611 4.826667 0.776469
v 0.236315 4.553333 0.763528
v 0.236315 4.826667 0.763528
v 0.241310 4.553333 0.751469
v 0.241310 4.826667 0.751469
v 0.249256 4.553333 0.741114
v 0.249256 4.826667 0.741114
v 0.259611 4.553333 0.733168
v 0.259611 4.826667 0.733168
v 0.271670 4.553333 0.728173
v 0.271670 4.826667 0.728173
v 0.284611 4.553333 0.726469
v 0.284611 4.826667 0.726469
v 0.297552 4.553333 0.728173
v 0.297552 4.826667 0.728173
v 0.309611 4.553333 0.733168
v 0.309611 4.826667 0.733168
v 0.319966 4.553333 0.741114
v 0.319966 4.826667 0.741114
v 0.327912 4.553333 0.751469
v 0.327912 4.826667 0.751469
v 0.332907 4.553333 0.763528
v 0.332907 4.826667 0.763528
v 0.334611 4.553333 0.776469
v 0.334611 4.826667 0.776469
v 0.332907 4.553333 0.789410
v 0.332907 4.826667 0.789410
v 0.327912 4.553333 0.801469
v 0.327912 4.826667 0.801469
v 0.319966 4.553333 0.811824
v 0.319966 4.826667 0.811824
v 0.309611 4.553333 0.819770
v 0.309611 4.826667 0.819770
v 0.297552 4.553333 0.824765
v 0.297552 4.826667 0.824765
v 0.284611 4.553333 0.826469
v 0.284611 4.826667 0.826469
v 0.271670 4.553333 0.824765
v 0.271670 4.826667 0.824765
v 0.259611 4.553333 0.819770
v 0.259611 4.826667 0.819770
v 0.249256 4.553333 0.811824
v 0.249256 4.826667 0.811824
v 0.241310 4.553333 0.801469
v 0.241310 4.826667 0.801469
v 0.236315 4.553333 0.789410
v 0.236315 4.826667 0.789410
v 1.150000 4.300000 -1.935000
v 1.150000 4.300000 1.935000
v 0.250000 0.500000 0.700000
v 0.250000 0.500000 1.099011
v 0.131579 0.000000 0.936511
v 0.131579 0.000000 0.327203
v 1.145263 4.280000 1.718203
v 1.145263 4.280000 -1.718203
v 0.131579 0.000000 -0.327203
v 0.131579 0.000000 -0.936511
v 0.250000 0.500000 -1.099011
v 0.250000 0.500000 -0.700000
v -0.000000 4.280000 1.718203
v -0.000000 4.280000 -1.718203
v -0.000000 0.000000 -0.327203
v -0.000000 0.000000 0.327203
v 1.150000 4.870000 1.525000
v -0.150000 4.870000 1.525000
v -0.150000 4.720000 1.525000
v 1.150000 4.720000 1.525000
v -2.645000 5.125000 1.150000
v -2.585000 4.900000 1.375000
v -2.810000 4.900000 1.375000
v -2.750000 5.125000 1.150000
v -3.225000 4.900000 1.375000
v -3.165000 5.125000 1.150000
v -3.060000 5.125000 1.150000
v -3.000000 4.900000 1.375000
v -3.607143 4.900000 1.375000
v -3.550000 5.300000 0.975000
v -3.450000 5.300000 0.975000
v -3.350000 4.900000 1.375000
v -2.230000 5.125000 1.150000
v -2.170000 4.900000 1.375000
v -2.395000 4.900000 1.375000
v -2.335000 5.125000 1.150000
v -2.230000 5.650000 1.150000
v -2.170000 5.750000 1.375000
v -2.335000 5.650000 1.150000
v -2.395000 5.750000 1.375000
v -3.632857 4.900000 1.555000
v -3.650000 5.020000 1.675000
v -3.650000 5.750000 1.675000
v -3.550000 5.750000 0.975000
v -2.645000 5.650000 1.150000
v -2.585000 5.750000 1.375000
v -2.750000 5.650000 1.150000
v -2.810000 5.750000 1.375000
v -3.060000 5.650000 1.150000
v -3.000000 5.750000 1.375000
v -3.350000 5.750000 1.375000
v -3.225000 5.750000 1.375000
v -1.980000 5.750000 1.375000
v -1.980000 5.100000 1.375000
v -2.150000 5.100000 1.375000
v -2.150000 4.900000 1.375000
v 1.150000 5.370000 2.175000
v 1.150000 5.170000 2.375000
v -0.150000 5.170000 2.375000
v -0.150000 5.370000 2.175000
v 1.150000 4.900000 2.375000
v -0.150000 4.900000 2.375000
v 1.150000 5.170000 -2.375000
v 1.150000 5.370000 -2.175000
v -0.150000 5.370000 -2.175000
v -0.150000 5.170000 -2.375000
v -0.150000 4.860000 -1.525000
v -0.150000 4.860000 0.075000
v 1.150000 4.860000 -0.770000
v 1.150000 4.860000 -1.525000
v 1.150000 4.720000 -1.525000
v -0.150000 4.720000 -1.525000
v 1.150000 4.300000 -2.363976
v 1.150000 4.479517 -3.059605
v 1.150000 5.505132 -3.059605
v 1.150000 5.800000 -2.175000
v 1.150000 4.900000 -2.375000
v 1.150000 4.900000 -1.885000
v 1.150000 4.806459 -1.885000
v 1.150000 4.720000 -1.712082
v 1.150000 5.100000 -0.770000
v 1.150000 5.100000 1.375000
v 1.150000 5.750000 1.375000
v 1.150000 5.750000 1.675000
v 1.150000 5.020000 1.675000
v 1.150000 4.720000 1.712082
v 1.150000 4.806459 1.885000
v 1.150000 4.900000 1.885000
v 1.150000 5.800000 2.175000
v 1.150000 5.505132 3.059605
v 1.150000 4.479517 3.059605
v 1.150000 4.300000 2.363976
v -0.150000 4.900000 1.555000
v -0.150000 4.900000 0.075000
v 0.250000 4.184613 2.296511
v -0.150000 4.184613 2.296511
v -0.150000 2.500000 1.749011
v -0.075000 2.425000 1.724636
v -0.150000 2.350000 1.700261
v -0.150000 2.250000 1.667761
v -0.075000 2.175000 1.643386
v -0.150000 2.100000 1.619011
v -0.150000 2.000000 1.586511
v -0.075000 1.925000 1.562136
v -0.150000 1.850000 1.537761
v -0.150000 1.750000 1.505261
v -0.075000 1.675000 1.480886
v -0.150000 1.600000 1.456511
v -0.150000 1.500000 1.424011
v -0.075000 1.425000 1.399636
v -0.150000 1.350000 1.375261
v -0.150000 1.250000 1.342761
v -0.075000 1.175000 1.318386
v -0.150000 1.100000 1.294011
v -0.150000 1.000000 1.261511
v -0.075000 0.925000 1.237136
v -0.150000 0.850000 1.212761
v -0.150000 0.750000 1.180261
v -0.075000 0.675000 1.155886
v -0.150000 0.600000 1.131511
v -0.150000 0.500000 1.099011
v -0.075000 0.425000 1.074636
v -0.150000 0.350000 1.050261
v -0.150000 0.250000 1.017761
v -0.075000 0.175000 0.993386
v -0.150000 0.100000 0.969011
v -0.150000 0.000000 0.936511
v -0.150000 0.000000 -0.936511
v -0.075000 0.175000 -0.993386
v -0.150000 0.100000 -0.969011
v -0.150000 0.250000 -1.017761
v -0.150000 0.350000 -1.050261
v -0.075000 0.425000 -1.074636
v -0.150000 0.500000 -1.099011
v -0.150000 0.600000 -1.131511
v -0.075000 0.675000 -1.155886
v -0.150000 0.750000 -1.180261
v -0.150000 0.850000 -1.212761
v -0.075000 0.925000 -1.237136
v -0.150000 1.000000 -1.261511
v -0.150000 1.100000 -1.294011
v -0.075000 1.175000 -1.318386
v -0.150000 1.250000 -1.342761
v -0.150000 1.350000 -1.375261
v -0.075000 1.425000 -1.399636
v -0.150000 1.500000 -1.424011
v -0.150000 1.600000 -1.456511
v -0.075000 1.675000 -1.480886
v -0.150000 1.750000 -1.505261
v -0.150000 1.850000 -1.537761
v -0.075000 1.925000 -1.562136
v -0.150000 2.000000 -1.586511
v -0.150000 2.100000 -1.619011
v -0.075000 2.175000 -1.643386
v -0.150000 2.250000 -1.667761
v -0.150000 2.350000 -1.700261
v -0.075000 2.425000 -1.724636
v -0.150000 2.500000 -1.749011
v -0.150000 4.184613 -2.296511
v 0.250000 4.184613 -2.296511
v 0.250000 4.300000 1.935000
v 0.250000 4.300000 2.363976
v 0.250000 4.593929 2.363976
v 0.250000 4.700000 2.775000
v 0.250000 5.600000 2.775000
v 0.250000 5.473509 3.154473
v 0.250000 4.406023 3.154473
v 0.250000 4.406023 -3.154473
v 0.250000 5.473509 -3.154473
v 0.250000 5.600000 -2.775000
v 0.250000 4.700000 -2.775000
v 0.250000 4.593929 -2.363976
v 0.250000 4.300000 -2.363976
v 0.250000 4.300000 -1.935000
v -0.150000 4.900000 -2.375000
v -0.150000 4.720000 -1.712082
v -0.150000 4.806459 -1.885000
v -0.150000 4.900000 -1.885000
v -0.150000 5.800000 -2.175000
v -0.150000 5.473509 -3.154473
v -0.150000 4.406023 -3.154473
v -0.150000 4.406023 3.154473
v -0.150000 5.473509 3.154473
v -0.150000 5.800000 2.175000
v -0.150000 4.900000 1.885000
v -0.150000 4.806459 1.885000
v -0.150000 4.720000 1.712082
v 0.850000 4.300000 2.363976
v 0.850000 4.479517 3.059605
v 0.850000 4.593929 2.363976
v 0.850000 5.505132 3.059605
v 0.850000 5.600000 2.775000
v 0.850000 4.700000 2.775000
v 0.850000 4.300000 -2.363976
v 0.850000 4.593929 -2.363976
v 0.850000 4.700000 -2.775000
v 0.850000 5.600000 -2.775000
v 0.850000 5.505132 -3.059605
v 0.850000 4.479517 -3.059605
v -1.944355 5.100000 1.241331
v -1.920000 5.100000 1.150000
v -1.815000 5.100000 1.150000
v -1.813352 5.100000 1.156179
v 0.320000 5.100000 1.375000
v 0.510000 5.100000 1.375000
v 0.735000 5.100000 1.375000
v 0.925000 5.100000 1.375000
v 0.985000 5.100000 1.150000
v 1.090000 5.100000 1.150000
v -1.755000 5.100000 1.375000
v -1.565000 5.100000 1.375000
v -1.505000 5.100000 1.150000
v -1.400000 5.100000 1.150000
v -1.340000 5.100000 1.375000
v -1.150000 5.100000 1.375000
v -1.090000 5.100000 1.150000
v -0.985000 5.100000 1.150000
v -0.925000 5.100000 1.375000
v -0.735000 5.100000 1.375000
v -0.675000 5.100000 1.150000
v -0.570000 5.100000 1.150000
v -0.510000 5.100000 1.375000
v -0.320000 5.100000 1.375000
v -0.260000 5.100000 1.150000
v -0.155000 5.100000 1.150000
v -0.095000 5.100000 1.375000
v 0.095000 5.100000 1.375000
v -3.165000 5.650000 1.150000
v -1.755000 5.750000 1.375000
v -1.815000 5.650000 1.150000
v -1.920000 5.650000 1.150000
v -1.340000 5.750000 1.375000
v -1.400000 5.650000 1.150000
v -1.505000 5.650000 1.150000
v -1.565000 5.750000 1.375000
v -0.925000 5.750000 1.375000
v -0.985000 5.650000 1.150000
v -1.090000 5.650000 1.150000
v -1.150000 5.750000 1.375000
v -0.510000 5.750000 1.375000
v -0.570000 5.650000 1.150000
v -0.675000 5.650000 1.150000
v -0.735000 5.750000 1.375000
v -0.095000 5.750000 1.375000
v -0.155000 5.650000 1.150000
v -0.260000 5.650000 1.150000
v -0.320000 5.750000 1.375000
v 0.320000 5.750000 1.375000
v 0.095000 5.750000 1.375000
v 0.735000 5.750000 1.375000
v 0.510000 5.750000 1.375000
v 1.090000 5.650000 1.150000
v 0.985000 5.650000 1.150000
v 0.925000 5.750000 1.375000
v -3.450000 5.750000 0.975000
vt 0.060000 0.394525 0.000000
vt 0.000000 0.394525 0.000000
vt 0.060000 0.350228 0.000000
vt 0.000000 0.350228 0.000000
vt 0.060000 0.305931 0.000000
vt 0.000000 0.305931 0.000000
vt 0.060000 0.261634 0.000000
vt 0.000000 0.261634 0.000000
vt 0.060000 0.217338 0.000000
vt 0.000000 0.217338 0.000000
vt 0.060000 0.173041 0.000000
vt 0.000000 0.173041 0.000000
vt 0.060000 0.128744 0.000000
vt 0.000000 0.128744 0.000000
vt 0.060000 0.084447 0.000000
vt 0.000000 0.084447 0.000000
vt 0.060000 0.040151 0.000000
vt 0.000000 0.040151 0.000000
vt 0.060000 -0.004146 0.000000
vt 0.000000 -0.004146 0.000000
vt 0.060000 -0.048443 0.000000
vt 0.000000 -0.048443 0.000000
vt 0.060000 -0.092739 0.000000
vt 0.000000 -0.092739 0.000000
vt 0.060000 -0.137036 0.000000
vt 0.000000 -0.137036 0.000000
vt 0.060000 -0.181333 0.000000
vt 0.000000 -0.181333 0.000000
vt 0.060000 -0.225630 0.000000
vt 0.000000 -0.225630 0.000000
vt 0.060000 -0.269926 0.000000
vt 0.000000 -0.269926 0.000000
vt 0.060000 -0.314223 0.000000
vt 0.000000 -0.314223 0.000000
vt 0.060000 -0.358520 0.000000
vt 0.000000 -0.358520 0.000000
vt 0.060000 -0.402817 0.000000
vt 0.000000 -0.402817 0.000000
vt 0.060000 -0.447113 0.000000
vt 0.000000 -0.447113 0.000000
vt 0.060000 -0.491410 0.000000
vt 0.000000 -0.491410 0.000000
vt 0.060000 -0.535707 0.000000
vt 0.000000 -0.535707 0.000000
vt 0.000000 0.000000 0.000000
vt 0.180709 0.000000 0.000000
vt 0.000000 0.060000 0.000000
vt 0.180709 0.060000 0.000000
vt -0.865973 0.000000 0.000000
vt -0.786929 0.000000 0.000000
vt -0.865973 0.060000 0.000000
vt -0.786929 0.060000 0.000000
vt -0.712661 0.000000 0.000000
vt -0.712661 0.060000 0.000000
vt -0.640490 0.000000 0.000000
vt -0.640490 0.060000 0.000000
vt -0.568024 0.000000 0.000000
vt -0.568024 0.060000 0.000000
vt -0.492833 0.000000 0.000000
vt -0.492833 0.060000 0.000000
vt -0.412610 0.000000 0.000000
vt -0.412610 0.060000 0.000000
vt -0.335041 0.000000 0.000000
vt -0.335041 0.060000 0.000000
vt -0.261531 0.000000 0.000000
vt -0.261531 0.060000 0.000000
vt -0.189507 0.000000 0.000000
vt -0.189507 0.060000 0.000000
vt -0.116596 0.000000 0.000000
vt -0.116596 0.060000 0.000000
vt -0.040308 0.000000 0.000000
vt -0.040308 0.060000 0.000000
vt 0.040308 0.000000 0.000000
vt 0.040308 0.060000 0.000000
vt 0.116596 0.000000 0.000000
vt 0.116596 0.060000 0.000000
vt 0.189507 0.000000 0.000000
vt 0.189507 0.060000 0.000000
vt 0.261531 0.000000 0.000000
vt 0.261531 0.060000 0.000000
vt 0.335041 0.000000 0.000000
vt 0.335041 0.060000 0.000000
vt 0.412610 0.000000 0.000000
vt 0.412610 0.060000 0.000000
vt 0.492833 0.000000 0.000000
vt 0.492833 0.060000 0.000000
vt 0.568024 0.000000 0.000000
vt 0.568024 0.060000 0.000000
vt 0.640490 0.000000 0.000000
vt 0.640490 0.060000 0.000000
vt 0.712661 0.000000 0.000000
vt 0.712661 0.060000 0.000000
vt 0.786929 0.000000 0.000000
vt 0.786929 0.060000 0.000000
vt 0.865973 0.000000 0.000000
vt 0.865973 0.060000 0.000000
vt 0.000000 0.000000 0.000000
vt 0.180709 0.000000 0.000000
vt 0.000000 0.060000 0.000000
vt 0.180709 0.060000 0.000000
vt -0.068324 0.340761 0.000000
vt -0.145869 0.311579 0.000000
vt -0.068468 0.160053 0.000000
vt -0.106285 0.137226 0.000000
vt -0.214007 0.262555 0.000000
vt -0.136970 0.105452 0.000000
vt -0.268345 0.196850 0.000000
vt -0.158464 0.066861 0.000000
vt -0.305379 0.118701 0.000000
vt -0.169324 0.024045 0.000000
vt -0.322721 0.033149 0.000000
vt -0.168823 -0.020124 0.000000
vt -0.319252 -0.054291 0.000000
vt -0.156992 -0.062683 0.000000
vt -0.295196 -0.137980 0.000000
vt -0.134627 -0.100775 0.000000
vt -0.252104 -0.212521 0.000000
vt -0.103228 -0.131844 0.000000
vt -0.192755 -0.273107 0.000000
vt -0.064902 -0.153805 0.000000
vt -0.120977 -0.315831 0.000000
vt -0.022221 -0.165186 0.000000
vt -0.041397 -0.337939 0.000000
vt 0.040852 -0.338005 0.000000
vt 0.021951 -0.165221 0.000000
vt 0.120467 -0.316024 0.000000
vt 0.064651 -0.153909 0.000000
vt 0.192314 -0.273414 0.000000
vt 0.103012 -0.132008 0.000000
vt 0.251759 -0.212922 0.000000
vt 0.134460 -0.100989 0.000000
vt 0.294969 -0.138450 0.000000
vt 0.156886 -0.062933 0.000000
vt 0.319159 -0.054800 0.000000
vt 0.168784 -0.020393 0.000000
vt 0.322767 0.032635 0.000000
vt 0.169356 0.023775 0.000000
vt 0.305562 0.118215 0.000000
vt 0.158564 0.066609 0.000000
vt 0.268652 0.196422 0.000000
vt 0.137132 0.105233 0.000000
vt 0.214419 0.262213 0.000000
vt 0.106497 0.137057 0.000000
vt 0.146359 0.311346 0.000000
vt 0.068716 0.159943 0.000000
vt 0.068860 0.340652 0.000000
vt 0.000000 0.000000 0.000000
vt 0.209566 0.000000 0.000000
vt 0.000000 0.060000 0.000000
vt 0.209566 0.060000 0.000000
vt 0.000000 0.000000 0.000000
vt 0.838720 0.000000 0.000000
vt 0.000000 0.060000 0.000000
vt 0.838720 0.060000 0.000000
vt 0.000000 0.000000 0.000000
vt 0.209566 0.000000 0.000000
vt 0.000000 0.060000 0.000000
vt 0.209566 0.060000 0.000000
vt 0.000000 0.000000 0.000000
vt 0.838720 0.000000 0.000000
vt 0.000000 0.060000 0.000000
vt 0.838720 0.060000 0.000000
vt -0.405891 0.209890 0.000000
vt -0.406058 0.000323 0.000000
vt 0.406058 -0.000323 0.000000
vt 0.405891 -0.209890 0.000000
vt 0.000000 0.000000 0.000000
vt 0.209566 0.000000 0.000000
vt 0.000000 0.060000 0.000000
vt 0.209566 0.060000 0.000000
vt 0.000000 0.000000 0.000000
vt 0.838720 0.000000 0.000000
vt 0.000000 0.060000 0.000000
vt 0.838720 0.060000 0.000000
vt 0.000000 0.000000 0.000000
vt 0.209566 0.000000 0.000000
vt 0.000000 0.060000 0.000000
vt 0.209566 0.060000 0.000000
vt 0.000000 0.000000 0.000000
vt 0.838720 0.000000 0.000000
vt 0.000000 0.060000 0.000000
vt 0.838720 0.060000 0.000000
vt -0.405891 0.209890 0.000000
vt -0.406058 0.000323 0.000000
vt 0.406058 -0.000323 0.000000
vt 0.405891 -0.209890 0.000000
vt 0.000000 0.000000 0.000000
vt 0.209566 0.000000 0.000000
vt 0.000000 0.060000 0.000000
vt 0.209566 0.060000 0.000000
vt 0.000000 0.000000 0.000000
vt 0.838720 0.000000 0.000000
vt 0.000000 0.060000 0.000000
vt 0.838720 0.060000 0.000000
vt 0.000000 0.000000 0.000000
vt 0.209566 0.000000 0.000000
vt 0.000000 0.060000 0.000000
vt 0.209566 0.060000 0.000000
vt 0.000000 0.000000 0.000000
vt 0.838720 0.000000 0.000000
vt 0.000000 0.060000 0.000000
vt 0.838720 0.060000 0.000000
vt -0.405891 0.209890 0.000000
vt -0.406058 0.000323 0.000000
vt 0.406058 -0.000323 0.000000
vt 0.405891 -0.209890 0.000000
vt 0.000000 0.000000 0.000000
vt 0.838720 0.000000 0.000000
vt 0.000000 0.060000 0.000000
vt 0.838720 0.060000 0.000000
vt 0.000000 0.000000 0.000000
vt 0.209566 0.000000 0.000000
vt 0.000000 0.060000 0.000000
vt 0.209566 0.060000 0.000000
vt 0.000000 0.000000 0.000000
vt 0.838720 0.000000 0.000000
vt 0.000000 0.060000 0.000000
vt 0.838720 0.060000 0.000000
vt 0.000000 0.000000 0.000000
vt 0.209566 0.000000 0.000000
vt 0.000000 0.060000 0.000000
vt 0.209566 0.060000 0.000000
vt -0.405891 0.209890 0.000000
vt -0.406058 0.000323 0.000000
vt 0.406058 -0.000323 0.000000
vt 0.405891 -0.209890 0.000000
vt 0.141079 0.500000 0.000000
vt 0.000000 0.500000 0.000000
vt 0.141079 0.000000 0.000000
vt 0.000000 0.000000 0.000000
vt 0.076079 0.500000 0.000000
vt 0.000000 0.500000 0.000000
vt 0.076079 0.000000 0.000000
vt 0.000000 0.000000 0.000000
vt 0.107971 0.500000 0.000000
vt 0.000000 0.500000 0.000000
vt 0.107971 0.000000 0.000000
vt 0.000000 0.000000 0.000000
vt 0.109226 0.500000 0.000000
vt 0.000000 0.500000 0.000000
vt 0.109226 0.000000 0.000000
vt 0.000000 0.000000 0.000000
vt 0.143136 0.500000 0.000000
vt 0.000000 0.500000 0.000000
vt 0.143136 0.000000 0.000000
vt 0.000000 0.000000 0.000000
vt 0.076336 0.500000 0.000000
vt 0.000000 0.500000 0.000000
vt 0.076336 0.000000 0.000000
vt 0.000000 0.000000 0.000000
vt 0.158579 0.500000 0.000000
vt 0.000000 0.500000 0.000000
vt 0.158579 0.000000 0.000000
vt 0.000000 0.000000 0.000000
vt 0.158579 0.500000 0.000000
vt 0.000000 0.500000 0.000000
vt 0.158579 0.000000 0.000000
vt 0.000000 0.000000 0.000000
vt 0.036079 0.500000 0.000000
vt 0.000000 0.500000 0.000000
vt 0.036079 0.000000 0.000000
vt 0.000000 0.000000 0.000000
vt 0.138462 0.500000 0.000000
vt 0.000000 0.500000 0.000000
vt 0.138462 0.000000 0.000000
vt 0.000000 0.000000 0.000000
vt 0.055000 0.500000 0.000000
vt 0.000000 0.500000 0.000000
vt 0.055000 0.000000 0.000000
vt 0.000000 0.000000 0.000000
vt 0.036079 0.500000 0.000000
vt -0.000000 0.500000 0.000000
vt 0.036079 0.000000 0.000000
vt 0.000000 0.000000 0.000000
vt 0.108579 0.500000 0.000000
vt 0.000000 0.500000 0.000000
vt 0.108579 0.000000 0.000000
vt 0.000000 0.000000 0.000000
vt 0.108579 0.500000 0.000000
vt 0.000000 0.500000 0.000000
vt 0.108579 0.000000 0.000000
vt 0.000000 0.000000 0.000000
vt 0.126079 0.500000 0.000000
vt -0.000000 0.500000 0.000000
vt 0.126079 0.000000 0.000000
vt 0.000000 0.000000 0.000000
vt 0.191079 0.500000 0.000000
vt 0.000000 0.500000 0.000000
vt 0.191079 0.000000 0.000000
vt 0.000000 0.000000 0.000000
vt 0.141079 0.500000 0.000000
vt -0.000000 0.500000 0.000000
vt 0.141079 0.000000 0.000000
vt 0.000000 0.000000 0.000000
vt 0.076079 0.500000 0.000000
vt 0.000000 0.500000 0.000000
vt 0.076079 0.000000 0.000000
vt 0.000000 0.000000 0.000000
vt 0.164870 0.500000 0.000000
vt -0.000000 0.500000 0.000000
vt 0.164870 0.000000 0.000000
vt 0.000000 0.000000 0.000000
vt 0.318716 0.500000 0.000000
vt 0.000000 0.500000 0.000000
vt 0.318716 0.000000 0.000000
vt 0.000000 0.000000 0.000000
vt 0.180940 0.500000 0.000000
vt -0.000000 0.500000 0.000000
vt 0.180940 0.000000 0.000000
vt 0.000000 0.000000 0.000000
vt 0.180940 0.500000 0.000000
vt 0.000000 0.500000 0.000000
vt 0.180940 0.000000 0.000000
vt 0.000000 0.000000 0.000000
vt 0.126079 0.500000 0.000000
vt 0.000000 0.500000 0.000000
vt 0.126079 0.000000 0.000000
vt 0.000000 0.000000 0.000000
vt 0.191079 0.500000 0.000000
vt 0.000000 0.500000 0.000000
vt 0.191079 0.000000 0.000000
vt 0.000000 0.000000 0.000000
vt 0.157975 0.500000 0.000000
vt 0.000000 0.500000 0.000000
vt 0.157975 0.000000 0.000000
vt 0.000000 0.000000 0.000000
vt 0.039839 0.500000 0.000000
vt -0.000000 0.500000 0.000000
vt 0.039839 0.000000 0.000000
vt 0.000000 0.000000 0.000000
vt 0.041094 0.500000 0.000000
vt 0.000000 0.500000 0.000000
vt 0.041094 0.000000 0.000000
vt 0.000000 0.000000 0.000000
vt 0.159230 0.500000 0.000000
vt 0.000000 0.500000 0.000000
vt 0.159230 0.000000 0.000000
vt 0.000000 0.000000 0.000000
vt 0.157975 0.500000 0.000000
vt 0.000000 0.500000 0.000000
vt 0.157975 0.000000 0.000000
vt 0.000000 0.000000 0.000000
vt 0.159230 0.500000 0.000000
vt 0.000000 0.500000 0.000000
vt 0.159230 0.000000 0.000000
vt 0.000000 0.000000 0.000000
vt 0.041094 0.500000 0.000000
vt -0.000000 0.500000 0.000000
vt 0.041094 0.000000 0.000000
vt 0.000000 0.000000 0.000000
vt 0.039839 0.500000 0.000000
vt 0.000000 0.500000 0.000000
vt 0.039839 0.000000 0.000000
vt 0.000000 0.000000 0.000000
vt -0.601283 0.500000 0.000000
vt -1.013783 0.500000 0.000000
vt -0.601283 0.000000 0.000000
vt -1.013783 0.000000 0.000000
vt -0.134367 0.500000 0.000000
vt -0.501283 0.500000 0.000000
vt -0.134367 0.000000 0.000000
vt -0.501283 0.000000 0.000000
vt -0.034359 0.000000 0.000000
vt -0.000000 0.000000 0.000000
vt -0.034359 0.500000 0.000000
vt -0.000000 0.500000 0.000000
vt -0.714358 0.500000 0.000000
vt -0.952896 0.500000 0.000000
vt -0.714358 0.000000 0.000000
vt -0.952896 0.000000 0.000000
vt -0.177650 0.000000 0.000000
vt -0.000000 0.000000 0.000000
vt -0.177650 0.500000 0.000000
vt -0.000000 0.500000 0.000000
vt -0.296918 0.500000 0.000000
vt -0.595090 0.500000 0.000000
vt -0.296918 0.000000 0.000000
vt -0.595090 0.000000 0.000000
vt 0.492847 0.650000 0.000000
vt 0.492847 1.150000 0.000000
vt 0.415000 0.650000 0.000000
vt 0.310000 0.650000 0.000000
vt 0.415000 0.100000 0.000000
vt 0.310000 0.100000 0.000000
vt 0.183908 1.150000 0.000000
vt 0.183908 0.650000 0.000000
vt 0.000418 0.650000 0.000000
vt 0.000418 1.150000 0.000000
vt -0.000000 0.650000 0.000000
vt -0.105000 0.650000 0.000000
vt -0.000000 0.100000 0.000000
vt -0.105000 0.100000 0.000000
vt -0.185000 1.150000 0.000000
vt -0.185000 0.650000 0.000000
vt -0.500000 -0.271100 0.000000
vt -0.000000 -0.271100 0.000000
vt -0.500000 -0.237683 0.000000
vt -0.000000 -0.237683 0.000000
vt -0.500000 -0.204266 0.000000
vt -0.000000 -0.204266 0.000000
vt -0.500000 -0.170849 0.000000
vt -0.000000 -0.170849 0.000000
vt -0.500000 -0.137432 0.000000
vt -0.000000 -0.137432 0.000000
vt -0.000000 0.066834 0.000000
vt -0.500000 0.066834 0.000000
vt -0.000000 0.033417 0.000000
vt -0.500000 0.033417 0.000000
vt -0.000000 -0.000000 0.000000
vt -0.500000 -0.000000 0.000000
vt -0.000000 -0.033417 0.000000
vt -0.500000 -0.033417 0.000000
vt 0.000000 -0.066834 0.000000
vt -0.500000 -0.066834 0.000000
vt -0.500000 0.200139 0.000000
vt -0.000000 0.200139 0.000000
vt -0.500000 0.233556 0.000000
vt -0.000000 0.233556 0.000000
vt -0.500000 0.266973 0.000000
vt -0.000000 0.266973 0.000000
vt -0.500000 0.300390 0.000000
vt 0.000000 0.300390 0.000000
vt -0.500000 0.333807 0.000000
vt -0.000000 0.333807 0.000000
vt -0.000000 0.098188 0.000000
vt -0.500000 0.098188 0.000000
vt -0.000000 0.064771 0.000000
vt -0.500000 0.064771 0.000000
vt -0.000000 0.031353 0.000000
vt -0.500000 0.031353 0.000000
vt -0.000000 -0.002064 0.000000
vt -0.500000 -0.002064 0.000000
vt -0.000000 -0.035481 0.000000
vt -0.500000 -0.035481 0.000000
vt -0.238537 0.000000 0.000000
vt -0.000000 0.000000 0.000000
vt -0.238537 0.500000 0.000000
vt -0.000000 0.500000 0.000000
vt -1.192686 0.500000 0.000000
vt -1.505396 0.500000 0.000000
vt -1.192686 0.000000 0.000000
vt -1.505396 0.000000 0.000000
vt -0.940387 0.500000 0.000000
vt -1.073417 0.500000 0.000000
vt -0.940387 0.000000 0.000000
vt -1.073417 0.000000 0.000000
vt -0.500000 -0.065893 0.000000
vt -0.000000 -0.065893 0.000000
vt -0.500000 -0.032947 0.000000
vt 0.000000 -0.032947 0.000000
vt -0.500000 -0.000000 0.000000
vt -0.000000 -0.000000 0.000000
vt -0.500000 0.032947 0.000000
vt -0.000000 0.032947 0.000000
vt -0.500000 0.065893 0.000000
vt -0.000000 0.065893 0.000000
vt -0.000000 -0.137432 0.000000
vt -0.500000 -0.137432 0.000000
vt -0.000000 -0.171319 0.000000
vt -0.500000 -0.171319 0.000000
vt -0.000000 -0.205207 0.000000
vt -0.500000 -0.205207 0.000000
vt -0.000000 -0.239095 0.000000
vt -0.500000 -0.239095 0.000000
vt -0.000000 -0.272982 0.000000
vt -0.500000 -0.272982 0.000000
vt -0.000000 0.096306 0.000000
vt -0.500000 0.096306 0.000000
vt -0.000000 0.063359 0.000000
vt -0.500000 0.063359 0.000000
vt -0.000000 0.030412 0.000000
vt -0.500000 0.030412 0.000000
vt -0.000000 -0.002534 0.000000
vt -0.500000 -0.002534 0.000000
vt -0.000000 -0.035481 0.000000
vt -0.500000 -0.035481 0.000000
vt 0.000000 0.333807 0.000000
vt -0.500000 0.333807 0.000000
vt -0.000000 0.296878 0.000000
vt -0.500000 0.296878 0.000000
vt -0.000000 0.259950 0.000000
vt -0.500000 0.259950 0.000000
vt -0.000000 0.223021 0.000000
vt -0.500000 0.223021 0.000000
vt -0.000000 0.186092 0.000000
vt -0.500000 0.186092 0.000000
vt -0.000000 0.149163 0.000000
vt -0.500000 0.149163 0.000000
vt -0.000000 0.112234 0.000000
vt -0.500000 0.112234 0.000000
vt -0.000000 0.075306 0.000000
vt -0.500000 0.075306 0.000000
vt -0.000000 0.038377 0.000000
vt -0.500000 0.038377 0.000000
vt -0.000000 0.001448 0.000000
vt -0.500000 0.001448 0.000000
vt -0.000000 -0.035481 0.000000
vt -0.500000 -0.035481 0.000000
vt -0.500000 -0.184644 0.000000
vt 0.000000 -0.184644 0.000000
vt -0.500000 -0.147715 0.000000
vt -0.000000 -0.147715 0.000000
vt -0.500000 -0.110786 0.000000
vt -0.000000 -0.110786 0.000000
vt -0.500000 -0.073858 0.000000
vt -0.000000 -0.073858 0.000000
vt -0.500000 -0.036929 0.000000
vt -0.000000 -0.036929 0.000000
vt -0.500000 -0.000000 0.000000
vt -0.000000 -0.000000 0.000000
vt -0.500000 0.036929 0.000000
vt -0.000000 0.036929 0.000000
vt -0.500000 0.073858 0.000000
vt -0.000000 0.073858 0.000000
vt -0.500000 0.110786 0.000000
vt -0.000000 0.110786 0.000000
vt -0.500000 0.147715 0.000000
vt -0.000000 0.147715 0.000000
vt -0.500000 0.184644 0.000000
vt -0.000000 0.184644 0.000000
vt -0.000000 0.184644 0.000000
vt -0.500000 0.184644 0.000000
vt -0.000000 0.147715 0.000000
vt -0.500000 0.147715 0.000000
vt -0.000000 0.110786 0.000000
vt -0.500000 0.110786 0.000000
vt -0.000000 0.073858 0.000000
vt -0.500000 0.073858 0.000000
vt -0.000000 0.036929 0.000000
vt -0.500000 0.036929 0.000000
vt -0.000000 -0.000000 0.000000
vt -0.500000 -0.000000 0.000000
vt -0.000000 -0.036929 0.000000
vt -0.500000 -0.036929 0.000000
vt -0.000000 -0.073858 0.000000
vt -0.500000 -0.073858 0.000000
vt -0.000000 -0.110786 0.000000
vt -0.500000 -0.110786 0.000000
vt -0.000000 -0.147715 0.000000
vt -0.500000 -0.147715 0.000000
vt 0.000000 -0.184644 0.000000
vt -0.500000 -0.184644 0.000000
vt -0.500000 -0.035481 0.000000
vt -0.000000 -0.035481 0.000000
vt -0.500000 0.001448 0.000000
vt -0.000000 0.001448 0.000000
vt -0.500000 0.038377 0.000000
vt -0.000000 0.038377 0.000000
vt -0.500000 0.075306 0.000000
vt -0.000000 0.075306 0.000000
vt -0.500000 0.112234 0.000000
vt -0.000000 0.112234 0.000000
vt -0.500000 0.149163 0.000000
vt -0.000000 0.149163 0.000000
vt -0.500000 0.186092 0.000000
vt -0.000000 0.186092 0.000000
vt -0.500000 0.223021 0.000000
vt -0.000000 0.223021 0.000000
vt -0.500000 0.259950 0.000000
vt 0.000000 0.259950 0.000000
vt -0.500000 0.296878 0.000000
vt 0.000000 0.296878 0.000000
vt -0.500000 0.333807 0.000000
vt -0.000000 0.333807 0.000000
vt 0.349540 -0.071597 0.000000
vt 0.323460 -0.127858 0.000000
vt 0.425000 -0.187689 0.000000
vt 0.318584 -0.164370 0.000000
vt 0.304958 -0.198592 0.000000
vt 0.319290 -0.091260 0.000000
vt 0.425000 -0.320720 0.000000
vt 0.283401 -0.228462 0.000000
vt 0.255215 -0.252177 0.000000
vt 0.222099 -0.268308 0.000000
vt 0.235816 -0.407422 0.000000
vt 0.264791 -0.424855 0.000000
vt 0.203671 -0.396923 0.000000
vt 0.186051 -0.275882 0.000000
vt 0.169992 -0.393891 0.000000
vt 0.149243 -0.274441 0.000000
vt 0.136489 -0.398480 0.000000
vt 0.113897 -0.264074 0.000000
vt 0.048740 -0.267117 0.000000
vt 0.082142 -0.245405 0.000000
vt 0.210445 -0.689221 0.000000
vt 0.176942 -0.693810 0.000000
vt 0.252847 -0.752698 0.000000
vt 0.143262 -0.690778 0.000000
vt -0.056092 -0.752698 0.000000
vt 0.111118 -0.680279 0.000000
vt 0.082142 -0.662846 0.000000
vt 0.138316 0.436853 0.000000
vt 0.171403 0.441016 0.000000
vt 0.079142 0.527890 0.000000
vt 0.204593 0.437765 0.000000
vt 0.425000 0.752698 0.000000
vt 0.425000 0.514161 0.000000
vt 0.236243 0.427262 0.000000
vt 0.264791 0.410025 0.000000
vt 0.264791 -0.007415 0.000000
vt 0.295041 0.012247 0.000000
vt 0.233037 0.011254 0.000000
vt 0.208618 0.145207 0.000000
vt 0.197690 0.021621 0.000000
vt 0.175531 0.141044 0.000000
vt 0.160883 0.023061 0.000000
vt 0.142341 0.144295 0.000000
vt 0.124834 0.015487 0.000000
vt 0.110690 0.154798 0.000000
vt 0.091719 -0.000644 0.000000
vt 0.082142 0.172035 0.000000
vt -0.069566 0.073424 0.000000
vt -0.065411 0.040807 0.000000
vt 0.063533 -0.024359 0.000000
vt -0.068462 0.008069 0.000000
vt 0.041976 -0.054228 0.000000
vt -0.078573 -0.023218 0.000000
vt 0.028349 -0.088451 0.000000
vt -0.095258 -0.051551 0.000000
vt 0.023474 -0.124962 0.000000
vt -0.006811 -0.183957 0.000000
vt 0.027644 -0.161561 0.000000
vt 0.425000 0.096720 0.000000
vt 0.320202 0.259904 0.000000
vt 0.378886 0.066746 0.000000
vt 0.309699 0.228253 0.000000
vt 0.292462 0.199705 0.000000
vt 0.323453 0.293093 0.000000
vt 0.425000 0.394892 0.000000
vt 0.319290 0.326181 0.000000
vt 0.293599 -0.633675 0.000000
vt 0.373105 -0.752698 0.000000
vt 0.310283 -0.605342 0.000000
vt 0.320394 -0.574055 0.000000
vt 0.323446 -0.541316 0.000000
vt 0.425000 -0.439988 0.000000
vt 0.319290 -0.508700 0.000000
vt 0.425000 -0.752698 0.000000
vt -0.252367 0.183644 0.000000
vt -0.218864 0.188233 0.000000
vt -0.312341 0.273426 0.000000
vt -0.185185 0.185201 0.000000
vt 0.026732 0.322155 0.000000
vt 0.023481 0.288966 0.000000
vt -0.153040 0.174701 0.000000
vt 0.027644 0.255879 0.000000
vt -0.124065 0.157269 0.000000
vt -0.004702 0.473391 0.000000
vt 0.037235 0.353806 0.000000
vt 0.054472 0.382354 0.000000
vt -0.335521 0.128098 0.000000
vt -0.396192 0.218923 0.000000
vt -0.352206 0.099765 0.000000
vt -0.362317 0.068478 0.000000
vt -0.425000 0.200198 0.000000
vt -0.365368 0.035739 0.000000
vt -0.425000 -0.038339 0.000000
vt -0.361212 0.003123 0.000000
vt -0.306714 -0.498162 0.000000
vt -0.425000 -0.575048 0.000000
vt -0.274959 -0.516831 0.000000
vt -0.239582 -0.752698 0.000000
vt -0.239613 -0.527198 0.000000
vt -0.202805 -0.528638 0.000000
vt -0.166757 -0.521064 0.000000
vt 0.027644 -0.579001 0.000000
vt -0.133641 -0.504933 0.000000
vt 0.023488 -0.546384 0.000000
vt -0.105455 -0.481218 0.000000
vt 0.026539 -0.513646 0.000000
vt -0.083898 -0.451349 0.000000
vt 0.036650 -0.482359 0.000000
vt -0.070272 -0.417126 0.000000
vt 0.053335 -0.454026 0.000000
vt -0.065396 -0.380615 0.000000
vt -0.035111 -0.321620 0.000000
vt -0.069566 -0.344016 0.000000
vt -0.425000 -0.752698 0.000000
vt -0.361212 -0.414318 0.000000
vt -0.365382 -0.377719 0.000000
vt -0.425000 -0.455780 0.000000
vt -0.360507 -0.341207 0.000000
vt -0.425000 -0.157608 0.000000
vt -0.346880 -0.306985 0.000000
vt -0.325323 -0.277115 0.000000
vt -0.297137 -0.253400 0.000000
vt -0.306714 -0.080722 0.000000
vt -0.277738 -0.098155 0.000000
vt -0.264022 -0.237269 0.000000
vt -0.245594 -0.108654 0.000000
vt -0.227973 -0.229696 0.000000
vt -0.211914 -0.111686 0.000000
vt -0.191166 -0.231136 0.000000
vt -0.178412 -0.107097 0.000000
vt -0.155819 -0.241503 0.000000
vt -0.090662 -0.238460 0.000000
vt -0.124065 -0.260172 0.000000
vt -0.500000 -0.035481 0.000000
vt -0.000000 -0.035481 0.000000
vt -0.500000 -0.002534 0.000000
vt -0.000000 -0.002534 0.000000
vt -0.500000 0.030412 0.000000
vt -0.000000 0.030412 0.000000
vt -0.500000 0.063359 0.000000
vt -0.000000 0.063359 0.000000
vt -0.500000 0.096306 0.000000
vt -0.000000 0.096306 0.000000
vt 0.000000 0.333807 0.000000
vt -0.500000 0.333807 0.000000
vt 0.000000 0.299919 0.000000
vt -0.500000 0.299919 0.000000
vt 0.000000 0.266032 0.000000
vt -0.500000 0.266032 0.000000
vt -0.000000 0.232144 0.000000
vt -0.500000 0.232144 0.000000
vt -0.000000 0.198257 0.000000
vt -0.500000 0.198257 0.000000
vt -0.500000 -0.272982 0.000000
vt -0.000000 -0.272982 0.000000
vt -0.500000 -0.239095 0.000000
vt -0.000000 -0.239095 0.000000
vt -0.500000 -0.205207 0.000000
vt -0.000000 -0.205207 0.000000
vt -0.500000 -0.171319 0.000000
vt -0.000000 -0.171319 0.000000
vt -0.500000 -0.137432 0.000000
vt -0.000000 -0.137432 0.000000
vt -0.000000 0.065893 0.000000
vt -0.500000 0.065893 0.000000
vt -0.000000 0.032947 0.000000
vt -0.500000 0.032947 0.000000
vt -0.000000 -0.000000 0.000000
vt -0.500000 -0.000000 0.000000
vt -0.000000 -0.032947 0.000000
vt -0.500000 -0.032947 0.000000
vt 0.000000 -0.065893 0.000000
vt -0.500000 -0.065893 0.000000
vt -0.500000 0.198257 0.000000
vt -0.000000 0.198257 0.000000
vt -0.500000 0.232144 0.000000
vt -0.000000 0.232144 0.000000
vt -0.500000 0.266032 0.000000
vt 0.000000 0.266032 0.000000
vt -0.500000 0.299919 0.000000
vt -0.000000 0.299919 0.000000
vt -0.500000 0.333807 0.000000
vt -0.000000 0.333807 0.000000
vt 0.820000 -0.143990 0.000000
vt 0.546667 -0.143990 0.000000
vt 0.820000 -0.157080 0.000000
vt 0.546667 -0.157080 0.000000
vt 0.820000 0.157080 0.000000
vt 0.546667 0.157080 0.000000
vt 0.820000 0.143990 0.000000
vt 0.546667 0.143990 0.000000
vt 0.820000 0.130900 0.000000
vt 0.546667 0.130900 0.000000
vt 0.820000 0.117810 0.000000
vt 0.546667 0.117810 0.000000
vt 0.820000 0.104720 0.000000
vt 0.546667 0.104720 0.000000
vt 0.820000 0.091630 0.000000
vt 0.546667 0.091630 0.000000
vt 0.820000 0.078540 0.000000
vt 0.546667 0.078540 0.000000
vt 0.820000 0.065450 0.000000
vt 0.546667 0.065450 0.000000
vt 0.820000 0.052360 0.000000
vt 0.546667 0.052360 0.000000
vt 0.820000 0.039270 0.000000
vt 0.546667 0.039270 0.000000
vt 0.820000 0.026180 0.000000
vt 0.546667 0.026180 0.000000
vt 0.820000 0.013090 0.000000
vt 0.546667 0.013090 0.000000
vt 0.820000 0.000000 0.000000
vt 0.546667 0.000000 0.000000
vt 0.820000 -0.013090 0.000000
vt 0.546667 -0.013090 0.000000
vt 0.820000 -0.026180 0.000000
vt 0.546667 -0.026180 0.000000
vt 0.820000 -0.039270 0.000000
vt 0.546667 -0.039270 0.000000
vt 0.820000 -0.052360 0.000000
vt 0.546667 -0.052360 0.000000
vt 0.820000 -0.065450 0.000000
vt 0.546667 -0.065450 0.000000
vt 0.820000 -0.078540 0.000000
vt 0.546667 -0.078540 0.000000
vt 0.820000 -0.091630 0.000000
vt 0.546667 -0.091630 0.000000
vt 0.820000 -0.104720 0.000000
vt 0.546667 -0.104720 0.000000
vt 0.820000 -0.117810 0.000000
vt 0.546667 -0.117810 0.000000
vt 0.820000 -0.130900 0.000000
vt 0.546667 -0.130900 0.000000
vt -0.000000 0.143990 0.000000
vt 0.273333 0.143990 0.000000
vt 0.000000 0.157080 0.000000
vt 0.273333 0.157080 0.000000
vt 0.000000 -0.157080 0.000000
vt 0.273333 -0.157080 0.000000
vt 0.000000 -0.143990 0.000000
vt 0.273333 -0.143990 0.000000
vt 0.000000 -0.130900 0.000000
vt 0.273333 -0.130900 0.000000
vt 0.000000 -0.117810 0.000000
vt 0.273333 -0.117810 0.000000
vt 0.000000 -0.104720 0.000000
vt 0.273333 -0.104720 0.000000
vt 0.000000 -0.091630 0.000000
vt 0.273333 -0.091630 0.000000
vt 0.000000 -0.078540 0.000000
vt 0.273333 -0.078540 0.000000
vt 0.000000 -0.065450 0.000000
vt 0.273333 -0.065450 0.000000
vt 0.000000 -0.052360 0.000000
vt 0.273333 -0.052360 0.000000
vt 0.000000 -0.039270 0.000000
vt 0.273333 -0.039270 0.000000
vt 0.000000 -0.026180 0.000000
vt 0.273333 -0.026180 0.000000
vt 0.000000 -0.013090 0.000000
vt 0.273333 -0.013090 0.000000
vt 0.000000 0.000000 0.000000
vt 0.273333 0.000000 0.000000
vt 0.000000 0.013090 0.000000
vt 0.273333 0.013090 0.000000
vt 0.000000 0.026180 0.000000
vt 0.273333 0.026180 0.000000
vt 0.000000 0.039270 0.000000
vt 0.273333 0.039270 0.000000
vt 0.000000 0.052360 0.000000
vt 0.273333 0.052360 0.000000
vt 0.000000 0.065450 0.000000
vt 0.273333 0.065450 0.000000
vt 0.000000 0.078540 0.000000
vt 0.273333 0.078540 0.000000
vt 0.000000 0.091630 0.000000
vt 0.273333 0.091630 0.000000
vt -0.000000 0.104720 0.000000
vt 0.273333 0.104720 0.000000
vt -0.000000 0.117810 0.000000
vt 0.273333 0.117810 0.000000
vt -0.000000 0.130900 0.000000
vt 0.273333 0.130900 0.000000
vt 0.820000 -0.143990 0.000000
vt 0.546667 -0.143990 0.000000
vt 0.820000 -0.157080 0.000000
vt 0.546667 -0.157080 0.000000
vt 0.820000 0.157080 0.000000
vt 0.546667 0.157080 0.000000
vt 0.820000 0.143990 0.000000
vt 0.546667 0.143990 0.000000
vt 0.820000 0.130900 0.000000
vt 0.546667 0.130900 0.000000
vt 0.820000 0.117810 0.000000
vt 0.546667 0.117810 0.000000
vt 0.820000 0.104720 0.000000
vt 0.546667 0.104720 0.000000
vt 0.820000 0.091630 0.000000
vt 0.546667 0.091630 0.000000
vt 0.820000 0.078540 0.000000
vt 0.546667 0.078540 0.000000
vt 0.820000 0.065450 0.000000
vt 0.546667 0.065450 0.000000
vt 0.820000 0.052360 0.000000
vt 0.546667 0.052360 0.000000
vt 0.820000 0.039270 0.000000
vt 0.546667 0.039270 0.000000
vt 0.820000 0.026180 0.000000
vt 0.546667 0.026180 0.000000
vt 0.820000 0.013090 0.000000
vt 0.546667 0.013090 0.000000
vt 0.820000 0.000000 0.000000
vt 0.546667 0.000000 0.000000
vt 0.820000 -0.013090 0.000000
vt 0.546667 -0.013090 0.000000
vt 0.820000 -0.026180 0.000000
vt 0.546667 -0.026180 0.000000
vt 0.820000 -0.039270 0.000000
vt 0.546667 -0.039270 0.000000
vt 0.820000 -0.052360 0.000000
vt 0.546667 -0.052360 0.000000
vt 0.820000 -0.065450 0.000000
vt 0.546667 -0.065450 0.000000
vt 0.820000 -0.078540 0.000000
vt 0.546667 -0.078540 0.000000
vt 0.820000 -0.091630 0.000000
vt 0.546667 -0.091630 0.000000
vt 0.820000 -0.104720 0.000000
vt 0.546667 -0.104720 0.000000
vt 0.820000 -0.117810 0.000000
vt 0.546667 -0.117810 0.000000
vt 0.820000 -0.130900 0.000000
vt 0.546667 -0.130900 0.000000
vt 0.000000 0.143990 0.000000
vt 0.273333 0.143990 0.000000
vt 0.000000 0.157080 0.000000
vt 0.273333 0.157080 0.000000
vt 0.000000 -0.157080 0.000000
vt 0.273333 -0.157080 0.000000
vt 0.000000 -0.143990 0.000000
vt 0.273333 -0.143990 0.000000
vt 0.000000 -0.130900 0.000000
vt 0.273333 -0.130900 0.000000
vt 0.000000 -0.117810 0.000000
vt 0.273333 -0.117810 0.000000
vt 0.000000 -0.104720 0.000000
vt 0.273333 -0.104720 0.000000
vt 0.000000 -0.091630 0.000000
vt 0.273333 -0.091630 0.000000
vt 0.000000 -0.078540 0.000000
vt 0.273333 -0.078540 0.000000
vt 0.000000 -0.065450 0.000000
vt 0.273333 -0.065450 0.000000
vt 0.000000 -0.052360 0.000000
vt 0.273333 -0.052360 0.000000
vt 0.000000 -0.039270 0.000000
vt 0.273333 -0.039270 0.000000
vt 0.000000 -0.026180 0.000000
vt 0.273333 -0.026180 0.000000
vt 0.000000 -0.013090 0.000000
vt 0.273333 -0.013090 0.000000
vt 0.000000 0.000000 0.000000
vt 0.273333 0.000000 0.000000
vt 0.000000 0.013090 0.000000
vt 0.273333 0.013090 0.000000
vt 0.000000 0.026180 0.000000
vt 0.273333 0.026180 0.000000
vt 0.000000 0.039270 0.000000
vt 0.273333 0.039270 0.000000
vt 0.000000 0.052360 0.000000
vt 0.273333 0.052360 0.000000
vt 0.000000 0.065450 0.000000
vt 0.273333 0.065450 0.000000
vt 0.000000 0.078540 0.000000
vt 0.273333 0.078540 0.000000
vt -0.000000 0.091630 0.000000
vt 0.273333 0.091630 0.000000
vt -0.000000 0.104720 0.000000
vt 0.273333 0.104720 0.000000
vt 0.000000 0.117810 0.000000
vt 0.273333 0.117810 0.000000
vt -0.000000 0.130900 0.000000
vt 0.273333 0.130900 0.000000
vt 0.820000 -0.143990 0.000000
vt 0.546667 -0.143990 0.000000
vt 0.820000 -0.157080 0.000000
vt 0.546667 -0.157080 0.000000
vt 0.820000 0.157080 0.000000
vt 0.546667 0.157080 0.000000
vt 0.820000 0.143990 0.000000
vt 0.546667 0.143990 0.000000
vt 0.820000 0.130900 0.000000
vt 0.546667 0.130900 0.000000
vt 0.820000 0.117810 0.000000
vt 0.546667 0.117810 0.000000
vt 0.820000 0.104720 0.000000
vt 0.546667 0.104720 0.000000
vt 0.820000 0.091630 0.000000
vt 0.546667 0.091630 0.000000
vt 0.820000 0.078540 0.000000
vt 0.546667 0.078540 0.000000
vt 0.820000 0.065450 0.000000
vt 0.546667 0.065450 0.000000
vt 0.820000 0.052360 0.000000
vt 0.546667 0.052360 0.000000
vt 0.820000 0.039270 0.000000
vt 0.546667 0.039270 0.000000
vt 0.820000 0.026180 0.000000
vt 0.546667 0.026180 0.000000
vt 0.820000 0.013090 0.000000
vt 0.546667 0.013090 0.000000
vt 0.820000 0.000000 0.000000
vt 0.546667 0.000000 0.000000
vt 0.820000 -0.013090 0.000000
vt 0.546667 -0.013090 0.000000
vt 0.820000 -0.026180 0.000000
vt 0.546667 -0.026180 0.000000
vt 0.820000 -0.039270 0.000000
vt 0.546667 -0.039270 0.000000
vt 0.820000 -0.052360 0.000000
vt 0.546667 -0.052360 0.000000
vt 0.820000 -0.065450 0.000000
vt 0.546667 -0.065450 0.000000
vt 0.820000 -0.078540 0.000000
vt 0.546667 -0.078540 0.000000
vt 0.820000 -0.091630 0.000000
vt 0.546667 -0.091630 0.000000
vt 0.820000 -0.104720 0.000000
vt 0.546667 -0.104720 0.000000
vt 0.820000 -0.117810 0.000000
vt 0.546667 -0.117810 0.000000
vt 0.820000 -0.130900 0.000000
vt 0.546667 -0.130900 0.000000
vt -0.000000 0.143990 0.000000
vt 0.273333 0.143990 0.000000
vt 0.000000 0.157080 0.000000
vt 0.273333 0.157080 0.000000
vt 0.000000 -0.157080 0.000000
vt 0.273333 -0.157080 0.000000
vt 0.000000 -0.143990 0.000000
vt 0.273333 -0.143990 0.000000
vt 0.000000 -0.130900 0.000000
vt 0.273333 -0.130900 0.000000
vt 0.000000 -0.117810 0.000000
vt 0.273333 -0.117810 0.000000
vt 0.000000 -0.104720 0.000000
vt 0.273333 -0.104720 0.000000
vt 0.000000 -0.091630 0.000000
vt 0.273333 -0.091630 0.000000
vt 0.000000 -0.078540 0.000000
vt 0.273333 -0.078540 0.000000
vt 0.000000 -0.065450 0.000000
vt 0.273333 -0.065450 0.000000
vt 0.000000 -0.052360 0.000000
vt 0.273333 -0.052360 0.000000
vt 0.000000 -0.039270 0.000000
vt 0.273333 -0.039270 0.000000
vt 0.000000 -0.026180 0.000000
vt 0.273333 -0.026180 0.000000
vt 0.000000 -0.013090 0.000000
vt 0.273333 -0.013090 0.000000
vt 0.000000 0.000000 0.000000
vt 0.273333 0.000000 0.000000
vt 0.000000 0.013090 0.000000
vt 0.273333 0.013090 0.000000
vt 0.000000 0.026180 0.000000
vt 0.273333 0.026180 0.000000
vt 0.000000 0.039270 0.000000
vt 0.273333 0.039270 0.000000
vt 0.000000 0.052360 0.000000
vt 0.273333 0.052360 0.000000
vt 0.000000 0.065450 0.000000
vt 0.273333 0.065450 0.000000
vt 0.000000 0.078540 0.000000
vt 0.273333 0.078540 0.000000
vt 0.000000 0.091630 0.000000
vt 0.273333 0.091630 0.000000
vt -0.000000 0.104720 0.000000
vt 0.273333 0.104720 0.000000
vt 0.000000 0.117810 0.000000
vt 0.273333 0.117810 0.000000
vt -0.000000 0.130900 0.000000
vt 0.273333 0.130900 0.000000
vt 0.820000 -0.143990 0.000000
vt 0.546667 -0.143990 0.000000
vt 0.820000 -0.157080 0.000000
vt 0.546667 -0.157080 0.000000
vt 0.820000 0.157080 0.000000
vt 0.546667 0.157080 0.000000
vt 0.820000 0.143990 0.000000
vt 0.546667 0.143990 0.000000
vt 0.820000 0.130900 0.000000
vt 0.546667 0.130900 0.000000
vt 0.820000 0.117810 0.000000
vt 0.546667 0.117810 0.000000
vt 0.820000 0.104720 0.000000
vt 0.546667 0.104720 0.000000
vt 0.820000 0.091630 0.000000
vt 0.546667 0.091630 0.000000
vt 0.820000 0.078540 0.000000
vt 0.546667 0.078540 0.000000
vt 0.820000 0.065450 0.000000
vt 0.546667 0.065450 0.000000
vt 0.820000 0.052360 0.000000
vt 0.546667 0.052360 0.000000
vt 0.820000 0.039270 0.000000
vt 0.546667 0.039270 0.000000
vt 0.820000 0.026180 0.000000
vt 0.546667 0.026180 0.000000
vt 0.820000 0.013090 0.000000
vt 0.546667 0.013090 0.000000
vt 0.820000 0.000000 0.000000
vt 0.546667 0.000000 0.000000
vt 0.820000 -0.013090 0.000000
vt 0.546667 -0.013090 0.000000
vt 0.820000 -0.026180 0.000000
vt 0.546667 -0.026180 0.000000
vt 0.820000 -0.039270 0.000000
vt 0.546667 -0.039270 0.000000
vt 0.820000 -0.052360 0.000000
vt 0.546667 -0.052360 0.000000
vt 0.820000 -0.065450 0.000000
vt 0.546667 -0.065450 0.000000
vt 0.820000 -0.078540 0.000000
vt 0.546667 -0.078540 0.000000
vt 0.820000 -0.091630 0.000000
vt 0.546667 -0.091630 0.000000
vt 0.820000 -0.104720 0.000000
vt 0.546667 -0.104720 0.000000
vt 0.820000 -0.117810 0.000000
vt 0.546667 -0.117810 0.000000
vt 0.820000 -0.130900 0.000000
vt 0.546667 -0.130900 0.000000
vt -0.000000 0.143990 0.000000
vt 0.273333 0.143990 0.000000
vt 0.000000 0.157080 0.000000
vt 0.273333 0.157080 0.000000
vt 0.000000 -0.157080 0.000000
vt 0.273333 -0.157080 0.000000
vt 0.000000 -0.143990 0.000000
vt 0.273333 -0.143990 0.000000
vt 0.000000 -0.130900 0.000000
vt 0.273333 -0.130900 0.000000
vt 0.000000 -0.117810 0.000000
vt 0.273333 -0.117810 0.000000
vt 0.000000 -0.104720 0.000000
vt 0.273333 -0.104720 0.000000
vt 0.000000 -0.091630 0.000000
vt 0.273333 -0.091630 0.000000
vt 0.000000 -0.078540 0.000000
vt 0.273333 -0.078540 0.000000
vt 0.000000 -0.065450 0.000000
vt 0.273333 -0.065450 0.000000
vt 0.000000 -0.052360 0.000000
vt 0.273333 -0.052360 0.000000
vt 0.000000 -0.039270 0.000000
vt 0.273333 -0.039270 0.000000
vt 0.000000 -0.026180 0.000000
vt 0.273333 -0.026180 0.000000
vt 0.000000 -0.013090 0.000000
vt 0.273333 -0.013090 0.000000
vt 0.000000 0.000000 0.000000
vt 0.273333 0.000000 0.000000
vt 0.000000 0.013090 0.000000
vt 0.273333 0.013090 0.000000
vt 0.000000 0.026180 0.000000
vt 0.273333 0.026180 0.000000
vt 0.000000 0.039270 0.000000
vt 0.273333 0.039270 0.000000
vt 0.000000 0.052360 0.000000
vt 0.273333 0.052360 0.000000
vt 0.000000 0.065450 0.000000
vt 0.273333 0.065450 0.000000
vt 0.000000 0.078540 0.000000
vt 0.273333 0.078540 0.000000
vt 0.000000 0.091630 0.000000
vt 0.273333 0.091630 0.000000
vt -0.000000 0.104720 0.000000
vt 0.273333 0.104720 0.000000
vt 0.000000 0.117810 0.000000
vt 0.273333 0.117810 0.000000
vt -0.000000 0.130900 0.000000
vt 0.273333 0.130900 0.000000
vt 0.820000 -0.143990 0.000000
vt 0.546667 -0.143990 0.000000
vt 0.820000 -0.157080 0.000000
vt 0.546667 -0.157080 0.000000
vt 0.820000 0.157080 0.000000
vt 0.546667 0.157080 0.000000
vt 0.820000 0.143990 0.000000
vt 0.546667 0.143990 0.000000
vt 0.820000 0.130900 0.000000
vt 0.546667 0.130900 0.000000
vt 0.820000 0.117810 0.000000
vt 0.546667 0.117810 0.000000
vt 0.820000 0.104720 0.000000
vt 0.546667 0.104720 0.000000
vt 0.820000 0.091630 0.000000
vt 0.546667 0.091630 0.000000
vt 0.820000 0.078540 0.000000
vt 0.546667 0.078540 0.000000
vt 0.820000 0.065450 0.000000
vt 0.546667 0.065450 0.000000
vt 0.820000 0.052360 0.000000
vt 0.546667 0.052360 0.000000
vt 0.820000 0.039270 0.000000
vt 0.546667 0.039270 0.000000
vt 0.820000 0.026180 0.000000
vt 0.546667 0.026180 0.000000
vt 0.820000 0.013090 0.000000
vt 0.546667 0.013090 0.000000
vt 0.820000 0.000000 0.000000
vt 0.546667 0.000000 0.000000
vt 0.820000 -0.013090 0.000000
vt 0.546667 -0.013090 0.000000
vt 0.820000 -0.026180 0.000000
vt 0.546667 -0.026180 0.000000
vt 0.820000 -0.039270 0.000000
vt 0.546667 -0.039270 0.000000
vt 0.820000 -0.052360 0.000000
vt 0.546667 -0.052360 0.000000
vt 0.820000 -0.065450 0.000000
vt 0.546667 -0.065450 0.000000
vt 0.820000 -0.078540 0.000000
vt 0.546667 -0.078540 0.000000
vt 0.820000 -0.091630 0.000000
vt 0.546667 -0.091630 0.000000
vt 0.820000 -0.104720 0.000000
vt 0.546667 -0.104720 0.000000
vt 0.820000 -0.117810 0.000000
vt 0.546667 -0.117810 0.000000
vt 0.820000 -0.130900 0.000000
vt 0.546667 -0.130900 0.000000
vt 0.000000 0.143990 0.000000
vt 0.273333 0.143990 0.000000
vt 0.000000 0.157080 0.000000
vt 0.273333 0.157080 0.000000
vt 0.000000 -0.157080 0.000000
vt 0.273333 -0.157080 0.000000
vt 0.000000 -0.143990 0.000000
vt 0.273333 -0.143990 0.000000
vt 0.000000 -0.130900 0.000000
vt 0.273333 -0.130900 0.000000
vt 0.000000 -0.117810 0.000000
vt 0.273333 -0.117810 0.000000
vt 0.000000 -0.104720 0.000000
vt 0.273333 -0.104720 0.000000
vt 0.000000 -0.091630 0.000000
vt 0.273333 -0.091630 0.000000
vt 0.000000 -0.078540 0.000000
vt 0.273333 -0.078540 0.000000
vt 0.000000 -0.065450 0.000000
vt 0.273333 -0.065450 0.000000
vt 0.000000 -0.052360 0.000000
vt 0.273333 -0.052360 0.000000
vt 0.000000 -0.039270 0.000000
vt 0.273333 -0.039270 0.000000
vt 0.000000 -0.026180 0.000000
vt 0.273333 -0.026180 0.000000
vt 0.000000 -0.013090 0.000000
vt 0.273333 -0.013090 0.000000
vt 0.000000 0.000000 0.000000
vt 0.273333 0.000000 0.000000
vt 0.000000 0.013090 0.000000
vt 0.273333 0.013090 0.000000
vt 0.000000 0.026180 0.000000
vt 0.273333 0.026180 0.000000
vt 0.000000 0.039270 0.000000
vt 0.273333 0.039270 0.000000
vt 0.000000 0.052360 0.000000
vt 0.273333 0.052360 0.000000
vt 0.000000 0.065450 0.000000
vt 0.273333 0.065450 0.000000
vt 0.000000 0.078540 0.000000
vt 0.273333 0.078540 0.000000
vt 0.000000 0.091630 0.000000
vt 0.273333 0.091630 0.000000
vt -0.000000 0.104720 0.000000
vt 0.273333 0.104720 0.000000
vt 0.000000 0.117810 0.000000
vt 0.273333 0.117810 0.000000
vt -0.000000 0.130900 0.000000
vt 0.273333 0.130900 0.000000
vt -0.655977 -0.000000 0.000000
vt -0.357806 0.000000 0.000000
vt -0.655977 0.500000 0.000000
vt -0.357806 0.500000 0.000000
vt 1.952562 1.050000 0.000000
vt -1.952562 2.285000 0.000000
vt -1.932009 2.068203 0.000000
vt -1.952562 -1.585000 0.000000
vt -1.932009 -1.368203 0.000000
vt 1.952562 -0.350000 0.000000
vt 2.466395 0.022797 0.000000
vt 2.466395 -0.586511 0.000000
vt 1.952562 -0.749011 0.000000
vt 2.466395 0.677203 0.000000
vt 2.466395 1.286511 0.000000
vt 1.952562 1.449011 0.000000
vt -0.570263 -1.718203 0.000000
vt -0.148467 -0.106272 0.000000
vt -0.570263 1.718203 0.000000
vt -0.146763 -0.093331 0.000000
vt -0.141768 -0.081272 0.000000
vt 0.575000 -1.718203 0.000000
vt -0.085526 -0.989449 0.000000
vt -0.098467 -0.991153 0.000000
vt -0.111408 -0.989449 0.000000
vt 0.575000 1.718203 0.000000
vt 0.340389 -0.359029 0.000000
vt 0.340389 -0.776469 0.000000
vt 0.338685 -0.789410 0.000000
vt -0.073467 -0.062971 0.000000
vt -0.063112 -0.070917 0.000000
vt -0.055166 -0.081272 0.000000
vt -0.050171 -0.119213 0.000000
vt 0.240389 -0.359029 0.000000
vt -0.048467 -0.106272 0.000000
vt 0.242093 -0.346088 0.000000
vt 0.247088 -0.334029 0.000000
vt -0.055166 -0.131272 0.000000
vt -0.055166 -0.498712 0.000000
vt -0.050171 -0.510772 0.000000
vt -0.048467 -0.523712 0.000000
vt 0.242093 -0.371970 0.000000
vt 0.242093 -0.763528 0.000000
vt 0.247088 -0.751469 0.000000
vt -0.063112 -0.488357 0.000000
vt -0.063112 -0.141628 0.000000
vt -0.073467 -0.480411 0.000000
vt -0.073467 -0.149574 0.000000
vt -0.085526 -0.475416 0.000000
vt -0.085526 -0.154569 0.000000
vt -0.098467 -0.473712 0.000000
vt -0.098467 -0.156272 0.000000
vt -0.111408 -0.475416 0.000000
vt -0.111408 -0.154569 0.000000
vt -0.123467 -0.480411 0.000000
vt -0.123467 -0.149574 0.000000
vt -0.133822 -0.488357 0.000000
vt -0.133822 -0.141628 0.000000
vt -0.141768 -0.498712 0.000000
vt -0.141768 -0.131272 0.000000
vt -0.146763 -0.510772 0.000000
vt -0.146763 -0.119213 0.000000
vt -0.133822 -0.070917 0.000000
vt -0.123467 -0.062971 0.000000
vt -0.111408 -0.057976 0.000000
vt -0.098467 -0.056272 0.000000
vt -0.085526 -0.057976 0.000000
vt 0.265389 -0.315728 0.000000
vt -0.050171 -0.093331 0.000000
vt 0.255034 -0.323673 0.000000
vt 0.338685 -0.763528 0.000000
vt 0.338685 -0.371970 0.000000
vt 0.333690 -0.384029 0.000000
vt 0.333690 -0.751469 0.000000
vt 0.325744 -0.394384 0.000000
vt 0.325744 -0.741114 0.000000
vt 0.315389 -0.402330 0.000000
vt 0.315389 -0.733168 0.000000
vt 0.303330 -0.407325 0.000000
vt 0.303330 -0.728173 0.000000
vt 0.290389 -0.409029 0.000000
vt 0.290389 -0.726469 0.000000
vt 0.277448 -0.407325 0.000000
vt 0.277448 -0.728173 0.000000
vt 0.265389 -0.402330 0.000000
vt 0.265389 -0.733168 0.000000
vt 0.255034 -0.394384 0.000000
vt 0.255034 -0.741114 0.000000
vt 0.247088 -0.384029 0.000000
vt 0.277448 -0.310732 0.000000
vt 0.290389 -0.309029 0.000000
vt 0.303330 -0.310732 0.000000
vt 0.315389 -0.315728 0.000000
vt 0.325744 -0.323673 0.000000
vt 0.333690 -0.334029 0.000000
vt 0.338685 -0.346088 0.000000
vt -0.050171 -0.954094 0.000000
vt 0.242093 -0.789410 0.000000
vt -0.048467 -0.941153 0.000000
vt 0.240389 -0.776469 0.000000
vt -0.050171 -0.928212 0.000000
vt -0.050171 -0.536653 0.000000
vt -0.055166 -0.916153 0.000000
vt -0.055166 -0.548712 0.000000
vt -0.063112 -0.905797 0.000000
vt -0.063112 -0.559068 0.000000
vt -0.073467 -0.897851 0.000000
vt -0.073467 -0.567014 0.000000
vt -0.085526 -0.892856 0.000000
vt -0.085526 -0.572009 0.000000
vt -0.098467 -0.891153 0.000000
vt -0.098467 -0.573712 0.000000
vt -0.111408 -0.892856 0.000000
vt -0.111408 -0.572009 0.000000
vt -0.123467 -0.897851 0.000000
vt -0.123467 -0.567014 0.000000
vt -0.133822 -0.905797 0.000000
vt -0.133822 -0.559068 0.000000
vt -0.141768 -0.916153 0.000000
vt -0.141768 -0.548712 0.000000
vt -0.146763 -0.536653 0.000000
vt -0.055166 -0.966153 0.000000
vt 0.255034 -0.811824 0.000000
vt 0.247088 -0.801469 0.000000
vt -0.063112 -0.976508 0.000000
vt 0.265389 -0.819770 0.000000
vt -0.073467 -0.984454 0.000000
vt -0.123467 -0.984454 0.000000
vt -0.133822 -0.976508 0.000000
vt -0.141768 -0.966153 0.000000
vt -0.146763 -0.954094 0.000000
vt -0.148467 -0.941153 0.000000
vt -0.148467 -0.523712 0.000000
vt -0.146763 -0.928212 0.000000
vt 0.333690 -0.801469 0.000000
vt 0.325744 -0.811824 0.000000
vt 0.315389 -0.819770 0.000000
vt 0.303330 -0.824765 0.000000
vt 0.290389 -0.826469 0.000000
vt 0.277448 -0.824765 0.000000
vt 3.974621 0.004737 0.000000
vt 3.974621 1.150000 0.000000
vt -0.525744 1.018421 0.000000
vt -0.525744 1.150000 0.000000
vt -1.980000 -1.718203 0.000000
vt -1.613738 -0.368014 0.000000
vt -1.980000 1.718203 0.000000
vt -1.612969 0.597419 0.000000
vt -1.612803 0.806985 0.000000
vt 2.300000 -0.327203 0.000000
vt -0.802155 -1.037793 0.000000
vt -1.614104 -0.827580 0.000000
vt -1.613937 -0.618014 0.000000
vt 2.300000 0.327203 0.000000
vt -0.801020 0.387206 0.000000
vt -0.884611 0.040066 0.000000
vt -0.888219 -0.047368 0.000000
vt -0.800654 0.846772 0.000000
vt -0.800821 0.637206 0.000000
vt -0.800853 0.596773 0.000000
vt -1.612770 0.847419 0.000000
vt -1.612603 1.056985 0.000000
vt -1.313663 0.144658 0.000000
vt -1.138661 0.167375 0.000000
vt -1.275845 0.167484 0.000000
vt -1.138517 0.348084 0.000000
vt -1.275702 0.348193 0.000000
vt -1.353246 0.319011 0.000000
vt -1.421385 0.269986 0.000000
vt -1.475723 0.204281 0.000000
vt -1.512757 0.126133 0.000000
vt -1.530099 0.040580 0.000000
vt -1.526630 -0.046860 0.000000
vt -1.502573 -0.130548 0.000000
vt -1.459482 -0.205089 0.000000
vt -1.400133 -0.265675 0.000000
vt -1.328354 -0.308400 0.000000
vt -1.248775 -0.330507 0.000000
vt -0.801789 -0.578227 0.000000
vt -1.166525 -0.330573 0.000000
vt -1.086911 -0.308592 0.000000
vt -1.015064 -0.265982 0.000000
vt -0.955619 -0.205490 0.000000
vt -0.912408 -0.131018 0.000000
vt -1.100881 0.144488 0.000000
vt -1.344348 0.112883 0.000000
vt -1.070246 0.112665 0.000000
vt -1.365842 0.074293 0.000000
vt -1.048814 0.074041 0.000000
vt -1.376702 0.031477 0.000000
vt -1.038021 0.031207 0.000000
vt -1.376200 -0.012693 0.000000
vt -1.038594 -0.012962 0.000000
vt -1.364370 -0.055251 0.000000
vt -1.050492 -0.055501 0.000000
vt -1.342005 -0.093343 0.000000
vt -1.072918 -0.093557 0.000000
vt -1.310606 -0.124412 0.000000
vt -1.104366 -0.124576 0.000000
vt -1.272280 -0.146374 0.000000
vt -1.142727 -0.146477 0.000000
vt -1.229599 -0.157754 0.000000
vt -1.185426 -0.157789 0.000000
vt -1.061019 0.318778 0.000000
vt -0.992959 0.269645 0.000000
vt -0.938725 0.203854 0.000000
vt -0.901816 0.125647 0.000000
vt -0.801988 -0.828227 0.000000
vt -0.801956 -0.787793 0.000000
vt -1.613905 -0.577580 0.000000
vt 0.150000 0.000000 0.000000
vt 0.000000 0.000000 0.000000
vt 0.150000 -1.300000 0.000000
vt 0.000000 -1.300000 0.000000
vt -0.565685 1.065000 0.000000
vt -0.565685 0.840000 0.000000
vt -0.247487 1.005000 0.000000
vt -0.247487 0.900000 0.000000
vt -0.247487 0.485000 0.000000
vt -0.247487 0.590000 0.000000
vt -0.565685 0.425000 0.000000
vt -0.565685 0.650000 0.000000
vt 0.000000 0.100000 0.000000
vt -0.000000 0.200000 0.000000
vt -0.565685 0.042857 0.000000
vt -0.565685 0.300000 0.000000
vt -0.565685 1.480000 0.000000
vt -0.565685 1.255000 0.000000
vt -0.247487 1.420000 0.000000
vt -0.247487 1.315000 0.000000
vt -0.000000 0.850000 0.000000
vt -0.232863 0.625000 0.000000
vt -0.000000 0.000000 0.000000
vt -0.232863 0.100000 0.000000
vt -0.000000 0.625000 0.000000
vt -0.105000 0.625000 0.000000
vt -0.000000 0.100000 0.000000
vt -0.105000 0.100000 0.000000
vt -0.232863 0.850000 0.000000
vt -0.232863 0.000000 0.000000
vt 0.000000 0.625000 0.000000
vt 0.000000 0.100000 0.000000
vt -0.000000 0.353553 0.000000
vt -0.450000 0.353553 0.000000
vt 0.000000 -0.353553 0.000000
vt -0.850000 -0.050508 0.000000
vt -0.730000 -0.353553 0.000000
vt -0.850000 -0.232335 0.000000
vt -0.000000 0.850000 0.000000
vt -0.232863 0.625000 0.000000
vt -0.000000 0.000000 0.000000
vt -0.232863 0.100000 0.000000
vt -0.000000 0.625000 0.000000
vt -0.105000 0.625000 0.000000
vt -0.000000 0.100000 0.000000
vt -0.105000 0.100000 0.000000
vt -0.232863 0.850000 0.000000
vt -0.232863 0.000000 0.000000
vt 0.000000 0.625000 0.000000
vt 0.000000 0.100000 0.000000
vt -0.000000 0.850000 0.000000
vt -0.232863 0.625000 0.000000
vt -0.000000 0.000000 0.000000
vt -0.232863 0.100000 0.000000
vt -0.850000 3.545000 0.000000
vt -0.000000 3.545000 0.000000
vt -0.850000 3.735000 0.000000
vt -0.000000 3.735000 0.000000
vt -0.850000 3.960000 0.000000
vt -0.000000 3.960000 0.000000
vt -0.850000 4.150000 0.000000
vt -0.000000 4.150000 0.000000
vt -0.000000 4.500000 0.000000
vt -0.850000 4.500000 0.000000
vt -0.000000 4.375000 0.000000
vt -0.850000 4.375000 0.000000
vt -0.000000 3.300000 0.000000
vt -0.000000 3.320000 0.000000
vt -0.200000 3.300000 0.000000
vt -0.850000 3.320000 0.000000
vt -0.850000 3.130000 0.000000
vt -0.200000 3.130000 0.000000
vt -0.000000 0.000000 0.000000
vt 0.282843 -0.000000 0.000000
vt 0.000000 1.300000 0.000000
vt 0.282843 1.300000 0.000000
vt -0.270000 0.000000 0.000000
vt -0.000000 0.000000 0.000000
vt -0.270000 1.300000 0.000000
vt -0.000000 1.300000 0.000000
vt 0.000000 0.000000 0.000000
vt 0.282843 0.000000 0.000000
vt 0.000000 1.300000 0.000000
vt 0.282843 1.300000 0.000000
vt -0.650000 -0.800000 0.000000
vt 0.650000 0.045000 0.000000
vt -0.650000 0.800000 0.000000
vt 0.650000 0.800000 0.000000
vt -0.140000 -1.300000 0.000000
vt -0.000000 -1.300000 0.000000
vt -0.140000 0.000000 0.000000
vt -0.000000 0.000000 0.000000
vt -1.600000 1.935000 0.000000
vt -2.020000 1.525000 0.000000
vt -1.600000 -1.935000 0.000000
vt -2.160000 0.770000 0.000000
vt -2.020000 -1.525000 0.000000
vt -2.170000 -1.525000 0.000000
vt -2.400000 -1.375000 0.000000
vt -2.320000 -1.675000 0.000000
vt -3.050000 -1.675000 0.000000
vt -3.050000 -1.375000 0.000000
vt -2.020000 1.712082 0.000000
vt -1.600000 2.363976 0.000000
vt -1.779517 3.059605 0.000000
vt -2.805132 3.059605 0.000000
vt -2.200000 2.375000 0.000000
vt -2.106459 1.885000 0.000000
vt -3.100000 2.175000 0.000000
vt -2.670000 2.175000 0.000000
vt -2.470000 2.375000 0.000000
vt -2.200000 1.885000 0.000000
vt -2.160000 1.525000 0.000000
vt -2.400000 0.770000 0.000000
vt -2.020000 -1.712082 0.000000
vt -1.600000 -2.363976 0.000000
vt -1.779517 -3.059605 0.000000
vt -2.106459 -1.885000 0.000000
vt -2.200000 -2.375000 0.000000
vt -2.200000 -1.885000 0.000000
vt -2.805132 -3.059605 0.000000
vt -2.470000 -2.375000 0.000000
vt -2.670000 -2.175000 0.000000
vt -3.100000 -2.175000 0.000000
vt -0.169706 4.782857 0.000000
vt -0.169706 1.300000 0.000000
vt -0.000000 4.800000 0.000000
vt -0.000000 -0.000000 0.000000
vt -0.212132 -0.000000 0.000000
vt -0.212132 1.300000 0.000000
vt -1.600000 1.300000 0.000000
vt -0.120000 1.300000 0.000000
vt -0.300000 3.300000 0.000000
vt -0.120000 4.782857 0.000000
vt -0.300000 3.320000 0.000000
vt -0.300000 3.545000 0.000000
vt -0.300000 3.735000 0.000000
vt -0.300000 3.960000 0.000000
vt -0.300000 4.150000 0.000000
vt -0.300000 4.375000 0.000000
vt -0.300000 4.500000 0.000000
vt -0.300000 4.757143 0.000000
vt -0.000000 3.874323 0.000000
vt 0.325000 2.375954 0.000000
vt 0.118421 4.400067 0.000000
vt 0.325000 2.638826 0.000000
vt 0.325000 2.901698 0.000000
vt 0.400000 2.822836 0.000000
vt 0.400000 2.717687 0.000000
vt 0.000000 0.000000 0.000000
vt 0.325000 1.850211 0.000000
vt 0.325000 2.113082 0.000000
vt 0.400000 2.297093 0.000000
vt 0.400000 2.191944 0.000000
vt 0.400000 0.000000 0.000000
vt 0.400000 1.771349 0.000000
vt 0.400000 1.929072 0.000000
vt 0.400000 2.034221 0.000000
vt 0.400000 2.454816 0.000000
vt 0.400000 2.559964 0.000000
vt 0.400000 2.980559 0.000000
vt 0.400000 3.085708 0.000000
vt 0.325000 3.164569 0.000000
vt 0.325000 3.427441 0.000000
vt 0.325000 3.690313 0.000000
vt 0.400000 3.611451 0.000000
vt 0.400000 3.506303 0.000000
vt 0.400000 3.243431 0.000000
vt 0.400000 3.348580 0.000000
vt 0.325000 3.953185 0.000000
vt 0.400000 3.769174 0.000000
vt 0.400000 3.874323 0.000000
vt 0.325000 4.216056 0.000000
vt 0.400000 4.032046 0.000000
vt 0.400000 4.137195 0.000000
vt 0.400000 4.294918 0.000000
vt 0.400000 4.400067 0.000000
vt -0.372797 1.018421 0.000000
vt 0.236511 1.018421 0.000000
vt -0.372797 1.150000 0.000000
vt 0.236511 1.300000 0.000000
vt -1.636511 1.300000 0.000000
vt -1.027203 1.150000 0.000000
vt -1.636511 1.018421 0.000000
vt -1.027203 1.018421 0.000000
vt 0.000000 2.185462 0.000000
vt 0.000000 4.123485 0.000000
vt -0.106066 2.161087 0.000000
vt -0.106066 4.147860 0.000000
vt -0.106066 4.172235 0.000000
vt -0.106066 2.136712 0.000000
vt -0.000000 4.147860 0.000000
vt -0.000000 2.161087 0.000000
vt -0.118421 4.400067 0.000000
vt -0.325000 2.375954 0.000000
vt 0.000000 3.874323 0.000000
vt -0.325000 2.113082 0.000000
vt -0.325000 1.850211 0.000000
vt -0.400000 2.034221 0.000000
vt -0.400000 1.929072 0.000000
vt -0.400000 4.400067 0.000000
vt -0.325000 4.216056 0.000000
vt -0.325000 3.953185 0.000000
vt -0.325000 3.690313 0.000000
vt -0.400000 3.874323 0.000000
vt -0.400000 3.769174 0.000000
vt -0.400000 4.294918 0.000000
vt -0.400000 4.137195 0.000000
vt -0.400000 4.032046 0.000000
vt -0.325000 3.427441 0.000000
vt -0.400000 3.611451 0.000000
vt -0.400000 3.506303 0.000000
vt -0.325000 3.164569 0.000000
vt -0.400000 3.348580 0.000000
vt -0.400000 3.243431 0.000000
vt -0.325000 2.901698 0.000000
vt -0.400000 3.085708 0.000000
vt -0.400000 2.980559 0.000000
vt -0.325000 2.638826 0.000000
vt -0.400000 2.822836 0.000000
vt -0.400000 2.717687 0.000000
vt -0.400000 2.559964 0.000000
vt -0.400000 2.454816 0.000000
vt -0.400000 2.297093 0.000000
vt -0.400000 2.191944 0.000000
vt -0.400000 1.771349 0.000000
vt -0.400000 0.000000 0.000000
vt -0.000000 -0.000000 0.000000
vt -2.450000 -1.017761 0.000000
vt -2.350000 -1.050261 0.000000
vt -2.450000 1.017761 0.000000
vt -2.350000 1.050261 0.000000
vt -0.106066 4.229110 0.000000
vt -0.106066 2.079837 0.000000
vt 0.000000 4.204735 0.000000
vt 0.000000 2.104212 0.000000
vt -0.106066 4.253485 0.000000
vt -0.106066 2.055462 0.000000
vt -0.000000 4.229110 0.000000
vt -0.000000 2.079837 0.000000
vt -2.200000 -1.099011 0.000000
vt -2.100000 -1.131511 0.000000
vt -2.200000 1.099011 0.000000
vt -2.100000 1.131511 0.000000
vt -2.600000 0.969011 0.000000
vt -2.700000 0.936511 0.000000
vt -2.600000 -0.969011 0.000000
vt -2.700000 -0.936511 0.000000
vt 0.021030 0.004737 0.000000
vt 4.521394 1.018421 0.000000
vt 0.021030 1.150000 0.000000
vt 4.521394 1.150000 0.000000
vt 1.683913 5.937176 0.000000
vt 4.057202 2.722721 0.000000
vt 2.062448 6.063355 0.000000
vt 4.363673 2.946506 0.000000
vt 4.464164 2.858375 0.000000
vt 5.247624 3.007770 0.000000
vt 4.980587 2.608879 0.000000
vt 5.585192 1.995064 0.000000
vt 5.265192 1.755064 0.000000
vt 4.557113 2.579529 0.000000
vt -0.022779 5.368279 0.000000
vt 0.006350 1.494065 0.000000
vt 0.355756 5.494457 0.000000
vt 0.385798 1.498920 0.000000
vt -0.021164 1.363266 0.000000
vt -0.284605 0.853815 0.000000
vt 0.071784 1.084420 0.000000
vt -0.737569 1.012706 0.000000
vt -0.400000 -0.000000 0.000000
vt -0.000000 0.000000 0.000000
vt 0.270000 1.300000 0.000000
vt 0.000000 1.300000 0.000000
vt 0.270000 0.000000 0.000000
vt 0.000000 0.000000 0.000000
vt -0.187082 -1.300000 0.000000
vt -0.000000 -1.300000 0.000000
vt -0.187082 0.000000 0.000000
vt -0.000000 0.000000 0.000000
vt -0.193328 -1.300000 0.000000
vt -0.000000 -1.300000 0.000000
vt -0.193328 0.000000 0.000000
vt -0.000000 0.000000 0.000000
vt -0.093541 -1.300000 0.000000
vt -0.000000 -1.300000 0.000000
vt -0.093541 0.000000 0.000000
vt -0.000000 0.000000 0.000000
vt 2.160000 1.525000 0.000000
vt 2.020000 1.525000 0.000000
vt 2.160000 -0.075000 0.000000
vt 1.484613 2.296511 0.000000
vt -0.200000 -1.749011 0.000000
vt -0.200000 1.749011 0.000000
vt 2.020000 1.712082 0.000000
vt 2.106459 1.885000 0.000000
vt 2.200000 2.375000 0.000000
vt 2.200000 1.885000 0.000000
vt 2.470000 2.375000 0.000000
vt 2.773509 3.154473 0.000000
vt 1.706023 3.154473 0.000000
vt 2.670000 2.175000 0.000000
vt 3.100000 2.175000 0.000000
vt 1.484613 -2.296511 0.000000
vt 2.020000 -1.525000 0.000000
vt 2.170000 -1.525000 0.000000
vt 1.706023 -3.154473 0.000000
vt 2.200000 -2.375000 0.000000
vt 2.106459 -1.885000 0.000000
vt 2.020000 -1.712082 0.000000
vt 2.773509 -3.154473 0.000000
vt 2.470000 -2.375000 0.000000
vt 2.670000 -2.175000 0.000000
vt 3.100000 -2.175000 0.000000
vt 2.200000 -1.885000 0.000000
vt 2.200000 -1.555000 0.000000
vt 2.200000 -0.075000 0.000000
vt -0.115000 0.000000 0.000000
vt 0.375000 -0.000000 0.000000
vt -0.115000 1.300000 0.000000
vt 0.375000 1.300000 0.000000
vt 0.187082 0.000000 0.000000
vt 0.000000 0.000000 0.000000
vt 0.187082 -1.300000 0.000000
vt 0.000000 -1.300000 0.000000
vt 0.193328 0.000000 0.000000
vt 0.000000 0.000000 0.000000
vt 0.193328 -1.300000 0.000000
vt 0.000000 -1.300000 0.000000
vt 0.093541 0.000000 0.000000
vt 0.000000 0.000000 0.000000
vt 0.093541 -1.300000 0.000000
vt 0.000000 -1.300000 0.000000
vt -3.885000 1.300000 0.000000
vt -4.375000 1.300000 0.000000
vt -3.885000 0.000000 0.000000
vt -4.375000 0.000000 0.000000
vt 0.106066 -1.405462 0.000000
vt 0.000000 -1.429837 0.000000
vt 0.106066 -4.903485 0.000000
vt 0.000000 -4.879110 0.000000
vt -0.000000 -4.854735 0.000000
vt 0.106066 -4.879110 0.000000
vt -0.000000 -1.454212 0.000000
vt 0.106066 -1.429837 0.000000
vt 0.106066 -1.486712 0.000000
vt 0.000000 -1.511087 0.000000
vt 0.106066 -4.822235 0.000000
vt 0.000000 -4.797860 0.000000
vt -0.000000 -4.773485 0.000000
vt 0.106066 -4.797860 0.000000
vt -0.000000 -1.535462 0.000000
vt 0.106066 -1.511087 0.000000
vt 0.106066 -1.567962 0.000000
vt 0.000000 -1.592337 0.000000
vt 0.106066 -4.740985 0.000000
vt 0.000000 -4.716610 0.000000
vt -0.000000 -4.692235 0.000000
vt 0.106066 -4.716610 0.000000
vt -0.000000 -1.616712 0.000000
vt 0.106066 -1.592337 0.000000
vt 0.106066 -1.649212 0.000000
vt 0.000000 -1.673587 0.000000
vt 0.106066 -4.659735 0.000000
vt 0.000000 -4.635360 0.000000
vt -0.000000 -4.610985 0.000000
vt 0.106066 -4.635360 0.000000
vt -0.000000 -1.697962 0.000000
vt 0.106066 -1.673587 0.000000
vt 0.106066 -1.730462 0.000000
vt 0.000000 -1.754837 0.000000
vt 0.106066 -4.578485 0.000000
vt 0.000000 -4.554110 0.000000
vt -0.000000 -4.529735 0.000000
vt 0.106066 -4.554110 0.000000
vt -0.000000 -1.779212 0.000000
vt 0.106066 -1.754837 0.000000
vt 0.106066 -1.811712 0.000000
vt 0.000000 -1.836087 0.000000
vt 0.106066 -4.497235 0.000000
vt 0.000000 -4.472860 0.000000
vt -0.000000 -4.448485 0.000000
vt 0.106066 -4.472860 0.000000
vt -0.000000 -1.860462 0.000000
vt 0.106066 -1.836087 0.000000
vt 0.106066 -1.892962 0.000000
vt 0.000000 -1.917337 0.000000
vt 0.106066 -4.415985 0.000000
vt 0.000000 -4.391610 0.000000
vt -0.000000 -4.367235 0.000000
vt 0.106066 -4.391610 0.000000
vt -0.000000 -1.941712 0.000000
vt 0.106066 -1.917337 0.000000
vt -1.850000 1.212761 0.000000
vt -1.950000 1.180261 0.000000
vt -1.850000 -1.212761 0.000000
vt -1.950000 -1.180261 0.000000
vt -1.600000 1.294011 0.000000
vt -1.700000 1.261511 0.000000
vt -1.600000 -1.294011 0.000000
vt -1.700000 -1.261511 0.000000
vt -1.350000 1.375261 0.000000
vt -1.450000 1.342761 0.000000
vt -1.350000 -1.375261 0.000000
vt -1.450000 -1.342761 0.000000
vt -1.100000 1.456511 0.000000
vt -1.200000 1.424011 0.000000
vt -1.100000 -1.456511 0.000000
vt -1.200000 -1.424011 0.000000
vt -0.850000 1.537761 0.000000
vt -0.950000 1.505261 0.000000
vt -0.850000 -1.537761 0.000000
vt -0.950000 -1.505261 0.000000
vt -0.600000 1.619011 0.000000
vt -0.700000 1.586511 0.000000
vt -0.600000 -1.619011 0.000000
vt -0.700000 -1.586511 0.000000
vt -0.350000 1.700261 0.000000
vt -0.450000 1.667761 0.000000
vt -0.350000 -1.700261 0.000000
vt -0.450000 -1.667761 0.000000
vt 0.106066 -1.998587 0.000000
vt -0.000000 -2.022962 0.000000
vt 0.106066 -4.310360 0.000000
vt -0.000000 -4.285985 0.000000
vt 0.106066 -1.974212 0.000000
vt 0.000000 -1.998587 0.000000
vt 0.106066 -4.334735 0.000000
vt 0.000000 -4.310360 0.000000
vt 0.300000 0.718419 0.000000
vt -0.000000 0.718419 0.000000
vt 0.300000 0.000000 0.000000
vt -0.000000 0.000000 0.000000
vt 0.000000 0.300000 0.000000
vt 0.293929 0.300000 0.000000
vt 0.000000 0.900000 0.000000
vt 0.293929 0.900000 0.000000
vt 0.428976 0.000000 0.000000
vt 0.428976 0.300000 0.000000
vt 0.000000 -0.000000 0.000000
vt 0.000000 0.900000 0.000000
vt 0.428976 0.900000 0.000000
vt 0.371784 1.084420 0.000000
vt 0.278836 1.363266 0.000000
vt 0.015395 0.853815 0.000000
vt -0.324328 0.972983 0.000000
vt 0.000000 0.000000 0.000000
vt 0.300000 -0.000000 0.000000
vt 0.900000 0.024295 0.000000
vt 0.300000 0.024295 0.000000
vt 0.900000 -0.400195 0.000000
vt 0.300000 -0.400195 0.000000
vt -0.428976 0.900000 0.000000
vt -0.428976 0.300000 0.000000
vt -0.000000 0.900000 0.000000
vt -0.000000 0.000000 0.000000
vt -0.428976 0.000000 0.000000
vt -0.293929 0.300000 0.000000
vt -0.000000 0.300000 0.000000
vt -0.293929 0.900000 0.000000
vt -0.000000 0.900000 0.000000
vt 0.300000 -0.024295 0.000000
vt 0.900000 -0.024295 0.000000
vt 0.300000 0.400195 0.000000
vt 0.900000 0.400195 0.000000
vt -0.371784 1.084420 0.000000
vt -0.015395 0.853815 0.000000
vt -0.278836 1.363266 0.000000
vt 0.324328 0.972983 0.000000
vt -0.000000 0.000000 0.000000
vt -0.300000 -0.000000 0.000000
vt 0.000000 0.000000 0.000000
vt 0.400000 -0.000000 0.000000
vt 0.000000 0.886071 0.000000
vt 0.400000 0.886071 0.000000
vt 0.000000 0.000000 0.000000
vt 0.400000 0.000000 0.000000
vt -0.000000 1.067486 0.000000
vt 0.400000 1.067486 0.000000
vt -0.000000 0.000000 0.000000
vt 0.300000 -0.000000 0.000000
vt 0.000000 1.025614 0.000000
vt 0.300000 1.025614 0.000000
vt 0.000000 0.718419 0.000000
vt -0.300000 0.718419 0.000000
vt -0.000000 -0.000000 0.000000
vt -0.300000 0.000000 0.000000
vt -0.300000 -0.000000 0.000000
vt 0.000000 0.000000 0.000000
vt -0.300000 1.025614 0.000000
vt -0.000000 1.025614 0.000000
vt -0.000000 0.900000 0.000000
vt -3.995651 0.900000 0.000000
vt -3.995651 0.000000 0.000000
vt -0.400000 -0.000000 0.000000
vt -0.000000 0.000000 0.000000
vt -0.400000 0.886071 0.000000
vt -0.000000 0.886071 0.000000
vt -0.400000 0.000000 0.000000
vt -0.000000 -0.000000 0.000000
vt -0.400000 1.067486 0.000000
vt 0.000000 1.067486 0.000000
vt 0.200000 0.300000 0.000000
vt 1.100000 0.300000 0.000000
vt 0.200000 0.900000 0.000000
vt 1.100000 0.900000 0.000000
vt 0.057862 -0.460880 0.000000
vt 0.033507 -0.369550 0.000000
vt -0.073141 -0.375729 0.000000
vt -0.071493 -0.369550 0.000000
vt 2.385372 0.200000 0.000000
vt 2.140102 0.200000 0.000000
vt 2.385372 -0.000000 0.000000
vt 1.983857 0.200000 0.000000
vt -0.000000 0.000000 0.000000
vt -1.550492 0.200000 0.000000
vt -1.550492 -0.040000 0.000000
vt -0.000000 -0.040000 0.000000
vt 1.293286 -0.170464 0.000000
vt 1.175000 -0.128082 0.000000
vt 1.175000 -0.247350 0.000000
vt 0.840000 -0.425000 0.000000
vt 0.945000 -0.425000 0.000000
vt 1.325041 -0.189133 0.000000
vt 1.371670 -0.099765 0.000000
vt 1.359611 -0.094770 0.000000
vt 1.349256 -0.086824 0.000000
vt 1.384611 -0.101469 0.000000
vt 1.360387 -0.199500 0.000000
vt 1.397195 -0.200940 0.000000
vt 1.433243 -0.193366 0.000000
vt 1.397552 -0.099765 0.000000
vt 1.466359 -0.177235 0.000000
vt 1.409611 -0.094770 0.000000
vt 1.494545 -0.153520 0.000000
vt 1.516102 -0.123651 0.000000
vt 1.529728 -0.089428 0.000000
vt 1.427912 -0.076469 0.000000
vt 1.419966 -0.086824 0.000000
vt 1.432907 -0.064410 0.000000
vt 1.534604 -0.052917 0.000000
vt 1.434611 -0.051469 0.000000
vt 1.432907 -0.038528 0.000000
vt 1.530434 -0.016318 0.000000
vt 1.427912 -0.026469 0.000000
vt 1.419966 -0.016114 0.000000
vt 1.475935 0.067526 0.000000
vt 1.409611 -0.008168 0.000000
vt 1.397552 -0.003173 0.000000
vt 1.444181 0.086195 0.000000
vt 1.384611 -0.001469 0.000000
vt 1.408834 0.096562 0.000000
vt 1.372027 0.098002 0.000000
vt 1.564889 0.006077 0.000000
vt 1.509338 0.089238 0.000000
vt 1.648740 0.060581 0.000000
vt 1.593189 0.143741 0.000000
vt 1.682142 0.082292 0.000000
vt 1.627644 0.166137 0.000000
vt 1.738112 0.165932 0.000000
vt 1.730166 0.176288 0.000000
vt 1.736489 -0.070782 0.000000
vt 1.653335 -0.126328 0.000000
vt 1.760526 -0.167856 0.000000
vt 1.748467 -0.172851 0.000000
vt 1.738112 -0.180797 0.000000
vt 1.636650 -0.154661 0.000000
vt 1.730166 -0.191153 0.000000
vt 1.626539 -0.185948 0.000000
vt 1.725171 -0.203212 0.000000
vt 1.623488 -0.218687 0.000000
vt 1.723467 -0.216153 0.000000
vt 1.725171 -0.229094 0.000000
vt 1.627644 -0.251303 0.000000
vt 1.730166 -0.241153 0.000000
vt 1.738112 -0.251508 0.000000
vt 1.682142 -0.335148 0.000000
vt 1.748467 -0.259454 0.000000
vt 1.760526 -0.264449 0.000000
vt 1.711118 -0.352581 0.000000
vt 1.743262 -0.363080 0.000000
vt 1.543908 -0.425000 0.000000
vt 1.360418 -0.425000 0.000000
vt 1.420000 -0.650000 0.000000
vt 1.360000 -0.425000 0.000000
vt 1.610000 -0.650000 0.000000
vt 1.670000 -0.425000 0.000000
vt 1.773467 -0.266153 0.000000
vt 1.776942 -0.366112 0.000000
vt 1.810445 -0.361523 0.000000
vt 1.852847 -0.425000 0.000000
vt 1.893599 -0.305977 0.000000
vt 1.786408 -0.264449 0.000000
vt 1.775000 -0.425000 0.000000
vt 1.835000 -0.650000 0.000000
vt 1.973105 -0.425000 0.000000
vt 2.025000 -0.650000 0.000000
vt 2.025000 -0.425000 0.000000
vt 2.085000 -0.425000 0.000000
vt 2.025000 -0.112290 0.000000
vt 2.190000 -0.425000 0.000000
vt 2.025000 0.006978 0.000000
vt 2.025000 0.140009 0.000000
vt 2.025000 0.424418 0.000000
vt 1.949540 0.256101 0.000000
vt 1.978886 0.394444 0.000000
vt 1.895041 0.339945 0.000000
vt 1.808618 0.472904 0.000000
vt 1.892462 0.527403 0.000000
vt 1.786408 0.570431 0.000000
vt 1.798467 0.575426 0.000000
vt 1.808822 0.583372 0.000000
vt 1.909699 0.555951 0.000000
vt 1.816768 0.593728 0.000000
vt 1.920202 0.587602 0.000000
vt 1.821763 0.605787 0.000000
vt 1.923453 0.620791 0.000000
vt 1.823467 0.618728 0.000000
vt 1.821763 0.631669 0.000000
vt 1.919290 0.653878 0.000000
vt 1.816768 0.643728 0.000000
vt 1.808822 0.654083 0.000000
vt 1.864791 0.737723 0.000000
vt 1.798467 0.662029 0.000000
vt 1.786408 0.667024 0.000000
vt 1.836243 0.754959 0.000000
vt 1.804593 0.765463 0.000000
vt 2.250000 -0.650000 0.000000
vt 2.250000 1.495000 0.000000
vt -0.713352 -0.431179 0.000000
vt 1.175000 0.527896 0.000000
vt 1.203808 0.546621 0.000000
vt 1.287659 0.601124 0.000000
vt 1.347633 0.511342 0.000000
vt 1.264479 0.455795 0.000000
vt 1.371670 0.414268 0.000000
vt 1.359611 0.409272 0.000000
vt 1.349256 0.401327 0.000000
vt 1.247794 0.427463 0.000000
vt 1.341310 0.390971 0.000000
vt 1.237683 0.396176 0.000000
vt 1.336315 0.378912 0.000000
vt 1.234632 0.363437 0.000000
vt 1.334611 0.365971 0.000000
vt 1.336315 0.353030 0.000000
vt 1.238788 0.330820 0.000000
vt 1.341310 0.340971 0.000000
vt 1.349256 0.330616 0.000000
vt 1.293286 0.246976 0.000000
vt 1.359611 0.322670 0.000000
vt 1.371670 0.317675 0.000000
vt 1.322262 0.229543 0.000000
vt 1.354406 0.219044 0.000000
vt -0.655000 -0.650000 0.000000
vt -0.465000 -0.650000 0.000000
vt -0.405000 -0.425000 0.000000
vt -0.300000 -0.425000 0.000000
vt 0.010000 -0.425000 0.000000
vt -0.050000 -0.650000 0.000000
vt -0.240000 -0.650000 0.000000
vt 1.175000 0.289358 0.000000
vt 0.115000 -0.425000 0.000000
vt 1.175000 0.170090 0.000000
vt 0.425000 -0.425000 0.000000
vt 0.530000 -0.425000 0.000000
vt 0.175000 -0.650000 0.000000
vt 0.365000 -0.650000 0.000000
vt 0.590000 -0.650000 0.000000
vt 0.780000 -0.650000 0.000000
vt 1.175000 -0.425000 0.000000
vt 1.005000 -0.650000 0.000000
vt 1.195000 -0.650000 0.000000
vt 1.255000 -0.425000 0.000000
vt 1.384611 0.315971 0.000000
vt 1.388086 0.216011 0.000000
vt 1.421588 0.220600 0.000000
vt 1.504742 0.276147 0.000000
vt 1.397552 0.317675 0.000000
vt 1.409611 0.322670 0.000000
vt 1.419966 0.330616 0.000000
vt 1.521427 0.304479 0.000000
vt 1.427912 0.340971 0.000000
vt 1.531538 0.335767 0.000000
vt 1.432907 0.353030 0.000000
vt 1.534589 0.368505 0.000000
vt 1.434611 0.365971 0.000000
vt 1.432907 0.378912 0.000000
vt 1.530434 0.401122 0.000000
vt 1.427912 0.390971 0.000000
vt 1.419966 0.401327 0.000000
vt 1.475935 0.484966 0.000000
vt 1.409611 0.409272 0.000000
vt 1.397552 0.414268 0.000000
vt 1.446960 0.502399 0.000000
vt 1.414815 0.512899 0.000000
vt 1.335978 0.090429 0.000000
vt 1.371670 -0.003173 0.000000
vt 1.302863 0.074298 0.000000
vt 1.359611 -0.008168 0.000000
vt 1.274677 0.050582 0.000000
vt 1.253120 0.020713 0.000000
vt 1.239493 -0.013509 0.000000
vt 1.341310 -0.026469 0.000000
vt 1.349256 -0.016114 0.000000
vt 1.336315 -0.038528 0.000000
vt 1.234618 -0.050021 0.000000
vt 1.334611 -0.051469 0.000000
vt 1.336315 -0.064410 0.000000
vt 1.238788 -0.086620 0.000000
vt 1.341310 -0.076469 0.000000
vt 1.864791 -0.097157 0.000000
vt 1.919290 -0.181002 0.000000
vt 1.808822 -0.180797 0.000000
vt 1.816768 -0.191153 0.000000
vt 1.835816 -0.079725 0.000000
vt 1.786408 -0.167856 0.000000
vt 1.798467 -0.172851 0.000000
vt 1.803671 -0.069225 0.000000
vt 1.773467 -0.166153 0.000000
vt 1.769992 -0.066193 0.000000
vt 1.713897 0.063623 0.000000
vt 1.760526 0.152991 0.000000
vt 1.748467 0.157986 0.000000
vt 1.773467 0.151288 0.000000
vt 1.749243 0.053256 0.000000
vt 1.786051 0.051816 0.000000
vt 1.822099 0.059390 0.000000
vt 1.786408 0.152991 0.000000
vt 1.855215 0.075521 0.000000
vt 1.798467 0.157986 0.000000
vt 1.883401 0.099236 0.000000
vt 1.904958 0.129106 0.000000
vt 1.918584 0.163328 0.000000
vt 1.816768 0.176288 0.000000
vt 1.808822 0.165932 0.000000
vt 1.821763 0.188347 0.000000
vt 1.923460 0.199839 0.000000
vt 1.823467 0.201288 0.000000
vt 1.821763 0.214228 0.000000
vt 1.919290 0.236438 0.000000
vt 1.816768 0.226288 0.000000
vt 1.808822 0.236643 0.000000
vt 1.864791 0.320283 0.000000
vt 1.798467 0.244589 0.000000
vt 1.786408 0.249584 0.000000
vt 1.833037 0.338952 0.000000
vt 1.773467 0.251288 0.000000
vt 1.797690 0.349319 0.000000
vt 1.760883 0.350759 0.000000
vt 2.025000 0.722590 0.000000
vt 2.025000 0.841858 0.000000
vt 2.025000 1.080396 0.000000
vt 1.679142 0.855588 0.000000
vt 1.595298 0.801089 0.000000
vt 1.738316 0.764551 0.000000
vt 1.654472 0.710052 0.000000
vt 1.760526 0.667024 0.000000
vt 1.748467 0.662029 0.000000
vt 1.738112 0.654083 0.000000
vt 1.637235 0.681504 0.000000
vt 1.730166 0.643728 0.000000
vt 1.626732 0.649853 0.000000
vt 1.725171 0.631669 0.000000
vt 1.623481 0.616664 0.000000
vt 1.723467 0.618728 0.000000
vt 1.725171 0.605787 0.000000
vt 1.627644 0.583577 0.000000
vt 1.730166 0.593728 0.000000
vt 1.738112 0.583372 0.000000
vt 1.682142 0.499732 0.000000
vt 1.748467 0.575426 0.000000
vt 1.760526 0.570431 0.000000
vt 1.710690 0.482496 0.000000
vt 1.742341 0.471993 0.000000
vt 1.384611 0.415971 0.000000
vt 1.381136 0.515931 0.000000
vt 1.724834 0.343185 0.000000
vt 1.760526 0.249584 0.000000
vt 1.691719 0.327054 0.000000
vt 1.748467 0.244589 0.000000
vt 1.663533 0.303339 0.000000
vt 1.641976 0.273469 0.000000
vt 1.628349 0.239247 0.000000
vt 1.730166 0.226288 0.000000
vt 1.738112 0.236643 0.000000
vt 1.725171 0.214228 0.000000
vt 1.623474 0.202736 0.000000
vt 1.723467 0.201288 0.000000
vt 1.725171 0.188347 0.000000
vt 1.773467 0.568728 0.000000
vt 1.775531 0.468742 0.000000
vt 1.773467 0.668728 0.000000
vt 1.771403 0.768713 0.000000
vt 1.821763 -0.203212 0.000000
vt 1.923446 -0.213619 0.000000
vt 1.823467 -0.216153 0.000000
vt 1.821763 -0.229094 0.000000
vt 1.920394 -0.246357 0.000000
vt 1.816768 -0.241153 0.000000
vt 1.910283 -0.277644 0.000000
vt 1.808822 -0.251508 0.000000
vt 1.798467 -0.259454 0.000000
vt 0.246221 4.210000 0.000000
vt 0.246221 4.315000 0.000000
vt 0.000000 4.150000 0.000000
vt 0.000000 4.375000 0.000000
vt 0.246221 3.795000 0.000000
vt 0.246221 3.900000 0.000000
vt 0.000000 3.735000 0.000000
vt 0.000000 3.960000 0.000000
vt 0.246221 3.380000 0.000000
vt 0.246221 3.485000 0.000000
vt 0.000000 3.320000 0.000000
vt 0.000000 3.545000 0.000000
vt 0.246221 2.965000 0.000000
vt 0.246221 3.070000 0.000000
vt 0.000000 2.905000 0.000000
vt 0.000000 3.130000 0.000000
vt 0.246221 2.550000 0.000000
vt 0.246221 2.655000 0.000000
vt 0.000000 2.490000 0.000000
vt 0.000000 2.715000 0.000000
vt 0.246221 2.135000 0.000000
vt 0.246221 2.240000 0.000000
vt 0.000000 2.075000 0.000000
vt 0.000000 2.300000 0.000000
vt 0.246221 1.720000 0.000000
vt 0.246221 1.825000 0.000000
vt 0.000000 1.660000 0.000000
vt 0.000000 1.885000 0.000000
vt 0.246221 1.305000 0.000000
vt 0.246221 1.410000 0.000000
vt 0.000000 1.245000 0.000000
vt 0.000000 1.470000 0.000000
vt 0.246221 0.890000 0.000000
vt 0.246221 0.995000 0.000000
vt 0.000000 0.830000 0.000000
vt 0.000000 1.055000 0.000000
vt 0.246221 0.475000 0.000000
vt 0.246221 0.580000 0.000000
vt 0.000000 0.415000 0.000000
vt 0.000000 0.640000 0.000000
vt 0.246221 0.060000 0.000000
vt 0.246221 0.165000 0.000000
vt 0.000000 0.000000 0.000000
vt 0.000000 0.225000 0.000000
vt -0.105000 0.100000 0.000000
vt -0.000000 0.100000 0.000000
vt -0.105000 0.650000 0.000000
vt -0.000000 0.650000 0.000000
vt -0.232863 0.000000 0.000000
vt 0.000000 0.100000 0.000000
vt -0.232863 0.650000 0.000000
vt 0.000000 0.650000 0.000000
vt -0.232863 0.000000 0.000000
vt 0.000000 0.100000 0.000000
vt -0.232863 0.650000 0.000000
vt 0.000000 0.650000 0.000000
vt 0.613105 0.650000 0.000000
vt 0.665000 0.650000 0.000000
vt 0.613105 1.150000 0.000000
vt 0.665000 1.150000 0.000000
vt -0.232863 0.000000 0.000000
vt 0.000000 0.100000 0.000000
vt -0.232863 0.650000 0.000000
vt 0.000000 0.650000 0.000000
vt -0.105000 0.100000 0.000000
vt -0.000000 0.100000 0.000000
vt -0.105000 0.650000 0.000000
vt -0.000000 0.650000 0.000000
vt -0.232863 0.000000 0.000000
vt 0.000000 0.100000 0.000000
vt -0.232863 0.650000 0.000000
vt 0.000000 0.650000 0.000000
vt -0.105000 0.100000 0.000000
vt -0.000000 0.100000 0.000000
vt -0.105000 0.650000 0.000000
vt -0.000000 0.650000 0.000000
vt -0.232863 0.000000 0.000000
vt 0.000000 0.100000 0.000000
vt -0.232863 0.650000 0.000000
vt 0.000000 0.650000 0.000000
vt -0.105000 0.100000 0.000000
vt -0.000000 0.100000 0.000000
vt -0.105000 0.650000 0.000000
vt -0.000000 0.650000 0.000000
vt -0.232863 0.000000 0.000000
vt 0.000000 0.100000 0.000000
vt -0.232863 0.650000 0.000000
vt 0.000000 0.650000 0.000000
vt -0.105000 0.100000 0.000000
vt -0.000000 0.100000 0.000000
vt -0.105000 0.650000 0.000000
vt -0.000000 0.650000 0.000000
vt -0.232863 0.000000 0.000000
vt 0.000000 0.100000 0.000000
vt -0.232863 0.650000 0.000000
vt 0.000000 0.650000 0.000000
vt -0.105000 0.100000 0.000000
vt -0.000000 0.100000 0.000000
vt -0.105000 0.650000 0.000000
vt -0.000000 0.650000 0.000000
vt -0.232863 0.650000 0.000000
vt -0.232863 0.000000 0.000000
vt -0.094522 0.650000 0.000000
vt 0.000000 0.100000 0.000000
vt 0.000000 0.650000 0.000000
vt -0.000000 0.625000 0.000000
vt -0.105000 0.625000 0.000000
vt -0.000000 0.100000 0.000000
vt -0.105000 0.100000 0.000000
vt -0.232863 0.850000 0.000000
vt -0.232863 0.000000 0.000000
vt 0.000000 0.625000 0.000000
vt 0.000000 0.100000 0.000000
vt -0.000000 -0.000000 0.000000
vt -0.000000 0.225000 0.000000
vt -0.300000 0.000000 0.000000
vt -0.000000 0.415000 0.000000
vt -0.000000 0.640000 0.000000
vt -0.000000 0.830000 0.000000
vt -0.000000 1.055000 0.000000
vt -0.000000 1.245000 0.000000
vt -0.000000 1.470000 0.000000
vt -0.000000 1.660000 0.000000
vt -0.000000 1.885000 0.000000
vt -0.000000 2.075000 0.000000
vt -0.000000 2.300000 0.000000
vt -0.000000 2.490000 0.000000
vt -0.300000 4.800000 0.000000
vt -0.000000 2.715000 0.000000
vt -0.000000 2.905000 0.000000
vt -0.000000 3.130000 0.000000
vt -0.000000 3.320000 0.000000
vt -0.000000 3.545000 0.000000
vt -0.000000 3.735000 0.000000
vt -0.000000 3.960000 0.000000
vt -0.000000 4.150000 0.000000
vt -0.000000 4.375000 0.000000
vt -0.000000 4.500000 0.000000
vt 0.400000 4.700000 0.000000
vt 0.400000 4.600000 0.000000
vt -0.100000 0.450000 0.000000
vt -0.200000 0.450000 0.000000
vt -0.100000 0.000000 0.000000
vt -0.200000 0.000000 0.000000
vt 0.850000 -0.206155 0.000000
vt 0.450000 0.206155 0.000000
vt -0.000000 -0.206155 0.000000
vt -0.000000 0.206155 0.000000
vt -0.000000 0.000000 0.000000
vt -0.000000 0.650000 0.000000
vt -0.232863 0.100000 0.000000
vt -0.226468 0.650000 0.000000
vt -0.232863 0.650000 0.000000
vt -0.000000 0.000000 0.000000
vt -0.000000 0.650000 0.000000
vt -0.232863 0.100000 0.000000
vt -0.232863 0.650000 0.000000
vt -0.000000 0.000000 0.000000
vt -0.000000 0.650000 0.000000
vt -0.232863 0.100000 0.000000
vt -0.232863 0.650000 0.000000
vt -0.000000 0.000000 0.000000
vt -0.000000 0.650000 0.000000
vt -0.232863 0.100000 0.000000
vt -0.232863 0.650000 0.000000
vt -0.000000 0.000000 0.000000
vt -0.000000 0.650000 0.000000
vt -0.232863 0.100000 0.000000
vt -0.232863 0.650000 0.000000
vt -0.000000 0.000000 0.000000
vt -0.000000 0.650000 0.000000
vt -0.232863 0.100000 0.000000
vt -0.232863 0.650000 0.000000
vt -0.000000 0.000000 0.000000
vt -0.000000 0.650000 0.000000
vt -0.232863 0.100000 0.000000
vt -0.232863 0.650000 0.000000
vt -0.200000 0.415000 0.000000
vt -0.850000 0.415000 0.000000
vt -0.200000 0.225000 0.000000
vt -0.850000 0.225000 0.000000
vt -0.200000 0.830000 0.000000
vt -0.850000 0.830000 0.000000
vt -0.200000 0.640000 0.000000
vt -0.850000 0.640000 0.000000
vt -0.200000 1.245000 0.000000
vt -0.850000 1.245000 0.000000
vt -0.200000 1.055000 0.000000
vt -0.850000 1.055000 0.000000
vt -0.200000 1.660000 0.000000
vt -0.850000 1.660000 0.000000
vt -0.200000 1.470000 0.000000
vt -0.850000 1.470000 0.000000
vt -0.200000 2.075000 0.000000
vt -0.850000 2.075000 0.000000
vt -0.200000 1.885000 0.000000
vt -0.850000 1.885000 0.000000
vt -0.200000 2.490000 0.000000
vt -0.850000 2.490000 0.000000
vt -0.200000 2.300000 0.000000
vt -0.850000 2.300000 0.000000
vt -0.200000 2.905000 0.000000
vt -0.850000 2.905000 0.000000
vt -0.200000 2.715000 0.000000
vt -0.850000 2.715000 0.000000
vt -0.844355 -0.516331 0.000000
vt -1.050000 -0.650000 0.000000
vt -0.880000 -0.650000 0.000000
vt -0.000000 0.000000 0.000000
vt -0.000000 0.650000 0.000000
vt -0.232863 0.100000 0.000000
vt -0.232863 0.650000 0.000000
vt -0.900000 0.716228 0.000000
vt -1.300000 0.716228 0.000000
vt -0.900000 0.316228 0.000000
vt -1.300000 -0.316228 0.000000
vt 0.000000 -0.316228 0.000000
vt -0.300000 0.316228 0.000000
vt 0.000000 0.616228 0.000000
vt -0.300000 0.616228 0.000000
vt 0.400000 1.300000 0.000000
vt -0.030000 1.300000 0.000000
vt 0.400000 0.000000 0.000000
vt -0.030000 0.000000 0.000000
vt -0.730000 0.000000 0.000000
vt -0.000000 0.000000 0.000000
vt -0.730000 4.800000 0.000000
vt 0.000000 4.800000 0.000000
vt -0.200000 0.900000 0.000000
vt -1.100000 0.900000 0.000000
vt -0.200000 0.300000 0.000000
vt -1.100000 0.300000 0.000000
vt -0.000000 0.316228 0.000000
vt -1.300000 0.316228 0.000000
vt -0.900000 -0.316228 0.000000
vt -1.300000 -0.716228 0.000000
vt -0.900000 -0.716228 0.000000
vt -0.300000 -0.316228 0.000000
vt 0.000000 -0.616228 0.000000
vt -0.300000 -0.616228 0.000000
vt 0.030000 1.300000 0.000000
vt -0.400000 1.300000 0.000000
vt 0.030000 0.000000 0.000000
vt -0.400000 0.000000 0.000000
vt -4.205948 0.900000 0.000000
vt -0.210297 0.000000 0.000000
vt -0.210297 0.900000 0.000000
vn 0.000000 0.402979 0.915209
vn 0.000000 0.402979 0.915209
vn 0.000000 0.624541 0.780992
vn 0.000000 0.624541 0.780992
vn 0.000000 0.804193 0.594368
vn 0.000000 0.804193 0.594368
vn 0.000000 0.929881 0.367860
vn 0.000000 0.929881 0.367860
vn 0.000000 0.993171 0.116667
vn 0.000000 0.993171 0.116667
vn -0.000000 0.989816 -0.142355
vn -0.000000 0.989816 -0.142355
vn -0.000000 0.920040 -0.391824
vn -0.000000 0.920040 -0.391824
vn -0.000000 0.788527 -0.615000
vn -0.000000 0.788527 -0.615000
vn -0.000000 0.604101 -0.796908
vn -0.000000 0.604101 -0.796908
vn -0.000000 0.379137 -0.925341
vn -0.000000 0.379137 -0.925341
vn -0.000000 0.128732 -0.991679
vn -0.000000 0.128732 -0.991679
vn -0.000000 -0.130311 -0.991473
vn -0.000000 -0.130311 -0.991473
vn -0.000000 -0.380610 -0.924736
vn -0.000000 -0.380610 -0.924736
vn -0.000000 -0.605369 -0.795945
vn -0.000000 -0.605369 -0.795945
vn -0.000000 -0.789505 -0.613744
vn -0.000000 -0.789505 -0.613744
vn -0.000000 -0.920663 -0.390358
vn -0.000000 -0.920663 -0.390358
vn -0.000000 -0.990041 -0.140778
vn -0.000000 -0.990041 -0.140778
vn 0.000000 -0.992984 0.118249
vn 0.000000 -0.992984 0.118249
vn 0.000000 -0.929294 0.369341
vn 0.000000 -0.929294 0.369341
vn 0.000000 -0.803245 0.595648
vn 0.000000 -0.803245 0.595648
vn 0.000000 -0.623296 0.781986
vn 0.000000 -0.623296 0.781986
vn 0.000000 -0.401521 0.915850
vn 0.000000 -0.401521 0.915850
vn -0.000000 1.000000 -0.000796
vn -0.000000 1.000000 -0.000796
vn -0.000000 1.000000 -0.000796
vn -0.000000 1.000000 -0.000796
vn -0.000000 0.223899 -0.974612
vn -0.000000 0.472983 -0.881072
vn -0.000000 0.223899 -0.974612
vn -0.000000 0.472983 -0.881072
vn -0.000000 0.683647 -0.729813
vn -0.000000 0.683647 -0.729813
vn -0.000000 0.844115 -0.536162
vn -0.000000 0.844115 -0.536162
vn -0.000000 0.949016 -0.315228
vn -0.000000 0.949016 -0.315228
vn -0.000000 0.996800 -0.079934
vn -0.000000 0.996800 -0.079934
vn 0.000000 0.987310 0.158804
vn 0.000000 0.987310 0.158804
vn 0.000000 0.920539 0.390650
vn 0.000000 0.920539 0.390650
vn 0.000000 0.796889 0.604126
vn 0.000000 0.796889 0.604126
vn 0.000000 0.618865 0.785497
vn 0.000000 0.618865 0.785497
vn 0.000000 0.393737 0.919223
vn 0.000000 0.393737 0.919223
vn 0.000000 0.135749 0.990743
vn 0.000000 0.135749 0.990743
vn 0.000000 -0.134170 0.990958
vn 0.000000 -0.134170 0.990958
vn 0.000000 -0.392272 0.919849
vn 0.000000 -0.392272 0.919849
vn 0.000000 -0.617614 0.786482
vn 0.000000 -0.617614 0.786482
vn 0.000000 -0.795925 0.605395
vn 0.000000 -0.795925 0.605395
vn 0.000000 -0.919916 0.392115
vn 0.000000 -0.919916 0.392115
vn 0.000000 -0.987056 0.160376
vn 0.000000 -0.987056 0.160376
vn -0.000000 -0.996926 -0.078347
vn -0.000000 -0.996926 -0.078347
vn -0.000000 -0.949517 -0.313716
vn -0.000000 -0.949517 -0.313716
vn -0.000000 -0.844968 -0.534817
vn -0.000000 -0.844968 -0.534817
vn -0.000000 -0.684808 -0.728723
vn -0.000000 -0.684808 -0.728723
vn -0.000000 -0.474385 -0.880317
vn -0.000000 -0.474385 -0.880317
vn -0.000000 -0.225451 -0.974255
vn -0.000000 -0.225451 -0.974255
vn 0.000000 -1.000000 0.000796
vn 0.000000 -1.000000 0.000796
vn 0.000000 -1.000000 0.000796
vn 0.000000 -1.000000 0.000796
vn 1.000000 0.000000 0.000000
vn 1.000000 0.000000 0.000000
vn 1.000000 0.000000 0.000000
vn 1.000000 0.000000 0.000000
vn 1.000000 0.000000 0.000000
vn 1.000000 0.000000 0.000000
vn 1.000000 0.000000 0.000000
vn 1.000000 0.000000 0.000000
vn 1.000000 0.000000 0.000000
vn 1.000000 0.000000 0.000000
vn 1.000000 0.000000 0.000000
vn 1.000000 0.000000 0.000000
vn 1.000000 0.000000 0.000000
vn 1.000000 0.000000 0.000000
vn 1.000000 0.000000 0.000000
vn 1.000000 0.000000 0.000000
vn 1.000000 0.000000 0.000000
vn 1.000000 0.000000 0.000000
vn 1.000000 0.000000 0.000000
vn 1.000000 0.000000 0.000000
vn 1.000000 0.000000 0.000000
vn 1.000000 0.000000 0.000000
vn 1.000000 0.000000 0.000000
vn 1.000000 0.000000 0.000000
vn 1.000000 0.000000 0.000000
vn 1.000000 0.000000 0.000000
vn 1.000000 0.000000 0.000000
vn 1.000000 0.000000 0.000000
vn 1.000000 0.000000 0.000000
vn 1.000000 0.000000 0.000000
vn 1.000000 0.000000 0.000000
vn 1.000000 0.000000 0.000000
vn 1.000000 0.000000 0.000000
vn 1.000000 0.000000 0.000000
vn 1.000000 0.000000 0.000000
vn 1.000000 0.000000 0.000000
vn 1.000000 0.000000 0.000000
vn 1.000000 0.000000 0.000000
vn 1.000000 0.000000 0.000000
vn 1.000000 0.000000 0.000000
vn 1.000000 0.000000 0.000000
vn 1.000000 0.000000 0.000000
vn 1.000000 0.000000 0.000000
vn 1.000000 0.000000 0.000000
vn 1.000000 0.000000 0.000000
vn 1.000000 0.000000 0.000000
vn 0.000000 -1.000000 0.000796
vn 0.000000 -1.000000 0.000796
vn 0.000000 -1.000000 0.000796
vn 0.000000 -1.000000 0.000796
vn 0.000000 0.250635 0.968082
vn 0.000000 0.250635 0.968082
vn 0.000000 0.250635 0.968082
vn 0.000000 0.250635 0.968082
vn -0.000000 1.000000 -0.000796
vn -0.000000 1.000000 -0.000796
vn -0.000000 1.000000 -0.000796
vn -0.000000 1.000000 -0.000796
vn -0.000000 -0.250635 -0.968082
vn -0.000000 -0.250635 -0.968082
vn -0.000000 -0.250635 -0.968082
vn -0.000000 -0.250635 -0.968082
vn 1.000000 0.000000 0.000000
vn 1.000000 0.000000 0.000000
vn 1.000000 0.000000 0.000000
vn 1.000000 0.000000 0.000000
vn 0.000000 -1.000000 0.000796
vn 0.000000 -1.000000 0.000796
vn 0.000000 -1.000000 0.000796
vn 0.000000 -1.000000 0.000796
vn 0.000000 0.250635 0.968082
vn 0.000000 0.250635 0.968082
vn 0.000000 0.250635 0.968082
vn 0.000000 0.250635 0.968082
vn -0.000000 1.000000 -0.000796
vn -0.000000 1.000000 -0.000796
vn -0.000000 1.000000 -0.000796
vn -0.000000 1.000000 -0.000796
vn -0.000000 -0.250635 -0.968082
vn -0.000000 -0.250635 -0.968082
vn -0.000000 -0.250635 -0.968082
vn -0.000000 -0.250635 -0.968082
vn 1.000000 0.000000 0.000000
vn 1.000000 0.000000 0.000000
vn 1.000000 0.000000 0.000000
vn 1.000000 0.000000 0.000000
vn 0.000000 -1.000000 0.000796
vn 0.000000 -1.000000 0.000796
vn 0.000000 -1.000000 0.000796
vn 0.000000 -1.000000 0.000796
vn 0.000000 0.250635 0.968082
vn 0.000000 0.250635 0.968082
vn 0.000000 0.250635 0.968082
vn 0.000000 0.250635 0.968082
vn -0.000000 1.000000 -0.000796
vn -0.000000 1.000000 -0.000796
vn -0.000000 1.000000 -0.000796
vn -0.000000 1.000000 -0.000796
vn -0.000000 -0.250635 -0.968082
vn -0.000000 -0.250635 -0.968082
vn -0.000000 -0.250635 -0.968082
vn -0.000000 -0.250635 -0.968082
vn 1.000000 0.000000 0.000000
vn 1.000000 0.000000 0.000000
vn 1.000000 0.000000 0.000000
vn 1.000000 0.000000 0.000000
vn -0.000000 -0.250635 -0.968082
vn -0.000000 -0.250635 -0.968082
vn -0.000000 -0.250635 -0.968082
vn -0.000000 -0.250635 -0.968082
vn 0.000000 -1.000000 0.000796
vn 0.000000 -1.000000 0.000796
vn 0.000000 -1.000000 0.000796
vn 0.000000 -1.000000 0.000796
vn 0.000000 0.250635 0.968082
vn 0.000000 0.250635 0.968082
vn 0.000000 0.250635 0.968082
vn 0.000000 0.250635 0.968082
vn -0.000000 1.000000 -0.000796
vn -0.000000 1.000000 -0.000796
vn -0.000000 1.000000 -0.000796
vn -0.000000 1.000000 -0.000796
vn 1.000000 0.000000 0.000000
vn 1.000000 0.000000 0.000000
vn 1.000000 0.000000 0.000000
vn 1.000000 0.000000 0.000000
vn 0.544988 0.000000 0.838444
vn 0.544988 0.000000 0.838444
vn 0.544988 0.000000 0.838444
vn 0.544988 0.000000 0.838444
vn -0.544988 0.000000 -0.838444
vn -0.544988 0.000000 -0.838444
vn -0.544988 0.000000 -0.838444
vn -0.544988 0.000000 -0.838444
vn 0.831540 0.000000 -0.555465
vn 0.831540 0.000000 -0.555465
vn 0.831540 0.000000 -0.555465
vn 0.831540 0.000000 -0.555465
vn -0.831540 0.000000 0.555465
vn -0.831540 0.000000 0.555465
vn -0.831540 0.000000 0.555465
vn -0.831540 0.000000 0.555465
vn 0.831540 0.000000 -0.555465
vn 0.831540 0.000000 -0.555465
vn 0.831540 0.000000 -0.555465
vn 0.831540 0.000000 -0.555465
vn -0.831540 0.000000 0.555465
vn -0.831540 0.000000 0.555465
vn -0.831540 0.000000 0.555465
vn -0.831540 0.000000 0.555465
vn 0.838444 0.000000 -0.544988
vn 0.838444 0.000000 -0.544988
vn 0.838444 0.000000 -0.544988
vn 0.838444 0.000000 -0.544988
vn -0.838444 0.000000 0.544988
vn -0.838444 0.000000 0.544988
vn -0.838444 0.000000 0.544988
vn -0.838444 0.000000 0.544988
vn -0.544988 0.000000 -0.838444
vn -0.544988 0.000000 -0.838444
vn -0.544988 0.000000 -0.838444
vn -0.544988 0.000000 -0.838444
vn -0.838444 0.000000 0.544988
vn -0.838444 0.000000 0.544988
vn -0.838444 0.000000 0.544988
vn -0.838444 0.000000 0.544988
vn -0.544988 0.000000 -0.838444
vn -0.544988 0.000000 -0.838444
vn -0.544988 0.000000 -0.838444
vn -0.544988 0.000000 -0.838444
vn 0.544988 0.000000 0.838444
vn 0.544988 0.000000 0.838444
vn 0.544988 0.000000 0.838444
vn 0.544988 0.000000 0.838444
vn 0.838444 0.000000 -0.544988
vn 0.838444 0.000000 -0.544988
vn 0.838444 0.000000 -0.544988
vn 0.838444 0.000000 -0.544988
vn -0.838444 0.000000 0.544988
vn -0.838444 0.000000 0.544988
vn -0.838444 0.000000 0.544988
vn -0.838444 0.000000 0.544988
vn 0.544988 0.000000 0.838444
vn 0.544988 0.000000 0.838444
vn 0.544988 0.000000 0.838444
vn 0.544988 0.000000 0.838444
vn -0.544988 0.000000 -0.838444
vn -0.544988 0.000000 -0.838444
vn -0.544988 0.000000 -0.838444
vn -0.544988 0.000000 -0.838444
vn 0.544988 0.000000 0.838444
vn 0.544988 0.000000 0.838444
vn 0.544988 0.000000 0.838444
vn 0.544988 0.000000 0.838444
vn -0.544988 0.000000 -0.838444
vn -0.544988 0.000000 -0.838444
vn -0.544988 0.000000 -0.838444
vn -0.544988 0.000000 -0.838444
vn 0.544988 0.000000 0.838444
vn 0.544988 0.000000 0.838444
vn 0.544988 0.000000 0.838444
vn 0.544988 0.000000 0.838444
vn -0.544988 0.000000 -0.838444
vn -0.544988 0.000000 -0.838444
vn -0.544988 0.000000 -0.838444
vn -0.544988 0.000000 -0.838444
vn 0.544988 0.000000 0.838444
vn 0.544988 0.000000 0.838444
vn 0.544988 0.000000 0.838444
vn 0.544988 0.000000 0.838444
vn -0.544988 0.000000 -0.838444
vn -0.544988 0.000000 -0.838444
vn -0.544988 0.000000 -0.838444
vn -0.544988 0.000000 -0.838444
vn 0.544988 0.000000 0.838444
vn 0.544988 0.000000 0.838444
vn 0.544988 0.000000 0.838444
vn 0.544988 0.000000 0.838444
vn -0.544988 0.000000 -0.838444
vn -0.544988 0.000000 -0.838444
vn -0.544988 0.000000 -0.838444
vn -0.544988 0.000000 -0.838444
vn 0.831540 0.000000 -0.555465
vn 0.831540 0.000000 -0.555465
vn 0.831540 0.000000 -0.555465
vn 0.831540 0.000000 -0.555465
vn 0.544988 0.000000 0.838444
vn 0.544988 0.000000 0.838444
vn 0.544988 0.000000 0.838444
vn 0.544988 0.000000 0.838444
vn -0.544988 0.000000 -0.838444
vn -0.544988 0.000000 -0.838444
vn -0.544988 0.000000 -0.838444
vn -0.544988 0.000000 -0.838444
vn 0.831540 0.000000 -0.555465
vn 0.831540 0.000000 -0.555465
vn 0.831540 0.000000 -0.555465
vn 0.831540 0.000000 -0.555465
vn -0.831540 0.000000 0.555465
vn -0.831540 0.000000 0.555465
vn -0.831540 0.000000 0.555465
vn -0.831540 0.000000 0.555465
vn -0.831540 0.000000 0.555465
vn -0.831540 0.000000 0.555465
vn -0.831540 0.000000 0.555465
vn -0.831540 0.000000 0.555465
vn 0.544988 0.000000 0.838444
vn 0.544988 0.000000 0.838444
vn 0.544988 0.000000 0.838444
vn 0.544988 0.000000 0.838444
vn -0.544988 0.000000 -0.838444
vn -0.544988 0.000000 -0.838444
vn -0.544988 0.000000 -0.838444
vn -0.544988 0.000000 -0.838444
vn 0.544988 -0.000000 0.838444
vn 0.544988 -0.000000 0.838444
vn 0.544988 -0.000000 0.838444
vn 0.544988 -0.000000 0.838444
vn 0.544988 -0.000000 0.838444
vn 0.544988 -0.000000 0.838444
vn 0.544988 -0.000000 0.838444
vn 0.544988 -0.000000 0.838444
vn 0.544988 -0.000000 0.838444
vn 0.544988 -0.000000 0.838444
vn 0.544988 -0.000000 0.838444
vn 0.544988 -0.000000 0.838444
vn 1.000000 -0.000000 0.000000
vn 1.000000 -0.000000 0.000000
vn 1.000000 -0.000000 0.000000
vn 1.000000 -0.000000 0.000000
vn 1.000000 -0.000000 0.000000
vn 1.000000 -0.000000 0.000000
vn 1.000000 -0.000000 0.000000
vn 1.000000 -0.000000 0.000000
vn 1.000000 -0.000000 0.000000
vn 1.000000 -0.000000 0.000000
vn 1.000000 -0.000000 0.000000
vn 1.000000 -0.000000 0.000000
vn -0.000000 0.000000 -1.000000
vn -0.000000 0.000000 -1.000000
vn -0.000000 0.000000 -1.000000
vn -0.000000 0.000000 -1.000000
vn -0.000000 0.000000 -1.000000
vn -0.000000 0.000000 -1.000000
vn -0.000000 0.000000 -1.000000
vn -0.000000 0.000000 -1.000000
vn -0.000000 0.000000 -1.000000
vn -0.000000 0.000000 -1.000000
vn -0.000000 0.000000 -1.000000
vn -0.000000 0.000000 -1.000000
vn -0.000000 0.000000 -1.000000
vn -0.000000 0.000000 -1.000000
vn -0.000000 0.000000 -1.000000
vn -0.000000 0.000000 -1.000000
vn -0.234339 0.000000 -0.972155
vn -0.234339 0.000000 -0.972155
vn -0.013757 0.000000 -0.999905
vn -0.013757 0.000000 -0.999905
vn 0.207504 0.000000 -0.978234
vn 0.207504 0.000000 -0.978234
vn 0.418510 0.000000 -0.908212
vn 0.418510 0.000000 -0.908212
vn 0.608829 0.000000 -0.793301
vn 0.608829 0.000000 -0.793301
vn -0.793301 0.000000 -0.608829
vn -0.793301 0.000000 -0.608829
vn -0.908212 0.000000 -0.418510
vn -0.908212 0.000000 -0.418510
vn -0.978234 0.000000 -0.207504
vn -0.978234 0.000000 -0.207504
vn -0.999905 0.000000 0.013757
vn -0.999905 0.000000 0.013757
vn -0.972155 0.000000 0.234339
vn -0.972155 0.000000 0.234339
vn 0.234339 -0.000000 0.972155
vn 0.234339 -0.000000 0.972155
vn 0.013757 -0.000000 0.999905
vn 0.013757 -0.000000 0.999905
vn -0.207504 0.000000 0.978234
vn -0.207504 0.000000 0.978234
vn -0.418510 0.000000 0.908212
vn -0.418510 0.000000 0.908212
vn -0.608829 0.000000 0.793301
vn -0.608829 0.000000 0.793301
vn 0.793301 -0.000000 0.608829
vn 0.793301 -0.000000 0.608829
vn 0.908212 -0.000000 0.418510
vn 0.908212 -0.000000 0.418510
vn 0.978234 -0.000000 0.207504
vn 0.978234 -0.000000 0.207504
vn 0.999905 0.000000 -0.013757
vn 0.999905 0.000000 -0.013757
vn 0.972155 0.000000 -0.234339
vn 0.972155 0.000000 -0.234339
vn -1.000000 0.000000 -0.000000
vn -1.000000 0.000000 -0.000000
vn -1.000000 0.000000 -0.000000
vn -1.000000 0.000000 -0.000000
vn -1.000000 0.000000 -0.000000
vn -1.000000 0.000000 -0.000000
vn -1.000000 0.000000 -0.000000
vn -1.000000 0.000000 -0.000000
vn -1.000000 0.000000 -0.000000
vn -1.000000 0.000000 -0.000000
vn -1.000000 0.000000 -0.000000
vn -1.000000 0.000000 -0.000000
vn -0.972155 0.000000 0.234339
vn -0.972155 0.000000 0.234339
vn -0.999857 0.000000 0.016894
vn -0.999857 0.000000 0.016894
vn -0.979517 0.000000 -0.201363
vn -0.979517 0.000000 -0.201363
vn -0.912110 0.000000 -0.409945
vn -0.912110 0.000000 -0.409945
vn -0.800877 0.000000 -0.598828
vn -0.800877 0.000000 -0.598828
vn 0.608829 0.000000 -0.793301
vn 0.608829 0.000000 -0.793301
vn 0.415659 0.000000 -0.909521
vn 0.415659 0.000000 -0.909521
vn 0.201363 0.000000 -0.979517
vn 0.201363 0.000000 -0.979517
vn -0.023166 0.000000 -0.999732
vn -0.023166 0.000000 -0.999732
vn -0.246517 0.000000 -0.969138
vn -0.246517 0.000000 -0.969138
vn 0.800877 -0.000000 0.598828
vn 0.800877 -0.000000 0.598828
vn 0.912110 -0.000000 0.409945
vn 0.912110 -0.000000 0.409945
vn 0.979517 -0.000000 0.201363
vn 0.979517 -0.000000 0.201363
vn 0.999857 0.000000 -0.016894
vn 0.999857 0.000000 -0.016894
vn 0.972155 0.000000 -0.234339
vn 0.972155 0.000000 -0.234339
vn -0.608829 0.000000 0.793301
vn -0.608829 0.000000 0.793301
vn -0.397134 0.000000 0.917760
vn -0.397134 0.000000 0.917760
vn -0.161490 0.000000 0.986874
vn -0.161490 0.000000 0.986874
vn 0.083893 -0.000000 0.996475
vn 0.083893 -0.000000 0.996475
vn 0.324216 -0.000000 0.945983
vn 0.324216 -0.000000 0.945983
vn 0.544988 -0.000000 0.838444
vn 0.544988 -0.000000 0.838444
vn 0.732895 -0.000000 0.680342
vn 0.732895 -0.000000 0.680342
vn 0.876604 -0.000000 0.481212
vn 0.876604 -0.000000 0.481212
vn 0.967450 -0.000000 0.253063
vn 0.967450 -0.000000 0.253063
vn 0.999953 -0.000000 0.009653
vn 0.999953 -0.000000 0.009653
vn 0.972155 0.000000 -0.234339
vn 0.972155 0.000000 -0.234339
vn -0.972155 0.000000 0.234339
vn -0.972155 0.000000 0.234339
vn -0.999953 0.000000 -0.009653
vn -0.999953 0.000000 -0.009653
vn -0.967450 0.000000 -0.253063
vn -0.967450 0.000000 -0.253063
vn -0.876604 0.000000 -0.481212
vn -0.876604 0.000000 -0.481212
vn -0.732895 0.000000 -0.680342
vn -0.732895 0.000000 -0.680342
vn -0.544988 0.000000 -0.838444
vn -0.544988 0.000000 -0.838444
vn -0.324216 0.000000 -0.945983
vn -0.324216 0.000000 -0.945983
vn -0.083893 0.000000 -0.996475
vn -0.083893 0.000000 -0.996475
vn 0.161490 0.000000 -0.986874
vn 0.161490 0.000000 -0.986874
vn 0.397134 0.000000 -0.917760
vn 0.397134 0.000000 -0.917760
vn 0.608829 0.000000 -0.793301
vn 0.608829 0.000000 -0.793301
vn 0.608829 0.000000 -0.793301
vn 0.608829 0.000000 -0.793301
vn 0.397134 0.000000 -0.917760
vn 0.397134 0.000000 -0.917760
vn 0.161490 0.000000 -0.986874
vn 0.161490 0.000000 -0.986874
vn -0.083893 0.000000 -0.996475
vn -0.083893 0.000000 -0.996475
vn -0.324216 0.000000 -0.945983
vn -0.324216 0.000000 -0.945983
vn -0.544988 0.000000 -0.838444
vn -0.544988 0.000000 -0.838444
vn -0.732895 0.000000 -0.680342
vn -0.732895 0.000000 -0.680342
vn -0.876604 0.000000 -0.481212
vn -0.876604 0.000000 -0.481212
vn -0.967450 0.000000 -0.253063
vn -0.967450 0.000000 -0.253063
vn -0.999953 0.000000 -0.009653
vn -0.999953 0.000000 -0.009653
vn -0.972155 0.000000 0.234339
vn -0.972155 0.000000 0.234339
vn 0.972155 0.000000 -0.234339
vn 0.972155 0.000000 -0.234339
vn 0.999953 -0.000000 0.009653
vn 0.999953 -0.000000 0.009653
vn 0.967450 -0.000000 0.253063
vn 0.967450 -0.000000 0.253063
vn 0.876604 -0.000000 0.481212
vn 0.876604 -0.000000 0.481212
vn 0.732895 -0.000000 0.680342
vn 0.732895 -0.000000 0.680342
vn 0.544988 -0.000000 0.838444
vn 0.544988 -0.000000 0.838444
vn 0.324216 -0.000000 0.945983
vn 0.324216 -0.000000 0.945983
vn 0.083893 -0.000000 0.996475
vn 0.083893 -0.000000 0.996475
vn -0.161490 0.000000 0.986874
vn -0.161490 0.000000 0.986874
vn -0.397134 0.000000 0.917760
vn -0.397134 0.000000 0.917760
vn -0.608829 0.000000 0.793301
vn -0.608829 0.000000 0.793301
vn -0.000000 1.000000 -0.000000
vn -0.000000 1.000000 -0.000000
vn -0.000000 1.000000 -0.000000
vn -0.000000 1.000000 -0.000000
vn -0.000000 1.000000 -0.000000
vn -0.000000 1.000000 -0.000000
vn -0.000000 1.000000 -0.000000
vn -0.000000 1.000000 -0.000000
vn -0.000000 1.000000 -0.000000
vn -0.000000 1.000000 -0.000000
vn -0.000000 1.000000 -0.000000
vn -0.000000 1.000000 -0.000000
vn -0.000000 1.000000 -0.000000
vn -0.000000 1.000000 -0.000000
vn -0.000000 1.000000 -0.000000
vn -0.000000 1.000000 -0.000000
vn -0.000000 1.000000 -0.000000
vn -0.000000 1.000000 -0.000000
vn -0.000000 1.000000 -0.000000
vn -0.000000 1.000000 -0.000000
vn -0.000000 1.000000 -0.000000
vn -0.000000 1.000000 -0.000000
vn -0.000000 1.000000 -0.000000
vn -0.000000 1.000000 -0.000000
vn -0.000000 1.000000 -0.000000
vn -0.000000 1.000000 -0.000000
vn -0.000000 1.000000 -0.000000
vn -0.000000 1.000000 -0.000000
vn -0.000000 1.000000 -0.000000
vn -0.000000 1.000000 -0.000000
vn -0.000000 1.000000 -0.000000
vn -0.000000 1.000000 -0.000000
vn -0.000000 1.000000 -0.000000
vn -0.000000 1.000000 -0.000000
vn -0.000000 1.000000 -0.000000
vn -0.000000 1.000000 -0.000000
vn -0.000000 1.000000 -0.000000
vn -0.000000 1.000000 -0.000000
vn -0.000000 1.000000 -0.000000
vn -0.000000 1.000000 -0.000000
vn -0.000000 1.000000 -0.000000
vn -0.000000 1.000000 -0.000000
vn -0.000000 1.000000 -0.000000
vn -0.000000 1.000000 -0.000000
vn -0.000000 1.000000 -0.000000
vn -0.000000 1.000000 -0.000000
vn -0.000000 1.000000 -0.000000
vn -0.000000 1.000000 -0.000000
vn -0.000000 1.000000 -0.000000
vn -0.000000 1.000000 -0.000000
vn -0.000000 1.000000 -0.000000
vn -0.000000 1.000000 -0.000000
vn -0.000000 1.000000 -0.000000
vn -0.000000 1.000000 -0.000000
vn -0.000000 1.000000 -0.000000
vn -0.000000 1.000000 -0.000000
vn -0.000000 1.000000 -0.000000
vn -0.000000 1.000000 -0.000000
vn -0.000000 1.000000 -0.000000
vn -0.000000 1.000000 -0.000000
vn -0.000000 1.000000 -0.000000
vn -0.000000 1.000000 -0.000000
vn -0.000000 1.000000 -0.000000
vn -0.000000 1.000000 -0.000000
vn -0.000000 1.000000 -0.000000
vn -0.000000 1.000000 -0.000000
vn -0.000000 1.000000 -0.000000
vn -0.000000 1.000000 -0.000000
vn -0.000000 1.000000 -0.000000
vn -0.000000 1.000000 -0.000000
vn -0.000000 1.000000 -0.000000
vn -0.000000 1.000000 -0.000000
vn -0.000000 1.000000 -0.000000
vn -0.000000 1.000000 -0.000000
vn -0.000000 1.000000 -0.000000
vn -0.000000 1.000000 -0.000000
vn -0.000000 1.000000 -0.000000
vn -0.000000 1.000000 -0.000000
vn -0.000000 1.000000 -0.000000
vn -0.000000 1.000000 -0.000000
vn -0.000000 1.000000 -0.000000
vn -0.000000 1.000000 -0.000000
vn -0.000000 1.000000 -0.000000
vn -0.000000 1.000000 -0.000000
vn -0.000000 1.000000 -0.000000
vn -0.000000 1.000000 -0.000000
vn -0.000000 1.000000 -0.000000
vn -0.000000 1.000000 -0.000000
vn -0.000000 1.000000 -0.000000
vn -0.000000 1.000000 -0.000000
vn -0.000000 1.000000 -0.000000
vn -0.000000 1.000000 -0.000000
vn -0.000000 1.000000 -0.000000
vn -0.000000 1.000000 -0.000000
vn -0.000000 1.000000 -0.000000
vn -0.000000 1.000000 -0.000000
vn -0.000000 1.000000 -0.000000
vn -0.000000 1.000000 -0.000000
vn -0.000000 1.000000 -0.000000
vn -0.000000 1.000000 -0.000000
vn -0.000000 1.000000 -0.000000
vn -0.000000 1.000000 -0.000000
vn -0.000000 1.000000 -0.000000
vn -0.000000 1.000000 -0.000000
vn -0.000000 1.000000 -0.000000
vn -0.000000 1.000000 -0.000000
vn -0.000000 1.000000 -0.000000
vn -0.000000 1.000000 -0.000000
vn -0.000000 1.000000 -0.000000
vn -0.000000 1.000000 -0.000000
vn -0.000000 1.000000 -0.000000
vn -0.000000 1.000000 -0.000000
vn -0.000000 1.000000 -0.000000
vn -0.000000 1.000000 -0.000000
vn -0.000000 1.000000 -0.000000
vn -0.000000 1.000000 -0.000000
vn -0.000000 1.000000 -0.000000
vn -0.000000 1.000000 -0.000000
vn -0.000000 1.000000 -0.000000
vn -0.000000 1.000000 -0.000000
vn -0.000000 1.000000 -0.000000
vn -0.000000 1.000000 -0.000000
vn -0.000000 1.000000 -0.000000
vn -0.000000 1.000000 -0.000000
vn -0.000000 1.000000 -0.000000
vn -0.000000 1.000000 -0.000000
vn -0.000000 1.000000 -0.000000
vn -0.000000 1.000000 -0.000000
vn -0.000000 1.000000 -0.000000
vn -0.000000 1.000000 -0.000000
vn -0.000000 1.000000 -0.000000
vn -0.000000 1.000000 -0.000000
vn -0.000000 1.000000 -0.000000
vn 0.972155 0.000000 -0.234339
vn 0.972155 0.000000 -0.234339
vn 0.999857 0.000000 -0.016894
vn 0.999857 0.000000 -0.016894
vn 0.979517 -0.000000 0.201363
vn 0.979517 -0.000000 0.201363
vn 0.912110 -0.000000 0.409945
vn 0.912110 -0.000000 0.409945
vn 0.800877 -0.000000 0.598828
vn 0.800877 -0.000000 0.598828
vn -0.608829 0.000000 0.793301
vn -0.608829 0.000000 0.793301
vn -0.415659 0.000000 0.909521
vn -0.415659 0.000000 0.909521
vn -0.201363 0.000000 0.979517
vn -0.201363 0.000000 0.979517
vn 0.023166 -0.000000 0.999732
vn 0.023166 -0.000000 0.999732
vn 0.246517 -0.000000 0.969138
vn 0.246517 -0.000000 0.969138
vn -0.246517 0.000000 -0.969138
vn -0.246517 0.000000 -0.969138
vn -0.023166 0.000000 -0.999732
vn -0.023166 0.000000 -0.999732
vn 0.201363 0.000000 -0.979517
vn 0.201363 0.000000 -0.979517
vn 0.415659 0.000000 -0.909521
vn 0.415659 0.000000 -0.909521
vn 0.608829 0.000000 -0.793301
vn 0.608829 0.000000 -0.793301
vn -0.800877 0.000000 -0.598828
vn -0.800877 0.000000 -0.598828
vn -0.912110 0.000000 -0.409945
vn -0.912110 0.000000 -0.409945
vn -0.979517 0.000000 -0.201363
vn -0.979517 0.000000 -0.201363
vn -0.999857 0.000000 0.016894
vn -0.999857 0.000000 0.016894
vn -0.972155 0.000000 0.234339
vn -0.972155 0.000000 0.234339
vn 0.246517 -0.000000 0.969138
vn 0.246517 -0.000000 0.969138
vn 0.023166 -0.000000 0.999732
vn 0.023166 -0.000000 0.999732
vn -0.201363 0.000000 0.979517
vn -0.201363 0.000000 0.979517
vn -0.415659 0.000000 0.909521
vn -0.415659 0.000000 0.909521
vn -0.608829 0.000000 0.793301
vn -0.608829 0.000000 0.793301
vn 0.965926 0.000000 0.258819
vn 0.965926 0.000000 0.258819
vn 1.000000 0.000000 0.000000
vn 1.000000 0.000000 0.000000
vn 0.965926 0.000000 -0.258819
vn 0.965926 0.000000 -0.258819
vn 0.866025 0.000000 -0.500000
vn 0.866025 0.000000 -0.500000
vn 0.707107 0.000000 -0.707107
vn 0.707107 0.000000 -0.707107
vn 0.500000 0.000000 -0.866025
vn 0.500000 0.000000 -0.866025
vn 0.258819 0.000000 -0.965926
vn 0.258819 0.000000 -0.965926
vn -0.000000 0.000000 -1.000000
vn -0.000000 0.000000 -1.000000
vn -0.258819 0.000000 -0.965926
vn -0.258819 0.000000 -0.965926
vn -0.500000 0.000000 -0.866025
vn -0.500000 0.000000 -0.866025
vn -0.707107 0.000000 -0.707107
vn -0.707107 0.000000 -0.707107
vn -0.866025 0.000000 -0.500000
vn -0.866025 0.000000 -0.500000
vn -0.965926 0.000000 -0.258819
vn -0.965926 0.000000 -0.258819
vn -1.000000 0.000000 -0.000000
vn -1.000000 0.000000 -0.000000
vn -0.965926 0.000000 0.258819
vn -0.965926 0.000000 0.258819
vn -0.866025 0.000000 0.500000
vn -0.866025 0.000000 0.500000
vn -0.707107 0.000000 0.707107
vn -0.707107 0.000000 0.707107
vn -0.500000 0.000000 0.866025
vn -0.500000 0.000000 0.866025
vn -0.258819 0.000000 0.965926
vn -0.258819 0.000000 0.965926
vn -0.000000 0.000000 1.000000
vn -0.000000 0.000000 1.000000
vn 0.258819 0.000000 0.965926
vn 0.258819 0.000000 0.965926
vn 0.500000 0.000000 0.866025
vn 0.500000 0.000000 0.866025
vn 0.707107 0.000000 0.707107
vn 0.707107 0.000000 0.707107
vn 0.866025 0.000000 0.500000
vn 0.866025 0.000000 0.500000
vn 0.965926 0.000000 -0.258819
vn 0.965926 0.000000 -0.258819
vn 1.000000 0.000000 -0.000000
vn 1.000000 0.000000 -0.000000
vn 0.965926 0.000000 0.258819
vn 0.965926 0.000000 0.258819
vn 0.866025 0.000000 0.500000
vn 0.866025 0.000000 0.500000
vn 0.707107 0.000000 0.707107
vn 0.707107 0.000000 0.707107
vn 0.500000 0.000000 0.866025
vn 0.500000 0.000000 0.866025
vn 0.258819 0.000000 0.965926
vn 0.258819 0.000000 0.965926
vn -0.000000 0.000000 1.000000
vn -0.000000 0.000000 1.000000
vn -0.258819 0.000000 0.965926
vn -0.258819 0.000000 0.965926
vn -0.500000 0.000000 0.866025
vn -0.500000 0.000000 0.866025
vn -0.707107 0.000000 0.707107
vn -0.707107 0.000000 0.707107
vn -0.866025 0.000000 0.500000
vn -0.866025 0.000000 0.500000
vn -0.965926 0.000000 0.258819
vn -0.965926 0.000000 0.258819
vn -1.000000 0.000000 -0.000000
vn -1.000000 0.000000 -0.000000
vn -0.965926 0.000000 -0.258819
vn -0.965926 0.000000 -0.258819
vn -0.866025 0.000000 -0.500000
vn -0.866025 0.000000 -0.500000
vn -0.707107 0.000000 -0.707107
vn -0.707107 0.000000 -0.707107
vn -0.500000 0.000000 -0.866025
vn -0.500000 0.000000 -0.866025
vn -0.258819 0.000000 -0.965926
vn -0.258819 0.000000 -0.965926
vn -0.000000 0.000000 -1.000000
vn -0.000000 0.000000 -1.000000
vn 0.258819 0.000000 -0.965926
vn 0.258819 0.000000 -0.965926
vn 0.500000 0.000000 -0.866025
vn 0.500000 0.000000 -0.866025
vn 0.707107 0.000000 -0.707107
vn 0.707107 0.000000 -0.707107
vn 0.866025 0.000000 -0.500000
vn 0.866025 0.000000 -0.500000
vn 0.965926 0.000000 0.258819
vn 0.965926 0.000000 0.258819
vn 1.000000 0.000000 0.000000
vn 1.000000 0.000000 0.000000
vn 0.965926 0.000000 -0.258819
vn 0.965926 0.000000 -0.258819
vn 0.866025 0.000000 -0.500000
vn 0.866025 0.000000 -0.500000
vn 0.707107 0.000000 -0.707107
vn 0.707107 0.000000 -0.707107
vn 0.500000 0.000000 -0.866025
vn 0.500000 0.000000 -0.866025
vn 0.258819 0.000000 -0.965926
vn 0.258819 0.000000 -0.965926
vn -0.000000 0.000000 -1.000000
vn -0.000000 0.000000 -1.000000
vn -0.258819 0.000000 -0.965926
vn -0.258819 0.000000 -0.965926
vn -0.500000 0.000000 -0.866025
vn -0.500000 0.000000 -0.866025
vn -0.707107 0.000000 -0.707107
vn -0.707107 0.000000 -0.707107
vn -0.866025 0.000000 -0.500000
vn -0.866025 0.000000 -0.500000
vn -0.965926 0.000000 -0.258819
vn -0.965926 0.000000 -0.258819
vn -1.000000 0.000000 -0.000000
vn -1.000000 0.000000 -0.000000
vn -0.965926 0.000000 0.258819
vn -0.965926 0.000000 0.258819
vn -0.866025 0.000000 0.500000
vn -0.866025 0.000000 0.500000
vn -0.707107 0.000000 0.707107
vn -0.707107 0.000000 0.707107
vn -0.500000 0.000000 0.866025
vn -0.500000 0.000000 0.866025
vn -0.258819 0.000000 0.965926
vn -0.258819 0.000000 0.965926
vn -0.000000 0.000000 1.000000
vn -0.000000 0.000000 1.000000
vn 0.258819 0.000000 0.965926
vn 0.258819 0.000000 0.965926
vn 0.500000 0.000000 0.866025
vn 0.500000 0.000000 0.866025
vn 0.707107 0.000000 0.707107
vn 0.707107 0.000000 0.707107
vn 0.866025 0.000000 0.500000
vn 0.866025 0.000000 0.500000
vn 0.965926 0.000000 -0.258819
vn 0.965926 0.000000 -0.258819
vn 1.000000 0.000000 -0.000000
vn 1.000000 0.000000 -0.000000
vn 0.965926 0.000000 0.258819
vn 0.965926 0.000000 0.258819
vn 0.866025 0.000000 0.500000
vn 0.866025 0.000000 0.500000
vn 0.707107 0.000000 0.707107
vn 0.707107 0.000000 0.707107
vn 0.500000 0.000000 0.866025
vn 0.500000 0.000000 0.866025
vn 0.258819 0.000000 0.965926
vn 0.258819 0.000000 0.965926
vn -0.000000 0.000000 1.000000
vn -0.000000 0.000000 1.000000
vn -0.258819 0.000000 0.965926
vn -0.258819 0.000000 0.965926
vn -0.500000 0.000000 0.866025
vn -0.500000 0.000000 0.866025
vn -0.707107 0.000000 0.707107
vn -0.707107 0.000000 0.707107
vn -0.866025 0.000000 0.500000
vn -0.866025 0.000000 0.500000
vn -0.965926 0.000000 0.258819
vn -0.965926 0.000000 0.258819
vn -1.000000 0.000000 -0.000000
vn -1.000000 0.000000 -0.000000
vn -0.965926 0.000000 -0.258819
vn -0.965926 0.000000 -0.258819
vn -0.866025 0.000000 -0.500000
vn -0.866025 0.000000 -0.500000
vn -0.707107 0.000000 -0.707107
vn -0.707107 0.000000 -0.707107
vn -0.500000 0.000000 -0.866025
vn -0.500000 0.000000 -0.866025
vn -0.258819 0.000000 -0.965926
vn -0.258819 0.000000 -0.965926
vn -0.000000 0.000000 -1.000000
vn -0.000000 0.000000 -1.000000
vn 0.258819 0.000000 -0.965926
vn 0.258819 0.000000 -0.965926
vn 0.500000 0.000000 -0.866025
vn 0.500000 0.000000 -0.866025
vn 0.707107 0.000000 -0.707107
vn 0.707107 0.000000 -0.707107
vn 0.866025 0.000000 -0.500000
vn 0.866025 0.000000 -0.500000
vn 0.965926 0.000000 0.258819
vn 0.965926 0.000000 0.258819
vn 1.000000 0.000000 0.000000
vn 1.000000 0.000000 0.000000
vn 0.965926 0.000000 -0.258819
vn 0.965926 0.000000 -0.258819
vn 0.866025 0.000000 -0.500000
vn 0.866025 0.000000 -0.500000
vn 0.707107 0.000000 -0.707107
vn 0.707107 0.000000 -0.707107
vn 0.500000 0.000000 -0.866025
vn 0.500000 0.000000 -0.866025
vn 0.258819 0.000000 -0.965926
vn 0.258819 0.000000 -0.965926
vn -0.000000 0.000000 -1.000000
vn -0.000000 0.000000 -1.000000
vn -0.258819 0.000000 -0.965926
vn -0.258819 0.000000 -0.965926
vn -0.500000 0.000000 -0.866025
vn -0.500000 0.000000 -0.866025
vn -0.707107 0.000000 -0.707107
vn -0.707107 0.000000 -0.707107
vn -0.866025 0.000000 -0.500000
vn -0.866025 0.000000 -0.500000
vn -0.965926 0.000000 -0.258819
vn -0.965926 0.000000 -0.258819
vn -1.000000 0.000000 -0.000000
vn -1.000000 0.000000 -0.000000
vn -0.965926 0.000000 0.258819
vn -0.965926 0.000000 0.258819
vn -0.866025 0.000000 0.500000
vn -0.866025 0.000000 0.500000
vn -0.707107 0.000000 0.707107
vn -0.707107 0.000000 0.707107
vn -0.500000 0.000000 0.866025
vn -0.500000 0.000000 0.866025
vn -0.258819 0.000000 0.965926
vn -0.258819 0.000000 0.965926
vn -0.000000 0.000000 1.000000
vn -0.000000 0.000000 1.000000
vn 0.258819 0.000000 0.965926
vn 0.258819 0.000000 0.965926
vn 0.500000 0.000000 0.866025
vn 0.500000 0.000000 0.866025
vn 0.707107 0.000000 0.707107
vn 0.707107 0.000000 0.707107
vn 0.866025 0.000000 0.500000
vn 0.866025 0.000000 0.500000
vn 0.965926 0.000000 -0.258819
vn 0.965926 0.000000 -0.258819
vn 1.000000 0.000000 -0.000000
vn 1.000000 0.000000 -0.000000
vn 0.965926 0.000000 0.258819
vn 0.965926 0.000000 0.258819
vn 0.866025 0.000000 0.500000
vn 0.866025 0.000000 0.500000
vn 0.707107 0.000000 0.707107
vn 0.707107 0.000000 0.707107
vn 0.500000 0.000000 0.866025
vn 0.500000 0.000000 0.866025
vn 0.258819 0.000000 0.965926
vn 0.258819 0.000000 0.965926
vn -0.000000 0.000000 1.000000
vn -0.000000 0.000000 1.000000
vn -0.258819 0.000000 0.965926
vn -0.258819 0.000000 0.965926
vn -0.500000 0.000000 0.866025
vn -0.500000 0.000000 0.866025
vn -0.707107 0.000000 0.707107
vn -0.707107 0.000000 0.707107
vn -0.866025 0.000000 0.500000
vn -0.866025 0.000000 0.500000
vn -0.965926 0.000000 0.258819
vn -0.965926 0.000000 0.258819
vn -1.000000 0.000000 -0.000000
vn -1.000000 0.000000 -0.000000
vn -0.965926 0.000000 -0.258819
vn -0.965926 0.000000 -0.258819
vn -0.866025 0.000000 -0.500000
vn -0.866025 0.000000 -0.500000
vn -0.707107 0.000000 -0.707107
vn -0.707107 0.000000 -0.707107
vn -0.500000 0.000000 -0.866025
vn -0.500000 0.000000 -0.866025
vn -0.258819 0.000000 -0.965926
vn -0.258819 0.000000 -0.965926
vn -0.000000 0.000000 -1.000000
vn -0.000000 0.000000 -1.000000
vn 0.258819 0.000000 -0.965926
vn 0.258819 0.000000 -0.965926
vn 0.500000 0.000000 -0.866025
vn 0.500000 0.000000 -0.866025
vn 0.707107 0.000000 -0.707107
vn 0.707107 0.000000 -0.707107
vn 0.866025 0.000000 -0.500000
vn 0.866025 0.000000 -0.500000
vn 0.965926 0.000000 0.258819
vn 0.965926 0.000000 0.258819
vn 1.000000 0.000000 0.000000
vn 1.000000 0.000000 0.000000
vn 0.965926 0.000000 -0.258819
vn 0.965926 0.000000 -0.258819
vn 0.866025 0.000000 -0.500000
vn 0.866025 0.000000 -0.500000
vn 0.707107 0.000000 -0.707107
vn 0.707107 0.000000 -0.707107
vn 0.500000 0.000000 -0.866025
vn 0.500000 0.000000 -0.866025
vn 0.258819 0.000000 -0.965926
vn 0.258819 0.000000 -0.965926
vn -0.000000 0.000000 -1.000000
vn -0.000000 0.000000 -1.000000
vn -0.258819 0.000000 -0.965926
vn -0.258819 0.000000 -0.965926
vn -0.500000 0.000000 -0.866025
vn -0.500000 0.000000 -0.866025
vn -0.707107 0.000000 -0.707107
vn -0.707107 0.000000 -0.707107
vn -0.866025 0.000000 -0.500000
vn -0.866025 0.000000 -0.500000
vn -0.965926 0.000000 -0.258819
vn -0.965926 0.000000 -0.258819
vn -1.000000 0.000000 -0.000000
vn -1.000000 0.000000 -0.000000
vn -0.965926 0.000000 0.258819
vn -0.965926 0.000000 0.258819
vn -0.866025 0.000000 0.500000
vn -0.866025 0.000000 0.500000
vn -0.707107 0.000000 0.707107
vn -0.707107 0.000000 0.707107
vn -0.500000 0.000000 0.866025
vn -0.500000 0.000000 0.866025
vn -0.258819 0.000000 0.965926
vn -0.258819 0.000000 0.965926
vn -0.000000 0.000000 1.000000
vn -0.000000 0.000000 1.000000
vn 0.258819 0.000000 0.965926
vn 0.258819 0.000000 0.965926
vn 0.500000 0.000000 0.866025
vn 0.500000 0.000000 0.866025
vn 0.707107 0.000000 0.707107
vn 0.707107 0.000000 0.707107
vn 0.866025 0.000000 0.500000
vn 0.866025 0.000000 0.500000
vn 0.965926 0.000000 -0.258819
vn 0.965926 0.000000 -0.258819
vn 1.000000 0.000000 -0.000000
vn 1.000000 0.000000 -0.000000
vn 0.965926 0.000000 0.258819
vn 0.965926 0.000000 0.258819
vn 0.866025 0.000000 0.500000
vn 0.866025 0.000000 0.500000
vn 0.707107 0.000000 0.707107
vn 0.707107 0.000000 0.707107
vn 0.500000 0.000000 0.866025
vn 0.500000 0.000000 0.866025
vn 0.258819 0.000000 0.965926
vn 0.258819 0.000000 0.965926
vn -0.000000 0.000000 1.000000
vn -0.000000 0.000000 1.000000
vn -0.258819 0.000000 0.965926
vn -0.258819 0.000000 0.965926
vn -0.500000 0.000000 0.866025
vn -0.500000 0.000000 0.866025
vn -0.707107 0.000000 0.707107
vn -0.707107 0.000000 0.707107
vn -0.866025 0.000000 0.500000
vn -0.866025 0.000000 0.500000
vn -0.965926 0.000000 0.258819
vn -0.965926 0.000000 0.258819
vn -1.000000 0.000000 -0.000000
vn -1.000000 0.000000 -0.000000
vn -0.965926 0.000000 -0.258819
vn -0.965926 0.000000 -0.258819
vn -0.866025 0.000000 -0.500000
vn -0.866025 0.000000 -0.500000
vn -0.707107 0.000000 -0.707107
vn -0.707107 0.000000 -0.707107
vn -0.500000 0.000000 -0.866025
vn -0.500000 0.000000 -0.866025
vn -0.258819 0.000000 -0.965926
vn -0.258819 0.000000 -0.965926
vn -0.000000 0.000000 -1.000000
vn -0.000000 0.000000 -1.000000
vn 0.258819 0.000000 -0.965926
vn 0.258819 0.000000 -0.965926
vn 0.500000 0.000000 -0.866025
vn 0.500000 0.000000 -0.866025
vn 0.707107 0.000000 -0.707107
vn 0.707107 0.000000 -0.707107
vn 0.866025 0.000000 -0.500000
vn 0.866025 0.000000 -0.500000
vn 0.965926 0.000000 0.258819
vn 0.965926 0.000000 0.258819
vn 1.000000 0.000000 0.000000
vn 1.000000 0.000000 0.000000
vn 0.965926 0.000000 -0.258819
vn 0.965926 0.000000 -0.258819
vn 0.866025 0.000000 -0.500000
vn 0.866025 0.000000 -0.500000
vn 0.707107 0.000000 -0.707107
vn 0.707107 0.000000 -0.707107
vn 0.500000 0.000000 -0.866025
vn 0.500000 0.000000 -0.866025
vn 0.258819 0.000000 -0.965926
vn 0.258819 0.000000 -0.965926
vn -0.000000 0.000000 -1.000000
vn -0.000000 0.000000 -1.000000
vn -0.258819 0.000000 -0.965926
vn -0.258819 0.000000 -0.965926
vn -0.500000 0.000000 -0.866025
vn -0.500000 0.000000 -0.866025
vn -0.707107 0.000000 -0.707107
vn -0.707107 0.000000 -0.707107
vn -0.866025 0.000000 -0.500000
vn -0.866025 0.000000 -0.500000
vn -0.965926 0.000000 -0.258819
vn -0.965926 0.000000 -0.258819
vn -1.000000 0.000000 -0.000000
vn -1.000000 0.000000 -0.000000
vn -0.965926 0.000000 0.258819
vn -0.965926 0.000000 0.258819
vn -0.866025 0.000000 0.500000
vn -0.866025 0.000000 0.500000
vn -0.707107 0.000000 0.707107
vn -0.707107 0.000000 0.707107
vn -0.500000 0.000000 0.866025
vn -0.500000 0.000000 0.866025
vn -0.258819 0.000000 0.965926
vn -0.258819 0.000000 0.965926
vn -0.000000 0.000000 1.000000
vn -0.000000 0.000000 1.000000
vn 0.258819 0.000000 0.965926
vn 0.258819 0.000000 0.965926
vn 0.500000 0.000000 0.866025
vn 0.500000 0.000000 0.866025
vn 0.707107 0.000000 0.707107
vn 0.707107 0.000000 0.707107
vn 0.866025 0.000000 0.500000
vn 0.866025 0.000000 0.500000
vn 0.965926 0.000000 -0.258819
vn 0.965926 0.000000 -0.258819
vn 1.000000 0.000000 -0.000000
vn 1.000000 0.000000 -0.000000
vn 0.965926 0.000000 0.258819
vn 0.965926 0.000000 0.258819
vn 0.866025 0.000000 0.500000
vn 0.866025 0.000000 0.500000
vn 0.707107 0.000000 0.707107
vn 0.707107 0.000000 0.707107
vn 0.500000 0.000000 0.866025
vn 0.500000 0.000000 0.866025
vn 0.258819 0.000000 0.965926
vn 0.258819 0.000000 0.965926
vn -0.000000 0.000000 1.000000
vn -0.000000 0.000000 1.000000
vn -0.258819 0.000000 0.965926
vn -0.258819 0.000000 0.965926
vn -0.500000 0.000000 0.866025
vn -0.500000 0.000000 0.866025
vn -0.707107 0.000000 0.707107
vn -0.707107 0.000000 0.707107
vn -0.866025 0.000000 0.500000
vn -0.866025 0.000000 0.500000
vn -0.965926 0.000000 0.258819
vn -0.965926 0.000000 0.258819
vn -1.000000 0.000000 -0.000000
vn -1.000000 0.000000 -0.000000
vn -0.965926 0.000000 -0.258819
vn -0.965926 0.000000 -0.258819
vn -0.866025 0.000000 -0.500000
vn -0.866025 0.000000 -0.500000
vn -0.707107 0.000000 -0.707107
vn -0.707107 0.000000 -0.707107
vn -0.500000 0.000000 -0.866025
vn -0.500000 0.000000 -0.866025
vn -0.258819 0.000000 -0.965926
vn -0.258819 0.000000 -0.965926
vn -0.000000 0.000000 -1.000000
vn -0.000000 0.000000 -1.000000
vn 0.258819 0.000000 -0.965926
vn 0.258819 0.000000 -0.965926
vn 0.500000 0.000000 -0.866025
vn 0.500000 0.000000 -0.866025
vn 0.707107 0.000000 -0.707107
vn 0.707107 0.000000 -0.707107
vn 0.866025 0.000000 -0.500000
vn 0.866025 0.000000 -0.500000
vn -1.000000 0.000000 -0.000000
vn -1.000000 0.000000 -0.000000
vn -1.000000 0.000000 -0.000000
vn -1.000000 0.000000 -0.000000
vn 0.973080 -0.230466 0.000000
vn 0.973080 -0.230466 0.000000
vn 0.973080 -0.230466 0.000000
vn 0.973080 -0.230466 0.000000
vn 0.973080 -0.230466 0.000000
vn 0.973080 -0.230466 0.000000
vn 0.973080 -0.230466 0.000000
vn 0.973080 -0.230466 0.000000
vn 0.973080 -0.230466 0.000000
vn 0.973080 -0.230466 0.000000
vn 0.973080 -0.230466 0.000000
vn 0.973080 -0.230466 0.000000
vn 0.000000 -1.000000 0.000000
vn 0.000000 -1.000000 0.000000
vn 0.000000 -1.000000 0.000000
vn 0.000000 -1.000000 0.000000
vn 0.000000 -1.000000 0.000000
vn 0.000000 -1.000000 0.000000
vn 0.000000 -1.000000 0.000000
vn 0.000000 -1.000000 0.000000
vn 0.000000 -1.000000 0.000000
vn 0.000000 -1.000000 0.000000
vn 0.000000 -1.000000 0.000000
vn 0.000000 -1.000000 0.000000
vn 0.000000 -1.000000 0.000000
vn 0.000000 -1.000000 0.000000
vn 0.000000 -1.000000 0.000000
vn 0.000000 -1.000000 0.000000
vn 0.000000 -1.000000 0.000000
vn 0.000000 -1.000000 0.000000
vn 0.000000 -1.000000 0.000000
vn 0.000000 -1.000000 0.000000
vn 0.000000 -1.000000 0.000000
vn 0.000000 -1.000000 0.000000
vn 0.000000 -1.000000 0.000000
vn 0.000000 -1.000000 0.000000
vn 0.000000 -1.000000 0.000000
vn 0.000000 -1.000000 0.000000
vn 0.000000 -1.000000 0.000000
vn 0.000000 -1.000000 0.000000
vn 0.000000 -1.000000 0.000000
vn 0.000000 -1.000000 0.000000
vn 0.000000 -1.000000 0.000000
vn 0.000000 -1.000000 0.000000
vn 0.000000 -1.000000 0.000000
vn 0.000000 -1.000000 0.000000
vn 0.000000 -1.000000 0.000000
vn 0.000000 -1.000000 0.000000
vn 0.000000 -1.000000 0.000000
vn 0.000000 -1.000000 0.000000
vn 0.000000 -1.000000 0.000000
vn 0.000000 -1.000000 0.000000
vn 0.000000 -1.000000 0.000000
vn 0.000000 -1.000000 0.000000
vn 0.000000 -1.000000 0.000000
vn 0.000000 -1.000000 0.000000
vn 0.000000 -1.000000 0.000000
vn 0.000000 -1.000000 0.000000
vn 0.000000 -1.000000 0.000000
vn 0.000000 -1.000000 0.000000
vn 0.000000 -1.000000 0.000000
vn 0.000000 -1.000000 0.000000
vn 0.000000 -1.000000 0.000000
vn 0.000000 -1.000000 0.000000
vn 0.000000 -1.000000 0.000000
vn 0.000000 -1.000000 0.000000
vn 0.000000 -1.000000 0.000000
vn 0.000000 -1.000000 0.000000
vn 0.000000 -1.000000 0.000000
vn 0.000000 -1.000000 0.000000
vn 0.000000 -1.000000 0.000000
vn 0.000000 -1.000000 0.000000
vn 0.000000 -1.000000 0.000000
vn 0.000000 -1.000000 0.000000
vn 0.000000 -1.000000 0.000000
vn 0.000000 -1.000000 0.000000
vn 0.000000 -1.000000 0.000000
vn 0.000000 -1.000000 0.000000
vn 0.000000 -1.000000 0.000000
vn 0.000000 -1.000000 0.000000
vn 0.000000 -1.000000 0.000000
vn 0.000000 -1.000000 0.000000
vn 0.000000 -1.000000 0.000000
vn 0.000000 -1.000000 0.000000
vn 0.000000 -1.000000 0.000000
vn 0.000000 -1.000000 0.000000
vn 0.000000 -1.000000 0.000000
vn 0.000000 -1.000000 0.000000
vn 0.000000 -1.000000 0.000000
vn 0.000000 -1.000000 0.000000
vn 0.000000 -1.000000 0.000000
vn 0.000000 -1.000000 0.000000
vn 0.000000 -1.000000 0.000000
vn 0.000000 -1.000000 0.000000
vn 0.000000 -1.000000 0.000000
vn 0.000000 -1.000000 0.000000
vn 0.000000 -1.000000 0.000000
vn 0.000000 -1.000000 0.000000
vn 0.000000 -1.000000 0.000000
vn 0.000000 -1.000000 0.000000
vn 0.000000 -1.000000 0.000000
vn 0.000000 -1.000000 0.000000
vn 0.000000 -1.000000 0.000000
vn 0.000000 -1.000000 0.000000
vn 0.000000 -1.000000 0.000000
vn 0.000000 -1.000000 0.000000
vn 0.000000 -1.000000 0.000000
vn 0.000000 -1.000000 0.000000
vn 0.000000 -1.000000 0.000000
vn 0.000000 -1.000000 0.000000
vn 0.000000 -1.000000 0.000000
vn 0.000000 -1.000000 0.000000
vn 0.000000 -1.000000 0.000000
vn 0.000000 -1.000000 0.000000
vn 0.000000 -1.000000 0.000000
vn 0.000000 -1.000000 0.000000
vn 0.000000 -1.000000 0.000000
vn 0.000000 -1.000000 0.000000
vn 0.000000 -1.000000 0.000000
vn 0.000000 -1.000000 0.000000
vn 0.000000 -1.000000 0.000000
vn 0.000000 -1.000000 0.000000
vn 0.000000 -1.000000 0.000000
vn 0.000000 -1.000000 0.000000
vn 0.000000 -1.000000 0.000000
vn 0.000000 -1.000000 0.000000
vn 0.000000 -1.000000 0.000000
vn 0.000000 -1.000000 0.000000
vn 0.000000 -1.000000 0.000000
vn 0.000000 -1.000000 0.000000
vn 0.000000 -1.000000 0.000000
vn 0.000000 -1.000000 0.000000
vn 0.000000 -1.000000 0.000000
vn 0.000000 -1.000000 0.000000
vn 0.000000 -1.000000 0.000000
vn 0.000000 -1.000000 0.000000
vn 0.000000 0.309086 0.951034
vn 0.000000 0.309086 0.951034
vn 0.000000 0.309086 0.951034
vn 0.000000 0.309086 0.951034
vn 1.000000 0.000000 0.000000
vn 1.000000 0.000000 0.000000
vn 1.000000 0.000000 0.000000
vn 1.000000 0.000000 0.000000
vn 1.000000 0.000000 0.000000
vn 1.000000 0.000000 0.000000
vn 1.000000 0.000000 0.000000
vn 1.000000 0.000000 0.000000
vn 1.000000 0.000000 0.000000
vn 1.000000 0.000000 0.000000
vn 1.000000 0.000000 0.000000
vn 1.000000 0.000000 0.000000
vn 1.000000 0.000000 0.000000
vn 1.000000 0.000000 0.000000
vn 1.000000 0.000000 0.000000
vn 1.000000 0.000000 0.000000
vn 1.000000 0.000000 0.000000
vn 1.000000 0.000000 0.000000
vn 1.000000 0.000000 0.000000
vn 1.000000 0.000000 0.000000
vn 1.000000 0.000000 0.000000
vn 1.000000 0.000000 0.000000
vn 1.000000 0.000000 0.000000
vn 1.000000 0.000000 0.000000
vn 1.000000 0.000000 0.000000
vn 1.000000 0.000000 0.000000
vn 1.000000 0.000000 0.000000
vn 1.000000 0.000000 0.000000
vn 1.000000 0.000000 0.000000
vn 1.000000 0.000000 0.000000
vn 1.000000 0.000000 0.000000
vn 1.000000 0.000000 0.000000
vn 1.000000 0.000000 0.000000
vn 1.000000 0.000000 0.000000
vn 1.000000 0.000000 0.000000
vn 1.000000 0.000000 0.000000
vn 1.000000 0.000000 0.000000
vn 1.000000 0.000000 0.000000
vn 1.000000 0.000000 0.000000
vn 1.000000 0.000000 0.000000
vn 1.000000 0.000000 0.000000
vn 1.000000 0.000000 0.000000
vn 1.000000 0.000000 0.000000
vn 1.000000 0.000000 0.000000
vn 1.000000 0.000000 0.000000
vn 1.000000 0.000000 0.000000
vn 1.000000 0.000000 0.000000
vn 1.000000 0.000000 0.000000
vn 1.000000 0.000000 0.000000
vn 1.000000 0.000000 0.000000
vn 1.000000 0.000000 0.000000
vn 1.000000 0.000000 0.000000
vn 1.000000 0.000000 0.000000
vn 1.000000 0.000000 0.000000
vn 1.000000 0.000000 0.000000
vn 1.000000 0.000000 0.000000
vn 1.000000 0.000000 0.000000
vn 1.000000 0.000000 0.000000
vn 1.000000 0.000000 0.000000
vn 1.000000 0.000000 0.000000
vn 1.000000 0.000000 0.000000
vn 1.000000 0.000000 0.000000
vn 1.000000 0.000000 0.000000
vn 1.000000 0.000000 0.000000
vn 1.000000 0.000000 0.000000
vn 1.000000 0.000000 0.000000
vn 0.000000 0.000000 1.000000
vn 0.000000 0.000000 1.000000
vn 0.000000 0.000000 1.000000
vn 0.000000 0.000000 1.000000
vn 0.000000 -0.707107 -0.707107
vn 0.000000 -0.707107 -0.707107
vn 0.000000 -0.707107 -0.707107
vn 0.000000 -0.707107 -0.707107
vn 0.000000 -0.707107 -0.707107
vn 0.000000 -0.707107 -0.707107
vn 0.000000 -0.707107 -0.707107
vn 0.000000 -0.707107 -0.707107
vn 0.000000 -0.707107 -0.707107
vn 0.000000 -0.707107 -0.707107
vn 0.000000 -0.707107 -0.707107
vn 0.000000 -0.707107 -0.707107
vn 0.000000 -0.707107 -0.707107
vn 0.000000 -0.707107 -0.707107
vn 0.000000 -0.707107 -0.707107
vn 0.000000 -0.707107 -0.707107
vn 0.966235 0.000000 -0.257663
vn 0.966235 0.000000 -0.257663
vn 0.966235 0.000000 -0.257663
vn 0.966235 0.000000 -0.257663
vn -0.000000 0.000000 -1.000000
vn -0.000000 0.000000 -1.000000
vn -0.000000 0.000000 -1.000000
vn -0.000000 0.000000 -1.000000
vn -0.966235 0.000000 -0.257663
vn -0.966235 0.000000 -0.257663
vn -0.966235 0.000000 -0.257663
vn -0.966235 0.000000 -0.257663
vn -0.989949 0.000000 -0.141421
vn -0.989949 0.000000 -0.141421
vn -0.989949 0.000000 -0.141421
vn -0.989949 0.000000 -0.141421
vn -0.989949 0.000000 -0.141421
vn -0.989949 0.000000 -0.141421
vn 0.966235 0.000000 -0.257663
vn 0.966235 0.000000 -0.257663
vn 0.966235 0.000000 -0.257663
vn 0.966235 0.000000 -0.257663
vn -0.000000 0.000000 -1.000000
vn -0.000000 0.000000 -1.000000
vn -0.000000 0.000000 -1.000000
vn -0.000000 0.000000 -1.000000
vn -0.966235 0.000000 -0.257663
vn -0.966235 0.000000 -0.257663
vn -0.966235 0.000000 -0.257663
vn -0.966235 0.000000 -0.257663
vn 0.966235 0.000000 -0.257663
vn 0.966235 0.000000 -0.257663
vn 0.966235 0.000000 -0.257663
vn 0.966235 0.000000 -0.257663
vn -0.000000 -0.000000 -1.000000
vn -0.000000 -0.000000 -1.000000
vn -0.000000 -0.000000 -1.000000
vn -0.000000 -0.000000 -1.000000
vn -0.000000 -0.000000 -1.000000
vn -0.000000 -0.000000 -1.000000
vn -0.000000 -0.000000 -1.000000
vn -0.000000 -0.000000 -1.000000
vn -0.000000 -0.000000 -1.000000
vn -0.000000 -0.000000 -1.000000
vn -0.000000 -0.000000 -1.000000
vn -0.000000 -0.000000 -1.000000
vn -0.000000 -0.000000 -1.000000
vn -0.000000 -0.000000 -1.000000
vn -0.000000 -0.000000 -1.000000
vn -0.000000 -0.000000 -1.000000
vn -0.000000 -0.000000 -1.000000
vn -0.000000 -0.000000 -1.000000
vn 0.000000 -0.707107 -0.707107
vn 0.000000 -0.707107 -0.707107
vn 0.000000 -0.707107 -0.707107
vn 0.000000 -0.707107 -0.707107
vn -0.000000 0.000000 -1.000000
vn -0.000000 0.000000 -1.000000
vn -0.000000 0.000000 -1.000000
vn -0.000000 0.000000 -1.000000
vn -0.000000 -0.707107 0.707107
vn -0.000000 -0.707107 0.707107
vn -0.000000 -0.707107 0.707107
vn -0.000000 -0.707107 0.707107
vn -0.000000 1.000000 -0.000000
vn -0.000000 1.000000 -0.000000
vn -0.000000 1.000000 -0.000000
vn -0.000000 1.000000 -0.000000
vn -0.000000 0.000000 -1.000000
vn -0.000000 0.000000 -1.000000
vn -0.000000 0.000000 -1.000000
vn -0.000000 0.000000 -1.000000
vn 1.000000 0.000000 0.000000
vn 1.000000 0.000000 0.000000
vn 1.000000 0.000000 0.000000
vn 1.000000 0.000000 0.000000
vn 1.000000 0.000000 0.000000
vn 1.000000 0.000000 0.000000
vn 1.000000 0.000000 0.000000
vn 1.000000 0.000000 0.000000
vn 1.000000 0.000000 0.000000
vn 1.000000 0.000000 0.000000
vn 1.000000 0.000000 0.000000
vn 1.000000 0.000000 0.000000
vn 1.000000 0.000000 0.000000
vn 1.000000 0.000000 0.000000
vn 1.000000 0.000000 0.000000
vn 1.000000 0.000000 0.000000
vn 1.000000 0.000000 0.000000
vn 1.000000 0.000000 0.000000
vn 1.000000 0.000000 0.000000
vn 1.000000 0.000000 0.000000
vn 1.000000 0.000000 0.000000
vn 1.000000 0.000000 0.000000
vn 1.000000 0.000000 0.000000
vn 1.000000 0.000000 0.000000
vn 1.000000 0.000000 0.000000
vn 1.000000 0.000000 0.000000
vn 1.000000 0.000000 0.000000
vn 1.000000 0.000000 0.000000
vn 1.000000 0.000000 0.000000
vn 1.000000 0.000000 0.000000
vn 1.000000 0.000000 0.000000
vn 1.000000 0.000000 0.000000
vn -0.000000 -0.707107 0.707107
vn -0.000000 -0.707107 0.707107
vn -0.000000 -0.707107 0.707107
vn -0.000000 -0.707107 0.707107
vn -0.000000 -0.707107 0.707107
vn -0.000000 -0.707107 0.707107
vn 0.000000 -1.000000 0.000000
vn 0.000000 -1.000000 0.000000
vn 0.000000 -1.000000 0.000000
vn 0.000000 -1.000000 0.000000
vn 0.000000 -1.000000 0.000000
vn 0.000000 -1.000000 0.000000
vn 0.000000 -1.000000 0.000000
vn 0.000000 -1.000000 0.000000
vn 0.000000 -1.000000 0.000000
vn 0.000000 -1.000000 0.000000
vn 0.000000 -1.000000 0.000000
vn 0.000000 -1.000000 0.000000
vn -0.000000 -0.309086 0.951034
vn -0.000000 -0.309086 0.951034
vn -0.000000 -0.309086 0.951034
vn -0.000000 -0.309086 0.951034
vn -0.000000 -0.309086 0.951034
vn -0.000000 -0.309086 0.951034
vn -0.000000 -0.309086 0.951034
vn -0.000000 -0.309086 0.951034
vn -0.000000 -0.309086 0.951034
vn -0.000000 -0.309086 0.951034
vn -0.000000 -0.309086 0.951034
vn -0.000000 -0.309086 0.951034
vn -0.000000 -0.309086 0.951034
vn -0.000000 -0.309086 0.951034
vn -0.000000 -0.309086 0.951034
vn -0.000000 -0.309086 0.951034
vn -0.000000 -0.309086 0.951034
vn -0.000000 -0.309086 0.951034
vn -0.000000 -0.309086 0.951034
vn -0.000000 -0.309086 0.951034
vn -0.000000 -0.309086 0.951034
vn -0.000000 -0.309086 0.951034
vn -0.000000 -0.309086 0.951034
vn -0.000000 -0.309086 0.951034
vn -0.000000 -0.309086 0.951034
vn -0.000000 -0.309086 0.951034
vn -0.000000 -0.309086 0.951034
vn -0.000000 -0.309086 0.951034
vn -0.000000 -0.309086 0.951034
vn -0.000000 -0.309086 0.951034
vn -0.000000 -0.309086 0.951034
vn -0.000000 -0.309086 0.951034
vn -0.000000 -0.309086 0.951034
vn -0.000000 -0.309086 0.951034
vn -0.000000 -0.309086 0.951034
vn 0.000000 -1.000000 0.000000
vn 0.000000 -1.000000 0.000000
vn 0.000000 -1.000000 0.000000
vn 0.000000 -1.000000 0.000000
vn 0.000000 -1.000000 0.000000
vn 0.000000 -1.000000 0.000000
vn 0.000000 -1.000000 0.000000
vn 0.000000 -1.000000 0.000000
vn -0.707107 0.707107 0.000000
vn -0.707107 0.707107 0.000000
vn -0.707107 0.707107 0.000000
vn -0.707107 0.707107 0.000000
vn -0.707107 -0.707107 0.000000
vn -0.707107 -0.707107 0.000000
vn -0.707107 -0.707107 0.000000
vn -0.707107 -0.707107 0.000000
vn -0.000000 -0.309086 -0.951034
vn -0.000000 -0.309086 -0.951034
vn -0.000000 -0.309086 -0.951034
vn -0.000000 -0.309086 -0.951034
vn -0.000000 -0.309086 -0.951034
vn -0.000000 -0.309086 -0.951034
vn -0.000000 -0.309086 -0.951034
vn -0.000000 -0.309086 -0.951034
vn -0.000000 -0.309086 -0.951034
vn -0.000000 -0.309086 -0.951034
vn -0.000000 -0.309086 -0.951034
vn -0.000000 -0.309086 -0.951034
vn -0.000000 -0.309086 -0.951034
vn -0.000000 -0.309086 -0.951034
vn -0.000000 -0.309086 -0.951034
vn -0.000000 -0.309086 -0.951034
vn -0.000000 -0.309086 -0.951034
vn -0.000000 -0.309086 -0.951034
vn -0.000000 -0.309086 -0.951034
vn -0.000000 -0.309086 -0.951034
vn -0.000000 -0.309086 -0.951034
vn -0.000000 -0.309086 -0.951034
vn -0.000000 -0.309086 -0.951034
vn -0.000000 -0.309086 -0.951034
vn -0.000000 -0.309086 -0.951034
vn -0.000000 -0.309086 -0.951034
vn -0.000000 -0.309086 -0.951034
vn -0.000000 -0.309086 -0.951034
vn -0.000000 -0.309086 -0.951034
vn -0.000000 -0.309086 -0.951034
vn -0.000000 -0.309086 -0.951034
vn -0.000000 -0.309086 -0.951034
vn -0.000000 -0.309086 -0.951034
vn -0.000000 -0.309086 -0.951034
vn -0.000000 -0.309086 -0.951034
vn -1.000000 0.000000 -0.000000
vn -1.000000 0.000000 -0.000000
vn -1.000000 0.000000 -0.000000
vn -1.000000 0.000000 -0.000000
vn -0.707107 0.707107 0.000000
vn -0.707107 0.707107 0.000000
vn -0.707107 0.707107 0.000000
vn -0.707107 0.707107 0.000000
vn -0.707107 -0.707107 0.000000
vn -0.707107 -0.707107 0.000000
vn -0.707107 -0.707107 0.000000
vn -0.707107 -0.707107 0.000000
vn -1.000000 0.000000 -0.000000
vn -1.000000 0.000000 -0.000000
vn -1.000000 0.000000 -0.000000
vn -1.000000 0.000000 -0.000000
vn -1.000000 0.000000 -0.000000
vn -1.000000 0.000000 -0.000000
vn -1.000000 0.000000 -0.000000
vn -1.000000 0.000000 -0.000000
vn -0.000000 0.309086 -0.951034
vn -0.000000 0.309086 -0.951034
vn -0.000000 0.309086 -0.951034
vn -0.000000 0.309086 -0.951034
vn 1.000000 0.000000 -0.000000
vn 1.000000 0.000000 -0.000000
vn 1.000000 0.000000 -0.000000
vn 1.000000 0.000000 -0.000000
vn 1.000000 0.000000 -0.000000
vn 1.000000 0.000000 -0.000000
vn 1.000000 0.000000 -0.000000
vn 1.000000 0.000000 -0.000000
vn 1.000000 0.000000 -0.000000
vn 1.000000 0.000000 -0.000000
vn 1.000000 0.000000 -0.000000
vn 1.000000 0.000000 -0.000000
vn 1.000000 0.000000 -0.000000
vn 1.000000 0.000000 -0.000000
vn 1.000000 0.000000 -0.000000
vn 1.000000 0.000000 -0.000000
vn 1.000000 0.000000 -0.000000
vn 1.000000 0.000000 -0.000000
vn 1.000000 0.000000 -0.000000
vn 1.000000 0.000000 -0.000000
vn 0.000000 0.000000 1.000000
vn 0.000000 0.000000 1.000000
vn 0.000000 0.000000 1.000000
vn 0.000000 0.000000 1.000000
vn 0.000000 1.000000 0.000000
vn 0.000000 1.000000 0.000000
vn 0.000000 1.000000 0.000000
vn 0.000000 1.000000 0.000000
vn 0.000000 0.894427 0.447214
vn 0.000000 0.894427 0.447214
vn 0.000000 0.894427 0.447214
vn 0.000000 0.894427 0.447214
vn 0.000000 -0.000000 1.000000
vn 0.000000 -0.000000 1.000000
vn 0.000000 -0.000000 1.000000
vn 0.000000 -0.000000 1.000000
vn -1.000000 0.000000 -0.000000
vn -1.000000 0.000000 -0.000000
vn -1.000000 0.000000 -0.000000
vn -1.000000 0.000000 -0.000000
vn -1.000000 0.000000 -0.000000
vn -1.000000 0.000000 -0.000000
vn -1.000000 0.000000 -0.000000
vn -1.000000 0.000000 -0.000000
vn -1.000000 0.000000 -0.000000
vn -1.000000 0.000000 -0.000000
vn -1.000000 0.000000 -0.000000
vn -1.000000 0.000000 -0.000000
vn -1.000000 0.000000 -0.000000
vn -1.000000 0.000000 -0.000000
vn -1.000000 0.000000 -0.000000
vn -1.000000 0.000000 -0.000000
vn -1.000000 0.000000 -0.000000
vn -1.000000 0.000000 -0.000000
vn -1.000000 0.000000 -0.000000
vn -1.000000 0.000000 -0.000000
vn -1.000000 0.000000 -0.000000
vn -1.000000 0.000000 -0.000000
vn -1.000000 0.000000 -0.000000
vn -1.000000 0.000000 -0.000000
vn -1.000000 0.000000 -0.000000
vn -1.000000 0.000000 -0.000000
vn -1.000000 0.000000 -0.000000
vn -1.000000 0.000000 -0.000000
vn -1.000000 0.000000 -0.000000
vn -0.000000 1.000000 -0.000000
vn -0.000000 1.000000 -0.000000
vn -0.000000 1.000000 -0.000000
vn -0.000000 1.000000 -0.000000
vn -0.000000 1.000000 -0.000000
vn -0.000000 1.000000 -0.000000
vn -0.000000 1.000000 -0.000000
vn -0.000000 1.000000 -0.000000
vn -0.000000 0.894427 -0.447214
vn -0.000000 0.894427 -0.447214
vn -0.000000 0.894427 -0.447214
vn -0.000000 0.894427 -0.447214
vn -0.000000 -0.000000 -1.000000
vn -0.000000 -0.000000 -1.000000
vn -0.000000 -0.000000 -1.000000
vn -0.000000 -0.000000 -1.000000
vn -0.000000 1.000000 -0.000000
vn -0.000000 1.000000 -0.000000
vn -0.000000 1.000000 -0.000000
vn -0.000000 1.000000 -0.000000
vn -0.707107 -0.707107 0.000000
vn -0.707107 -0.707107 0.000000
vn -0.707107 -0.707107 0.000000
vn -0.707107 -0.707107 0.000000
vn -0.707107 0.707107 0.000000
vn -0.707107 0.707107 0.000000
vn -0.707107 0.707107 0.000000
vn -0.707107 0.707107 0.000000
vn -0.707107 -0.707107 0.000000
vn -0.707107 -0.707107 0.000000
vn -0.707107 -0.707107 0.000000
vn -0.707107 -0.707107 0.000000
vn -0.707107 0.707107 0.000000
vn -0.707107 0.707107 0.000000
vn -0.707107 0.707107 0.000000
vn -0.707107 0.707107 0.000000
vn -0.707107 -0.707107 0.000000
vn -0.707107 -0.707107 0.000000
vn -0.707107 -0.707107 0.000000
vn -0.707107 -0.707107 0.000000
vn -0.707107 0.707107 0.000000
vn -0.707107 0.707107 0.000000
vn -0.707107 0.707107 0.000000
vn -0.707107 0.707107 0.000000
vn -0.707107 -0.707107 0.000000
vn -0.707107 -0.707107 0.000000
vn -0.707107 -0.707107 0.000000
vn -0.707107 -0.707107 0.000000
vn -0.707107 0.707107 0.000000
vn -0.707107 0.707107 0.000000
vn -0.707107 0.707107 0.000000
vn -0.707107 0.707107 0.000000
vn -0.707107 -0.707107 0.000000
vn -0.707107 -0.707107 0.000000
vn -0.707107 -0.707107 0.000000
vn -0.707107 -0.707107 0.000000
vn -0.707107 0.707107 0.000000
vn -0.707107 0.707107 0.000000
vn -0.707107 0.707107 0.000000
vn -0.707107 0.707107 0.000000
vn -0.707107 -0.707107 0.000000
vn -0.707107 -0.707107 0.000000
vn -0.707107 -0.707107 0.000000
vn -0.707107 -0.707107 0.000000
vn -0.707107 0.707107 0.000000
vn -0.707107 0.707107 0.000000
vn -0.707107 0.707107 0.000000
vn -0.707107 0.707107 0.000000
vn -0.707107 -0.707107 0.000000
vn -0.707107 -0.707107 0.000000
vn -0.707107 -0.707107 0.000000
vn -0.707107 -0.707107 0.000000
vn -0.707107 0.707107 0.000000
vn -0.707107 0.707107 0.000000
vn -0.707107 0.707107 0.000000
vn -0.707107 0.707107 0.000000
vn -1.000000 0.000000 -0.000000
vn -1.000000 0.000000 -0.000000
vn -1.000000 0.000000 -0.000000
vn -1.000000 0.000000 -0.000000
vn -1.000000 0.000000 -0.000000
vn -1.000000 0.000000 -0.000000
vn -1.000000 0.000000 -0.000000
vn -1.000000 0.000000 -0.000000
vn -1.000000 0.000000 -0.000000
vn -1.000000 0.000000 -0.000000
vn -1.000000 0.000000 -0.000000
vn -1.000000 0.000000 -0.000000
vn -1.000000 0.000000 -0.000000
vn -1.000000 0.000000 -0.000000
vn -1.000000 0.000000 -0.000000
vn -1.000000 0.000000 -0.000000
vn -1.000000 0.000000 -0.000000
vn -1.000000 0.000000 -0.000000
vn -1.000000 0.000000 -0.000000
vn -1.000000 0.000000 -0.000000
vn -1.000000 0.000000 -0.000000
vn -1.000000 0.000000 -0.000000
vn -1.000000 0.000000 -0.000000
vn -1.000000 0.000000 -0.000000
vn -1.000000 0.000000 -0.000000
vn -1.000000 0.000000 -0.000000
vn -1.000000 0.000000 -0.000000
vn -1.000000 0.000000 -0.000000
vn -0.707107 0.707107 0.000000
vn -0.707107 0.707107 0.000000
vn -0.707107 0.707107 0.000000
vn -0.707107 0.707107 0.000000
vn -0.707107 -0.707107 0.000000
vn -0.707107 -0.707107 0.000000
vn -0.707107 -0.707107 0.000000
vn -0.707107 -0.707107 0.000000
vn 0.000000 -0.968277 0.249878
vn 0.000000 -0.968277 0.249878
vn 0.000000 -0.968277 0.249878
vn 0.000000 -0.968277 0.249878
vn 0.000000 0.000000 1.000000
vn 0.000000 0.000000 1.000000
vn 0.000000 0.000000 1.000000
vn 0.000000 0.000000 1.000000
vn 0.000000 -1.000000 0.000000
vn 0.000000 -1.000000 0.000000
vn 0.000000 -1.000000 0.000000
vn 0.000000 -1.000000 0.000000
vn 0.000000 -1.000000 0.000000
vn -1.000000 0.000000 -0.000000
vn -1.000000 0.000000 -0.000000
vn -1.000000 0.000000 -0.000000
vn -1.000000 0.000000 -0.000000
vn -1.000000 0.000000 -0.000000
vn -1.000000 0.000000 -0.000000
vn 0.000000 -0.968277 0.249878
vn 0.000000 -0.968277 0.249878
vn 0.000000 -0.968277 0.249878
vn 0.000000 -0.968277 0.249878
vn 0.000000 -1.000000 0.000000
vn 0.000000 -1.000000 0.000000
vn 0.000000 -1.000000 0.000000
vn 0.000000 -1.000000 0.000000
vn 0.000000 -1.000000 0.000000
vn -0.000000 0.000000 -1.000000
vn -0.000000 0.000000 -1.000000
vn -0.000000 0.000000 -1.000000
vn -0.000000 0.000000 -1.000000
vn -0.000000 -0.968277 -0.249878
vn -0.000000 -0.968277 -0.249878
vn -0.000000 -0.968277 -0.249878
vn -0.000000 -0.968277 -0.249878
vn -1.000000 0.000000 0.000000
vn -1.000000 0.000000 0.000000
vn -1.000000 0.000000 0.000000
vn -1.000000 0.000000 0.000000
vn -1.000000 0.000000 0.000000
vn -1.000000 0.000000 0.000000
vn -0.000000 -0.968277 0.249878
vn -0.000000 -0.968277 0.249878
vn -0.000000 -0.968277 0.249878
vn -0.000000 -0.968277 0.249878
vn -0.000000 0.000000 1.000000
vn -0.000000 0.000000 1.000000
vn -0.000000 0.000000 1.000000
vn -0.000000 0.000000 1.000000
vn 0.000000 0.000000 1.000000
vn 0.000000 0.000000 1.000000
vn 0.000000 0.000000 1.000000
vn 0.000000 0.000000 1.000000
vn 0.000000 -0.968277 -0.249878
vn 0.000000 -0.968277 -0.249878
vn 0.000000 -0.968277 -0.249878
vn 0.000000 -0.968277 -0.249878
vn 0.000000 0.000000 -1.000000
vn 0.000000 0.000000 -1.000000
vn 0.000000 0.000000 -1.000000
vn 0.000000 0.000000 -1.000000
vn -0.000000 -0.309086 -0.951034
vn -0.000000 -0.309086 -0.951034
vn -0.000000 -0.309086 -0.951034
vn -0.000000 -0.968277 -0.249878
vn -0.000000 -0.968277 -0.249878
vn -0.000000 -0.968277 -0.249878
vn -0.000000 -0.968277 -0.249878
vn -0.000000 0.000000 -1.000000
vn -0.000000 0.000000 -1.000000
vn -0.000000 0.000000 -1.000000
vn -0.000000 0.000000 -1.000000
vn -0.000000 0.000000 -1.000000
vn -0.000000 0.000000 -1.000000
vn -0.000000 0.000000 -1.000000
vn -0.000000 0.000000 -1.000000
vn 0.000000 -1.000000 0.000000
vn 0.000000 -1.000000 0.000000
vn 0.000000 -1.000000 0.000000
vn 0.000000 -1.000000 0.000000
vn -0.544988 -0.000000 -0.838444
vn -0.544988 -0.000000 -0.838444
vn -0.544988 -0.000000 -0.838444
vn -0.544988 -0.000000 -0.838444
vn -0.544988 -0.000000 -0.838444
vn -0.544988 -0.000000 -0.838444
vn -0.544988 -0.000000 -0.838444
vn -0.544988 -0.000000 -0.838444
vn -0.000000 1.000000 -0.000000
vn -0.000000 1.000000 -0.000000
vn -0.000000 1.000000 -0.000000
vn -0.000000 1.000000 -0.000000
vn -0.000000 1.000000 -0.000000
vn -0.000000 1.000000 -0.000000
vn -0.000000 1.000000 -0.000000
vn -0.000000 1.000000 -0.000000
vn -0.000000 1.000000 -0.000000
vn -0.000000 1.000000 -0.000000
vn -0.000000 1.000000 -0.000000
vn -0.000000 1.000000 -0.000000
vn -0.000000 1.000000 -0.000000
vn -0.000000 1.000000 -0.000000
vn -0.000000 1.000000 -0.000000
vn -0.000000 1.000000 -0.000000
vn -0.000000 1.000000 -0.000000
vn -0.000000 1.000000 -0.000000
vn -0.000000 1.000000 -0.000000
vn -0.000000 1.000000 -0.000000
vn -0.000000 1.000000 -0.000000
vn -0.000000 1.000000 -0.000000
vn -0.000000 1.000000 -0.000000
vn -0.000000 1.000000 -0.000000
vn -0.000000 1.000000 -0.000000
vn -0.000000 1.000000 -0.000000
vn -0.000000 1.000000 -0.000000
vn -0.000000 1.000000 -0.000000
vn -0.000000 1.000000 -0.000000
vn -0.000000 1.000000 -0.000000
vn -0.000000 1.000000 -0.000000
vn -0.000000 1.000000 -0.000000
vn -0.000000 1.000000 -0.000000
vn -0.000000 1.000000 -0.000000
vn -0.000000 1.000000 -0.000000
vn -0.000000 1.000000 -0.000000
vn -0.000000 1.000000 -0.000000
vn -0.000000 1.000000 -0.000000
vn -0.000000 1.000000 -0.000000
vn -0.000000 1.000000 -0.000000
vn -0.000000 1.000000 -0.000000
vn -0.000000 1.000000 -0.000000
vn -0.000000 1.000000 -0.000000
vn -0.000000 1.000000 -0.000000
vn -0.000000 1.000000 -0.000000
vn -0.000000 1.000000 -0.000000
vn -0.000000 1.000000 -0.000000
vn -0.000000 1.000000 -0.000000
vn -0.000000 1.000000 -0.000000
vn -0.000000 1.000000 -0.000000
vn -0.000000 1.000000 -0.000000
vn -0.000000 1.000000 -0.000000
vn -0.000000 1.000000 -0.000000
vn -0.000000 1.000000 -0.000000
vn -0.000000 1.000000 -0.000000
vn -0.000000 1.000000 -0.000000
vn -0.000000 1.000000 -0.000000
vn -0.000000 1.000000 -0.000000
vn -0.000000 1.000000 -0.000000
vn -0.000000 1.000000 -0.000000
vn -0.000000 1.000000 -0.000000
vn -0.000000 1.000000 -0.000000
vn -0.000000 1.000000 -0.000000
vn -0.000000 1.000000 -0.000000
vn -0.000000 1.000000 -0.000000
vn -0.000000 1.000000 -0.000000
vn -0.000000 1.000000 -0.000000
vn -0.000000 1.000000 -0.000000
vn -0.000000 1.000000 -0.000000
vn -0.000000 1.000000 -0.000000
vn -0.000000 1.000000 -0.000000
vn -0.000000 1.000000 -0.000000
vn -0.000000 1.000000 -0.000000
vn -0.000000 1.000000 -0.000000
vn -0.000000 1.000000 -0.000000
vn -0.000000 1.000000 -0.000000
vn -0.000000 1.000000 -0.000000
vn -0.000000 1.000000 -0.000000
vn -0.000000 1.000000 -0.000000
vn -0.000000 1.000000 -0.000000
vn -0.000000 1.000000 -0.000000
vn -0.000000 1.000000 -0.000000
vn -0.000000 1.000000 -0.000000
vn -0.000000 1.000000 -0.000000
vn -0.000000 1.000000 -0.000000
vn -0.000000 1.000000 -0.000000
vn -0.000000 1.000000 -0.000000
vn -0.000000 1.000000 -0.000000
vn -0.000000 1.000000 -0.000000
vn -0.000000 1.000000 -0.000000
vn -0.000000 1.000000 -0.000000
vn -0.000000 1.000000 -0.000000
vn -0.000000 1.000000 -0.000000
vn -0.000000 1.000000 -0.000000
vn -0.000000 1.000000 -0.000000
vn -0.000000 1.000000 -0.000000
vn -0.000000 1.000000 -0.000000
vn -0.000000 1.000000 -0.000000
vn -0.000000 1.000000 -0.000000
vn -0.000000 1.000000 -0.000000
vn -0.000000 1.000000 -0.000000
vn -0.000000 1.000000 -0.000000
vn -0.000000 1.000000 -0.000000
vn -0.000000 1.000000 -0.000000
vn -0.000000 1.000000 -0.000000
vn -0.000000 1.000000 -0.000000
vn -0.000000 1.000000 -0.000000
vn -0.000000 1.000000 -0.000000
vn -0.000000 1.000000 -0.000000
vn -0.000000 1.000000 -0.000000
vn -0.000000 1.000000 -0.000000
vn -0.000000 1.000000 -0.000000
vn -0.000000 1.000000 -0.000000
vn -0.000000 1.000000 -0.000000
vn -0.000000 1.000000 -0.000000
vn -0.000000 1.000000 -0.000000
vn -0.000000 1.000000 -0.000000
vn -0.000000 1.000000 -0.000000
vn -0.000000 1.000000 -0.000000
vn -0.000000 1.000000 -0.000000
vn -0.000000 1.000000 -0.000000
vn -0.000000 1.000000 -0.000000
vn -0.000000 1.000000 -0.000000
vn -0.000000 1.000000 -0.000000
vn -0.000000 1.000000 -0.000000
vn -0.000000 1.000000 -0.000000
vn -0.000000 1.000000 -0.000000
vn -0.000000 1.000000 -0.000000
vn -0.000000 1.000000 -0.000000
vn -0.000000 1.000000 -0.000000
vn -0.000000 1.000000 -0.000000
vn -0.000000 1.000000 -0.000000
vn -0.000000 1.000000 -0.000000
vn -0.000000 1.000000 -0.000000
vn -0.000000 1.000000 -0.000000
vn -0.000000 1.000000 -0.000000
vn -0.000000 1.000000 -0.000000
vn -0.000000 1.000000 -0.000000
vn -0.000000 1.000000 -0.000000
vn -0.000000 1.000000 -0.000000
vn -0.000000 1.000000 -0.000000
vn -0.000000 1.000000 -0.000000
vn -0.000000 1.000000 -0.000000
vn -0.000000 1.000000 -0.000000
vn -0.000000 1.000000 -0.000000
vn -0.000000 1.000000 -0.000000
vn -0.000000 1.000000 -0.000000
vn -0.000000 1.000000 -0.000000
vn -0.000000 1.000000 -0.000000
vn -0.000000 1.000000 -0.000000
vn -0.000000 1.000000 -0.000000
vn -0.000000 1.000000 -0.000000
vn -0.000000 1.000000 -0.000000
vn -0.000000 1.000000 -0.000000
vn -0.000000 1.000000 -0.000000
vn -0.000000 1.000000 -0.000000
vn -0.000000 1.000000 -0.000000
vn -0.000000 1.000000 -0.000000
vn -0.000000 1.000000 -0.000000
vn -0.000000 1.000000 -0.000000
vn -0.000000 1.000000 -0.000000
vn -0.000000 1.000000 -0.000000
vn -0.000000 1.000000 -0.000000
vn -0.000000 1.000000 -0.000000
vn -0.000000 1.000000 -0.000000
vn -0.000000 1.000000 -0.000000
vn -0.000000 1.000000 -0.000000
vn -0.000000 1.000000 -0.000000
vn -0.000000 1.000000 -0.000000
vn -0.000000 1.000000 -0.000000
vn -0.000000 1.000000 -0.000000
vn -0.000000 1.000000 -0.000000
vn -0.000000 1.000000 -0.000000
vn -0.000000 1.000000 -0.000000
vn -0.000000 1.000000 -0.000000
vn -0.000000 1.000000 -0.000000
vn -0.000000 1.000000 -0.000000
vn -0.000000 1.000000 -0.000000
vn -0.000000 1.000000 -0.000000
vn -0.000000 1.000000 -0.000000
vn -0.000000 1.000000 -0.000000
vn -0.000000 1.000000 -0.000000
vn -0.000000 1.000000 -0.000000
vn -0.000000 1.000000 -0.000000
vn -0.000000 1.000000 -0.000000
vn -0.000000 1.000000 -0.000000
vn -0.000000 1.000000 -0.000000
vn -0.000000 1.000000 -0.000000
vn -0.000000 1.000000 -0.000000
vn -0.000000 1.000000 -0.000000
vn -0.000000 1.000000 -0.000000
vn -0.000000 1.000000 -0.000000
vn -0.000000 1.000000 -0.000000
vn -0.000000 1.000000 -0.000000
vn -0.000000 1.000000 -0.000000
vn -0.000000 1.000000 -0.000000
vn -0.000000 1.000000 -0.000000
vn -0.000000 1.000000 -0.000000
vn -0.000000 1.000000 -0.000000
vn -0.000000 1.000000 -0.000000
vn -0.000000 1.000000 -0.000000
vn -0.000000 1.000000 -0.000000
vn -0.000000 1.000000 -0.000000
vn -0.000000 1.000000 -0.000000
vn -0.000000 1.000000 -0.000000
vn -0.000000 1.000000 -0.000000
vn -0.000000 1.000000 -0.000000
vn -0.000000 1.000000 -0.000000
vn -0.000000 1.000000 -0.000000
vn -0.000000 1.000000 -0.000000
vn -0.000000 1.000000 -0.000000
vn -0.000000 1.000000 -0.000000
vn -0.000000 1.000000 -0.000000
vn -0.000000 1.000000 -0.000000
vn -0.000000 1.000000 -0.000000
vn -0.000000 1.000000 -0.000000
vn -0.000000 1.000000 -0.000000
vn -0.000000 1.000000 -0.000000
vn -0.000000 1.000000 -0.000000
vn -0.000000 1.000000 -0.000000
vn -0.000000 1.000000 -0.000000
vn -0.000000 1.000000 -0.000000
vn -0.000000 1.000000 -0.000000
vn -0.000000 1.000000 -0.000000
vn -0.000000 1.000000 -0.000000
vn -0.000000 1.000000 -0.000000
vn -0.000000 1.000000 -0.000000
vn -0.000000 1.000000 -0.000000
vn -0.000000 1.000000 -0.000000
vn -0.000000 1.000000 -0.000000
vn -0.000000 1.000000 -0.000000
vn -0.000000 1.000000 -0.000000
vn -0.000000 1.000000 -0.000000
vn -0.000000 1.000000 -0.000000
vn -0.000000 1.000000 -0.000000
vn -0.000000 1.000000 -0.000000
vn -0.000000 1.000000 -0.000000
vn -0.000000 1.000000 -0.000000
vn -0.000000 1.000000 -0.000000
vn -0.000000 1.000000 -0.000000
vn -0.000000 1.000000 -0.000000
vn -0.000000 1.000000 -0.000000
vn -0.000000 1.000000 -0.000000
vn -0.000000 1.000000 -0.000000
vn -0.000000 1.000000 -0.000000
vn -0.000000 1.000000 -0.000000
vn -0.000000 1.000000 -0.000000
vn -0.000000 1.000000 -0.000000
vn -0.000000 1.000000 -0.000000
vn -0.000000 1.000000 -0.000000
vn -0.000000 1.000000 -0.000000
vn -0.000000 1.000000 -0.000000
vn -0.000000 1.000000 -0.000000
vn -0.000000 1.000000 -0.000000
vn -0.000000 1.000000 -0.000000
vn -0.000000 1.000000 -0.000000
vn -0.000000 1.000000 -0.000000
vn -0.000000 1.000000 -0.000000
vn -0.000000 1.000000 -0.000000
vn -0.000000 1.000000 -0.000000
vn -0.000000 1.000000 -0.000000
vn -0.000000 1.000000 -0.000000
vn -0.000000 1.000000 -0.000000
vn -0.000000 1.000000 -0.000000
vn -0.000000 1.000000 -0.000000
vn -0.000000 1.000000 -0.000000
vn -0.000000 1.000000 -0.000000
vn -0.000000 1.000000 -0.000000
vn -0.000000 1.000000 -0.000000
vn -0.000000 1.000000 -0.000000
vn -0.000000 1.000000 -0.000000
vn -0.000000 1.000000 -0.000000
vn -0.000000 1.000000 -0.000000
vn -0.000000 1.000000 -0.000000
vn -0.000000 1.000000 -0.000000
vn -0.000000 1.000000 -0.000000
vn -0.000000 1.000000 -0.000000
vn -0.000000 1.000000 -0.000000
vn -0.000000 1.000000 -0.000000
vn -0.000000 1.000000 -0.000000
vn -0.000000 1.000000 -0.000000
vn -0.000000 1.000000 -0.000000
vn -0.000000 1.000000 -0.000000
vn -0.000000 1.000000 -0.000000
vn -0.000000 0.913812 -0.406138
vn -0.000000 0.913812 -0.406138
vn -0.000000 0.913812 -0.406138
vn -0.000000 0.913812 -0.406138
vn -0.000000 0.913812 -0.406138
vn -0.000000 0.913812 -0.406138
vn -0.000000 0.913812 -0.406138
vn -0.000000 0.913812 -0.406138
vn -0.000000 0.913812 -0.406138
vn -0.000000 0.913812 -0.406138
vn -0.000000 0.913812 -0.406138
vn -0.000000 0.913812 -0.406138
vn -0.000000 0.913812 -0.406138
vn -0.000000 0.913812 -0.406138
vn -0.000000 0.913812 -0.406138
vn -0.000000 0.913812 -0.406138
vn -0.000000 0.913812 -0.406138
vn -0.000000 0.913812 -0.406138
vn -0.000000 0.913812 -0.406138
vn -0.000000 0.913812 -0.406138
vn -0.000000 0.913812 -0.406138
vn -0.000000 0.913812 -0.406138
vn -0.000000 0.913812 -0.406138
vn -0.000000 0.913812 -0.406138
vn -0.000000 0.913812 -0.406138
vn -0.000000 0.913812 -0.406138
vn -0.000000 0.913812 -0.406138
vn -0.000000 0.913812 -0.406138
vn -0.000000 0.913812 -0.406138
vn -0.000000 0.913812 -0.406138
vn -0.000000 0.913812 -0.406138
vn -0.000000 0.913812 -0.406138
vn -0.000000 0.913812 -0.406138
vn -0.000000 0.913812 -0.406138
vn -0.000000 0.913812 -0.406138
vn -0.000000 0.913812 -0.406138
vn -0.000000 0.913812 -0.406138
vn -0.000000 0.913812 -0.406138
vn -0.000000 0.913812 -0.406138
vn -0.000000 0.913812 -0.406138
vn -0.000000 0.913812 -0.406138
vn -0.000000 0.913812 -0.406138
vn -0.000000 0.913812 -0.406138
vn -0.000000 0.913812 -0.406138
vn -0.000000 0.000000 -1.000000
vn -0.000000 0.000000 -1.000000
vn -0.000000 0.000000 -1.000000
vn -0.000000 0.000000 -1.000000
vn -0.966235 0.000000 -0.257663
vn -0.966235 0.000000 -0.257663
vn -0.966235 0.000000 -0.257663
vn -0.966235 0.000000 -0.257663
vn -0.966235 0.000000 -0.257663
vn -0.966235 0.000000 -0.257663
vn -0.966235 0.000000 -0.257663
vn -0.966235 0.000000 -0.257663
vn -0.000000 0.000000 -1.000000
vn -0.000000 0.000000 -1.000000
vn -0.000000 0.000000 -1.000000
vn -0.000000 0.000000 -1.000000
vn -0.966235 0.000000 -0.257663
vn -0.966235 0.000000 -0.257663
vn -0.966235 0.000000 -0.257663
vn -0.966235 0.000000 -0.257663
vn -0.000000 0.000000 -1.000000
vn -0.000000 0.000000 -1.000000
vn -0.000000 0.000000 -1.000000
vn -0.000000 0.000000 -1.000000
vn -0.966235 0.000000 -0.257663
vn -0.966235 0.000000 -0.257663
vn -0.966235 0.000000 -0.257663
vn -0.966235 0.000000 -0.257663
vn -0.000000 0.000000 -1.000000
vn -0.000000 0.000000 -1.000000
vn -0.000000 0.000000 -1.000000
vn -0.000000 0.000000 -1.000000
vn -0.966235 0.000000 -0.257663
vn -0.966235 0.000000 -0.257663
vn -0.966235 0.000000 -0.257663
vn -0.966235 0.000000 -0.257663
vn -0.000000 0.000000 -1.000000
vn -0.000000 0.000000 -1.000000
vn -0.000000 0.000000 -1.000000
vn -0.000000 0.000000 -1.000000
vn -0.966235 0.000000 -0.257663
vn -0.966235 0.000000 -0.257663
vn -0.966235 0.000000 -0.257663
vn -0.966235 0.000000 -0.257663
vn -0.000000 0.000000 -1.000000
vn -0.000000 0.000000 -1.000000
vn -0.000000 0.000000 -1.000000
vn -0.000000 0.000000 -1.000000
vn -0.966235 0.000000 -0.257663
vn -0.966235 0.000000 -0.257663
vn -0.966235 0.000000 -0.257663
vn -0.966235 0.000000 -0.257663
vn -0.000000 0.000000 -1.000000
vn -0.000000 0.000000 -1.000000
vn -0.000000 0.000000 -1.000000
vn -0.000000 0.000000 -1.000000
vn -0.966235 0.000000 -0.257663
vn -0.966235 0.000000 -0.257663
vn -0.966235 0.000000 -0.257663
vn -0.966235 0.000000 -0.257663
vn -0.966235 0.000000 -0.257663
vn -0.000000 0.000000 -1.000000
vn -0.000000 0.000000 -1.000000
vn -0.000000 0.000000 -1.000000
vn -0.000000 0.000000 -1.000000
vn -0.966235 0.000000 -0.257663
vn -0.966235 0.000000 -0.257663
vn -0.966235 0.000000 -0.257663
vn -0.966235 0.000000 -0.257663
vn -0.000000 1.000000 -0.000000
vn -0.000000 1.000000 -0.000000
vn -0.000000 1.000000 -0.000000
vn -0.000000 1.000000 -0.000000
vn -0.000000 1.000000 -0.000000
vn -0.000000 1.000000 -0.000000
vn -0.000000 1.000000 -0.000000
vn -0.000000 1.000000 -0.000000
vn -0.000000 1.000000 -0.000000
vn -0.000000 1.000000 -0.000000
vn -0.000000 1.000000 -0.000000
vn -0.000000 1.000000 -0.000000
vn -0.000000 1.000000 -0.000000
vn -0.000000 1.000000 -0.000000
vn -0.000000 1.000000 -0.000000
vn -0.000000 1.000000 -0.000000
vn -0.000000 1.000000 -0.000000
vn -0.000000 1.000000 -0.000000
vn -0.000000 1.000000 -0.000000
vn -0.000000 1.000000 -0.000000
vn -0.000000 1.000000 -0.000000
vn -0.000000 1.000000 -0.000000
vn -0.000000 1.000000 -0.000000
vn -0.000000 1.000000 -0.000000
vn -0.000000 1.000000 -0.000000
vn -0.000000 1.000000 -0.000000
vn -0.000000 1.000000 -0.000000
vn -0.000000 0.000000 -1.000000
vn -0.000000 0.000000 -1.000000
vn -0.000000 0.000000 -1.000000
vn -0.000000 0.000000 -1.000000
vn 0.970143 0.000000 -0.242536
vn 0.970143 0.000000 -0.242536
vn 0.970143 0.000000 -0.242536
vn 0.970143 0.000000 -0.242536
vn 0.966235 0.000000 -0.257663
vn 0.966235 0.000000 -0.257663
vn 0.966235 0.000000 -0.257663
vn 0.966235 0.000000 -0.257663
vn 0.966235 0.000000 -0.257663
vn 0.966235 0.000000 -0.257663
vn 0.966235 0.000000 -0.257663
vn 0.966235 0.000000 -0.257663
vn 0.966235 0.000000 -0.257663
vn 0.966235 0.000000 -0.257663
vn 0.966235 0.000000 -0.257663
vn 0.966235 0.000000 -0.257663
vn 0.966235 0.000000 -0.257663
vn 0.966235 0.000000 -0.257663
vn 0.966235 0.000000 -0.257663
vn 0.966235 0.000000 -0.257663
vn 0.966235 0.000000 -0.257663
vn 0.966235 0.000000 -0.257663
vn 0.966235 0.000000 -0.257663
vn 0.966235 0.000000 -0.257663
vn 0.966235 0.000000 -0.257663
vn 0.966235 0.000000 -0.257663
vn 0.966235 0.000000 -0.257663
vn 0.966235 0.000000 -0.257663
vn 0.966235 0.000000 -0.257663
vn 0.966235 0.000000 -0.257663
vn 0.966235 0.000000 -0.257663
vn 0.966235 0.000000 -0.257663
vn 0.966235 0.000000 -0.257663
vn -0.000000 -0.000000 -1.000000
vn -0.000000 -0.000000 -1.000000
vn -0.000000 -0.000000 -1.000000
vn -0.000000 -0.000000 -1.000000
vn -0.000000 -0.000000 -1.000000
vn -0.000000 -0.000000 -1.000000
vn -0.000000 -0.000000 -1.000000
vn -0.000000 -0.000000 -1.000000
vn -0.000000 -0.000000 -1.000000
vn -0.000000 -0.000000 -1.000000
vn -0.000000 -0.000000 -1.000000
vn -0.000000 -0.000000 -1.000000
vn -0.000000 -0.000000 -1.000000
vn -0.000000 -0.000000 -1.000000
vn -0.000000 -0.000000 -1.000000
vn -0.000000 -0.000000 -1.000000
vn -0.000000 -0.000000 -1.000000
vn -0.000000 -0.000000 -1.000000
vn -0.000000 -0.000000 -1.000000
vn -0.000000 -0.000000 -1.000000
vn -0.000000 -0.000000 -1.000000
vn -0.000000 -0.000000 -1.000000
vn -0.000000 -0.000000 -1.000000
vn -0.000000 -0.000000 -1.000000
vn -0.000000 -0.000000 -1.000000
vn -0.000000 -0.000000 -1.000000
vn -0.000000 -0.000000 -1.000000
vn -0.000000 -0.000000 -1.000000
vn -0.000000 1.000000 -0.000000
vn -0.000000 1.000000 -0.000000
vn -0.000000 1.000000 -0.000000
vn 0.966235 0.000000 -0.257663
vn 0.966235 0.000000 -0.257663
vn 0.966235 0.000000 -0.257663
vn 0.966235 0.000000 -0.257663
vn -0.000000 0.948683 -0.316228
vn -0.000000 0.948683 -0.316228
vn -0.000000 0.948683 -0.316228
vn -0.000000 0.948683 -0.316228
vn -0.000000 0.948683 -0.316228
vn -0.000000 0.948683 -0.316228
vn -0.000000 0.948683 -0.316228
vn -0.000000 0.948683 -0.316228
vn 0.000000 0.000000 1.000000
vn 0.000000 0.000000 1.000000
vn 0.000000 0.000000 1.000000
vn 0.000000 0.000000 1.000000
vn 0.000000 0.000000 1.000000
vn 0.000000 0.000000 1.000000
vn 0.000000 0.000000 1.000000
vn 0.000000 0.000000 1.000000
vn 0.000000 0.000000 1.000000
vn 0.000000 0.000000 1.000000
vn 0.000000 0.000000 1.000000
vn 0.000000 0.000000 1.000000
vn 0.000000 0.948683 0.316228
vn 0.000000 0.948683 0.316228
vn 0.000000 0.948683 0.316228
vn 0.000000 0.948683 0.316228
vn 0.000000 0.948683 0.316228
vn 0.000000 0.948683 0.316228
vn 0.000000 0.948683 0.316228
vn 0.000000 0.948683 0.316228
vn -0.000000 0.000000 -1.000000
vn -0.000000 0.000000 -1.000000
vn -0.000000 0.000000 -1.000000
vn -0.000000 0.000000 -1.000000
vn 0.000000 -0.309086 0.951034
vn 0.000000 -0.309086 0.951034
vn 0.000000 -0.309086 0.951034
usemtl Paek_(Beige)
f 44/1/1 1/2/2 43/3/3
f 43/3/3 1/2/2 2/4/4
f 43/3/3 2/4/4 42/5/5
f 42/5/5 2/4/4 3/6/6
f 42/5/5 3/6/6 41/7/7
f 41/7/7 3/6/6 4/8/8
f 41/7/7 4/8/8 40/9/9
f 40/9/9 4/8/8 5/10/10
f 40/9/9 5/10/10 39/11/11
f 39/11/11 5/10/10 6/12/12
f 39/11/11 6/12/12 38/13/13
f 38/13/13 6/12/12 7/14/14
f 38/13/13 7/14/14 37/15/15
f 37/15/15 7/14/14 8/16/16
f 37/15/15 8/16/16 36/17/17
f 36/17/17 8/16/16 9/18/18
f 36/17/17 9/18/18 35/19/19
f 35/19/19 9/18/18 10/20/20
f 35/19/19 10/20/20 34/21/21
f 34/21/21 10/20/20 11/22/22
f 34/21/21 11/22/22 33/23/23
f 33/23/23 11/22/22 12/24/24
f 33/23/23 12/24/24 32/25/25
f 32/25/25 12/24/24 13/26/26
f 32/25/25 13/26/26 31/27/27
f 31/27/27 13/26/26 14/28/28
f 31/27/27 14/28/28 30/29/29
f 30/29/29 14/28/28 15/30/30
f 30/29/29 15/30/30 29/31/31
f 29/31/31 15/30/30 16/32/32
f 29/31/31 16/32/32 28/33/33
f 28/33/33 16/32/32 17/34/34
f 28/33/33 17/34/34 27/35/35
f 27/35/35 17/34/34 18/36/36
f 27/35/35 18/36/36 26/37/37
f 26/37/37 18/36/36 19/38/38
f 26/37/37 19/38/38 25/39/39
f 25/39/39 19/38/38 20/40/40
f 25/39/39 20/40/40 24/41/41
f 24/41/41 20/40/40 21/42/42
f 24/41/41 21/42/42 23/43/43
f 23/43/43 21/42/42 22/44/44
f 45/45/45 1/46/46 46/47/47
f 46/47/47 1/46/46 44/48/48
f 47/49/49 48/50/50 92/51/51
f 92/51/51 48/50/50 91/52/52
f 91/52/52 48/50/50 49/53/53
f 91/52/52 49/53/53 90/54/54
f 90/54/54 49/53/53 50/55/55
f 90/54/54 50/55/55 89/56/56
f 89/56/56 50/55/55 51/57/57
f 89/56/56 51/57/57 88/58/58
f 88/58/58 51/57/57 52/59/59
f 88/58/58 52/59/59 87/60/60
f 87/60/60 52/59/59 53/61/61
f 87/60/60 53/61/61 86/62/62
f 86/62/62 53/61/61 54/63/63
f 86/62/62 54/63/63 85/64/64
f 85/64/64 54/63/63 55/65/65
f 85/64/64 55/65/65 84/66/66
f 84/66/66 55/65/65 56/67/67
f 84/66/66 56/67/67 83/68/68
f 83/68/68 56/67/67 57/69/69
f 83/68/68 57/69/69 82/70/70
f 82/70/70 57/69/69 58/71/71
f 82/70/70 58/71/71 81/72/72
f 81/72/72 58/71/71 59/73/73
f 81/72/72 59/73/73 80/74/74
f 80/74/74 59/73/73 60/75/75
f 80/74/74 60/75/75 79/76/76
f 79/76/76 60/75/75 61/77/77
f 79/76/76 61/77/77 78/78/78
f 78/78/78 61/77/77 62/79/79
f 78/78/78 62/79/79 77/80/80
f 77/80/80 62/79/79 63/81/81
f 77/80/80 63/81/81 76/82/82
f 76/82/82 63/81/81 64/83/83
f 76/82/82 64/83/83 75/84/84
f 75/84/84 64/83/83 65/85/85
f 75/84/84 65/85/85 74/86/86
f 74/86/86 65/85/85 66/87/87
f 74/86/86 66/87/87 73/88/88
f 73/88/88 66/87/87 67/89/89
f 73/88/88 67/89/89 72/90/90
f 72/90/90 67/89/89 68/91/91
f 72/90/90 68/91/91 71/92/92
f 71/92/92 68/91/91 69/93/93
f 71/92/92 69/93/93 70/94/94
f 70/94/94 69/93/93 45/95/95
f 70/94/94 45/95/95 46/96/96
f 22/97/97 47/98/98 23/99/99
f 23/99/99 47/98/98 92/100/100
f 92/101/101 91/102/102 23/103/103
f 23/103/103 91/102/102 24/104/104
f 24/104/104 91/102/102 90/105/105
f 24/104/104 90/105/105 25/106/106
f 25/106/106 90/105/105 89/107/107
f 25/106/106 89/107/107 26/108/108
f 26/108/108 89/107/107 88/109/109
f 26/108/108 88/109/109 27/110/110
f 27/110/110 88/109/109 87/111/111
f 27/110/110 87/111/111 28/112/112
f 28/112/112 87/111/111 86/113/113
f 28/112/112 86/113/113 29/114/114
f 29/114/114 86/113/113 85/115/115
f 29/114/114 85/115/115 30/116/116
f 30/116/116 85/115/115 84/117/117
f 30/116/116 84/117/117 31/118/118
f 31/118/118 84/117/117 83/119/119
f 31/118/118 83/119/119 32/120/120
f 32/120/120 83/119/119 82/121/121
f 32/120/120 82/121/121 33/122/122
f 33/122/122 82/121/121 81/123/123
f 33/122/122 81/123/123 80/124/124
f 33/122/122 80/124/124 34/125/125
f 34/125/125 80/124/124 79/126/126
f 34/125/125 79/126/126 35/127/127
f 35/127/127 79/126/126 78/128/128
f 35/127/127 78/128/128 36/129/129
f 36/129/129 78/128/128 77/130/130
f 36/129/129 77/130/130 37/131/131
f 37/131/131 77/130/130 76/132/132
f 37/131/131 76/132/132 38/133/133
f 38/133/133 76/132/132 75/134/134
f 38/133/133 75/134/134 39/135/135
f 39/135/135 75/134/134 74/136/136
f 39/135/135 74/136/136 40/137/137
f 40/137/137 74/136/136 73/138/138
f 40/137/137 73/138/138 41/139/139
f 41/139/139 73/138/138 72/140/140
f 41/139/139 72/140/140 42/141/141
f 42/141/141 72/140/140 71/142/142
f 42/141/141 71/142/142 43/143/143
f 43/143/143 71/142/142 70/144/144
f 43/143/143 70/144/144 44/145/145
f 44/145/145 70/144/144 46/146/146
f 93/147/147 94/148/148 96/149/149
f 96/149/149 94/148/148 95/150/150
f 97/151/151 93/152/152 98/153/153
f 98/153/153 93/152/152 96/154/154
f 99/155/155 97/156/156 100/157/157
f 100/157/157 97/156/156 98/158/158
f 94/159/159 99/160/160 95/161/161
f 95/161/161 99/160/160 100/162/162
f 100/163/163 98/164/164 95/165/165
f 95/165/165 98/164/164 96/166/166
f 101/167/167 102/168/168 104/169/169
f 104/169/169 102/168/168 103/170/170
f 105/171/171 101/172/172 106/173/173
f 106/173/173 101/172/172 104/174/174
f 107/175/175 105/176/176 108/177/177
f 108/177/177 105/176/176 106/178/178
f 102/179/179 107/180/180 103/181/181
f 103/181/181 107/180/180 108/182/182
f 108/183/183 106/184/184 103/185/185
f 103/185/185 106/184/184 104/186/186
f 109/187/187 110/188/188 112/189/189
f 112/189/189 110/188/188 111/190/190
f 113/191/191 109/192/192 114/193/193
f 114/193/193 109/192/192 112/194/194
f 115/195/195 113/196/196 116/197/197
f 116/197/197 113/196/196 114/198/198
f 110/199/199 115/200/200 111/201/201
f 111/201/201 115/200/200 116/202/202
f 116/203/203 114/204/204 111/205/205
f 111/205/205 114/204/204 112/206/206
f 117/207/207 118/208/208 120/209/209
f 120/209/209 118/208/208 119/210/210
f 121/211/211 117/212/212 122/213/213
f 122/213/213 117/212/212 120/214/214
f 123/215/215 121/216/216 124/217/217
f 124/217/217 121/216/216 122/218/218
f 118/219/219 123/220/220 119/221/221
f 119/221/221 123/220/220 124/222/222
f 119/223/223 124/224/224 120/225/225
f 120/225/225 124/224/224 122/226/226
f 125/227/227 126/228/228 128/229/229
f 128/229/229 126/228/228 127/230/230
f 129/231/231 130/232/232 132/233/233
f 132/233/233 130/232/232 131/234/234
f 133/235/235 134/236/236 136/237/237
f 136/237/237 134/236/236 135/238/238
f 137/239/239 138/240/240 140/241/241
f 140/241/241 138/240/240 139/242/242
f 141/243/243 142/244/244 144/245/245
f 144/245/245 142/244/244 143/246/246
f 145/247/247 146/248/248 148/249/249
f 148/249/249 146/248/248 147/250/250
f 149/251/251 150/252/252 152/253/253
f 152/253/253 150/252/252 151/254/254
f 153/255/255 154/256/256 156/257/257
f 156/257/257 154/256/256 155/258/258
f 154/259/259 157/260/260 155/261/261
f 155/261/261 157/260/260 158/262/262
f 159/263/263 160/264/264 162/265/265
f 162/265/265 160/264/264 161/266/266
f 163/267/267 149/268/268 164/269/269
f 164/269/269 149/268/268 152/270/270
f 165/271/271 159/272/272 166/273/273
f 166/273/273 159/272/272 162/274/274
f 167/275/275 168/276/276 170/277/277
f 170/277/277 168/276/276 169/278/278
f 171/279/279 172/280/280 174/281/281
f 174/281/281 172/280/280 173/282/282
f 175/283/283 176/284/284 178/285/285
f 178/285/285 176/284/284 177/286/286
f 179/287/287 180/288/288 182/289/289
f 182/289/289 180/288/288 181/290/290
f 183/291/291 184/292/292 186/293/293
f 186/293/293 184/292/292 185/294/294
f 187/295/295 188/296/296 190/297/297
f 190/297/297 188/296/296 189/298/298
f 191/299/299 192/300/300 194/301/301
f 194/301/301 192/300/300 193/302/302
f 195/303/303 196/304/304 198/305/305
f 198/305/305 196/304/304 197/306/306
f 199/307/307 200/308/308 202/309/309
f 202/309/309 200/308/308 201/310/310
f 203/311/311 204/312/312 206/313/313
f 206/313/313 204/312/312 205/314/314
f 207/315/315 208/316/316 210/317/317
f 210/317/317 208/316/316 209/318/318
f 211/319/319 212/320/320 214/321/321
f 214/321/321 212/320/320 213/322/322
f 215/323/323 216/324/324 218/325/325
f 218/325/325 216/324/324 217/326/326
f 216/327/327 219/328/328 217/329/329
f 217/329/329 219/328/328 220/330/330
f 221/331/331 222/332/332 224/333/333
f 224/333/333 222/332/332 223/334/334
f 222/335/335 225/336/336 223/337/337
f 223/337/337 225/336/336 226/338/338
f 227/339/339 228/340/340 230/341/341
f 230/341/341 228/340/340 229/342/342
f 231/343/343 232/344/344 234/345/345
f 234/345/345 232/344/344 233/346/346
f 235/347/347 231/348/348 236/349/349
f 236/349/349 231/348/348 234/350/350
f 228/351/351 237/352/352 229/353/353
f 229/353/353 237/352/352 238/354/354
f 168/355/355 239/356/356 169/357/357
f 169/357/357 239/356/356 240/358/358
f 134/359/359 171/360/360 135/361/361
f 135/361/361 171/360/360 174/362/362
f 140/363/363 241/364/364 137/365/365
f 137/365/365 241/364/364 242/366/366
f 188/367/367 242/368/368 189/369/369
f 189/369/369 242/368/368 241/370/370
f 128/371/371 243/372/372 125/373/373
f 125/373/373 243/372/372 244/374/374
f 130/375/375 183/376/376 131/377/377
f 131/377/377 183/376/376 186/378/378
f 147/379/379 146/380/380 248/381/381
f 248/381/381 146/380/380 245/382/382
f 248/381/381 245/382/382 247/383/383
f 247/383/383 245/382/382 246/384/384
f 146/380/380 191/385/385 245/382/382
f 245/382/382 191/385/385 194/386/386
f 197/387/387 196/388/388 252/389/389
f 252/389/389 196/388/388 249/390/390
f 252/389/389 249/390/390 251/391/391
f 251/391/391 249/390/390 250/392/392
f 196/388/388 244/393/393 249/390/390
f 249/390/390 244/393/393 243/394/394
f 167/395/395 170/396/396 258/397/397
f 258/397/397 170/396/396 253/398/398
f 258/397/397 253/398/398 257/399/399
f 257/399/399 253/398/398 254/400/400
f 257/399/399 254/400/400 256/401/401
f 256/401/401 254/400/400 255/402/402
f 256/401/401 255/402/402 212/403/403
f 212/403/403 255/402/402 213/404/404
f 173/405/405 172/406/406 264/407/407
f 264/407/407 172/406/406 259/408/408
f 264/407/407 259/408/408 263/409/409
f 263/409/409 259/408/408 260/410/410
f 263/409/409 260/410/410 262/411/411
f 262/411/411 260/410/410 261/412/412
f 262/411/411 261/412/412 206/413/413
f 206/413/413 261/412/412 203/414/414
f 153/415/415 156/416/416 270/417/417
f 270/417/417 156/416/416 265/418/418
f 270/417/417 265/418/418 269/419/419
f 269/419/419 265/418/418 266/420/420
f 269/419/419 266/420/420 268/421/421
f 268/421/421 266/420/420 267/422/422
f 268/421/421 267/422/422 200/423/423
f 200/423/423 267/422/422 201/424/424
f 151/425/425 150/426/426 276/427/427
f 276/427/427 150/426/426 271/428/428
f 276/427/427 271/428/428 275/429/429
f 275/429/429 271/428/428 272/430/430
f 275/429/429 272/430/430 274/431/431
f 274/431/431 272/430/430 273/432/432
f 274/431/431 273/432/432 210/433/433
f 210/433/433 273/432/432 207/434/434
f 214/435/435 240/436/436 211/437/437
f 211/437/437 240/436/436 239/438/438
f 176/439/439 277/440/440 177/441/441
f 177/441/441 277/440/440 278/442/442
f 160/443/443 179/444/444 161/445/445
f 161/445/445 179/444/444 182/446/446
f 195/447/447 198/448/448 284/449/449
f 284/449/449 198/448/448 279/450/450
f 284/449/449 279/450/450 283/451/451
f 283/451/451 279/450/450 280/452/452
f 283/451/451 280/452/452 282/453/453
f 282/453/453 280/452/452 281/454/454
f 282/453/453 281/454/454 232/455/455
f 232/455/455 281/454/454 233/456/456
f 181/457/457 180/458/458 290/459/459
f 290/459/459 180/458/458 285/460/460
f 290/459/459 285/460/460 289/461/461
f 289/461/461 285/460/460 286/462/462
f 289/461/461 286/462/462 288/463/463
f 288/463/463 286/462/462 287/464/464
f 288/463/463 287/464/464 218/465/465
f 218/465/465 287/464/464 215/466/466
f 143/467/467 142/468/468 296/469/469
f 296/469/469 142/468/468 291/470/470
f 296/469/469 291/470/470 295/471/471
f 295/471/471 291/470/470 292/472/472
f 295/471/471 292/472/472 294/473/473
f 294/473/473 292/472/472 293/474/474
f 294/473/473 293/474/474 178/475/475
f 178/475/475 293/474/474 175/476/476
f 127/477/477 126/478/478 314/479/479
f 314/479/479 126/478/478 297/480/480
f 314/479/479 297/480/480 313/481/481
f 313/481/481 297/480/480 298/482/482
f 313/481/481 298/482/482 312/483/483
f 312/483/483 298/482/482 299/484/484
f 312/483/483 299/484/484 311/485/485
f 311/485/485 299/484/484 300/486/486
f 311/485/485 300/486/486 310/487/487
f 310/487/487 300/486/486 301/488/488
f 310/487/487 301/488/488 309/489/489
f 309/489/489 301/488/488 302/490/490
f 309/489/489 302/490/490 308/491/491
f 308/491/491 302/490/490 303/492/492
f 308/491/491 303/492/492 307/493/493
f 307/493/493 303/492/492 304/494/494
f 307/493/493 304/494/494 306/495/495
f 306/495/495 304/494/494 305/496/496
f 306/495/495 305/496/496 236/497/497
f 236/497/497 305/496/496 235/498/498
f 129/499/499 132/500/500 332/501/501
f 332/501/501 132/500/500 315/502/502
f 332/501/501 315/502/502 331/503/503
f 331/503/503 315/502/502 316/504/504
f 331/503/503 316/504/504 330/505/505
f 330/505/505 316/504/504 317/506/506
f 330/505/505 317/506/506 329/507/507
f 329/507/507 317/506/506 318/508/508
f 329/507/507 318/508/508 328/509/509
f 328/509/509 318/508/508 319/510/510
f 328/509/509 319/510/510 327/511/511
f 327/511/511 319/510/510 320/512/512
f 327/511/511 320/512/512 326/513/513
f 326/513/513 320/512/512 321/514/514
f 326/513/513 321/514/514 325/515/515
f 325/515/515 321/514/514 322/516/516
f 325/515/515 322/516/516 324/517/517
f 324/517/517 322/516/516 323/518/518
f 324/517/517 323/518/518 237/519/519
f 237/519/519 323/518/518 238/520/520
f 158/521/521 157/522/522 350/523/523
f 350/523/523 157/522/522 333/524/524
f 350/523/523 333/524/524 349/525/525
f 349/525/525 333/524/524 334/526/526
f 349/525/525 334/526/526 348/527/527
f 348/527/527 334/526/526 335/528/528
f 348/527/527 335/528/528 347/529/529
f 347/529/529 335/528/528 336/530/530
f 347/529/529 336/530/530 346/531/531
f 346/531/531 336/530/530 337/532/532
f 346/531/531 337/532/532 345/533/533
f 345/533/533 337/532/532 338/534/534
f 345/533/533 338/534/534 344/535/535
f 344/535/535 338/534/534 339/536/536
f 344/535/535 339/536/536 343/537/537
f 343/537/537 339/536/536 340/538/538
f 343/537/537 340/538/538 342/539/539
f 342/539/539 340/538/538 341/540/540
f 342/539/539 341/540/540 224/541/541
f 224/541/541 341/540/540 221/542/542
f 165/543/543 166/544/544 368/545/545
f 368/545/545 166/544/544 351/546/546
f 368/545/545 351/546/546 367/547/547
f 367/547/547 351/546/546 352/548/548
f 367/547/547 352/548/548 366/549/549
f 366/549/549 352/548/548 353/550/550
f 366/549/549 353/550/550 365/551/551
f 365/551/551 353/550/550 354/552/552
f 365/551/551 354/552/552 364/553/553
f 364/553/553 354/552/552 355/554/554
f 364/553/553 355/554/554 363/555/555
f 363/555/555 355/554/554 356/556/556
f 363/555/555 356/556/556 362/557/557
f 362/557/557 356/556/556 357/558/558
f 362/557/557 357/558/558 361/559/559
f 361/559/559 357/558/558 358/560/560
f 361/559/559 358/560/560 360/561/561
f 360/561/561 358/560/560 359/562/562
f 360/561/561 359/562/562 219/563/563
f 219/563/563 359/562/562 220/564/564
f 159/565/565 368/566/566 160/567/567
f 160/567/567 368/566/566 367/568/568
f 160/567/567 367/568/568 366/569/569
f 159/565/565 165/570/570 368/566/566
f 160/567/567 366/569/569 179/571/571
f 179/571/571 366/569/569 365/572/572
f 179/571/571 365/572/572 364/573/573
f 363/574/574 285/575/575 364/573/573
f 364/573/573 285/575/575 180/576/576
f 364/573/573 180/576/576 179/571/571
f 285/575/575 363/574/574 286/577/577
f 286/577/577 363/574/574 362/578/578
f 286/577/577 362/578/578 287/579/579
f 287/579/579 362/578/578 361/580/580
f 287/579/579 361/580/580 215/581/581
f 215/581/581 361/580/580 360/582/582
f 215/581/581 360/582/582 216/583/583
f 216/583/583 360/582/582 219/584/584
f 145/585/585 369/586/586 146/587/587
f 146/587/587 369/586/586 370/588/588
f 146/587/587 370/588/588 191/589/589
f 191/589/589 370/588/588 371/590/590
f 191/589/589 371/590/590 192/591/591
f 167/592/592 258/593/593 168/594/594
f 168/594/594 258/593/593 257/595/595
f 168/594/594 257/595/595 239/596/596
f 239/596/596 257/595/595 211/597/597
f 211/597/597 257/595/595 256/598/598
f 211/597/597 256/598/598 212/599/599
f 157/600/600 154/601/601 333/602/602
f 333/602/602 154/601/601 153/603/603
f 333/602/602 153/603/603 334/604/604
f 334/604/604 153/603/603 270/605/605
f 334/604/604 270/605/605 335/606/606
f 335/606/606 270/605/605 269/607/607
f 335/606/606 269/607/607 336/608/608
f 336/608/608 269/607/607 268/609/609
f 336/608/608 268/609/609 337/610/610
f 337/610/610 268/609/609 200/611/611
f 337/610/610 200/611/611 199/612/612
f 199/612/612 372/613/613 337/610/610
f 337/610/610 372/613/613 338/614/614
f 338/614/614 372/613/613 373/615/615
f 338/614/614 373/615/615 339/616/616
f 339/616/616 373/615/615 374/617/617
f 339/616/616 374/617/617 340/618/618
f 340/618/618 374/617/617 225/619/619
f 340/618/618 225/619/619 341/620/620
f 341/620/620 225/619/619 222/621/621
f 341/620/620 222/621/621 221/622/622
f 163/623/623 272/624/624 149/625/625
f 149/625/625 272/624/624 271/626/626
f 149/625/625 271/626/626 150/627/627
f 272/624/624 163/623/623 273/628/628
f 273/628/628 163/623/623 208/629/629
f 273/628/628 208/629/629 207/630/630
f 142/631/631 141/632/632 291/633/633
f 291/633/633 141/632/632 292/634/634
f 292/634/634 141/632/632 293/635/635
f 293/635/635 141/632/632 176/636/636
f 293/635/635 176/636/636 175/637/637
f 141/632/632 277/638/638 176/636/636
f 133/639/639 375/640/640 134/641/641
f 134/641/641 375/640/640 376/642/642
f 134/641/641 376/642/642 260/643/643
f 260/643/643 376/642/642 261/644/644
f 261/644/644 376/642/642 377/645/645
f 261/644/644 377/645/645 203/646/646
f 203/646/646 377/645/645 204/647/647
f 134/641/641 260/643/643 171/648/648
f 171/648/648 260/643/643 259/649/649
f 171/648/648 259/649/649 172/650/650
f 138/651/651 137/652/652 380/653/653
f 380/653/653 137/652/652 379/654/654
f 379/654/654 137/652/652 242/655/655
f 379/654/654 242/655/655 378/656/656
f 378/656/656 242/655/655 188/657/657
f 378/656/656 188/657/657 187/658/658
f 126/659/659 125/660/660 297/661/661
f 297/661/661 125/660/660 196/662/662
f 297/661/661 196/662/662 298/663/663
f 298/663/663 196/662/662 299/664/664
f 299/664/664 196/662/662 300/665/665
f 300/665/665 196/662/662 195/666/666
f 300/665/665 195/666/666 301/667/667
f 301/667/667 195/666/666 284/668/668
f 301/667/667 284/668/668 302/669/669
f 302/669/669 284/668/668 283/670/670
f 302/669/669 283/670/670 303/671/671
f 303/671/671 283/670/670 282/672/672
f 303/671/671 282/672/672 304/673/673
f 304/673/673 282/672/672 232/674/674
f 304/673/673 232/674/674 305/675/675
f 305/675/675 232/674/674 231/676/676
f 305/675/675 231/676/676 235/677/677
f 125/660/660 244/678/678 196/662/662
f 129/679/679 332/680/680 130/681/681
f 130/681/681 332/680/680 331/682/682
f 130/681/681 331/682/682 183/683/683
f 183/683/683 331/682/682 330/684/684
f 183/683/683 330/684/684 329/685/685
f 329/685/685 328/686/686 183/683/683
f 183/683/683 328/686/686 184/687/687
f 184/687/687 328/686/686 383/688/688
f 383/688/688 328/686/686 327/689/689
f 383/688/688 327/689/689 382/690/690
f 382/690/690 327/689/689 326/691/691
f 382/690/690 326/691/691 381/692/692
f 381/692/692 326/691/691 325/693/693
f 381/692/692 325/693/693 227/694/694
f 227/694/694 325/693/693 324/695/695
f 227/694/694 324/695/695 228/696/696
f 228/696/696 324/695/695 237/697/697
f 199/698/698 202/699/699 372/700/700
f 372/700/700 202/699/699 384/701/701
f 372/700/700 384/701/701 373/702/702
f 373/702/702 384/701/701 385/703/703
f 373/702/702 385/703/703 374/704/704
f 374/704/704 385/703/703 386/705/705
f 374/704/704 386/705/705 225/706/706
f 225/706/706 386/705/705 226/707/707
f 185/708/708 184/709/709 389/710/710
f 389/710/710 184/709/709 383/711/711
f 389/710/710 383/711/711 388/712/712
f 388/712/712 383/711/711 382/713/713
f 388/712/712 382/713/713 387/714/714
f 387/714/714 382/713/713 381/715/715
f 387/714/714 381/715/715 230/716/716
f 230/716/716 381/715/715 227/717/717
f 133/718/718 136/719/719 375/720/720
f 375/720/720 136/719/719 390/721/721
f 375/720/720 390/721/721 376/722/722
f 376/722/722 390/721/721 391/723/723
f 376/722/722 391/723/723 377/724/724
f 377/724/724 391/723/723 392/725/725
f 377/724/724 392/725/725 204/726/726
f 204/726/726 392/725/725 205/727/727
f 139/728/728 138/729/729 395/730/730
f 395/730/730 138/729/729 380/731/731
f 395/730/730 380/731/731 394/732/732
f 394/732/732 380/731/731 379/733/733
f 394/732/732 379/733/733 393/734/734
f 393/734/734 379/733/733 378/735/735
f 393/734/734 378/735/735 190/736/736
f 190/736/736 378/735/735 187/737/737
f 145/738/738 148/739/739 369/740/740
f 369/740/740 148/739/739 396/741/741
f 369/740/740 396/741/741 370/742/742
f 370/742/742 396/741/741 397/743/743
f 370/742/742 397/743/743 371/744/744
f 371/744/744 397/743/743 398/745/745
f 371/744/744 398/745/745 192/746/746
f 192/746/746 398/745/745 193/747/747
f 400/748/748 449/749/749 399/750/750
f 399/750/750 449/749/749 447/751/751
f 399/752/750 447/753/751 422/754/752
f 422/754/752 447/753/751 493/755/753
f 422/754/752 493/755/753 421/756/754
f 421/756/754 493/755/753 491/757/755
f 421/756/754 491/757/755 420/758/756
f 420/758/756 491/757/755 489/759/757
f 420/758/756 489/759/757 419/760/758
f 419/760/758 489/759/757 487/761/759
f 419/760/758 487/761/759 418/762/760
f 418/762/760 487/761/759 485/763/761
f 418/762/760 485/763/761 417/764/762
f 417/764/762 485/763/761 483/765/763
f 417/764/762 483/765/763 416/766/764
f 416/766/764 483/765/763 481/767/765
f 416/766/764 481/767/765 415/768/766
f 415/768/766 481/767/765 479/769/767
f 415/768/766 479/769/767 414/770/768
f 414/770/768 479/769/767 477/771/769
f 414/770/768 477/771/769 413/772/770
f 413/772/770 477/771/769 475/773/771
f 413/772/770 475/773/771 412/774/772
f 412/774/772 475/773/771 473/775/773
f 412/774/772 473/775/773 411/776/774
f 411/776/774 473/775/773 471/777/775
f 411/776/774 471/777/775 410/778/776
f 410/778/776 471/777/775 469/779/777
f 410/778/776 469/779/777 409/780/778
f 409/780/778 469/779/777 467/781/779
f 409/780/778 467/781/779 408/782/780
f 408/782/780 467/781/779 465/783/781
f 408/782/780 465/783/781 407/784/782
f 407/784/782 465/783/781 463/785/783
f 407/784/782 463/785/783 406/786/784
f 406/786/784 463/785/783 461/787/785
f 406/786/784 461/787/785 405/788/786
f 405/788/786 461/787/785 459/789/787
f 405/788/786 459/789/787 404/790/788
f 404/790/788 459/789/787 457/791/789
f 404/790/788 457/791/789 403/792/790
f 403/792/790 457/791/789 455/793/791
f 403/792/790 455/793/791 402/794/792
f 402/794/792 455/793/791 453/795/793
f 402/794/792 453/795/793 401/796/794
f 401/796/794 453/795/793 451/797/795
f 401/796/794 451/797/795 400/748/748
f 400/748/748 451/797/795 449/749/749
f 424/798/796 494/799/797 423/800/798
f 423/800/798 494/799/797 448/801/799
f 423/802/798 448/803/799 446/804/800
f 446/804/800 448/803/799 450/805/801
f 446/804/800 450/805/801 445/806/802
f 445/806/802 450/805/801 452/807/803
f 445/806/802 452/807/803 444/808/804
f 444/808/804 452/807/803 454/809/805
f 444/808/804 454/809/805 443/810/806
f 443/810/806 454/809/805 456/811/807
f 443/810/806 456/811/807 442/812/808
f 442/812/808 456/811/807 458/813/809
f 442/812/808 458/813/809 441/814/810
f 441/814/810 458/813/809 460/815/811
f 441/814/810 460/815/811 440/816/812
f 440/816/812 460/815/811 462/817/813
f 440/816/812 462/817/813 439/818/814
f 439/818/814 462/817/813 464/819/815
f 439/818/814 464/819/815 438/820/816
f 438/820/816 464/819/815 466/821/817
f 438/820/816 466/821/817 437/822/818
f 437/822/818 466/821/817 468/823/819
f 437/822/818 468/823/819 436/824/820
f 436/824/820 468/823/819 470/825/821
f 436/824/820 470/825/821 435/826/822
f 435/826/822 470/825/821 472/827/823
f 435/826/822 472/827/823 434/828/824
f 434/828/824 472/827/823 474/829/825
f 434/828/824 474/829/825 433/830/826
f 433/830/826 474/829/825 476/831/827
f 433/830/826 476/831/827 432/832/828
f 432/832/828 476/831/827 478/833/829
f 432/832/828 478/833/829 431/834/830
f 431/834/830 478/833/829 480/835/831
f 431/834/830 480/835/831 430/836/832
f 430/836/832 480/835/831 482/837/833
f 430/836/832 482/837/833 429/838/834
f 429/838/834 482/837/833 484/839/835
f 429/838/834 484/839/835 428/840/836
f 428/840/836 484/839/835 486/841/837
f 428/840/836 486/841/837 427/842/838
f 427/842/838 486/841/837 488/843/839
f 427/842/838 488/843/839 426/844/840
f 426/844/840 488/843/839 490/845/841
f 426/844/840 490/845/841 425/846/842
f 425/846/842 490/845/841 492/847/843
f 425/846/842 492/847/843 424/798/796
f 424/798/796 492/847/843 494/799/797
f 447/753/751 448/801/799 493/755/753
f 493/755/753 448/801/799 494/799/797
f 493/755/753 494/799/797 491/757/755
f 491/757/755 494/799/797 492/847/843
f 491/757/755 492/847/843 489/759/757
f 489/759/757 492/847/843 490/845/841
f 489/759/757 490/845/841 487/761/759
f 487/761/759 490/845/841 488/843/839
f 487/761/759 488/843/839 485/763/761
f 485/763/761 488/843/839 486/841/837
f 485/763/761 486/841/837 483/765/763
f 483/765/763 486/841/837 484/839/835
f 483/765/763 484/839/835 481/767/765
f 481/767/765 484/839/835 482/837/833
f 481/767/765 482/837/833 479/769/767
f 479/769/767 482/837/833 480/835/831
f 479/769/767 480/835/831 477/771/769
f 477/771/769 480/835/831 478/833/829
f 477/771/769 478/833/829 475/773/771
f 475/773/771 478/833/829 476/831/827
f 475/773/771 476/831/827 473/775/773
f 473/775/773 476/831/827 474/829/825
f 473/775/773 474/829/825 471/777/775
f 471/777/775 474/829/825 472/827/823
f 471/777/775 472/827/823 469/779/777
f 469/779/777 472/827/823 470/825/821
f 469/779/777 470/825/821 467/781/779
f 467/781/779 470/825/821 468/823/819
f 467/781/779 468/823/819 465/783/781
f 465/783/781 468/823/819 466/821/817
f 465/783/781 466/821/817 463/785/783
f 463/785/783 466/821/817 464/819/815
f 463/785/783 464/819/815 461/787/785
f 461/787/785 464/819/815 462/817/813
f 461/787/785 462/817/813 459/789/787
f 459/789/787 462/817/813 460/815/811
f 459/789/787 460/815/811 457/791/789
f 457/791/789 460/815/811 458/813/809
f 457/791/789 458/813/809 455/793/791
f 455/793/791 458/813/809 456/811/807
f 455/793/791 456/811/807 453/795/793
f 453/795/793 456/811/807 454/809/805
f 453/795/793 454/809/805 451/797/795
f 451/797/795 454/809/805 452/807/803
f 451/797/795 452/807/803 449/749/749
f 449/749/749 452/807/803 450/805/801
f 449/749/749 450/805/801 447/751/751
f 447/751/751 450/805/801 448/803/799
f 496/848/844 545/849/845 495/850/846
f 495/850/846 545/849/845 543/851/847
f 495/852/846 543/853/847 518/854/848
f 518/854/848 543/853/847 589/855/849
f 518/854/848 589/855/849 517/856/850
f 517/856/850 589/855/849 587/857/851
f 517/856/850 587/857/851 516/858/852
f 516/858/852 587/857/851 585/859/853
f 516/858/852 585/859/853 515/860/854
f 515/860/854 585/859/853 583/861/855
f 515/860/854 583/861/855 514/862/856
f 514/862/856 583/861/855 581/863/857
f 514/862/856 581/863/857 513/864/858
f 513/864/858 581/863/857 579/865/859
f 513/864/858 579/865/859 512/866/860
f 512/866/860 579/865/859 577/867/861
f 512/866/860 577/867/861 511/868/862
f 511/868/862 577/867/861 575/869/863
f 511/868/862 575/869/863 510/870/864
f 510/870/864 575/869/863 573/871/865
f 510/870/864 573/871/865 509/872/866
f 509/872/866 573/871/865 571/873/867
f 509/872/866 571/873/867 508/874/868
f 508/874/868 571/873/867 569/875/869
f 508/874/868 569/875/869 507/876/870
f 507/876/870 569/875/869 567/877/871
f 507/876/870 567/877/871 506/878/872
f 506/878/872 567/877/871 565/879/873
f 506/878/872 565/879/873 505/880/874
f 505/880/874 565/879/873 563/881/875
f 505/880/874 563/881/875 504/882/876
f 504/882/876 563/881/875 561/883/877
f 504/882/876 561/883/877 503/884/878
f 503/884/878 561/883/877 559/885/879
f 503/884/878 559/885/879 502/886/880
f 502/886/880 559/885/879 557/887/881
f 502/886/880 557/887/881 501/888/882
f 501/888/882 557/887/881 555/889/883
f 501/888/882 555/889/883 500/890/884
f 500/890/884 555/889/883 553/891/885
f 500/890/884 553/891/885 499/892/886
f 499/892/886 553/891/885 551/893/887
f 499/892/886 551/893/887 498/894/888
f 498/894/888 551/893/887 549/895/889
f 498/894/888 549/895/889 497/896/890
f 497/896/890 549/895/889 547/897/891
f 497/896/890 547/897/891 496/848/844
f 496/848/844 547/897/891 545/849/845
f 520/898/892 590/899/893 519/900/894
f 519/900/894 590/899/893 544/901/895
f 519/902/894 544/903/895 542/904/896
f 542/904/896 544/903/895 546/905/897
f 542/904/896 546/905/897 541/906/898
f 541/906/898 546/905/897 548/907/899
f 541/906/898 548/907/899 540/908/900
f 540/908/900 548/907/899 550/909/901
f 540/908/900 550/909/901 539/910/902
f 539/910/902 550/909/901 552/911/903
f 539/910/902 552/911/903 538/912/904
f 538/912/904 552/911/903 554/913/905
f 538/912/904 554/913/905 537/914/906
f 537/914/906 554/913/905 556/915/907
f 537/914/906 556/915/907 536/916/908
f 536/916/908 556/915/907 558/917/909
f 536/916/908 558/917/909 535/918/910
f 535/918/910 558/917/909 560/919/911
f 535/918/910 560/919/911 534/920/912
f 534/920/912 560/919/911 562/921/913
f 534/920/912 562/921/913 533/922/914
f 533/922/914 562/921/913 564/923/915
f 533/922/914 564/923/915 532/924/916
f 532/924/916 564/923/915 566/925/917
f 532/924/916 566/925/917 531/926/918
f 531/926/918 566/925/917 568/927/919
f 531/926/918 568/927/919 530/928/920
f 530/928/920 568/927/919 570/929/921
f 530/928/920 570/929/921 529/930/922
f 529/930/922 570/929/921 572/931/923
f 529/930/922 572/931/923 528/932/924
f 528/932/924 572/931/923 574/933/925
f 528/932/924 574/933/925 527/934/926
f 527/934/926 574/933/925 576/935/927
f 527/934/926 576/935/927 526/936/928
f 526/936/928 576/935/927 578/937/929
f 526/936/928 578/937/929 525/938/930
f 525/938/930 578/937/929 580/939/931
f 525/938/930 580/939/931 524/940/932
f 524/940/932 580/939/931 582/941/933
f 524/940/932 582/941/933 523/942/934
f 523/942/934 582/941/933 584/943/935
f 523/942/934 584/943/935 522/944/936
f 522/944/936 584/943/935 586/945/937
f 522/944/936 586/945/937 521/946/938
f 521/946/938 586/945/937 588/947/939
f 521/946/938 588/947/939 520/898/892
f 520/898/892 588/947/939 590/899/893
f 543/853/847 544/901/895 589/855/849
f 589/855/849 544/901/895 590/899/893
f 589/855/849 590/899/893 587/857/851
f 587/857/851 590/899/893 588/947/939
f 587/857/851 588/947/939 585/859/853
f 585/859/853 588/947/939 586/945/937
f 585/859/853 586/945/937 583/861/855
f 583/861/855 586/945/937 584/943/935
f 583/861/855 584/943/935 581/863/857
f 581/863/857 584/943/935 582/941/933
f 581/863/857 582/941/933 579/865/859
f 579/865/859 582/941/933 580/939/931
f 579/865/859 580/939/931 577/867/861
f 577/867/861 580/939/931 578/937/929
f 577/867/861 578/937/929 575/869/863
f 575/869/863 578/937/929 576/935/927
f 575/869/863 576/935/927 573/871/865
f 573/871/865 576/935/927 574/933/925
f 573/871/865 574/933/925 571/873/867
f 571/873/867 574/933/925 572/931/923
f 571/873/867 572/931/923 569/875/869
f 569/875/869 572/931/923 570/929/921
f 569/875/869 570/929/921 567/877/871
f 567/877/871 570/929/921 568/927/919
f 567/877/871 568/927/919 565/879/873
f 565/879/873 568/927/919 566/925/917
f 565/879/873 566/925/917 563/881/875
f 563/881/875 566/925/917 564/923/915
f 563/881/875 564/923/915 561/883/877
f 561/883/877 564/923/915 562/921/913
f 561/883/877 562/921/913 559/885/879
f 559/885/879 562/921/913 560/919/911
f 559/885/879 560/919/911 557/887/881
f 557/887/881 560/919/911 558/917/909
f 557/887/881 558/917/909 555/889/883
f 555/889/883 558/917/909 556/915/907
f 555/889/883 556/915/907 553/891/885
f 553/891/885 556/915/907 554/913/905
f 553/891/885 554/913/905 551/893/887
f 551/893/887 554/913/905 552/911/903
f 551/893/887 552/911/903 549/895/889
f 549/895/889 552/911/903 550/909/901
f 549/895/889 550/909/901 547/897/891
f 547/897/891 550/909/901 548/907/899
f 547/897/891 548/907/899 545/849/845
f 545/849/845 548/907/899 546/905/897
f 545/849/845 546/905/897 543/851/847
f 543/851/847 546/905/897 544/903/895
f 592/948/940 641/949/941 591/950/942
f 591/950/942 641/949/941 639/951/943
f 591/952/942 639/953/943 614/954/944
f 614/954/944 639/953/943 685/955/945
f 614/954/944 685/955/945 613/956/946
f 613/956/946 685/955/945 683/957/947
f 613/956/946 683/957/947 612/958/948
f 612/958/948 683/957/947 681/959/949
f 612/958/948 681/959/949 611/960/950
f 611/960/950 681/959/949 679/961/951
f 611/960/950 679/961/951 610/962/952
f 610/962/952 679/961/951 677/963/953
f 610/962/952 677/963/953 609/964/954
f 609/964/954 677/963/953 675/965/955
f 609/964/954 675/965/955 608/966/956
f 608/966/956 675/965/955 673/967/957
f 608/966/956 673/967/957 607/968/958
f 607/968/958 673/967/957 671/969/959
f 607/968/958 671/969/959 606/970/960
f 606/970/960 671/969/959 669/971/961
f 606/970/960 669/971/961 605/972/962
f 605/972/962 669/971/961 667/973/963
f 605/972/962 667/973/963 604/974/964
f 604/974/964 667/973/963 665/975/965
f 604/974/964 665/975/965 603/976/966
f 603/976/966 665/975/965 663/977/967
f 603/976/966 663/977/967 602/978/968
f 602/978/968 663/977/967 661/979/969
f 602/978/968 661/979/969 601/980/970
f 601/980/970 661/979/969 659/981/971
f 601/980/970 659/981/971 600/982/972
f 600/982/972 659/981/971 657/983/973
f 600/982/972 657/983/973 599/984/974
f 599/984/974 657/983/973 655/985/975
f 599/984/974 655/985/975 598/986/976
f 598/986/976 655/985/975 653/987/977
f 598/986/976 653/987/977 597/988/978
f 597/988/978 653/987/977 651/989/979
f 597/988/978 651/989/979 596/990/980
f 596/990/980 651/989/979 649/991/981
f 596/990/980 649/991/981 595/992/982
f 595/992/982 649/991/981 647/993/983
f 595/992/982 647/993/983 594/994/984
f 594/994/984 647/993/983 645/995/985
f 594/994/984 645/995/985 593/996/986
f 593/996/986 645/995/985 643/997/987
f 593/996/986 643/997/987 592/948/940
f 592/948/940 643/997/987 641/949/941
f 616/998/988 686/999/989 615/1000/990
f 615/1000/990 686/999/989 640/1001/991
f 615/1002/990 640/1003/991 638/1004/992
f 638/1004/992 640/1003/991 642/1005/993
f 638/1004/992 642/1005/993 637/1006/994
f 637/1006/994 642/1005/993 644/1007/995
f 637/1006/994 644/1007/995 636/1008/996
f 636/1008/996 644/1007/995 646/1009/997
f 636/1008/996 646/1009/997 635/1010/998
f 635/1010/998 646/1009/997 648/1011/999
f 635/1010/998 648/1011/999 634/1012/1000
f 634/1012/1000 648/1011/999 650/1013/1001
f 634/1012/1000 650/1013/1001 633/1014/1002
f 633/1014/1002 650/1013/1001 652/1015/1003
f 633/1014/1002 652/1015/1003 632/1016/1004
f 632/1016/1004 652/1015/1003 654/1017/1005
f 632/1016/1004 654/1017/1005 631/1018/1006
f 631/1018/1006 654/1017/1005 656/1019/1007
f 631/1018/1006 656/1019/1007 630/1020/1008
f 630/1020/1008 656/1019/1007 658/1021/1009
f 630/1020/1008 658/1021/1009 629/1022/1010
f 629/1022/1010 658/1021/1009 660/1023/1011
f 629/1022/1010 660/1023/1011 628/1024/1012
f 628/1024/1012 660/1023/1011 662/1025/1013
f 628/1024/1012 662/1025/1013 627/1026/1014
f 627/1026/1014 662/1025/1013 664/1027/1015
f 627/1026/1014 664/1027/1015 626/1028/1016
f 626/1028/1016 664/1027/1015 666/1029/1017
f 626/1028/1016 666/1029/1017 625/1030/1018
f 625/1030/1018 666/1029/1017 668/1031/1019
f 625/1030/1018 668/1031/1019 624/1032/1020
f 624/1032/1020 668/1031/1019 670/1033/1021
f 624/1032/1020 670/1033/1021 623/1034/1022
f 623/1034/1022 670/1033/1021 672/1035/1023
f 623/1034/1022 672/1035/1023 622/1036/1024
f 622/1036/1024 672/1035/1023 674/1037/1025
f 622/1036/1024 674/1037/1025 621/1038/1026
f 621/1038/1026 674/1037/1025 676/1039/1027
f 621/1038/1026 676/1039/1027 620/1040/1028
f 620/1040/1028 676/1039/1027 678/1041/1029
f 620/1040/1028 678/1041/1029 619/1042/1030
f 619/1042/1030 678/1041/1029 680/1043/1031
f 619/1042/1030 680/1043/1031 618/1044/1032
f 618/1044/1032 680/1043/1031 682/1045/1033
f 618/1044/1032 682/1045/1033 617/1046/1034
f 617/1046/1034 682/1045/1033 684/1047/1035
f 617/1046/1034 684/1047/1035 616/998/988
f 616/998/988 684/1047/1035 686/999/989
f 639/953/943 640/1001/991 685/955/945
f 685/955/945 640/1001/991 686/999/989
f 685/955/945 686/999/989 683/957/947
f 683/957/947 686/999/989 684/1047/1035
f 683/957/947 684/1047/1035 681/959/949
f 681/959/949 684/1047/1035 682/1045/1033
f 681/959/949 682/1045/1033 679/961/951
f 679/961/951 682/1045/1033 680/1043/1031
f 679/961/951 680/1043/1031 677/963/953
f 677/963/953 680/1043/1031 678/1041/1029
f 677/963/953 678/1041/1029 675/965/955
f 675/965/955 678/1041/1029 676/1039/1027
f 675/965/955 676/1039/1027 673/967/957
f 673/967/957 676/1039/1027 674/1037/1025
f 673/967/957 674/1037/1025 671/969/959
f 671/969/959 674/1037/1025 672/1035/1023
f 671/969/959 672/1035/1023 669/971/961
f 669/971/961 672/1035/1023 670/1033/1021
f 669/971/961 670/1033/1021 667/973/963
f 667/973/963 670/1033/1021 668/1031/1019
f 667/973/963 668/1031/1019 665/975/965
f 665/975/965 668/1031/1019 666/1029/1017
f 665/975/965 666/1029/1017 663/977/967
f 663/977/967 666/1029/1017 664/1027/1015
f 663/977/967 664/1027/1015 661/979/969
f 661/979/969 664/1027/1015 662/1025/1013
f 661/979/969 662/1025/1013 659/981/971
f 659/981/971 662/1025/1013 660/1023/1011
f 659/981/971 660/1023/1011 657/983/973
f 657/983/973 660/1023/1011 658/1021/1009
f 657/983/973 658/1021/1009 655/985/975
f 655/985/975 658/1021/1009 656/1019/1007
f 655/985/975 656/1019/1007 653/987/977
f 653/987/977 656/1019/1007 654/1017/1005
f 653/987/977 654/1017/1005 651/989/979
f 651/989/979 654/1017/1005 652/1015/1003
f 651/989/979 652/1015/1003 649/991/981
f 649/991/981 652/1015/1003 650/1013/1001
f 649/991/981 650/1013/1001 647/993/983
f 647/993/983 650/1013/1001 648/1011/999
f 647/993/983 648/1011/999 645/995/985
f 645/995/985 648/1011/999 646/1009/997
f 645/995/985 646/1009/997 643/997/987
f 643/997/987 646/1009/997 644/1007/995
f 643/997/987 644/1007/995 641/949/941
f 641/949/941 644/1007/995 642/1005/993
f 641/949/941 642/1005/993 639/951/943
f 639/951/943 642/1005/993 640/1003/991
f 688/1048/1036 737/1049/1037 687/1050/1038
f 687/1050/1038 737/1049/1037 735/1051/1039
f 687/1052/1038 735/1053/1039 710/1054/1040
f 710/1054/1040 735/1053/1039 781/1055/1041
f 710/1054/1040 781/1055/1041 709/1056/1042
f 709/1056/1042 781/1055/1041 779/1057/1043
f 709/1056/1042 779/1057/1043 708/1058/1044
f 708/1058/1044 779/1057/1043 777/1059/1045
f 708/1058/1044 777/1059/1045 707/1060/1046
f 707/1060/1046 777/1059/1045 775/1061/1047
f 707/1060/1046 775/1061/1047 706/1062/1048
f 706/1062/1048 775/1061/1047 773/1063/1049
f 706/1062/1048 773/1063/1049 705/1064/1050
f 705/1064/1050 773/1063/1049 771/1065/1051
f 705/1064/1050 771/1065/1051 704/1066/1052
f 704/1066/1052 771/1065/1051 769/1067/1053
f 704/1066/1052 769/1067/1053 703/1068/1054
f 703/1068/1054 769/1067/1053 767/1069/1055
f 703/1068/1054 767/1069/1055 702/1070/1056
f 702/1070/1056 767/1069/1055 765/1071/1057
f 702/1070/1056 765/1071/1057 701/1072/1058
f 701/1072/1058 765/1071/1057 763/1073/1059
f 701/1072/1058 763/1073/1059 700/1074/1060
f 700/1074/1060 763/1073/1059 761/1075/1061
f 700/1074/1060 761/1075/1061 699/1076/1062
f 699/1076/1062 761/1075/1061 759/1077/1063
f 699/1076/1062 759/1077/1063 698/1078/1064
f 698/1078/1064 759/1077/1063 757/1079/1065
f 698/1078/1064 757/1079/1065 697/1080/1066
f 697/1080/1066 757/1079/1065 755/1081/1067
f 697/1080/1066 755/1081/1067 696/1082/1068
f 696/1082/1068 755/1081/1067 753/1083/1069
f 696/1082/1068 753/1083/1069 695/1084/1070
f 695/1084/1070 753/1083/1069 751/1085/1071
f 695/1084/1070 751/1085/1071 694/1086/1072
f 694/1086/1072 751/1085/1071 749/1087/1073
f 694/1086/1072 749/1087/1073 693/1088/1074
f 693/1088/1074 749/1087/1073 747/1089/1075
f 693/1088/1074 747/1089/1075 692/1090/1076
f 692/1090/1076 747/1089/1075 745/1091/1077
f 692/1090/1076 745/1091/1077 691/1092/1078
f 691/1092/1078 745/1091/1077 743/1093/1079
f 691/1092/1078 743/1093/1079 690/1094/1080
f 690/1094/1080 743/1093/1079 741/1095/1081
f 690/1094/1080 741/1095/1081 689/1096/1082
f 689/1096/1082 741/1095/1081 739/1097/1083
f 689/1096/1082 739/1097/1083 688/1048/1036
f 688/1048/1036 739/1097/1083 737/1049/1037
f 712/1098/1084 782/1099/1085 711/1100/1086
f 711/1100/1086 782/1099/1085 736/1101/1087
f 711/1102/1086 736/1103/1087 734/1104/1088
f 734/1104/1088 736/1103/1087 738/1105/1089
f 734/1104/1088 738/1105/1089 733/1106/1090
f 733/1106/1090 738/1105/1089 740/1107/1091
f 733/1106/1090 740/1107/1091 732/1108/1092
f 732/1108/1092 740/1107/1091 742/1109/1093
f 732/1108/1092 742/1109/1093 731/1110/1094
f 731/1110/1094 742/1109/1093 744/1111/1095
f 731/1110/1094 744/1111/1095 730/1112/1096
f 730/1112/1096 744/1111/1095 746/1113/1097
f 730/1112/1096 746/1113/1097 729/1114/1098
f 729/1114/1098 746/1113/1097 748/1115/1099
f 729/1114/1098 748/1115/1099 728/1116/1100
f 728/1116/1100 748/1115/1099 750/1117/1101
f 728/1116/1100 750/1117/1101 727/1118/1102
f 727/1118/1102 750/1117/1101 752/1119/1103
f 727/1118/1102 752/1119/1103 726/1120/1104
f 726/1120/1104 752/1119/1103 754/1121/1105
f 726/1120/1104 754/1121/1105 725/1122/1106
f 725/1122/1106 754/1121/1105 756/1123/1107
f 725/1122/1106 756/1123/1107 724/1124/1108
f 724/1124/1108 756/1123/1107 758/1125/1109
f 724/1124/1108 758/1125/1109 723/1126/1110
f 723/1126/1110 758/1125/1109 760/1127/1111
f 723/1126/1110 760/1127/1111 722/1128/1112
f 722/1128/1112 760/1127/1111 762/1129/1113
f 722/1128/1112 762/1129/1113 721/1130/1114
f 721/1130/1114 762/1129/1113 764/1131/1115
f 721/1130/1114 764/1131/1115 720/1132/1116
f 720/1132/1116 764/1131/1115 766/1133/1117
f 720/1132/1116 766/1133/1117 719/1134/1118
f 719/1134/1118 766/1133/1117 768/1135/1119
f 719/1134/1118 768/1135/1119 718/1136/1120
f 718/1136/1120 768/1135/1119 770/1137/1121
f 718/1136/1120 770/1137/1121 717/1138/1122
f 717/1138/1122 770/1137/1121 772/1139/1123
f 717/1138/1122 772/1139/1123 716/1140/1124
f 716/1140/1124 772/1139/1123 774/1141/1125
f 716/1140/1124 774/1141/1125 715/1142/1126
f 715/1142/1126 774/1141/1125 776/1143/1127
f 715/1142/1126 776/1143/1127 714/1144/1128
f 714/1144/1128 776/1143/1127 778/1145/1129
f 714/1144/1128 778/1145/1129 713/1146/1130
f 713/1146/1130 778/1145/1129 780/1147/1131
f 713/1146/1130 780/1147/1131 712/1098/1084
f 712/1098/1084 780/1147/1131 782/1099/1085
f 735/1053/1039 736/1101/1087 781/1055/1041
f 781/1055/1041 736/1101/1087 782/1099/1085
f 781/1055/1041 782/1099/1085 779/1057/1043
f 779/1057/1043 782/1099/1085 780/1147/1131
f 779/1057/1043 780/1147/1131 777/1059/1045
f 777/1059/1045 780/1147/1131 778/1145/1129
f 777/1059/1045 778/1145/1129 775/1061/1047
f 775/1061/1047 778/1145/1129 776/1143/1127
f 775/1061/1047 776/1143/1127 773/1063/1049
f 773/1063/1049 776/1143/1127 774/1141/1125
f 773/1063/1049 774/1141/1125 771/1065/1051
f 771/1065/1051 774/1141/1125 772/1139/1123
f 771/1065/1051 772/1139/1123 769/1067/1053
f 769/1067/1053 772/1139/1123 770/1137/1121
f 769/1067/1053 770/1137/1121 767/1069/1055
f 767/1069/1055 770/1137/1121 768/1135/1119
f 767/1069/1055 768/1135/1119 765/1071/1057
f 765/1071/1057 768/1135/1119 766/1133/1117
f 765/1071/1057 766/1133/1117 763/1073/1059
f 763/1073/1059 766/1133/1117 764/1131/1115
f 763/1073/1059 764/1131/1115 761/1075/1061
f 761/1075/1061 764/1131/1115 762/1129/1113
f 761/1075/1061 762/1129/1113 759/1077/1063
f 759/1077/1063 762/1129/1113 760/1127/1111
f 759/1077/1063 760/1127/1111 757/1079/1065
f 757/1079/1065 760/1127/1111 758/1125/1109
f 757/1079/1065 758/1125/1109 755/1081/1067
f 755/1081/1067 758/1125/1109 756/1123/1107
f 755/1081/1067 756/1123/1107 753/1083/1069
f 753/1083/1069 756/1123/1107 754/1121/1105
f 753/1083/1069 754/1121/1105 751/1085/1071
f 751/1085/1071 754/1121/1105 752/1119/1103
f 751/1085/1071 752/1119/1103 749/1087/1073
f 749/1087/1073 752/1119/1103 750/1117/1101
f 749/1087/1073 750/1117/1101 747/1089/1075
f 747/1089/1075 750/1117/1101 748/1115/1099
f 747/1089/1075 748/1115/1099 745/1091/1077
f 745/1091/1077 748/1115/1099 746/1113/1097
f 745/1091/1077 746/1113/1097 743/1093/1079
f 743/1093/1079 746/1113/1097 744/1111/1095
f 743/1093/1079 744/1111/1095 741/1095/1081
f 741/1095/1081 744/1111/1095 742/1109/1093
f 741/1095/1081 742/1109/1093 739/1097/1083
f 739/1097/1083 742/1109/1093 740/1107/1091
f 739/1097/1083 740/1107/1091 737/1049/1037
f 737/1049/1037 740/1107/1091 738/1105/1089
f 737/1049/1037 738/1105/1089 735/1051/1039
f 735/1051/1039 738/1105/1089 736/1103/1087
f 784/1148/1132 833/1149/1133 783/1150/1134
f 783/1150/1134 833/1149/1133 831/1151/1135
f 783/1152/1134 831/1153/1135 806/1154/1136
f 806/1154/1136 831/1153/1135 877/1155/1137
f 806/1154/1136 877/1155/1137 805/1156/1138
f 805/1156/1138 877/1155/1137 875/1157/1139
f 805/1156/1138 875/1157/1139 804/1158/1140
f 804/1158/1140 875/1157/1139 873/1159/1141
f 804/1158/1140 873/1159/1141 803/1160/1142
f 803/1160/1142 873/1159/1141 871/1161/1143
f 803/1160/1142 871/1161/1143 802/1162/1144
f 802/1162/1144 871/1161/1143 869/1163/1145
f 802/1162/1144 869/1163/1145 801/1164/1146
f 801/1164/1146 869/1163/1145 867/1165/1147
f 801/1164/1146 867/1165/1147 800/1166/1148
f 800/1166/1148 867/1165/1147 865/1167/1149
f 800/1166/1148 865/1167/1149 799/1168/1150
f 799/1168/1150 865/1167/1149 863/1169/1151
f 799/1168/1150 863/1169/1151 798/1170/1152
f 798/1170/1152 863/1169/1151 861/1171/1153
f 798/1170/1152 861/1171/1153 797/1172/1154
f 797/1172/1154 861/1171/1153 859/1173/1155
f 797/1172/1154 859/1173/1155 796/1174/1156
f 796/1174/1156 859/1173/1155 857/1175/1157
f 796/1174/1156 857/1175/1157 795/1176/1158
f 795/1176/1158 857/1175/1157 855/1177/1159
f 795/1176/1158 855/1177/1159 794/1178/1160
f 794/1178/1160 855/1177/1159 853/1179/1161
f 794/1178/1160 853/1179/1161 793/1180/1162
f 793/1180/1162 853/1179/1161 851/1181/1163
f 793/1180/1162 851/1181/1163 792/1182/1164
f 792/1182/1164 851/1181/1163 849/1183/1165
f 792/1182/1164 849/1183/1165 791/1184/1166
f 791/1184/1166 849/1183/1165 847/1185/1167
f 791/1184/1166 847/1185/1167 790/1186/1168
f 790/1186/1168 847/1185/1167 845/1187/1169
f 790/1186/1168 845/1187/1169 789/1188/1170
f 789/1188/1170 845/1187/1169 843/1189/1171
f 789/1188/1170 843/1189/1171 788/1190/1172
f 788/1190/1172 843/1189/1171 841/1191/1173
f 788/1190/1172 841/1191/1173 787/1192/1174
f 787/1192/1174 841/1191/1173 839/1193/1175
f 787/1192/1174 839/1193/1175 786/1194/1176
f 786/1194/1176 839/1193/1175 837/1195/1177
f 786/1194/1176 837/1195/1177 785/1196/1178
f 785/1196/1178 837/1195/1177 835/1197/1179
f 785/1196/1178 835/1197/1179 784/1148/1132
f 784/1148/1132 835/1197/1179 833/1149/1133
f 808/1198/1180 878/1199/1181 807/1200/1182
f 807/1200/1182 878/1199/1181 832/1201/1183
f 807/1202/1182 832/1203/1183 830/1204/1184
f 830/1204/1184 832/1203/1183 834/1205/1185
f 830/1204/1184 834/1205/1185 829/1206/1186
f 829/1206/1186 834/1205/1185 836/1207/1187
f 829/1206/1186 836/1207/1187 828/1208/1188
f 828/1208/1188 836/1207/1187 838/1209/1189
f 828/1208/1188 838/1209/1189 827/1210/1190
f 827/1210/1190 838/1209/1189 840/1211/1191
f 827/1210/1190 840/1211/1191 826/1212/1192
f 826/1212/1192 840/1211/1191 842/1213/1193
f 826/1212/1192 842/1213/1193 825/1214/1194
f 825/1214/1194 842/1213/1193 844/1215/1195
f 825/1214/1194 844/1215/1195 824/1216/1196
f 824/1216/1196 844/1215/1195 846/1217/1197
f 824/1216/1196 846/1217/1197 823/1218/1198
f 823/1218/1198 846/1217/1197 848/1219/1199
f 823/1218/1198 848/1219/1199 822/1220/1200
f 822/1220/1200 848/1219/1199 850/1221/1201
f 822/1220/1200 850/1221/1201 821/1222/1202
f 821/1222/1202 850/1221/1201 852/1223/1203
f 821/1222/1202 852/1223/1203 820/1224/1204
f 820/1224/1204 852/1223/1203 854/1225/1205
f 820/1224/1204 854/1225/1205 819/1226/1206
f 819/1226/1206 854/1225/1205 856/1227/1207
f 819/1226/1206 856/1227/1207 818/1228/1208
f 818/1228/1208 856/1227/1207 858/1229/1209
f 818/1228/1208 858/1229/1209 817/1230/1210
f 817/1230/1210 858/1229/1209 860/1231/1211
f 817/1230/1210 860/1231/1211 816/1232/1212
f 816/1232/1212 860/1231/1211 862/1233/1213
f 816/1232/1212 862/1233/1213 815/1234/1214
f 815/1234/1214 862/1233/1213 864/1235/1215
f 815/1234/1214 864/1235/1215 814/1236/1216
f 814/1236/1216 864/1235/1215 866/1237/1217
f 814/1236/1216 866/1237/1217 813/1238/1218
f 813/1238/1218 866/1237/1217 868/1239/1219
f 813/1238/1218 868/1239/1219 812/1240/1220
f 812/1240/1220 868/1239/1219 870/1241/1221
f 812/1240/1220 870/1241/1221 811/1242/1222
f 811/1242/1222 870/1241/1221 872/1243/1223
f 811/1242/1222 872/1243/1223 810/1244/1224
f 810/1244/1224 872/1243/1223 874/1245/1225
f 810/1244/1224 874/1245/1225 809/1246/1226
f 809/1246/1226 874/1245/1225 876/1247/1227
f 809/1246/1226 876/1247/1227 808/1198/1180
f 808/1198/1180 876/1247/1227 878/1199/1181
f 831/1153/1135 832/1201/1183 877/1155/1137
f 877/1155/1137 832/1201/1183 878/1199/1181
f 877/1155/1137 878/1199/1181 875/1157/1139
f 875/1157/1139 878/1199/1181 876/1247/1227
f 875/1157/1139 876/1247/1227 873/1159/1141
f 873/1159/1141 876/1247/1227 874/1245/1225
f 873/1159/1141 874/1245/1225 871/1161/1143
f 871/1161/1143 874/1245/1225 872/1243/1223
f 871/1161/1143 872/1243/1223 869/1163/1145
f 869/1163/1145 872/1243/1223 870/1241/1221
f 869/1163/1145 870/1241/1221 867/1165/1147
f 867/1165/1147 870/1241/1221 868/1239/1219
f 867/1165/1147 868/1239/1219 865/1167/1149
f 865/1167/1149 868/1239/1219 866/1237/1217
f 865/1167/1149 866/1237/1217 863/1169/1151
f 863/1169/1151 866/1237/1217 864/1235/1215
f 863/1169/1151 864/1235/1215 861/1171/1153
f 861/1171/1153 864/1235/1215 862/1233/1213
f 861/1171/1153 862/1233/1213 859/1173/1155
f 859/1173/1155 862/1233/1213 860/1231/1211
f 859/1173/1155 860/1231/1211 857/1175/1157
f 857/1175/1157 860/1231/1211 858/1229/1209
f 857/1175/1157 858/1229/1209 855/1177/1159
f 855/1177/1159 858/1229/1209 856/1227/1207
f 855/1177/1159 856/1227/1207 853/1179/1161
f 853/1179/1161 856/1227/1207 854/1225/1205
f 853/1179/1161 854/1225/1205 851/1181/1163
f 851/1181/1163 854/1225/1205 852/1223/1203
f 851/1181/1163 852/1223/1203 849/1183/1165
f 849/1183/1165 852/1223/1203 850/1221/1201
f 849/1183/1165 850/1221/1201 847/1185/1167
f 847/1185/1167 850/1221/1201 848/1219/1199
f 847/1185/1167 848/1219/1199 845/1187/1169
f 845/1187/1169 848/1219/1199 846/1217/1197
f 845/1187/1169 846/1217/1197 843/1189/1171
f 843/1189/1171 846/1217/1197 844/1215/1195
f 843/1189/1171 844/1215/1195 841/1191/1173
f 841/1191/1173 844/1215/1195 842/1213/1193
f 841/1191/1173 842/1213/1193 839/1193/1175
f 839/1193/1175 842/1213/1193 840/1211/1191
f 839/1193/1175 840/1211/1191 837/1195/1177
f 837/1195/1177 840/1211/1191 838/1209/1189
f 837/1195/1177 838/1209/1189 835/1197/1179
f 835/1197/1179 838/1209/1189 836/1207/1187
f 835/1197/1179 836/1207/1187 833/1149/1133
f 833/1149/1133 836/1207/1187 834/1205/1185
f 833/1149/1133 834/1205/1185 831/1151/1135
f 831/1151/1135 834/1205/1185 832/1203/1183
f 164/1248/1228 209/1249/1229 163/1250/1230
f 163/1250/1230 209/1249/1229 208/1251/1231
f 890/1252/1232 879/1253/1233 886/1254/1234
f 886/1254/1234 879/1253/1233 880/1255/1235
f 886/1254/1234 880/1255/1235 885/1256/1236
f 885/1256/1236 880/1255/1235 881/1257/1237
f 885/1256/1236 881/1257/1237 884/1258/1238
f 884/1258/1238 881/1257/1237 883/1259/1239
f 883/1259/1239 881/1257/1237 882/1260/1240
f 886/1254/1234 887/1261/1241 890/1252/1232
f 890/1252/1232 887/1261/1241 888/1262/1242
f 890/1252/1232 888/1262/1242 889/1263/1243
f 885/1264/1244 411/1265/1245 886/1266/1246
f 886/1266/1246 411/1265/1245 410/1267/1247
f 886/1266/1246 410/1267/1247 409/1268/1248
f 891/1269/1249 610/1270/1250 885/1264/1244
f 885/1264/1244 610/1270/1250 609/1271/1251
f 885/1264/1244 609/1271/1251 608/1272/1252
f 892/1273/1253 495/1274/1254 891/1269/1249
f 891/1269/1249 495/1274/1254 783/1275/1255
f 891/1269/1249 783/1275/1255 806/1276/1256
f 886/1266/1246 403/1277/1257 892/1273/1253
f 892/1273/1253 403/1277/1257 402/1278/1258
f 892/1273/1253 402/1278/1258 401/1279/1259
f 422/1280/1260 507/1281/1261 399/1282/1262
f 399/1282/1262 507/1281/1261 506/1283/1263
f 399/1282/1262 506/1283/1263 505/1284/1264
f 421/1285/1265 689/1286/1266 422/1280/1260
f 422/1280/1260 689/1286/1266 688/1287/1267
f 422/1280/1260 688/1287/1267 507/1281/1261
f 507/1281/1261 688/1287/1267 687/1288/1268
f 507/1281/1261 687/1288/1268 508/1289/1269
f 508/1289/1269 687/1288/1268 794/1290/1270
f 508/1289/1269 794/1290/1270 793/1291/1271
f 689/1286/1266 421/1285/1265 690/1292/1272
f 690/1292/1272 421/1285/1265 420/1293/1273
f 690/1292/1272 420/1293/1273 691/1294/1274
f 691/1294/1274 420/1293/1273 419/1295/1275
f 691/1294/1274 419/1295/1275 692/1296/1276
f 692/1296/1276 419/1295/1275 418/1297/1277
f 692/1296/1276 418/1297/1277 693/1298/1278
f 693/1298/1278 418/1297/1277 417/1299/1279
f 693/1298/1278 417/1299/1279 694/1300/1280
f 694/1300/1280 417/1299/1279 416/1301/1281
f 694/1300/1280 416/1301/1281 695/1302/1282
f 695/1302/1282 416/1301/1281 415/1303/1283
f 695/1302/1282 415/1303/1283 696/1304/1284
f 696/1304/1284 415/1303/1283 414/1305/1285
f 696/1304/1284 414/1305/1285 697/1306/1286
f 697/1306/1286 414/1305/1285 413/1307/1287
f 697/1306/1286 413/1307/1287 698/1308/1288
f 698/1308/1288 413/1307/1287 412/1309/1289
f 698/1308/1288 412/1309/1289 411/1265/1245
f 409/1268/1248 408/1310/1290 886/1266/1246
f 886/1266/1246 408/1310/1290 407/1311/1291
f 886/1266/1246 407/1311/1291 406/1312/1292
f 406/1312/1292 405/1313/1293 886/1266/1246
f 886/1266/1246 405/1313/1293 404/1314/1294
f 886/1266/1246 404/1314/1294 403/1277/1257
f 892/1273/1253 401/1279/1259 503/1315/1295
f 503/1315/1295 401/1279/1259 400/1316/1296
f 503/1315/1295 400/1316/1296 504/1317/1297
f 504/1317/1297 400/1316/1296 505/1284/1264
f 505/1284/1264 400/1316/1296 399/1282/1262
f 783/1275/1255 495/1274/1254 784/1318/1298
f 784/1318/1298 495/1274/1254 518/1319/1299
f 784/1318/1298 518/1319/1299 517/1320/1300
f 784/1318/1298 517/1320/1300 785/1321/1301
f 785/1321/1301 517/1320/1300 516/1322/1302
f 785/1321/1301 516/1322/1302 786/1323/1303
f 786/1323/1303 516/1322/1302 515/1324/1304
f 786/1323/1303 515/1324/1304 787/1325/1305
f 787/1325/1305 515/1324/1304 514/1326/1306
f 787/1325/1305 514/1326/1306 788/1327/1307
f 788/1327/1307 514/1326/1306 513/1328/1308
f 788/1327/1307 513/1328/1308 789/1329/1309
f 789/1329/1309 513/1328/1308 512/1330/1310
f 789/1329/1309 512/1330/1310 790/1331/1311
f 790/1331/1311 512/1330/1310 511/1332/1312
f 790/1331/1311 511/1332/1312 791/1333/1313
f 791/1333/1313 511/1332/1312 510/1334/1314
f 791/1333/1313 510/1334/1314 792/1335/1315
f 792/1335/1315 510/1334/1314 509/1336/1316
f 792/1335/1315 509/1336/1316 793/1291/1271
f 793/1291/1271 509/1336/1316 508/1289/1269
f 503/1315/1295 502/1337/1317 892/1273/1253
f 892/1273/1253 502/1337/1317 501/1338/1318
f 892/1273/1253 501/1338/1318 500/1339/1319
f 500/1339/1319 499/1340/1320 892/1273/1253
f 892/1273/1253 499/1340/1320 498/1341/1321
f 892/1273/1253 498/1341/1321 497/1342/1322
f 497/1342/1322 496/1343/1323 892/1273/1253
f 892/1273/1253 496/1343/1323 495/1274/1254
f 614/1344/1324 796/1345/1325 591/1346/1326
f 591/1346/1326 796/1345/1325 795/1347/1327
f 591/1346/1326 795/1347/1327 592/1348/1328
f 592/1348/1328 795/1347/1327 710/1349/1329
f 592/1348/1328 710/1349/1329 593/1350/1330
f 593/1350/1330 710/1349/1329 709/1351/1331
f 593/1350/1330 709/1351/1331 594/1352/1332
f 594/1352/1332 709/1351/1331 708/1353/1333
f 594/1352/1332 708/1353/1333 595/1354/1334
f 595/1354/1334 708/1353/1333 707/1355/1335
f 595/1354/1334 707/1355/1335 596/1356/1336
f 596/1356/1336 707/1355/1335 706/1357/1337
f 596/1356/1336 706/1357/1337 597/1358/1338
f 597/1358/1338 706/1357/1337 705/1359/1339
f 597/1358/1338 705/1359/1339 598/1360/1340
f 598/1360/1340 705/1359/1339 704/1361/1341
f 598/1360/1340 704/1361/1341 599/1362/1342
f 599/1362/1342 704/1361/1341 703/1363/1343
f 599/1362/1342 703/1363/1343 600/1364/1344
f 600/1364/1344 703/1363/1343 702/1365/1345
f 600/1364/1344 702/1365/1345 601/1366/1346
f 601/1366/1346 702/1365/1345 701/1367/1347
f 601/1366/1346 701/1367/1347 700/1368/1348
f 613/1369/1349 798/1370/1350 614/1344/1324
f 614/1344/1324 798/1370/1350 797/1371/1351
f 614/1344/1324 797/1371/1351 796/1345/1325
f 612/1372/1352 891/1269/1249 613/1369/1349
f 613/1369/1349 891/1269/1249 799/1373/1353
f 613/1369/1349 799/1373/1353 798/1370/1350
f 612/1372/1352 611/1374/1354 891/1269/1249
f 891/1269/1249 611/1374/1354 610/1270/1250
f 608/1272/1252 607/1375/1355 885/1264/1244
f 885/1264/1244 607/1375/1355 606/1376/1356
f 885/1264/1244 606/1376/1356 605/1377/1357
f 605/1377/1357 604/1378/1358 885/1264/1244
f 885/1264/1244 604/1378/1358 603/1379/1359
f 885/1264/1244 603/1379/1359 699/1380/1360
f 699/1380/1360 603/1379/1359 602/1381/1361
f 699/1380/1360 602/1381/1361 700/1368/1348
f 700/1368/1348 602/1381/1361 601/1366/1346
f 794/1290/1270 687/1288/1268 795/1347/1327
f 795/1347/1327 687/1288/1268 710/1349/1329
f 885/1264/1244 699/1380/1360 411/1265/1245
f 411/1265/1245 699/1380/1360 698/1308/1288
f 806/1276/1256 805/1382/1362 891/1269/1249
f 891/1269/1249 805/1382/1362 804/1383/1363
f 891/1269/1249 804/1383/1363 803/1384/1364
f 803/1384/1364 802/1385/1365 891/1269/1249
f 891/1269/1249 802/1385/1365 801/1386/1366
f 891/1269/1249 801/1386/1366 800/1387/1367
f 800/1387/1367 799/1373/1353 891/1269/1249
f 886/1388/1368 892/1389/1369 887/1390/1370
f 887/1390/1370 892/1389/1369 893/1391/1371
f 891/1392/1372 118/1393/1373 892/1394/1374
f 892/1394/1374 118/1393/1373 97/1395/1375
f 892/1394/1374 97/1395/1375 99/1396/1376
f 894/1397/1377 101/1398/1378 891/1392/1372
f 891/1392/1372 101/1398/1378 105/1399/1379
f 891/1392/1372 105/1399/1379 107/1400/1380
f 893/1401/1381 93/1402/1382 894/1397/1377
f 894/1397/1377 93/1402/1382 65/1403/1383
f 894/1397/1377 65/1403/1383 64/1404/1384
f 892/1394/1374 110/1405/1385 893/1401/1381
f 893/1401/1381 110/1405/1385 109/1406/1386
f 893/1401/1381 109/1406/1386 94/1407/1387
f 94/1407/1387 109/1406/1386 99/1396/1376
f 99/1396/1376 109/1406/1386 113/1408/1388
f 99/1396/1376 113/1408/1388 892/1394/1374
f 892/1394/1374 113/1408/1388 115/1409/1389
f 892/1394/1374 115/1409/1389 110/1405/1385
f 21/1410/1390 1/1411/1391 22/1412/1392
f 22/1412/1392 1/1411/1391 45/1413/1393
f 22/1412/1392 45/1413/1393 47/1414/1394
f 47/1414/1394 45/1413/1393 97/1395/1375
f 47/1414/1394 97/1395/1375 48/1415/1395
f 48/1415/1395 97/1395/1375 49/1416/1396
f 49/1416/1396 97/1395/1375 50/1417/1397
f 50/1417/1397 97/1395/1375 51/1418/1398
f 51/1418/1398 97/1395/1375 52/1419/1399
f 52/1419/1399 97/1395/1375 118/1393/1373
f 52/1419/1399 118/1393/1373 53/1420/1400
f 53/1420/1400 118/1393/1373 54/1421/1401
f 54/1421/1401 118/1393/1373 55/1422/1402
f 55/1422/1402 118/1393/1373 56/1423/1403
f 56/1423/1403 118/1393/1373 57/1424/1404
f 57/1424/1404 118/1393/1373 58/1425/1405
f 58/1425/1405 118/1393/1373 117/1426/1406
f 58/1425/1405 117/1426/1406 59/1427/1407
f 59/1427/1407 117/1426/1406 60/1428/1408
f 60/1428/1408 117/1426/1406 61/1429/1409
f 61/1429/1409 117/1426/1406 62/1430/1410
f 62/1430/1410 117/1426/1406 63/1431/1411
f 63/1431/1411 117/1426/1406 64/1404/1384
f 64/1404/1384 117/1426/1406 894/1397/1377
f 1/1411/1391 21/1410/1390 2/1432/1412
f 2/1432/1412 21/1410/1390 20/1433/1413
f 2/1432/1412 20/1433/1413 3/1434/1414
f 3/1434/1414 20/1433/1413 19/1435/1415
f 3/1434/1414 19/1435/1415 4/1436/1416
f 4/1436/1416 19/1435/1415 18/1437/1417
f 4/1436/1416 18/1437/1417 5/1438/1418
f 5/1438/1418 18/1437/1417 17/1439/1419
f 5/1438/1418 17/1439/1419 6/1440/1420
f 6/1440/1420 17/1439/1419 16/1441/1421
f 6/1440/1420 16/1441/1421 7/1442/1422
f 7/1442/1422 16/1441/1421 15/1443/1423
f 7/1442/1422 15/1443/1423 8/1444/1424
f 8/1444/1424 15/1443/1423 14/1445/1425
f 8/1444/1424 14/1445/1425 9/1446/1426
f 9/1446/1426 14/1445/1425 13/1447/1427
f 9/1446/1426 13/1447/1427 10/1448/1428
f 10/1448/1428 13/1447/1427 12/1449/1429
f 10/1448/1428 12/1449/1429 11/1450/1430
f 97/1395/1375 45/1413/1393 93/1402/1382
f 93/1402/1382 45/1413/1393 69/1451/1431
f 93/1402/1382 69/1451/1431 68/1452/1432
f 68/1452/1432 67/1453/1433 93/1402/1382
f 93/1402/1382 67/1453/1433 66/1454/1434
f 93/1402/1382 66/1454/1434 65/1403/1383
f 94/1407/1387 93/1402/1382 893/1401/1381
f 101/1398/1378 894/1397/1377 102/1455/1435
f 102/1455/1435 894/1397/1377 121/1456/1436
f 102/1455/1435 121/1456/1436 107/1400/1380
f 107/1400/1380 121/1456/1436 123/1457/1437
f 107/1400/1380 123/1457/1437 891/1392/1372
f 891/1392/1372 123/1457/1437 118/1393/1373
f 117/1426/1406 121/1456/1436 894/1397/1377
f 896/1458/1438 897/1459/1439 895/1460/1440
f 895/1460/1440 897/1459/1439 898/1461/1441
f 900/1462/1442 901/1463/1443 899/1464/1444
f 899/1464/1444 901/1463/1443 902/1465/1445
f 904/1466/1446 905/1467/1447 903/1468/1448
f 903/1468/1448 905/1467/1447 906/1469/1449
f 908/1470/1450 909/1471/1451 907/1472/1452
f 907/1472/1452 909/1471/1451 910/1473/1453
f 912/1474/1454 913/1475/1455 911/1476/1456
f 911/1476/1456 913/1475/1455 914/1477/1457
f 912/1478/1458 911/1479/1459 916/1480/1460
f 916/1480/1460 911/1479/1459 915/1481/1461
f 911/1482/1462 914/1483/1463 915/1484/1464
f 915/1484/1464 914/1483/1463 917/1485/1465
f 913/1486/1466 918/1487/1467 914/1488/1468
f 914/1488/1468 918/1487/1467 917/1489/1469
f 922/1490/1470 908/1491/1471 921/1492/1472
f 921/1492/1472 908/1491/1471 907/1493/1473
f 921/1492/1472 907/1493/1473 920/1494/1474
f 920/1494/1474 907/1493/1473 919/1495/1475
f 900/1496/1476 899/1497/1477 924/1498/1478
f 924/1498/1478 899/1497/1477 923/1499/1479
f 899/1500/1480 902/1501/1481 923/1502/1482
f 923/1502/1482 902/1501/1481 925/1503/1483
f 901/1504/1484 926/1505/1485 902/1506/1486
f 902/1506/1486 926/1505/1485 925/1507/1487
f 906/1508/1488 905/1509/1489 928/1510/1490
f 928/1510/1490 905/1509/1489 927/1511/1491
f 918/1512/1492 913/1513/1493 924/1514/1494
f 924/1514/1494 913/1513/1493 900/1515/1495
f 926/1516/1496 901/1517/1497 928/1518/1498
f 928/1518/1498 901/1517/1497 906/1519/1499
f 910/1520/1500 929/1521/1501 903/1522/1502
f 903/1522/1502 929/1521/1501 930/1523/1503
f 934/1524/1504 912/1525/1505 933/1526/1506
f 933/1526/1506 912/1525/1505 916/1527/1507
f 933/1526/1506 916/1527/1507 931/1528/1508
f 931/1528/1508 932/1529/1509 933/1526/1506
f 935/1530/1510 936/1531/1511 938/1532/1512
f 938/1532/1512 936/1531/1511 937/1533/1513
f 936/1534/1514 939/1535/1515 937/1536/1516
f 937/1536/1516 939/1535/1515 940/1537/1517
f 941/1538/1518 942/1539/1519 944/1540/1520
f 944/1540/1520 942/1539/1519 943/1541/1521
f 946/1542/1522 947/1543/1523 945/1544/1524
f 945/1544/1524 947/1543/1523 948/1545/1525
f 948/1546/1526 949/1547/1527 945/1548/1528
f 945/1548/1528 949/1547/1527 950/1549/1529
f 879/1550/1530 949/1551/1531 880/1552/1532
f 880/1552/1532 949/1551/1531 947/1553/1533
f 880/1552/1532 947/1553/1533 898/1554/1534
f 898/1554/1534 947/1553/1533 895/1555/1535
f 895/1555/1535 947/1553/1533 960/1556/1536
f 895/1555/1535 960/1556/1536 963/1557/1537
f 963/1557/1537 960/1556/1536 962/1558/1538
f 962/1558/1538 960/1556/1536 961/1559/1539
f 949/1551/1531 879/1550/1530 958/1560/1540
f 958/1560/1540 879/1550/1530 951/1561/1541
f 958/1560/1540 951/1561/1541 952/1562/1542
f 953/1563/1543 955/1564/1544 952/1562/1542
f 952/1562/1542 955/1564/1544 957/1565/1545
f 952/1562/1542 957/1565/1545 958/1560/1540
f 954/1566/1546 942/1567/1547 953/1563/1543
f 953/1563/1543 942/1567/1547 941/1568/1548
f 953/1563/1543 941/1568/1548 955/1564/1544
f 955/1564/1544 956/1569/1549 957/1565/1545
f 949/1551/1531 948/1570/1550 947/1553/1533
f 947/1553/1533 959/1571/1551 960/1556/1536
f 898/1554/1534 964/1572/1552 880/1552/1532
f 880/1552/1532 964/1572/1552 970/1573/1553
f 970/1573/1553 964/1572/1552 969/1574/1554
f 969/1574/1554 964/1572/1552 965/1575/1555
f 969/1574/1554 965/1575/1555 939/1576/1556
f 939/1576/1556 965/1575/1555 966/1577/1557
f 969/1574/1554 939/1576/1556 968/1578/1558
f 968/1578/1558 939/1576/1556 936/1579/1559
f 968/1578/1558 936/1579/1559 935/1580/1560
f 935/1580/1560 967/1581/1561 968/1578/1558
f 919/1582/1562 971/1583/1563 920/1584/1564
f 920/1584/1564 971/1583/1563 963/1585/1565
f 963/1585/1565 971/1583/1563 895/1586/1566
f 895/1586/1566 971/1583/1563 896/1587/1567
f 972/1588/1568 971/1589/1569 934/1590/1570
f 934/1590/1570 971/1589/1569 919/1591/1571
f 934/1590/1570 919/1591/1571 912/1592/1572
f 912/1592/1572 919/1591/1571 913/1593/1573
f 913/1593/1573 919/1591/1571 900/1594/1574
f 900/1594/1574 919/1591/1571 901/1595/1575
f 901/1595/1575 919/1591/1571 906/1596/1576
f 906/1596/1576 919/1591/1571 903/1597/1577
f 903/1597/1577 919/1591/1571 910/1598/1578
f 910/1598/1578 919/1591/1571 907/1599/1579
f 882/1600/1580 982/1601/1581 883/1602/1582
f 883/1602/1582 982/1601/1581 985/1603/1583
f 883/1602/1582 985/1603/1583 988/1604/1584
f 988/1604/1584 985/1603/1583 987/1605/1585
f 987/1605/1585 985/1603/1583 986/1606/1586
f 973/1607/1587 976/1608/1588 882/1600/1580
f 882/1600/1580 976/1608/1588 979/1609/1589
f 882/1600/1580 979/1609/1589 982/1601/1581
f 982/1601/1581 979/1609/1589 981/1610/1590
f 981/1610/1590 979/1609/1589 980/1611/1591
f 973/1607/1587 974/1612/1592 976/1608/1588
f 976/1608/1588 974/1612/1592 975/1613/1593
f 977/1614/1594 978/1615/1595 976/1608/1588
f 976/1608/1588 978/1615/1595 979/1609/1589
f 983/1616/1596 984/1617/1597 982/1601/1581
f 982/1601/1581 984/1617/1597 985/1603/1583
f 989/1618/1598 990/1619/1599 988/1604/1584
f 988/1604/1584 990/1619/1599 991/1620/1600
f 988/1604/1584 991/1620/1600 883/1602/1582
f 883/1602/1582 991/1620/1600 994/1621/1601
f 883/1602/1582 994/1621/1601 997/1622/1602
f 997/1622/1602 994/1621/1601 996/1623/1603
f 996/1623/1603 994/1621/1601 995/1624/1604
f 992/1625/1605 993/1626/1606 991/1620/1600
f 991/1620/1600 993/1626/1606 994/1621/1601
f 883/1602/1582 997/1622/1602 1000/1627/1607
f 1000/1627/1607 997/1622/1602 998/1628/1608
f 1000/1627/1607 998/1628/1608 999/1629/1609
f 883/1602/1582 1000/1627/1607 1003/1630/1610
f 1003/1630/1610 1000/1627/1607 1001/1631/1611
f 1003/1630/1610 1001/1631/1611 1002/1632/1612
f 1004/1633/1613 1005/1634/1614 1003/1630/1610
f 1003/1630/1610 1005/1634/1614 883/1602/1582
f 884/1635/1615 883/1636/1616 894/1637/1617
f 894/1637/1617 883/1636/1616 1005/1638/1618
f 894/1637/1617 1005/1638/1618 1006/1639/1619
f 894/1637/1617 1006/1639/1619 893/1640/1620
f 893/1640/1620 1006/1639/1619 888/1641/1621
f 893/1640/1620 888/1641/1621 887/1642/1622
f 1008/1643/1623 1004/1644/1624 1007/1645/1625
f 1007/1645/1625 1004/1644/1624 1003/1646/1626
f 1002/1647/1627 1009/1648/1628 1003/1649/1629
f 1003/1649/1629 1009/1648/1628 1007/1650/1630
f 888/1651/1631 1029/1652/1632 889/1653/1633
f 889/1653/1633 1029/1652/1632 1032/1654/1634
f 889/1653/1633 1032/1654/1634 1035/1655/1635
f 1035/1655/1635 1032/1654/1634 1033/1656/1636
f 1035/1655/1635 1033/1656/1636 1034/1657/1637
f 1006/1658/1638 1007/1659/1639 888/1651/1631
f 888/1651/1631 1007/1659/1639 1011/1660/1640
f 888/1651/1631 1011/1660/1640 1014/1661/1641
f 1014/1661/1641 1011/1660/1640 1012/1662/1642
f 1014/1661/1641 1012/1662/1642 1013/1663/1643
f 1006/1658/1638 1008/1664/1644 1007/1659/1639
f 1009/1665/1645 1010/1666/1646 1007/1659/1639
f 1007/1659/1639 1010/1666/1646 1011/1660/1640
f 888/1651/1631 1014/1661/1641 1017/1667/1647
f 1017/1667/1647 1014/1661/1641 1015/1668/1648
f 1017/1667/1647 1015/1668/1648 1016/1669/1649
f 888/1651/1631 1017/1667/1647 1020/1670/1650
f 1020/1670/1650 1017/1667/1647 1018/1671/1651
f 1020/1670/1650 1018/1671/1651 1019/1672/1652
f 888/1651/1631 1020/1670/1650 1023/1673/1653
f 1023/1673/1653 1020/1670/1650 1021/1674/1654
f 1023/1673/1653 1021/1674/1654 1022/1675/1655
f 888/1651/1631 1023/1673/1653 1026/1676/1656
f 1026/1676/1656 1023/1673/1653 1024/1677/1657
f 1026/1676/1656 1024/1677/1657 1025/1678/1658
f 888/1651/1631 1026/1676/1656 1029/1652/1632
f 1029/1652/1632 1026/1676/1656 1027/1679/1659
f 1029/1652/1632 1027/1679/1659 1028/1680/1660
f 1029/1652/1632 1030/1681/1661 1032/1654/1634
f 1032/1654/1634 1030/1681/1661 1031/1682/1662
f 1036/1683/1663 1037/1684/1664 1035/1655/1635
f 1035/1655/1635 1037/1684/1664 1038/1685/1665
f 1035/1655/1635 1038/1685/1665 889/1653/1633
f 1002/1686/1666 1001/1687/1667 1009/1688/1668
f 1009/1688/1668 1001/1687/1667 1010/1689/1669
f 1000/1690/1670 1011/1691/1671 1001/1692/1672
f 1001/1692/1672 1011/1691/1671 1010/1693/1673
f 999/1694/1674 1012/1695/1675 1000/1696/1676
f 1000/1696/1676 1012/1695/1675 1011/1697/1677
f 999/1698/1678 998/1699/1679 1012/1700/1680
f 1012/1700/1680 998/1699/1679 1013/1701/1681
f 1008/1702/1682 1006/1703/1683 1004/1704/1684
f 1004/1704/1684 1006/1703/1683 1005/1705/1685
f 885/1706/1686 884/1707/1687 891/1708/1688
f 891/1708/1688 884/1707/1687 894/1709/1689
f 881/1710/1690 1039/1711/1691 882/1712/1692
f 882/1712/1692 1039/1711/1691 973/1713/1693
f 973/1713/1693 1039/1711/1691 1040/1714/1694
f 973/1713/1693 1040/1714/1694 1045/1715/1695
f 1045/1715/1695 1040/1714/1694 1042/1716/1696
f 1045/1715/1695 1042/1716/1696 1044/1717/1697
f 1044/1717/1697 1042/1716/1696 1043/1718/1698
f 1040/1714/1694 1041/1719/1699 1042/1716/1696
f 889/1720/1700 1038/1721/1701 890/1722/1702
f 890/1722/1702 1038/1721/1701 1052/1723/1703
f 1052/1723/1703 1038/1721/1701 1051/1724/1704
f 1051/1724/1704 1038/1721/1701 1049/1725/1705
f 1051/1724/1704 1049/1725/1705 1050/1726/1706
f 1038/1721/1701 1046/1727/1707 1049/1725/1705
f 1049/1725/1705 1046/1727/1707 1047/1728/1708
f 1049/1725/1705 1047/1728/1708 1048/1729/1709
f 944/1730/1710 1053/1731/1711 941/1732/1712
f 941/1732/1712 1053/1731/1711 955/1733/1713
f 949/1734/1714 958/1735/1715 950/1736/1716
f 950/1736/1716 958/1735/1715 1054/1737/1717
f 958/1738/1718 957/1739/1719 1054/1740/1720
f 1054/1740/1720 957/1739/1719 1055/1741/1721
f 957/1742/1722 956/1743/1723 1055/1744/1724
f 1055/1744/1724 956/1743/1723 1056/1745/1725
f 945/1746/1726 950/1747/1727 946/1748/1728
f 946/1748/1728 950/1747/1727 1037/1749/1729
f 946/1748/1728 1037/1749/1729 975/1750/1730
f 975/1750/1730 1037/1749/1729 1036/1751/1731
f 950/1747/1727 1054/1752/1732 1037/1749/1729
f 1037/1749/1729 1054/1752/1732 1055/1753/1733
f 1037/1749/1729 1055/1753/1733 1053/1754/1734
f 1053/1754/1734 1055/1753/1733 1056/1755/1735
f 944/1756/1736 1058/1757/1737 1053/1754/1734
f 1053/1754/1734 1058/1757/1737 1059/1758/1738
f 1053/1754/1734 1059/1758/1738 1037/1749/1729
f 944/1756/1736 943/1759/1739 1058/1757/1737
f 1058/1757/1737 943/1759/1739 1057/1760/1740
f 975/1750/1730 974/1761/1741 946/1748/1728
f 946/1748/1728 974/1761/1741 897/1762/1742
f 946/1748/1728 897/1762/1742 896/1763/1743
f 1060/1764/1744 940/1765/1745 974/1761/1741
f 974/1761/1741 940/1765/1745 1064/1766/1746
f 974/1761/1741 1064/1766/1746 1065/1767/1747
f 1060/1764/1744 1061/1768/1748 940/1765/1745
f 940/1765/1745 1061/1768/1748 937/1769/1749
f 937/1769/1749 1061/1768/1748 938/1770/1750
f 938/1770/1750 1061/1768/1748 1062/1771/1751
f 940/1765/1745 1063/1772/1752 1064/1766/1746
f 1065/1767/1747 897/1762/1742 974/1761/1741
f 971/1773/1753 972/1774/1754 896/1763/1743
f 896/1763/1743 972/1774/1754 946/1748/1728
f 956/1775/1755 955/1776/1756 1056/1777/1757
f 1056/1777/1757 955/1776/1756 1053/1778/1758
f 897/1779/1759 1065/1780/1760 898/1781/1761
f 898/1781/1761 1065/1780/1760 964/1782/1762
f 1065/1783/1763 1064/1784/1764 964/1785/1765
f 964/1785/1765 1064/1784/1764 965/1786/1766
f 1064/1787/1767 1063/1788/1768 965/1789/1769
f 965/1789/1769 1063/1788/1768 966/1790/1770
f 1063/1791/1771 940/1792/1772 966/1793/1773
f 966/1793/1773 940/1792/1772 939/1794/1774
f 1036/1795/1775 1035/1796/1776 975/1797/1777
f 975/1797/1777 1035/1796/1776 976/1798/1778
f 977/1799/1779 976/1800/1780 1034/1801/1781
f 1034/1801/1781 976/1800/1780 1035/1802/1782
f 1033/1803/1783 1032/1804/1784 978/1805/1785
f 978/1805/1785 1032/1804/1784 979/1806/1786
f 980/1807/1787 979/1808/1788 1031/1809/1789
f 1031/1809/1789 979/1808/1788 1032/1810/1790
f 1030/1811/1791 1029/1812/1792 981/1813/1793
f 981/1813/1793 1029/1812/1792 982/1814/1794
f 983/1815/1795 982/1816/1796 1028/1817/1797
f 1028/1817/1797 982/1816/1796 1029/1818/1798
f 1027/1819/1799 1026/1820/1800 984/1821/1801
f 984/1821/1801 1026/1820/1800 985/1822/1802
f 986/1823/1803 985/1824/1804 1025/1825/1805
f 1025/1825/1805 985/1824/1804 1026/1826/1806
f 1024/1827/1807 1023/1828/1808 987/1829/1809
f 987/1829/1809 1023/1828/1808 988/1830/1810
f 989/1831/1811 988/1832/1812 1022/1833/1813
f 1022/1833/1813 988/1832/1812 1023/1834/1814
f 1021/1835/1815 1020/1836/1816 990/1837/1817
f 990/1837/1817 1020/1836/1816 991/1838/1818
f 992/1839/1819 991/1840/1820 1019/1841/1821
f 1019/1841/1821 991/1840/1820 1020/1842/1822
f 1018/1843/1823 1017/1844/1824 993/1845/1825
f 993/1845/1825 1017/1844/1824 994/1846/1826
f 995/1847/1827 994/1848/1828 1016/1849/1829
f 1016/1849/1829 994/1848/1828 1017/1850/1830
f 1016/1851/1831 1015/1852/1832 995/1853/1833
f 995/1853/1833 1015/1852/1832 996/1854/1834
f 1019/1855/1835 1018/1856/1836 992/1857/1837
f 992/1857/1837 1018/1856/1836 993/1858/1838
f 1022/1859/1839 1021/1860/1840 989/1861/1841
f 989/1861/1841 1021/1860/1840 990/1862/1842
f 1025/1863/1843 1024/1864/1844 986/1865/1845
f 986/1865/1845 1024/1864/1844 987/1866/1846
f 1028/1867/1847 1027/1868/1848 983/1869/1849
f 983/1869/1849 1027/1868/1848 984/1870/1850
f 1031/1871/1851 1030/1872/1852 980/1873/1853
f 980/1873/1853 1030/1872/1852 981/1874/1854
f 1034/1875/1855 1033/1876/1856 977/1877/1857
f 977/1877/1857 1033/1876/1856 978/1878/1858
f 1014/1879/1859 1013/1880/1860 997/1881/1861
f 997/1881/1861 1013/1880/1860 998/1882/1862
f 1015/1883/1863 1014/1884/1864 996/1885/1865
f 996/1885/1865 1014/1884/1864 997/1886/1866
f 1066/1887/1867 970/1888/1868 1067/1889/1869
f 1067/1889/1869 970/1888/1868 969/1890/1870
f 1066/1891/1871 1068/1892/1872 1040/1893/1873
f 1040/1893/1873 1068/1892/1872 1041/1894/1874
f 970/1895/1875 1066/1896/1876 880/1897/1877
f 880/1897/1877 1066/1896/1876 1039/1898/1878
f 1039/1898/1878 1066/1896/1876 1040/1899/1879
f 1068/1900/1880 1066/1901/1881 1071/1902/1882
f 1071/1902/1882 1066/1901/1881 1067/1903/1883
f 1071/1902/1882 1067/1903/1883 1069/1904/1884
f 1069/1904/1884 1070/1905/1885 1071/1902/1882
f 1041/1906/1886 1068/1907/1887 1042/1908/1888
f 1042/1908/1888 1068/1907/1887 1071/1909/1889
f 1051/1910/1890 1072/1911/1891 1052/1912/1892
f 1052/1912/1892 1072/1911/1891 879/1913/1893
f 879/1913/1893 1072/1911/1891 951/1914/1894
f 1073/1915/1895 1072/1916/1896 1050/1917/1897
f 1050/1917/1897 1072/1916/1896 1051/1918/1898
f 1073/1919/1899 1050/1920/1900 1074/1921/1901
f 1074/1921/1901 1050/1920/1900 1049/1922/1902
f 1073/1923/1903 1074/1924/1904 1072/1925/1905
f 1072/1925/1905 1074/1924/1904 1077/1926/1906
f 1077/1926/1906 1074/1924/1904 1076/1927/1907
f 1076/1927/1907 1074/1924/1904 1075/1928/1908
f 1045/1929/1909 1060/1930/1910 973/1931/1911
f 973/1931/1911 1060/1930/1910 974/1932/1912
f 1044/1933/1913 1061/1934/1914 1045/1935/1915
f 1045/1935/1915 1061/1934/1914 1060/1936/1916
f 968/1937/1917 1069/1938/1918 969/1939/1919
f 969/1939/1919 1069/1938/1918 1067/1940/1920
f 951/1941/1921 1072/1942/1922 952/1943/1923
f 952/1943/1923 1072/1942/1922 1077/1944/1924
f 1076/1945/1925 953/1946/1926 1077/1947/1927
f 1077/1947/1927 953/1946/1926 952/1948/1928
f 890/1949/1929 1052/1950/1930 879/1951/1931
f 1059/1952/1932 1046/1953/1933 1037/1954/1934
f 1037/1954/1934 1046/1953/1933 1038/1955/1935
f 1058/1956/1936 1047/1957/1937 1059/1958/1938
f 1059/1958/1938 1047/1957/1937 1046/1959/1939
f 1075/1960/1940 1074/1961/1941 1048/1962/1942
f 1048/1962/1942 1074/1961/1941 1049/1963/1943
f 1078/1964/1944 1079/1965/1945 1081/1966/1946
f 1081/1966/1946 1079/1965/1945 1080/1967/1947
f 933/1968/1948 1078/1969/1949 934/1970/1950
f 934/1970/1950 1078/1969/1949 1081/1971/1951
f 934/1970/1950 1081/1971/1951 972/1972/1952
f 972/1972/1952 1081/1971/1951 959/1973/1953
f 972/1972/1952 959/1973/1953 947/1974/1954
f 947/1974/1954 946/1975/1955 972/1972/1952
f 127/1976/1956 131/1977/1957 128/1978/1958
f 128/1978/1958 131/1977/1957 1102/1979/1959
f 128/1978/1958 1102/1979/1959 1103/1980/1960
f 314/1981/1961 812/1982/1962 127/1976/1956
f 127/1976/1956 812/1982/1962 811/1983/1963
f 127/1976/1956 811/1983/1963 810/1984/1964
f 812/1982/1962 314/1981/1961 813/1985/1965
f 813/1985/1965 314/1981/1961 313/1986/1966
f 813/1985/1965 313/1986/1966 312/1987/1967
f 312/1987/1967 311/1988/1968 813/1985/1965
f 813/1985/1965 311/1988/1968 814/1989/1969
f 814/1989/1969 311/1988/1968 310/1990/1970
f 814/1989/1969 310/1990/1970 815/1991/1971
f 815/1991/1971 310/1990/1970 309/1992/1972
f 815/1991/1971 309/1992/1972 308/1993/1973
f 307/1994/1974 817/1995/1975 308/1993/1973
f 308/1993/1973 817/1995/1975 816/1996/1976
f 308/1993/1973 816/1996/1976 815/1991/1971
f 817/1995/1975 307/1994/1974 818/1997/1977
f 818/1997/1977 307/1994/1974 306/1998/1978
f 818/1997/1977 306/1998/1978 819/1999/1979
f 819/1999/1979 306/1998/1978 820/2000/1980
f 820/2000/1980 306/1998/1978 236/2001/1981
f 820/2000/1980 236/2001/1981 821/2002/1982
f 821/2002/1982 236/2001/1981 822/2003/1983
f 822/2003/1983 236/2001/1981 238/2004/1984
f 822/2003/1983 238/2004/1984 823/2005/1985
f 823/2005/1985 238/2004/1984 824/2006/1986
f 824/2006/1986 238/2004/1984 323/2007/1987
f 824/2006/1986 323/2007/1987 825/2008/1988
f 825/2008/1988 323/2007/1987 322/2009/1989
f 825/2008/1988 322/2009/1989 321/2010/1990
f 236/2001/1981 234/2011/1991 238/2004/1984
f 238/2004/1984 234/2011/1991 229/2012/1992
f 229/2012/1992 234/2011/1991 217/2013/1993
f 229/2012/1992 217/2013/1993 223/2014/1994
f 223/2014/1994 217/2013/1993 220/2015/1995
f 223/2014/1994 220/2015/1995 224/2016/1996
f 224/2016/1996 220/2015/1995 714/2017/1997
f 224/2016/1996 714/2017/1997 713/2018/1998
f 217/2013/1993 234/2011/1991 218/2019/1999
f 218/2019/1999 234/2011/1991 233/2020/2000
f 218/2019/1999 233/2020/2000 634/2021/2001
f 634/2021/2001 233/2020/2000 635/2022/2002
f 635/2022/2002 233/2020/2000 636/2023/2003
f 636/2023/2003 233/2020/2000 281/2024/2004
f 636/2023/2003 281/2024/2004 637/2025/2005
f 637/2025/2005 281/2024/2004 280/2026/2006
f 637/2025/2005 280/2026/2006 638/2027/2007
f 638/2027/2007 280/2026/2006 279/2028/2008
f 638/2027/2007 279/2028/2008 615/2029/2009
f 615/2029/2009 279/2028/2008 616/2030/2010
f 616/2030/2010 279/2028/2008 198/2031/2011
f 616/2030/2010 198/2031/2011 617/2032/2012
f 617/2032/2012 198/2031/2011 618/2033/2013
f 618/2033/2013 198/2031/2011 193/2034/2014
f 618/2033/2013 193/2034/2014 619/2035/2015
f 619/2035/2015 193/2034/2014 620/2036/2016
f 620/2036/2016 193/2034/2014 398/2037/2017
f 620/2036/2016 398/2037/2017 397/2038/2018
f 193/2034/2014 198/2031/2011 194/2039/2019
f 194/2039/2019 198/2031/2011 197/2040/2020
f 194/2039/2019 197/2040/2020 1082/2041/2021
f 1082/2041/2021 197/2040/2020 252/2042/2022
f 1082/2041/2021 1083/2043/2023 194/2039/2019
f 194/2039/2019 1083/2043/2023 245/2044/2024
f 620/2036/2016 397/2038/2018 621/2045/2025
f 621/2045/2025 397/2038/2018 396/2046/2026
f 621/2045/2025 396/2046/2026 148/2047/2027
f 147/2048/2028 143/2049/2029 148/2047/2027
f 148/2047/2027 143/2049/2029 622/2050/2030
f 148/2047/2027 622/2050/2030 621/2045/2025
f 248/2051/2031 1084/2052/2032 147/2048/2028
f 147/2048/2028 1084/2052/2032 144/2053/2033
f 147/2048/2028 144/2053/2033 143/2049/2029
f 1084/2052/2032 1085/2054/2034 144/2053/2033
f 144/2053/2033 1085/2054/2034 278/2055/2035
f 278/2055/2035 1085/2054/2034 1086/2056/2036
f 278/2055/2035 1086/2056/2036 177/2057/2037
f 177/2057/2037 1086/2056/2036 1087/2058/2038
f 177/2057/2037 1087/2058/2038 182/2059/2039
f 182/2059/2039 1087/2058/2038 161/2060/2040
f 161/2060/2040 1087/2058/2038 164/2061/2041
f 161/2060/2040 164/2061/2041 162/2062/2042
f 162/2062/2042 164/2061/2041 152/2063/2043
f 162/2062/2042 152/2063/2043 155/2064/2044
f 155/2064/2044 152/2063/2043 156/2065/2045
f 156/2065/2045 152/2063/2043 151/2066/2046
f 156/2065/2045 151/2066/2046 430/2067/2047
f 430/2067/2047 151/2066/2046 431/2068/2048
f 431/2068/2048 151/2066/2046 432/2069/2049
f 432/2069/2049 151/2066/2046 276/2070/2050
f 432/2069/2049 276/2070/2050 433/2071/2051
f 433/2071/2051 276/2070/2050 275/2072/2052
f 433/2071/2051 275/2072/2052 434/2073/2053
f 434/2073/2053 275/2072/2052 274/2074/2054
f 434/2073/2053 274/2074/2054 435/2075/2055
f 435/2075/2055 274/2074/2054 436/2076/2056
f 436/2076/2056 274/2074/2054 210/2077/2057
f 436/2076/2056 210/2077/2057 437/2078/2058
f 437/2078/2058 210/2077/2057 438/2079/2059
f 438/2079/2059 210/2077/2057 213/2080/2060
f 438/2079/2059 213/2080/2060 439/2081/2061
f 439/2081/2061 213/2080/2060 440/2082/2062
f 440/2082/2062 213/2080/2060 255/2083/2063
f 440/2082/2062 255/2083/2063 254/2084/2064
f 960/2085/2065 959/2086/2066 1087/2058/2038
f 1087/2058/2038 959/2086/2066 164/2061/2041
f 1081/2087/2067 241/2088/2068 959/2086/2066
f 959/2086/2066 241/2088/2068 140/2089/2069
f 959/2086/2066 140/2089/2069 135/2090/2070
f 135/2090/2070 140/2089/2069 136/2091/2071
f 136/2091/2071 140/2089/2069 139/2092/2072
f 136/2091/2071 139/2092/2072 538/2093/2073
f 538/2093/2073 139/2092/2072 539/2094/2074
f 539/2094/2074 139/2092/2072 540/2095/2075
f 540/2095/2075 139/2092/2072 395/2096/2076
f 540/2095/2075 395/2096/2076 541/2097/2077
f 541/2097/2077 395/2096/2076 394/2098/2078
f 541/2097/2077 394/2098/2078 542/2099/2079
f 542/2099/2079 394/2098/2078 393/2100/2080
f 542/2099/2079 393/2100/2080 519/2101/2081
f 519/2101/2081 393/2100/2080 520/2102/2082
f 520/2102/2082 393/2100/2080 190/2103/2083
f 520/2102/2082 190/2103/2083 521/2104/2084
f 521/2104/2084 190/2103/2083 522/2105/2085
f 522/2105/2085 190/2103/2083 185/2106/2086
f 522/2105/2085 185/2106/2086 523/2107/2087
f 523/2107/2087 185/2106/2086 524/2108/2088
f 524/2108/2088 185/2106/2086 389/2109/2089
f 524/2108/2088 389/2109/2089 388/2110/2090
f 1088/2111/2091 1089/2112/2092 1081/2087/2067
f 1081/2087/2067 1089/2112/2092 1090/2113/2093
f 1081/2087/2067 1090/2113/2093 241/2088/2068
f 241/2088/2068 1090/2113/2093 1091/2114/2094
f 241/2088/2068 1091/2114/2094 1094/2115/2095
f 1094/2115/2095 1091/2114/2094 1093/2116/2096
f 1093/2116/2096 1091/2114/2094 1092/2117/2097
f 241/2088/2068 1094/2115/2095 189/2118/2098
f 189/2118/2098 1094/2115/2095 1095/2119/2099
f 189/2118/2098 1095/2119/2099 186/2120/2100
f 186/2120/2100 1095/2119/2099 1098/2121/2101
f 186/2120/2100 1098/2121/2101 1099/2122/2102
f 1096/2123/2103 1097/2124/2104 1095/2119/2099
f 1095/2119/2099 1097/2124/2104 1098/2121/2101
f 1100/2125/2105 1101/2126/2106 1099/2122/2102
f 1099/2122/2102 1101/2126/2106 1102/1979/1959
f 1099/2122/2102 1102/1979/1959 131/1977/1957
f 128/1978/1958 1103/1980/1960 243/2127/2107
f 243/2127/2107 1103/1980/1960 1104/2128/2108
f 243/2127/2107 1104/2128/2108 1105/2129/2109
f 1105/2129/2109 249/2130/2110 243/2127/2107
f 131/1977/1957 186/2120/2100 1099/2122/2102
f 186/2120/2100 185/2106/2086 189/2118/2098
f 189/2118/2098 185/2106/2086 190/2103/2083
f 524/2108/2088 388/2110/2090 525/2131/2111
f 525/2131/2111 388/2110/2090 387/2132/2112
f 525/2131/2111 387/2132/2112 230/2133/2113
f 229/2012/1992 223/2014/1994 230/2133/2113
f 230/2133/2113 223/2014/1994 226/2134/2114
f 230/2133/2113 226/2134/2114 526/2135/2115
f 526/2135/2115 226/2134/2114 527/2136/2116
f 527/2136/2116 226/2134/2114 528/2137/2117
f 528/2137/2117 226/2134/2114 386/2138/2118
f 528/2137/2117 386/2138/2118 529/2139/2119
f 529/2139/2119 386/2138/2118 385/2140/2120
f 529/2139/2119 385/2140/2120 530/2141/2121
f 530/2141/2121 385/2140/2120 384/2142/2122
f 530/2141/2121 384/2142/2122 531/2143/2123
f 531/2143/2123 384/2142/2122 532/2144/2124
f 532/2144/2124 384/2142/2122 202/2145/2125
f 532/2144/2124 202/2145/2125 533/2146/2126
f 533/2146/2126 202/2145/2125 534/2147/2127
f 534/2147/2127 202/2145/2125 205/2148/2128
f 534/2147/2127 205/2148/2128 535/2149/2129
f 535/2149/2129 205/2148/2128 536/2150/2130
f 536/2150/2130 205/2148/2128 392/2151/2131
f 536/2150/2130 392/2151/2131 391/2152/2132
f 321/2010/1990 320/2153/2133 825/2008/1988
f 825/2008/1988 320/2153/2133 826/2154/2134
f 826/2154/2134 320/2153/2133 319/2155/2135
f 826/2154/2134 319/2155/2135 827/2156/2136
f 827/2156/2136 319/2155/2135 318/2157/2137
f 827/2156/2136 318/2157/2137 317/2158/2138
f 316/2159/2139 829/2160/2140 317/2158/2138
f 317/2158/2138 829/2160/2140 828/2161/2141
f 317/2158/2138 828/2161/2141 827/2156/2136
f 829/2160/2140 316/2159/2139 830/2162/2142
f 830/2162/2142 316/2159/2139 315/2163/2143
f 830/2162/2142 315/2163/2143 807/2164/2144
f 807/2164/2144 315/2163/2143 808/2165/2145
f 808/2165/2145 315/2163/2143 132/2166/2146
f 808/2165/2145 132/2166/2146 809/2167/2147
f 809/2167/2147 132/2166/2146 810/1984/1964
f 810/1984/1964 132/2166/2146 127/1976/1956
f 132/2166/2146 131/1977/1957 127/1976/1956
f 182/2059/2039 181/2168/2148 177/2057/2037
f 177/2057/2037 181/2168/2148 178/2169/2149
f 178/2169/2149 181/2168/2148 630/2170/2150
f 178/2169/2149 630/2170/2150 629/2171/2151
f 290/2172/2152 632/2173/2153 181/2168/2148
f 181/2168/2148 632/2173/2153 631/2174/2154
f 181/2168/2148 631/2174/2154 630/2170/2150
f 290/2172/2152 289/2175/2155 632/2173/2153
f 632/2173/2153 289/2175/2155 633/2176/2156
f 633/2176/2156 289/2175/2155 288/2177/2157
f 633/2176/2156 288/2177/2157 218/2019/1999
f 359/2178/2158 716/2179/2159 220/2015/1995
f 220/2015/1995 716/2179/2159 715/2180/2160
f 220/2015/1995 715/2180/2160 714/2017/1997
f 716/2179/2159 359/2178/2158 717/2181/2161
f 717/2181/2161 359/2178/2158 358/2182/2162
f 717/2181/2161 358/2182/2162 357/2183/2163
f 357/2183/2163 356/2184/2164 717/2181/2161
f 717/2181/2161 356/2184/2164 718/2185/2165
f 718/2185/2165 356/2184/2164 355/2186/2166
f 718/2185/2165 355/2186/2166 719/2187/2167
f 719/2187/2167 355/2186/2166 354/2188/2168
f 719/2187/2167 354/2188/2168 353/2189/2169
f 352/2190/2170 721/2191/2171 353/2189/2169
f 353/2189/2169 721/2191/2171 720/2192/2172
f 353/2189/2169 720/2192/2172 719/2187/2167
f 721/2191/2171 352/2190/2170 722/2193/2173
f 722/2193/2173 352/2190/2170 351/2194/2174
f 722/2193/2173 351/2194/2174 723/2195/2175
f 723/2195/2175 351/2194/2174 724/2196/2176
f 724/2196/2176 351/2194/2174 166/2197/2177
f 724/2196/2176 166/2197/2177 725/2198/2178
f 725/2198/2178 166/2197/2177 726/2199/2179
f 726/2199/2179 166/2197/2177 158/2200/2180
f 726/2199/2179 158/2200/2180 727/2201/2181
f 727/2201/2181 158/2200/2180 728/2202/2182
f 728/2202/2182 158/2200/2180 350/2203/2183
f 728/2202/2182 350/2203/2183 729/2204/2184
f 729/2204/2184 350/2203/2183 349/2205/2185
f 729/2204/2184 349/2205/2185 348/2206/2186
f 166/2197/2177 162/2062/2042 158/2200/2180
f 158/2200/2180 162/2062/2042 155/2064/2044
f 210/2077/2057 209/2207/2187 213/2080/2060
f 213/2080/2060 209/2207/2187 214/2208/2188
f 214/2208/2188 209/2207/2187 959/2086/2066
f 214/2208/2188 959/2086/2066 240/2209/2189
f 240/2209/2189 959/2086/2066 169/2210/2190
f 169/2210/2190 959/2086/2066 174/2211/2191
f 169/2210/2190 174/2211/2191 170/2212/2192
f 170/2212/2192 174/2211/2191 173/2213/2193
f 170/2212/2192 173/2213/2193 442/2214/2194
f 442/2214/2194 173/2213/2193 443/2215/2195
f 443/2215/2195 173/2213/2193 444/2216/2196
f 444/2216/2196 173/2213/2193 264/2217/2197
f 444/2216/2196 264/2217/2197 445/2218/2198
f 445/2218/2198 264/2217/2197 263/2219/2199
f 445/2218/2198 263/2219/2199 446/2220/2200
f 446/2220/2200 263/2219/2199 262/2221/2201
f 446/2220/2200 262/2221/2201 423/2222/2202
f 423/2222/2202 262/2221/2201 424/2223/2203
f 424/2223/2203 262/2221/2201 206/2224/2204
f 424/2223/2203 206/2224/2204 425/2225/2205
f 425/2225/2205 206/2224/2204 426/2226/2206
f 426/2226/2206 206/2224/2204 201/2227/2207
f 426/2226/2206 201/2227/2207 427/2228/2208
f 427/2228/2208 201/2227/2207 428/2229/2209
f 428/2229/2209 201/2227/2207 267/2230/2210
f 428/2229/2209 267/2230/2210 266/2231/2211
f 209/2207/2187 164/2061/2041 959/2086/2066
f 135/2090/2070 174/2211/2191 959/2086/2066
f 206/2224/2204 205/2148/2128 201/2227/2207
f 201/2227/2207 205/2148/2128 202/2145/2125
f 536/2150/2130 391/2152/2132 537/2232/2212
f 537/2232/2212 391/2152/2132 390/2233/2213
f 537/2232/2212 390/2233/2213 136/2091/2071
f 348/2206/2186 347/2234/2214 729/2204/2184
f 729/2204/2184 347/2234/2214 730/2235/2215
f 730/2235/2215 347/2234/2214 346/2236/2216
f 730/2235/2215 346/2236/2216 731/2237/2217
f 731/2237/2217 346/2236/2216 345/2238/2218
f 731/2237/2217 345/2238/2218 344/2239/2219
f 343/2240/2220 733/2241/2221 344/2239/2219
f 344/2239/2219 733/2241/2221 732/2242/2222
f 344/2239/2219 732/2242/2222 731/2237/2217
f 733/2241/2221 343/2240/2220 734/2243/2223
f 734/2243/2223 343/2240/2220 342/2244/2224
f 734/2243/2223 342/2244/2224 711/2245/2225
f 711/2245/2225 342/2244/2224 712/2246/2226
f 712/2246/2226 342/2244/2224 224/2016/1996
f 712/2246/2226 224/2016/1996 713/2018/1998
f 428/2229/2209 266/2231/2211 429/2247/2227
f 429/2247/2227 266/2231/2211 265/2248/2228
f 429/2247/2227 265/2248/2228 156/2065/2045
f 440/2082/2062 254/2084/2064 441/2249/2229
f 441/2249/2229 254/2084/2064 253/2250/2230
f 441/2249/2229 253/2250/2230 170/2212/2192
f 634/2021/2001 633/2176/2156 218/2019/1999
f 629/2171/2151 628/2251/2231 178/2169/2149
f 178/2169/2149 628/2251/2231 294/2252/2232
f 294/2252/2232 628/2251/2231 627/2253/2233
f 294/2252/2232 627/2253/2233 626/2254/2234
f 294/2252/2232 626/2254/2234 295/2255/2235
f 295/2255/2235 626/2254/2234 625/2256/2236
f 295/2255/2235 625/2256/2236 296/2257/2237
f 296/2257/2237 625/2256/2236 624/2258/2238
f 296/2257/2237 624/2258/2238 143/2049/2029
f 143/2049/2029 624/2258/2238 623/2259/2239
f 143/2049/2029 623/2259/2239 622/2050/2030
f 538/2093/2073 537/2232/2212 136/2091/2071
f 526/2135/2115 525/2131/2111 230/2133/2113
f 442/2214/2194 441/2249/2229 170/2212/2192
f 430/2067/2047 429/2247/2227 156/2065/2045
f 927/2260/2240 1106/2261/2241 928/2262/2242
f 928/2262/2242 1106/2261/2241 930/2263/2243
f 923/2264/2244 925/2265/2245 924/2266/2246
f 924/2266/2246 925/2265/2245 926/2267/2247
f 915/2268/2248 917/2269/2249 916/2270/2250
f 916/2270/2250 917/2269/2249 918/2271/2251
f 1108/2272/2252 1109/2273/2253 1107/2274/2254
f 1107/2274/2254 1109/2273/2253 931/2275/2255
f 1111/2276/2256 1112/2277/2257 1110/2278/2258
f 1110/2278/2258 1112/2277/2257 1113/2279/2259
f 1115/2280/2260 1116/2281/2261 1114/2282/2262
f 1114/2282/2262 1116/2281/2261 1117/2283/2263
f 1119/2284/2264 1120/2285/2265 1118/2286/2266
f 1118/2286/2266 1120/2285/2265 1121/2287/2267
f 1123/2288/2268 1124/2289/2269 1122/2290/2270
f 1122/2290/2270 1124/2289/2269 1125/2291/2271
f 251/2292/2272 250/2293/2273 1126/2294/2274
f 1126/2294/2274 250/2293/2273 1127/2295/2275
f 247/2296/2276 246/2297/2277 1128/2298/2278
f 1128/2298/2278 246/2297/2277 1129/2299/2279
f 1130/2300/2280 1131/2301/2281 961/2302/2282
f 961/2302/2282 1131/2301/2281 1132/2303/2283
f 1131/2304/2284 1130/2305/2285 1086/2306/2286
f 1086/2306/2286 1130/2305/2285 1087/2307/2287
f 1132/2308/2288 1131/2309/2289 1085/2310/2290
f 1085/2310/2290 1131/2309/2289 1086/2311/2291
f 1129/2312/2292 246/2313/2293 1083/2314/2294
f 1083/2314/2294 246/2313/2293 245/2315/2295
f 144/2316/2296 278/2317/2297 141/2318/2298
f 141/2318/2298 278/2317/2297 277/2319/2299
f 1127/2320/2300 250/2321/2301 1105/2322/2302
f 1105/2322/2302 250/2321/2301 249/2323/2303
f 1124/2324/2304 1123/2325/2305 1102/2326/2306
f 1102/2326/2306 1123/2325/2305 1103/2327/2307
f 1125/2328/2308 1124/2329/2309 1101/2330/2310
f 1101/2330/2310 1124/2329/2309 1102/2331/2311
f 1120/2332/2312 1119/2333/2313 1098/2334/2314
f 1098/2334/2314 1119/2333/2313 1099/2335/2315
f 1121/2336/2316 1120/2337/2317 1097/2338/2318
f 1097/2338/2318 1120/2337/2317 1098/2339/2319
f 1116/2340/2320 1115/2341/2321 1094/2342/2322
f 1094/2342/2322 1115/2341/2321 1095/2343/2323
f 1117/2344/2324 1116/2345/2325 1093/2346/2326
f 1093/2346/2326 1116/2345/2325 1094/2347/2327
f 1112/2348/2328 1111/2349/2329 1090/2350/2330
f 1090/2350/2330 1111/2349/2329 1091/2351/2331
f 1113/2352/2332 1112/2353/2333 1089/2354/2334
f 1089/2354/2334 1112/2353/2333 1090/2355/2335
f 1109/2356/2336 1108/2357/2337 1079/2358/2338
f 1079/2358/2338 1108/2357/2337 1080/2359/2339
f 932/2360/2340 931/2361/2341 1078/2362/2342
f 1078/2362/2342 931/2361/2341 1109/2363/2343
f 1078/2362/2342 1109/2363/2343 1079/2364/2344
f 905/2365/2345 904/2366/2346 927/2367/2347
f 927/2367/2347 904/2366/2346 1106/2368/2348
f 903/2369/2349 930/2370/2350 904/2371/2351
f 904/2371/2351 930/2370/2350 1106/2372/2352
f 961/2373/2353 1132/2374/2354 962/2375/2355
f 962/2375/2355 1132/2374/2354 1128/2376/2356
f 962/2375/2355 1128/2376/2356 1129/2377/2357
f 1129/2377/2357 1126/2378/2358 962/2375/2355
f 962/2375/2355 1126/2378/2358 1127/2379/2359
f 962/2375/2355 1127/2379/2359 1122/2380/2360
f 1122/2380/2360 1125/2381/2361 962/2375/2355
f 962/2375/2355 1125/2381/2361 1118/2382/2362
f 962/2375/2355 1118/2382/2362 1121/2383/2363
f 1121/2383/2363 1114/2384/2364 962/2375/2355
f 962/2375/2355 1114/2384/2364 1117/2385/2365
f 962/2375/2355 1117/2385/2365 1110/2386/2366
f 962/2375/2355 1110/2386/2366 921/2387/2367
f 921/2387/2367 1110/2386/2366 1113/2388/2368
f 921/2387/2367 1113/2388/2368 1107/2389/2369
f 1107/2389/2369 931/2390/2370 921/2387/2367
f 921/2387/2367 931/2390/2370 916/2391/2371
f 921/2387/2367 916/2391/2371 918/2392/2372
f 918/2392/2372 924/2393/2373 921/2387/2367
f 921/2387/2367 924/2393/2373 926/2394/2374
f 921/2387/2367 926/2394/2374 928/2395/2375
f 928/2395/2375 930/2396/2376 921/2387/2367
f 921/2387/2367 930/2396/2376 929/2397/2377
f 921/2387/2367 929/2397/2377 922/2398/2378
f 922/2398/2378 929/2397/2377 1133/2399/2379
f 909/2400/2380 908/2401/2381 1133/2402/2382
f 1133/2402/2382 908/2401/2381 922/2403/2383
f 910/2404/2384 909/2405/2385 929/2406/2386
f 929/2406/2386 909/2405/2385 1133/2407/2387
f 1107/2408/2388 1088/2409/2389 1108/2410/2390
f 1108/2410/2390 1088/2409/2389 1081/2411/2391
f 1108/2410/2390 1081/2411/2391 1080/2412/2392
f 1110/2413/2393 1092/2414/2394 1111/2415/2395
f 1111/2415/2395 1092/2414/2394 1091/2416/2396
f 1114/2417/2397 1096/2418/2398 1115/2419/2399
f 1115/2419/2399 1096/2418/2398 1095/2420/2400
f 1118/2421/2401 1100/2422/2402 1119/2423/2403
f 1119/2423/2403 1100/2422/2402 1099/2424/2404
f 1122/2425/2405 1104/2426/2406 1123/2427/2407
f 1123/2427/2407 1104/2426/2406 1103/2428/2408
f 1126/2429/2409 1082/2430/2410 251/2431/2411
f 251/2431/2411 1082/2430/2410 252/2432/2412
f 1128/2433/2413 1084/2434/2414 247/2435/2415
f 247/2435/2415 1084/2434/2414 248/2436/2416
f 1084/2437/2417 1128/2438/2418 1085/2439/2419
f 1085/2439/2419 1128/2438/2418 1132/2440/2420
f 1082/2441/2421 1126/2442/2422 1083/2443/2423
f 1083/2443/2423 1126/2442/2422 1129/2444/2424
f 1104/2445/2425 1122/2446/2426 1105/2447/2427
f 1105/2447/2427 1122/2446/2426 1127/2448/2428
f 1100/2449/2429 1118/2450/2430 1101/2451/2431
f 1101/2451/2431 1118/2450/2430 1125/2452/2432
f 1096/2453/2433 1114/2454/2434 1097/2455/2435
f 1097/2455/2435 1114/2454/2434 1121/2456/2436
f 1092/2457/2437 1110/2458/2438 1093/2459/2439
f 1093/2459/2439 1110/2458/2438 1117/2460/2440
f 1088/2461/2441 1107/2462/2442 1089/2463/2443
f 1089/2463/2443 1107/2462/2442 1113/2464/2444
f 1078/2465/2445 933/2466/2446 932/2467/2447
f 961/2468/2448 960/2469/2449 1130/2470/2450
f 1130/2470/2450 960/2469/2449 1087/2471/2451
f 1047/2472/2452 1058/2473/2453 1048/2474/2454
f 1048/2474/2454 1058/2473/2453 1057/2475/2455
f 1048/2474/2454 1057/2475/2455 954/2476/2456
f 1048/2474/2454 954/2476/2456 1075/2477/2457
f 1075/2477/2457 954/2476/2456 953/2478/2458
f 1075/2477/2457 953/2478/2458 1076/2479/2459
f 1057/2480/2460 943/2481/2461 954/2482/2462
f 954/2482/2462 943/2481/2461 942/2483/2463
f 963/2484/2464 962/2485/2465 920/2486/2466
f 920/2486/2466 962/2485/2465 921/2487/2467
f 1043/2488/2468 1042/2489/2469 1070/2490/2470
f 1070/2490/2470 1042/2489/2469 1071/2491/2471
f 967/2492/2472 1062/2493/2473 1043/2494/2474
f 1043/2494/2474 1062/2493/2473 1061/2495/2475
f 1043/2494/2474 1061/2495/2475 1044/2496/2476
f 1043/2494/2474 1070/2497/2477 967/2492/2472
f 967/2492/2472 1070/2497/2477 968/2498/2478
f 968/2498/2478 1070/2497/2477 1069/2499/2479
f 938/2500/2480 1062/2501/2481 935/2502/2482
f 935/2502/2482 1062/2501/2481 967/2503/2483
f 881/2504/2484 880/2505/2485 1039/2506/2486
# 1133 vertices
# 2506 texture params
# 2486 normals
# 2282 facets

# 1 groups
