mtllib Gripper2_Jaw.mtl
o gWBody1
usemtl Paek_(Beige)
v 0.05999999865889549 3.4386610984802246 -0.16737499833106995
v 0 3.4386610984802246 -0.16737499833106995
v 0.05999999865889549 3.400881052017212 -0.14448800683021545
v 0.05999999865889549 3.400881052017212 -0.14448800683021545
v 0 3.4386610984802246 -0.16737499833106995
v 0 3.400881052017212 -0.14448800683021545
v 0.05999999865889549 3.400881052017212 -0.14448800683021545
v 0 3.400881052017212 -0.14448800683021545
v 0.05999999865889549 3.370245933532715 -0.11266499757766724
v 0.05999999865889549 3.370245933532715 -0.11266499757766724
v 0 3.400881052017212 -0.14448800683021545
v 0 3.370245933532715 -0.11266499757766724
v 0.05999999865889549 3.370245933532715 -0.11266499757766724
v 0 3.370245933532715 -0.11266499757766724
v 0.05999999865889549 3.348814010620117 -0.07404100149869919
v 0.05999999865889549 3.348814010620117 -0.07404100149869919
v 0 3.370245933532715 -0.11266499757766724
v 0 3.348814010620117 -0.07404100149869919
v 0.05999999865889549 3.348814010620117 -0.07404100149869919
v 0 3.348814010620117 -0.07404100149869919
v 0.05999999865889549 3.3380210399627686 -0.031207000836730003
v 0.05999999865889549 3.3380210399627686 -0.031207000836730003
v 0 3.348814010620117 -0.07404100149869919
v 0 3.3380210399627686 -0.031207000836730003
v 0.05999999865889549 3.3380210399627686 -0.031207000836730003
v 0 3.3380210399627686 -0.031207000836730003
v 0.05999999865889549 3.3385939598083496 0.01296200044453144
v 0.05999999865889549 3.3385939598083496 0.01296200044453144
v 0 3.3380210399627686 -0.031207000836730003
v 0 3.3385939598083496 0.01296200044453144
v 0.05999999865889549 3.3385939598083496 0.01296200044453144
v 0 3.3385939598083496 0.01296200044453144
v 0.05999999865889549 3.350492000579834 0.055500999093055725
v 0.05999999865889549 3.350492000579834 0.055500999093055725
v 0 3.3385939598083496 0.01296200044453144
v 0 3.350492000579834 0.055500999093055725
v 0.05999999865889549 3.350492000579834 0.055500999093055725
v 0 3.350492000579834 0.055500999093055725
v 0.05999999865889549 3.372917890548706 0.09355700016021729
v 0.05999999865889549 3.372917890548706 0.09355700016021729
v 0 3.350492000579834 0.055500999093055725
v 0 3.372917890548706 0.09355700016021729
v 0.05999999865889549 3.372917890548706 0.09355700016021729
v 0 3.372917890548706 0.09355700016021729
v 0.05999999865889549 3.4043660163879395 0.12457600235939026
v 0.05999999865889549 3.4043660163879395 0.12457600235939026
v 0 3.372917890548706 0.09355700016021729
v 0 3.4043660163879395 0.12457600235939026
v 0.05999999865889549 3.4043660163879395 0.12457600235939026
v 0 3.4043660163879395 0.12457600235939026
v 0.05999999865889549 3.4427270889282227 0.14647699892520905
v 0.05999999865889549 3.4427270889282227 0.14647699892520905
v 0 3.4043660163879395 0.12457600235939026
v 0 3.4427270889282227 0.14647699892520905
v 0.05999999865889549 3.4427270889282227 0.14647699892520905
v 0 3.4427270889282227 0.14647699892520905
v 0.05999999865889549 3.4854259490966797 0.15778900682926178
v 0.05999999865889549 3.4854259490966797 0.15778900682926178
v 0 3.4427270889282227 0.14647699892520905
v 0 3.4854259490966797 0.15778900682926178
v 0.05999999865889549 3.4854259490966797 0.15778900682926178
v 0 3.4854259490966797 0.15778900682926178
v 0.05999999865889549 3.5295989513397217 0.15775400400161743
v 0.05999999865889549 3.5295989513397217 0.15775400400161743
v 0 3.4854259490966797 0.15778900682926178
v 0 3.5295989513397217 0.15775400400161743
v 0.05999999865889549 3.5295989513397217 0.15775400400161743
v 0 3.5295989513397217 0.15775400400161743
v 0.05999999865889549 3.572279930114746 0.14637400209903717
v 0.05999999865889549 3.572279930114746 0.14637400209903717
v 0 3.5295989513397217 0.15775400400161743
v 0 3.572279930114746 0.14637400209903717
v 0.05999999865889549 3.572279930114746 0.14637400209903717
v 0 3.572279930114746 0.14637400209903717
v 0.05999999865889549 3.6106059551239014 0.12441200017929077
v 0.05999999865889549 3.6106059551239014 0.12441200017929077
v 0 3.572279930114746 0.14637400209903717
v 0 3.6106059551239014 0.12441200017929077
v 0.05999999865889549 3.6106059551239014 0.12441200017929077
v 0 3.6106059551239014 0.12441200017929077
v 0.05999999865889549 3.64200496673584 0.09334299713373184
v 0.05999999865889549 3.64200496673584 0.09334299713373184
v 0 3.6106059551239014 0.12441200017929077
v 0 3.64200496673584 0.09334299713373184
v 0.05999999865889549 3.64200496673584 0.09334299713373184
v 0 3.64200496673584 0.09334299713373184
v 0.05999999865889549 3.664370059967041 0.055250998586416245
v 0.05999999865889549 3.664370059967041 0.055250998586416245
v 0 3.64200496673584 0.09334299713373184
v 0 3.664370059967041 0.055250998586416245
v 0.05999999865889549 3.664370059967041 0.055250998586416245
v 0 3.664370059967041 0.055250998586416245
v 0.05999999865889549 3.6761999130249023 0.01269300002604723
v 0.05999999865889549 3.6761999130249023 0.01269300002604723
v 0 3.664370059967041 0.055250998586416245
v 0 3.6761999130249023 0.01269300002604723
v 0.05999999865889549 3.6761999130249023 0.01269300002604723
v 0 3.6761999130249023 0.01269300002604723
v 0.05999999865889549 3.6767020225524902 -0.03147700056433678
v 0.05999999865889549 3.6767020225524902 -0.03147700056433678
v 0 3.6761999130249023 0.01269300002604723
v 0 3.6767020225524902 -0.03147700056433678
v 0.05999999865889549 3.6767020225524902 -0.03147700056433678
v 0 3.6767020225524902 -0.03147700056433678
v 0.05999999865889549 3.665842056274414 -0.07429300248622894
v 0.05999999865889549 3.665842056274414 -0.07429300248622894
v 0 3.6767020225524902 -0.03147700056433678
v 0 3.665842056274414 -0.07429300248622894
v 0.05999999865889549 3.665842056274414 -0.07429300248622894
v 0 3.665842056274414 -0.07429300248622894
v 0.05999999865889549 3.644347906112671 -0.11288300156593323
v 0.05999999865889549 3.644347906112671 -0.11288300156593323
v 0 3.665842056274414 -0.07429300248622894
v 0 3.644347906112671 -0.11288300156593323
v 0.05999999865889549 3.644347906112671 -0.11288300156593323
v 0 3.644347906112671 -0.11288300156593323
v 0.05999999865889549 3.6136629581451416 -0.14465799927711487
v 0.05999999865889549 3.6136629581451416 -0.14465799927711487
v 0 3.644347906112671 -0.11288300156593323
v 0 3.6136629581451416 -0.14465799927711487
v 0.05999999865889549 3.6136629581451416 -0.14465799927711487
v 0 3.6136629581451416 -0.14465799927711487
v 0.05999999865889549 3.5758450031280518 -0.16748400032520294
v 0.05999999865889549 3.5758450031280518 -0.16748400032520294
v 0 3.6136629581451416 -0.14465799927711487
v 0 3.5758450031280518 -0.16748400032520294
v 0 3.4385170936584473 -0.3480840027332306
v 0 3.4386610984802246 -0.16737499833106995
v 0.05999999865889549 3.4385170936584473 -0.3480840027332306
v 0.05999999865889549 3.4385170936584473 -0.3480840027332306
v 0 3.4386610984802246 -0.16737499833106995
v 0.05999999865889549 3.4386610984802246 -0.16737499833106995
v 0 3.575701951980591 -0.3481929898262024
v 0 3.6532459259033203 -0.31901100277900696
v 0.05999999865889549 3.575701951980591 -0.3481929898262024
v 0.05999999865889549 3.575701951980591 -0.3481929898262024
v 0 3.6532459259033203 -0.31901100277900696
v 0.05999999865889549 3.6532459259033203 -0.31901100277900696
v 0.05999999865889549 3.6532459259033203 -0.31901100277900696
v 0 3.6532459259033203 -0.31901100277900696
v 0 3.7213850021362305 -0.26998600363731384
v 0.05999999865889549 3.6532459259033203 -0.31901100277900696
v 0 3.7213850021362305 -0.26998600363731384
v 0.05999999865889549 3.7213850021362305 -0.26998600363731384
v 0.05999999865889549 3.7213850021362305 -0.26998600363731384
v 0 3.7213850021362305 -0.26998600363731384
v 0 3.7757229804992676 -0.2042810022830963
v 0.05999999865889549 3.7213850021362305 -0.26998600363731384
v 0 3.7757229804992676 -0.2042810022830963
v 0.05999999865889549 3.7757229804992676 -0.2042810022830963
v 0.05999999865889549 3.7757229804992676 -0.2042810022830963
v 0 3.7757229804992676 -0.2042810022830963
v 0 3.8127570152282715 -0.126132994890213
v 0.05999999865889549 3.7757229804992676 -0.2042810022830963
v 0 3.8127570152282715 -0.126132994890213
v 0.05999999865889549 3.8127570152282715 -0.126132994890213
v 0.05999999865889549 3.8127570152282715 -0.126132994890213
v 0 3.8127570152282715 -0.126132994890213
v 0 3.830099105834961 -0.04058000072836876
v 0.05999999865889549 3.8127570152282715 -0.126132994890213
v 0 3.830099105834961 -0.04058000072836876
v 0.05999999865889549 3.830099105834961 -0.04058000072836876
v 0.05999999865889549 3.830099105834961 -0.04058000072836876
v 0 3.830099105834961 -0.04058000072836876
v 0 3.826630115509033 0.046859998255968094
v 0.05999999865889549 3.830099105834961 -0.04058000072836876
v 0 3.826630115509033 0.046859998255968094
v 0.05999999865889549 3.826630115509033 0.046859998255968094
v 0.05999999865889549 3.826630115509033 0.046859998255968094
v 0 3.826630115509033 0.046859998255968094
v 0 3.8025729656219482 0.13054800033569336
v 0.05999999865889549 3.826630115509033 0.046859998255968094
v 0 3.8025729656219482 0.13054800033569336
v 0.05999999865889549 3.8025729656219482 0.13054800033569336
v 0.05999999865889549 3.8025729656219482 0.13054800033569336
v 0 3.8025729656219482 0.13054800033569336
v 0 3.759481906890869 0.2050890028476715
v 0.05999999865889549 3.8025729656219482 0.13054800033569336
v 0 3.759481906890869 0.2050890028476715
v 0.05999999865889549 3.759481906890869 0.2050890028476715
v 0.05999999865889549 3.759481906890869 0.2050890028476715
v 0 3.759481906890869 0.2050890028476715
v 0 3.7001330852508545 0.26567500829696655
v 0.05999999865889549 3.759481906890869 0.2050890028476715
v 0 3.7001330852508545 0.26567500829696655
v 0.05999999865889549 3.7001330852508545 0.26567500829696655
v 0.05999999865889549 3.7001330852508545 0.26567500829696655
v 0 3.7001330852508545 0.26567500829696655
v 0 3.628354072570801 0.3084000051021576
v 0.05999999865889549 3.7001330852508545 0.26567500829696655
v 0 3.628354072570801 0.3084000051021576
v 0.05999999865889549 3.628354072570801 0.3084000051021576
v 0.05999999865889549 3.628354072570801 0.3084000051021576
v 0 3.628354072570801 0.3084000051021576
v 0 3.5487749576568604 0.3305070102214813
v 0.05999999865889549 3.628354072570801 0.3084000051021576
v 0 3.5487749576568604 0.3305070102214813
v 0.05999999865889549 3.5487749576568604 0.3305070102214813
v 0.05999999865889549 3.5487749576568604 0.3305070102214813
v 0 3.5487749576568604 0.3305070102214813
v 0 3.466525077819824 0.3305729925632477
v 0.05999999865889549 3.5487749576568604 0.3305070102214813
v 0 3.466525077819824 0.3305729925632477
v 0.05999999865889549 3.466525077819824 0.3305729925632477
v 0.05999999865889549 3.466525077819824 0.3305729925632477
v 0 3.466525077819824 0.3305729925632477
v 0 3.386910915374756 0.3085919916629791
v 0.05999999865889549 3.466525077819824 0.3305729925632477
v 0 3.386910915374756 0.3085919916629791
v 0.05999999865889549 3.386910915374756 0.3085919916629791
v 0.05999999865889549 3.386910915374756 0.3085919916629791
v 0 3.386910915374756 0.3085919916629791
v 0 3.315063953399658 0.2659820020198822
v 0.05999999865889549 3.386910915374756 0.3085919916629791
v 0 3.315063953399658 0.2659820020198822
v 0.05999999865889549 3.315063953399658 0.2659820020198822
v 0.05999999865889549 3.315063953399658 0.2659820020198822
v 0 3.315063953399658 0.2659820020198822
v 0 3.2556190490722656 0.20548999309539795
v 0.05999999865889549 3.315063953399658 0.2659820020198822
v 0 3.2556190490722656 0.20548999309539795
v 0.05999999865889549 3.2556190490722656 0.20548999309539795
v 0.05999999865889549 3.2556190490722656 0.20548999309539795
v 0 3.2556190490722656 0.20548999309539795
v 0 3.2124080657958984 0.1310179978609085
v 0.05999999865889549 3.2556190490722656 0.20548999309539795
v 0 3.2124080657958984 0.1310179978609085
v 0.05999999865889549 3.2124080657958984 0.1310179978609085
v 0.05999999865889549 3.2124080657958984 0.1310179978609085
v 0 3.2124080657958984 0.1310179978609085
v 0 3.1882190704345703 0.04736800119280815
v 0.05999999865889549 3.2124080657958984 0.1310179978609085
v 0 3.1882190704345703 0.04736800119280815
v 0.05999999865889549 3.1882190704345703 0.04736800119280815
v 0.05999999865889549 3.1882190704345703 0.04736800119280815
v 0 3.1882190704345703 0.04736800119280815
v 0 3.1846110820770264 -0.04006600007414818
v 0.05999999865889549 3.1882190704345703 0.04736800119280815
v 0 3.1846110820770264 -0.04006600007414818
v 0.05999999865889549 3.1846110820770264 -0.04006600007414818
v 0.05999999865889549 3.1846110820770264 -0.04006600007414818
v 0 3.1846110820770264 -0.04006600007414818
v 0 3.2018160820007324 -0.12564699351787567
v 0.05999999865889549 3.1846110820770264 -0.04006600007414818
v 0 3.2018160820007324 -0.12564699351787567
v 0.05999999865889549 3.2018160820007324 -0.12564699351787567
v 0.05999999865889549 3.2018160820007324 -0.12564699351787567
v 0 3.2018160820007324 -0.12564699351787567
v 0 3.238724946975708 -0.20385399460792542
v 0.05999999865889549 3.2018160820007324 -0.12564699351787567
v 0 3.238724946975708 -0.20385399460792542
v 0.05999999865889549 3.238724946975708 -0.20385399460792542
v 0.05999999865889549 3.238724946975708 -0.20385399460792542
v 0 3.238724946975708 -0.20385399460792542
v 0 3.292958974838257 -0.26964500546455383
v 0.05999999865889549 3.238724946975708 -0.20385399460792542
v 0 3.292958974838257 -0.26964500546455383
v 0.05999999865889549 3.292958974838257 -0.26964500546455383
v 0.05999999865889549 3.292958974838257 -0.26964500546455383
v 0 3.292958974838257 -0.26964500546455383
v 0 3.3610188961029053 -0.31877800822257996
v 0.05999999865889549 3.292958974838257 -0.26964500546455383
v 0 3.3610188961029053 -0.31877800822257996
v 0.05999999865889549 3.3610188961029053 -0.31877800822257996
v 0.05999999865889549 3.3610188961029053 -0.31877800822257996
v 0 3.3610188961029053 -0.31877800822257996
v 0 3.4385170936584473 -0.3480840027332306
v 0.05999999865889549 3.3610188961029053 -0.31877800822257996
v 0 3.4385170936584473 -0.3480840027332306
v 0.05999999865889549 3.4385170936584473 -0.3480840027332306
v 0 3.5758450031280518 -0.16748400032520294
v 0 3.575701951980591 -0.3481929898262024
v 0.05999999865889549 3.5758450031280518 -0.16748400032520294
v 0.05999999865889549 3.5758450031280518 -0.16748400032520294
v 0 3.575701951980591 -0.3481929898262024
v 0.05999999865889549 3.575701951980591 -0.3481929898262024
v 0.05999999865889549 3.575701951980591 -0.3481929898262024
v 0.05999999865889549 3.6532459259033203 -0.31901100277900696
v 0.05999999865889549 3.5758450031280518 -0.16748400032520294
v 0.05999999865889549 3.5758450031280518 -0.16748400032520294
v 0.05999999865889549 3.6532459259033203 -0.31901100277900696
v 0.05999999865889549 3.6136629581451416 -0.14465799927711487
v 0.05999999865889549 3.6136629581451416 -0.14465799927711487
v 0.05999999865889549 3.6532459259033203 -0.31901100277900696
v 0.05999999865889549 3.7213850021362305 -0.26998600363731384
v 0.05999999865889549 3.6136629581451416 -0.14465799927711487
v 0.05999999865889549 3.7213850021362305 -0.26998600363731384
v 0.05999999865889549 3.644347906112671 -0.11288300156593323
v 0.05999999865889549 3.644347906112671 -0.11288300156593323
v 0.05999999865889549 3.7213850021362305 -0.26998600363731384
v 0.05999999865889549 3.7757229804992676 -0.2042810022830963
v 0.05999999865889549 3.644347906112671 -0.11288300156593323
v 0.05999999865889549 3.7757229804992676 -0.2042810022830963
v 0.05999999865889549 3.665842056274414 -0.07429300248622894
v 0.05999999865889549 3.665842056274414 -0.07429300248622894
v 0.05999999865889549 3.7757229804992676 -0.2042810022830963
v 0.05999999865889549 3.8127570152282715 -0.126132994890213
v 0.05999999865889549 3.665842056274414 -0.07429300248622894
v 0.05999999865889549 3.8127570152282715 -0.126132994890213
v 0.05999999865889549 3.6767020225524902 -0.03147700056433678
v 0.05999999865889549 3.6767020225524902 -0.03147700056433678
v 0.05999999865889549 3.8127570152282715 -0.126132994890213
v 0.05999999865889549 3.830099105834961 -0.04058000072836876
v 0.05999999865889549 3.6767020225524902 -0.03147700056433678
v 0.05999999865889549 3.830099105834961 -0.04058000072836876
v 0.05999999865889549 3.6761999130249023 0.01269300002604723
v 0.05999999865889549 3.6761999130249023 0.01269300002604723
v 0.05999999865889549 3.830099105834961 -0.04058000072836876
v 0.05999999865889549 3.826630115509033 0.046859998255968094
v 0.05999999865889549 3.6761999130249023 0.01269300002604723
v 0.05999999865889549 3.826630115509033 0.046859998255968094
v 0.05999999865889549 3.664370059967041 0.055250998586416245
v 0.05999999865889549 3.664370059967041 0.055250998586416245
v 0.05999999865889549 3.826630115509033 0.046859998255968094
v 0.05999999865889549 3.8025729656219482 0.13054800033569336
v 0.05999999865889549 3.664370059967041 0.055250998586416245
v 0.05999999865889549 3.8025729656219482 0.13054800033569336
v 0.05999999865889549 3.64200496673584 0.09334299713373184
v 0.05999999865889549 3.64200496673584 0.09334299713373184
v 0.05999999865889549 3.8025729656219482 0.13054800033569336
v 0.05999999865889549 3.759481906890869 0.2050890028476715
v 0.05999999865889549 3.64200496673584 0.09334299713373184
v 0.05999999865889549 3.759481906890869 0.2050890028476715
v 0.05999999865889549 3.6106059551239014 0.12441200017929077
v 0.05999999865889549 3.6106059551239014 0.12441200017929077
v 0.05999999865889549 3.759481906890869 0.2050890028476715
v 0.05999999865889549 3.7001330852508545 0.26567500829696655
v 0.05999999865889549 3.6106059551239014 0.12441200017929077
v 0.05999999865889549 3.7001330852508545 0.26567500829696655
v 0.05999999865889549 3.572279930114746 0.14637400209903717
v 0.05999999865889549 3.572279930114746 0.14637400209903717
v 0.05999999865889549 3.7001330852508545 0.26567500829696655
v 0.05999999865889549 3.628354072570801 0.3084000051021576
v 0.05999999865889549 3.572279930114746 0.14637400209903717
v 0.05999999865889549 3.628354072570801 0.3084000051021576
v 0.05999999865889549 3.5295989513397217 0.15775400400161743
v 0.05999999865889549 3.5295989513397217 0.15775400400161743
v 0.05999999865889549 3.628354072570801 0.3084000051021576
v 0.05999999865889549 3.5487749576568604 0.3305070102214813
v 0.05999999865889549 3.5295989513397217 0.15775400400161743
v 0.05999999865889549 3.5487749576568604 0.3305070102214813
v 0.05999999865889549 3.466525077819824 0.3305729925632477
v 0.05999999865889549 3.5295989513397217 0.15775400400161743
v 0.05999999865889549 3.466525077819824 0.3305729925632477
v 0.05999999865889549 3.4854259490966797 0.15778900682926178
v 0.05999999865889549 3.4854259490966797 0.15778900682926178
v 0.05999999865889549 3.466525077819824 0.3305729925632477
v 0.05999999865889549 3.386910915374756 0.3085919916629791
v 0.05999999865889549 3.4854259490966797 0.15778900682926178
v 0.05999999865889549 3.386910915374756 0.3085919916629791
v 0.05999999865889549 3.4427270889282227 0.14647699892520905
v 0.05999999865889549 3.4427270889282227 0.14647699892520905
v 0.05999999865889549 3.386910915374756 0.3085919916629791
v 0.05999999865889549 3.315063953399658 0.2659820020198822
v 0.05999999865889549 3.4427270889282227 0.14647699892520905
v 0.05999999865889549 3.315063953399658 0.2659820020198822
v 0.05999999865889549 3.4043660163879395 0.12457600235939026
v 0.05999999865889549 3.4043660163879395 0.12457600235939026
v 0.05999999865889549 3.315063953399658 0.2659820020198822
v 0.05999999865889549 3.2556190490722656 0.20548999309539795
v 0.05999999865889549 3.4043660163879395 0.12457600235939026
v 0.05999999865889549 3.2556190490722656 0.20548999309539795
v 0.05999999865889549 3.372917890548706 0.09355700016021729
v 0.05999999865889549 3.372917890548706 0.09355700016021729
v 0.05999999865889549 3.2556190490722656 0.20548999309539795
v 0.05999999865889549 3.2124080657958984 0.1310179978609085
v 0.05999999865889549 3.372917890548706 0.09355700016021729
v 0.05999999865889549 3.2124080657958984 0.1310179978609085
v 0.05999999865889549 3.350492000579834 0.055500999093055725
v 0.05999999865889549 3.350492000579834 0.055500999093055725
v 0.05999999865889549 3.2124080657958984 0.1310179978609085
v 0.05999999865889549 3.1882190704345703 0.04736800119280815
v 0.05999999865889549 3.350492000579834 0.055500999093055725
v 0.05999999865889549 3.1882190704345703 0.04736800119280815
v 0.05999999865889549 3.3385939598083496 0.01296200044453144
v 0.05999999865889549 3.3385939598083496 0.01296200044453144
v 0.05999999865889549 3.1882190704345703 0.04736800119280815
v 0.05999999865889549 3.1846110820770264 -0.04006600007414818
v 0.05999999865889549 3.3385939598083496 0.01296200044453144
v 0.05999999865889549 3.1846110820770264 -0.04006600007414818
v 0.05999999865889549 3.3380210399627686 -0.031207000836730003
v 0.05999999865889549 3.3380210399627686 -0.031207000836730003
v 0.05999999865889549 3.1846110820770264 -0.04006600007414818
v 0.05999999865889549 3.2018160820007324 -0.12564699351787567
v 0.05999999865889549 3.3380210399627686 -0.031207000836730003
v 0.05999999865889549 3.2018160820007324 -0.12564699351787567
v 0.05999999865889549 3.348814010620117 -0.07404100149869919
v 0.05999999865889549 3.348814010620117 -0.07404100149869919
v 0.05999999865889549 3.2018160820007324 -0.12564699351787567
v 0.05999999865889549 3.238724946975708 -0.20385399460792542
v 0.05999999865889549 3.348814010620117 -0.07404100149869919
v 0.05999999865889549 3.238724946975708 -0.20385399460792542
v 0.05999999865889549 3.370245933532715 -0.11266499757766724
v 0.05999999865889549 3.370245933532715 -0.11266499757766724
v 0.05999999865889549 3.238724946975708 -0.20385399460792542
v 0.05999999865889549 3.292958974838257 -0.26964500546455383
v 0.05999999865889549 3.370245933532715 -0.11266499757766724
v 0.05999999865889549 3.292958974838257 -0.26964500546455383
v 0.05999999865889549 3.400881052017212 -0.14448800683021545
v 0.05999999865889549 3.400881052017212 -0.14448800683021545
v 0.05999999865889549 3.292958974838257 -0.26964500546455383
v 0.05999999865889549 3.3610188961029053 -0.31877800822257996
v 0.05999999865889549 3.400881052017212 -0.14448800683021545
v 0.05999999865889549 3.3610188961029053 -0.31877800822257996
v 0.05999999865889549 3.4386610984802246 -0.16737499833106995
v 0.05999999865889549 3.4386610984802246 -0.16737499833106995
v 0.05999999865889549 3.3610188961029053 -0.31877800822257996
v 0.05999999865889549 3.4385170936584473 -0.3480840027332306
v 0 3.101020097732544 -0.38720598816871643
v 0 3.1008529663085938 -0.5967730283737183
v 0.05999999865889549 3.101020097732544 -0.38720598816871643
v 0.05999999865889549 3.101020097732544 -0.38720598816871643
v 0 3.1008529663085938 -0.5967730283737183
v 0.05999999865889549 3.1008529663085938 -0.5967730283737183
v 0 3.9129691123962402 -0.597419023513794
v 0 3.101020097732544 -0.38720598816871643
v 0.05999999865889549 3.9129691123962402 -0.597419023513794
v 0.05999999865889549 3.9129691123962402 -0.597419023513794
v 0 3.101020097732544 -0.38720598816871643
v 0.05999999865889549 3.101020097732544 -0.38720598816871643
v 0 3.9128029346466064 -0.8069850206375122
v 0 3.9129691123962402 -0.597419023513794
v 0.05999999865889549 3.9128029346466064 -0.8069850206375122
v 0.05999999865889549 3.9128029346466064 -0.8069850206375122
v 0 3.9129691123962402 -0.597419023513794
v 0.05999999865889549 3.9129691123962402 -0.597419023513794
v 0 3.1008529663085938 -0.5967730283737183
v 0 3.9128029346466064 -0.8069850206375122
v 0.05999999865889549 3.1008529663085938 -0.5967730283737183
v 0.05999999865889549 3.1008529663085938 -0.5967730283737183
v 0 3.9128029346466064 -0.8069850206375122
v 0.05999999865889549 3.9128029346466064 -0.8069850206375122
v 0.05999999865889549 3.9128029346466064 -0.8069850206375122
v 0.05999999865889549 3.9129691123962402 -0.597419023513794
v 0.05999999865889549 3.1008529663085938 -0.5967730283737183
v 0.05999999865889549 3.1008529663085938 -0.5967730283737183
v 0.05999999865889549 3.9129691123962402 -0.597419023513794
v 0.05999999865889549 3.101020097732544 -0.38720598816871643
v 0 3.1021549701690674 1.0377930402755737
v 0 3.1019880771636963 0.8282269835472107
v 0.05999999865889549 3.1021549701690674 1.0377930402755737
v 0.05999999865889549 3.1021549701690674 1.0377930402755737
v 0 3.1019880771636963 0.8282269835472107
v 0.05999999865889549 3.1019880771636963 0.8282269835472107
v 0 3.9141039848327637 0.8275799751281738
v 0 3.1021549701690674 1.0377930402755737
v 0.05999999865889549 3.9141039848327637 0.8275799751281738
v 0.05999999865889549 3.9141039848327637 0.8275799751281738
v 0 3.1021549701690674 1.0377930402755737
v 0.05999999865889549 3.1021549701690674 1.0377930402755737
v 0 3.9139370918273926 0.6180139780044556
v 0 3.9141039848327637 0.8275799751281738
v 0.05999999865889549 3.9139370918273926 0.6180139780044556
v 0.05999999865889549 3.9139370918273926 0.6180139780044556
v 0 3.9141039848327637 0.8275799751281738
v 0.05999999865889549 3.9141039848327637 0.8275799751281738
v 0 3.1019880771636963 0.8282269835472107
v 0 3.9139370918273926 0.6180139780044556
v 0.05999999865889549 3.1019880771636963 0.8282269835472107
v 0.05999999865889549 3.1019880771636963 0.8282269835472107
v 0 3.9139370918273926 0.6180139780044556
v 0.05999999865889549 3.9139370918273926 0.6180139780044556
v 0.05999999865889549 3.9139370918273926 0.6180139780044556
v 0.05999999865889549 3.9141039848327637 0.8275799751281738
v 0.05999999865889549 3.1019880771636963 0.8282269835472107
v 0.05999999865889549 3.1019880771636963 0.8282269835472107
v 0.05999999865889549 3.9141039848327637 0.8275799751281738
v 0.05999999865889549 3.1021549701690674 1.0377930402755737
v 0 3.100821018218994 -0.6372060179710388
v 0 3.100653886795044 -0.8467720150947571
v 0.05999999865889549 3.100821018218994 -0.6372060179710388
v 0.05999999865889549 3.100821018218994 -0.6372060179710388
v 0 3.100653886795044 -0.8467720150947571
v 0.05999999865889549 3.100653886795044 -0.8467720150947571
v 0 3.9127700328826904 -0.847419023513794
v 0 3.100821018218994 -0.6372060179710388
v 0.05999999865889549 3.9127700328826904 -0.847419023513794
v 0.05999999865889549 3.9127700328826904 -0.847419023513794
v 0 3.100821018218994 -0.6372060179710388
v 0.05999999865889549 3.100821018218994 -0.6372060179710388
v 0 3.9126029014587402 -1.0569850206375122
v 0 3.9127700328826904 -0.847419023513794
v 0.05999999865889549 3.9126029014587402 -1.0569850206375122
v 0.05999999865889549 3.9126029014587402 -1.0569850206375122
v 0 3.9127700328826904 -0.847419023513794
v 0.05999999865889549 3.9127700328826904 -0.847419023513794
v 0 3.100653886795044 -0.8467720150947571
v 0 3.9126029014587402 -1.0569850206375122
v 0.05999999865889549 3.100653886795044 -0.8467720150947571
v 0.05999999865889549 3.100653886795044 -0.8467720150947571
v 0 3.9126029014587402 -1.0569850206375122
v 0.05999999865889549 3.9126029014587402 -1.0569850206375122
v 0.05999999865889549 3.9126029014587402 -1.0569850206375122
v 0.05999999865889549 3.9127700328826904 -0.847419023513794
v 0.05999999865889549 3.100653886795044 -0.8467720150947571
v 0.05999999865889549 3.100653886795044 -0.8467720150947571
v 0.05999999865889549 3.9127700328826904 -0.847419023513794
v 0.05999999865889549 3.100821018218994 -0.6372060179710388
v 0 3.1017889976501465 0.5782269835472107
v 0 3.9137380123138428 0.36801400780677795
v 0.05999999865889549 3.1017889976501465 0.5782269835472107
v 0.05999999865889549 3.1017889976501465 0.5782269835472107
v 0 3.9137380123138428 0.36801400780677795
v 0.05999999865889549 3.9137380123138428 0.36801400780677795
v 0 3.1019558906555176 0.787792980670929
v 0 3.1017889976501465 0.5782269835472107
v 0.05999999865889549 3.1019558906555176 0.787792980670929
v 0.05999999865889549 3.1019558906555176 0.787792980670929
v 0 3.1017889976501465 0.5782269835472107
v 0.05999999865889549 3.1017889976501465 0.5782269835472107
v 0 3.913904905319214 0.5775799751281738
v 0 3.1019558906555176 0.787792980670929
v 0.05999999865889549 3.913904905319214 0.5775799751281738
v 0.05999999865889549 3.913904905319214 0.5775799751281738
v 0 3.1019558906555176 0.787792980670929
v 0.05999999865889549 3.1019558906555176 0.787792980670929
v 0 3.9137380123138428 0.36801400780677795
v 0 3.913904905319214 0.5775799751281738
v 0.05999999865889549 3.9137380123138428 0.36801400780677795
v 0.05999999865889549 3.9137380123138428 0.36801400780677795
v 0 3.913904905319214 0.5775799751281738
v 0.05999999865889549 3.913904905319214 0.5775799751281738
v 0.05999999865889549 3.9137380123138428 0.36801400780677795
v 0.05999999865889549 3.913904905319214 0.5775799751281738
v 0.05999999865889549 3.1017889976501465 0.5782269835472107
v 0.05999999865889549 3.1017889976501465 0.5782269835472107
v 0.05999999865889549 3.913904905319214 0.5775799751281738
v 0.05999999865889549 3.1019558906555176 0.787792980670929
v 0.07500000298023224 4.599999904632568 0.972350001335144
v 0.1932860016822815 4.599999904632568 0.8954640030860901
v 0.07500000298023224 5.099999904632568 0.972350001335144
v 0.07500000298023224 5.099999904632568 0.972350001335144
v 0.1932860016822815 4.599999904632568 0.8954640030860901
v 0.1932860016822815 5.099999904632568 0.8954640030860901
v 0.13878799974918365 4.599999904632568 0.8116199970245361
v 0.07500000298023224 4.599999904632568 0.853082001209259
v 0.13878799974918365 5.099999904632568 0.8116199970245361
v 0.13878799974918365 5.099999904632568 0.8116199970245361
v 0.07500000298023224 4.599999904632568 0.853082001209259
v 0.07500000298023224 5.099999904632568 0.853082001209259
v 0.24763299524784088 4.599999904632568 0.21365800499916077
v 0.18765899538993835 4.599999904632568 0.12387599796056747
v 0.24763299524784088 5.099999904632568 0.21365800499916077
v 0.24763299524784088 5.099999904632568 0.21365800499916077
v 0.18765899538993835 4.599999904632568 0.12387599796056747
v 0.18765899538993835 5.099999904632568 0.12387599796056747
v 0.10380800068378448 4.599999904632568 0.17837899923324585
v 0.16447900235652924 4.599999904632568 0.2692050039768219
v 0.10380800068378448 5.099999904632568 0.17837899923324585
v 0.10380800068378448 5.099999904632568 0.17837899923324585
v 0.16447900235652924 4.599999904632568 0.2692050039768219
v 0.16447900235652924 5.099999904632568 0.2692050039768219
v 0.873104989528656 4.599999904632568 1.149999976158142
v 0.793599009513855 4.599999904632568 1.0309770107269287
v 0.873104989528656 5.099999904632568 1.149999976158142
v 0.873104989528656 5.099999904632568 1.149999976158142
v 0.793599009513855 4.599999904632568 1.0309770107269287
v 0.793599009513855 5.099999904632568 1.0309770107269287
v 0.710444986820221 4.599999904632568 1.0865230560302734
v 0.7528470158576965 4.599999904632568 1.149999976158142
v 0.710444986820221 5.099999904632568 1.0865230560302734
v 0.710444986820221 5.099999904632568 1.0865230560302734
v 0.7528470158576965 4.599999904632568 1.149999976158142
v 0.7528470158576965 5.099999904632568 1.149999976158142
v 0.8788859844207764 4.599999904632568 0.3305560052394867
v 0.7924619913101196 4.599999904632568 0.19759699702262878
v 0.8788859844207764 5.099999904632568 0.3305560052394867
v 0.8788859844207764 5.099999904632568 0.3305560052394867
v 0.7924619913101196 4.599999904632568 0.19759699702262878
v 0.7924619913101196 5.099999904632568 0.19759699702262878
v 0.7086179852485657 4.599999904632568 0.2520959973335266
v 0.795041024684906 4.599999904632568 0.3850550055503845
v 0.7086179852485657 5.099999904632568 0.2520959973335266
v 0.7086179852485657 5.099999904632568 0.2520959973335266
v 0.795041024684906 4.599999904632568 0.3850550055503845
v 0.795041024684906 5.099999904632568 0.3850550055503845
v 0.795041024684906 4.599999904632568 0.3850550055503845
v 0.7647910118103027 4.599999904632568 0.40471699833869934
v 0.795041024684906 5.099999904632568 0.3850550055503845
v 0.795041024684906 5.099999904632568 0.3850550055503845
v 0.7647910118103027 4.599999904632568 0.40471699833869934
v 0.7647910118103027 5.099999904632568 0.40471699833869934
v 0.8495399951934814 4.599999904632568 0.4688990116119385
v 0.925000011920929 4.599999904632568 0.5849909782409668
v 0.8495399951934814 5.099999904632568 0.4688990116119385
v 0.8495399951934814 5.099999904632568 0.4688990116119385
v 0.925000011920929 4.599999904632568 0.5849909782409668
v 0.925000011920929 5.099999904632568 0.5849909782409668
v 0.925000011920929 4.599999904632568 0.30058199167251587
v 0.8788859844207764 4.599999904632568 0.3305560052394867
v 0.925000011920929 5.099999904632568 0.30058199167251587
v 0.925000011920929 5.099999904632568 0.30058199167251587
v 0.8788859844207764 4.599999904632568 0.3305560052394867
v 0.8788859844207764 5.099999904632568 0.3305560052394867
v 0.8192899823188782 4.599999904632568 0.4885619878768921
v 0.8495399951934814 4.599999904632568 0.4688990116119385
v 0.8192899823188782 5.099999904632568 0.4885619878768921
v 0.8192899823188782 5.099999904632568 0.4885619878768921
v 0.8495399951934814 4.599999904632568 0.4688990116119385
v 0.8495399951934814 5.099999904632568 0.4688990116119385
v 0.6383159756660461 4.599999904632568 -0.03955100104212761
v 0.5791419744491577 4.599999904632568 -0.13058799505233765
v 0.6383159756660461 5.099999904632568 -0.03955100104212761
v 0.6383159756660461 5.099999904632568 -0.03955100104212761
v 0.5791419744491577 4.599999904632568 -0.13058799505233765
v 0.5791419744491577 5.099999904632568 -0.13058799505233765
v 0.49529799818992615 4.599999904632568 -0.07608900219202042
v 0.554472029209137 4.599999904632568 0.014948000200092793
v 0.49529799818992615 5.099999904632568 -0.07608900219202042
v 0.49529799818992615 5.099999904632568 -0.07608900219202042
v 0.554472029209137 4.599999904632568 0.014948000200092793
v 0.554472029209137 5.099999904632568 0.014948000200092793
v 0.8192899823188782 4.599999904632568 0.9060019850730896
v 0.925000011920929 4.599999904632568 0.8372899889945984
v 0.8192899823188782 5.099999904632568 0.9060019850730896
v 0.8192899823188782 5.099999904632568 0.9060019850730896
v 0.925000011920929 4.599999904632568 0.8372899889945984
v 0.925000011920929 5.099999904632568 0.8372899889945984
v 0.925000011920929 4.599999904632568 0.7180219888687134
v 0.7647910118103027 4.599999904632568 0.8221570253372192
v 0.925000011920929 5.099999904632568 0.7180219888687134
v 0.925000011920929 5.099999904632568 0.7180219888687134
v 0.7647910118103027 4.599999904632568 0.8221570253372192
v 0.7647910118103027 5.099999904632568 0.8221570253372192
v 0.07500000298023224 4.599999904632568 0.5549100041389465
v 0.1932860016822815 4.599999904632568 0.4780240058898926
v 0.07500000298023224 5.099999904632568 0.5549100041389465
v 0.07500000298023224 5.099999904632568 0.5549100041389465
v 0.1932860016822815 4.599999904632568 0.4780240058898926
v 0.1932860016822815 5.099999904632568 0.4780240058898926
v 0.13878799974918365 4.599999904632568 0.3941799998283386
v 0.07500000298023224 4.599999904632568 0.4356420040130615
v 0.13878799974918365 5.099999904632568 0.3941799998283386
v 0.13878799974918365 5.099999904632568 0.3941799998283386
v 0.07500000298023224 4.599999904632568 0.4356420040130615
v 0.07500000298023224 5.099999904632568 0.4356420040130615
v 0.4439080059528351 4.599999904632568 1.149999976158142
v 0.5821419954299927 4.599999904632568 1.060148000717163
v 0.4439080059528351 5.099999904632568 1.149999976158142
v 0.4439080059528351 5.099999904632568 1.149999976158142
v 0.5821419954299927 4.599999904632568 1.060148000717163
v 0.5821419954299927 5.099999904632568 1.060148000717163
v 0.5276439785957336 4.599999904632568 0.976302981376648
v 0.26041799783706665 4.599999904632568 1.149999976158142
v 0.5276439785957336 5.099999904632568 0.976302981376648
v 0.5276439785957336 5.099999904632568 0.976302981376648
v 0.26041799783706665 4.599999904632568 1.149999976158142
v 0.26041799783706665 5.099999904632568 1.149999976158142
v 0.430433988571167 4.599999904632568 0.3238779902458191
v 0.5821419954299927 4.599999904632568 0.22526800632476807
v 0.430433988571167 5.099999904632568 0.3238779902458191
v 0.430433988571167 5.099999904632568 0.3238779902458191
v 0.5821419954299927 4.599999904632568 0.22526800632476807
v 0.5821419954299927 5.099999904632568 0.22526800632476807
v 0.5276439785957336 4.599999904632568 0.14142300188541412
v 0.37593498826026917 4.599999904632568 0.24003399908542633
v 0.5276439785957336 5.099999904632568 0.14142300188541412
v 0.5276439785957336 5.099999904632568 0.14142300188541412
v 0.37593498826026917 4.599999904632568 0.24003399908542633
v 0.37593498826026917 5.099999904632568 0.24003399908542633
v 0.8192899823188782 4.599999904632568 0.07112199813127518
v 0.925000011920929 4.599999904632568 0.002409999957308173
v 0.8192899823188782 5.099999904632568 0.07112199813127518
v 0.8192899823188782 5.099999904632568 0.07112199813127518
v 0.925000011920929 4.599999904632568 0.002409999957308173
v 0.925000011920929 5.099999904632568 0.002409999957308173
v 0.925000011920929 4.599999904632568 -0.11685799807310104
v 0.7647910118103027 4.599999904632568 -0.012722999788820744
v 0.925000011920929 5.099999904632568 -0.11685799807310104
v 0.925000011920929 5.099999904632568 -0.11685799807310104
v 0.7647910118103027 4.599999904632568 -0.012722999788820744
v 0.7647910118103027 5.099999904632568 -0.012722999788820744
v 0.6364889740943909 4.599999904632568 0.7957820296287537
v 0.548740029335022 4.599999904632568 0.6644189953804016
v 0.6364889740943909 5.099999904632568 0.7957820296287537
v 0.6364889740943909 5.099999904632568 0.7957820296287537
v 0.548740029335022 4.599999904632568 0.6644189953804016
v 0.548740029335022 5.099999904632568 0.6644189953804016
v 0.548740029335022 4.599999904632568 0.6644189953804016
v 0.5821419954299927 4.599999904632568 0.6427080035209656
v 0.548740029335022 5.099999904632568 0.6644189953804016
v 0.548740029335022 5.099999904632568 0.6644189953804016
v 0.5821419954299927 4.599999904632568 0.6427080035209656
v 0.5821419954299927 5.099999904632568 0.6427080035209656
v 0.5276439785957336 4.599999904632568 0.5588629841804504
v 0.4931890070438385 4.599999904632568 0.58125901222229
v 0.5276439785957336 5.099999904632568 0.5588629841804504
v 0.5276439785957336 5.099999904632568 0.5588629841804504
v 0.4931890070438385 4.599999904632568 0.58125901222229
v 0.4931890070438385 5.099999904632568 0.58125901222229
v 0.4931890070438385 4.599999904632568 0.58125901222229
v 0.4047420024871826 4.599999904632568 0.4488529860973358
v 0.4931890070438385 5.099999904632568 0.58125901222229
v 0.4931890070438385 5.099999904632568 0.58125901222229
v 0.4047420024871826 4.599999904632568 0.4488529860973358
v 0.4047420024871826 5.099999904632568 0.4488529860973358
v 0.32158800959587097 4.599999904632568 0.5044000148773193
v 0.40933799743652344 4.599999904632568 0.6357619762420654
v 0.32158800959587097 5.099999904632568 0.5044000148773193
v 0.32158800959587097 5.099999904632568 0.5044000148773193
v 0.40933799743652344 4.599999904632568 0.6357619762420654
v 0.40933799743652344 5.099999904632568 0.6357619762420654
v 0.4648889899253845 4.599999904632568 0.7189229726791382
v 0.5533350110054016 4.599999904632568 0.8513280153274536
v 0.4648889899253845 5.099999904632568 0.7189229726791382
v 0.4648889899253845 5.099999904632568 0.7189229726791382
v 0.5533350110054016 4.599999904632568 0.8513280153274536
v 0.5533350110054016 5.099999904632568 0.8513280153274536
v 0.430433988571167 4.599999904632568 0.7413179874420166
v 0.4648889899253845 4.599999904632568 0.7189229726791382
v 0.430433988571167 5.099999904632568 0.7413179874420166
v 0.430433988571167 5.099999904632568 0.7413179874420166
v 0.4648889899253845 4.599999904632568 0.7189229726791382
v 0.4648889899253845 5.099999904632568 0.7189229726791382
v 0.40933799743652344 4.599999904632568 0.6357619762420654
v 0.37593498826026917 4.599999904632568 0.6574739813804626
v 0.40933799743652344 5.099999904632568 0.6357619762420654
v 0.40933799743652344 5.099999904632568 0.6357619762420654
v 0.37593498826026917 4.599999904632568 0.6574739813804626
v 0.37593498826026917 5.099999904632568 0.6574739813804626
v 0.5791419744491577 4.599999904632568 -0.13058799505233765
v 0.925000011920929 4.599999904632568 -0.35539600253105164
v 0.5791419744491577 5.099999904632568 -0.13058799505233765
v 0.5791419744491577 5.099999904632568 -0.13058799505233765
v 0.925000011920929 4.599999904632568 -0.35539600253105164
v 0.925000011920929 5.099999904632568 -0.35539600253105164
v 0.18765899538993835 4.599999904632568 0.12387599796056747
v 0.49529799818992615 4.599999904632568 -0.07608900219202042
v 0.18765899538993835 5.099999904632568 0.12387599796056747
v 0.18765899538993835 5.099999904632568 0.12387599796056747
v 0.49529799818992615 4.599999904632568 -0.07608900219202042
v 0.49529799818992615 5.099999904632568 -0.07608900219202042
v 0.10380800068378448 5.099999904632568 0.17837899923324585
v 0.07500000298023224 5.099999904632568 0.19710400700569153
v 0.10380800068378448 4.599999904632568 0.17837899923324585
v 0.10380800068378448 4.599999904632568 0.17837899923324585
v 0.07500000298023224 5.099999904632568 0.19710400700569153
v 0.07500000298023224 4.599999904632568 0.19710400700569153
v 0.07500000298023224 4.599999904632568 0.4356420040130615
v 0.07500000298023224 4.599999904632568 0.19710400700569153
v 0.07500000298023224 5.099999904632568 0.4356420040130615
v 0.07500000298023224 5.099999904632568 0.4356420040130615
v 0.07500000298023224 4.599999904632568 0.19710400700569153
v 0.07500000298023224 5.099999904632568 0.19710400700569153
v 0.07500000298023224 5.099999904632568 0.972350001335144
v 0.07500000298023224 5.099999904632568 1.149999976158142
v 0.07500000298023224 4.599999904632568 0.972350001335144
v 0.07500000298023224 4.599999904632568 0.972350001335144
v 0.07500000298023224 5.099999904632568 1.149999976158142
v 0.07500000298023224 4.599999904632568 1.149999976158142
v 0.07500000298023224 4.599999904632568 0.853082001209259
v 0.07500000298023224 4.599999904632568 0.5549100041389465
v 0.07500000298023224 5.099999904632568 0.853082001209259
v 0.07500000298023224 5.099999904632568 0.853082001209259
v 0.07500000298023224 4.599999904632568 0.5549100041389465
v 0.07500000298023224 5.099999904632568 0.5549100041389465
v 0.7528470158576965 5.099999904632568 1.149999976158142
v 0.7528470158576965 4.599999904632568 1.149999976158142
v 0.675000011920929 5.099999904632568 1.149999976158142
v 0.675000011920929 5.099999904632568 1.149999976158142
v 0.7528470158576965 4.599999904632568 1.149999976158142
v 0.5699999928474426 5.099999904632568 1.149999976158142
v 0.675000011920929 5.099999904632568 1.149999976158142
v 0.5699999928474426 5.099999904632568 1.149999976158142
v 0.675000011920929 5.650000095367432 1.149999976158142
v 0.675000011920929 5.650000095367432 1.149999976158142
v 0.5699999928474426 5.099999904632568 1.149999976158142
v 0.5699999928474426 5.650000095367432 1.149999976158142
v 0.7528470158576965 4.599999904632568 1.149999976158142
v 0.4439080059528351 4.599999904632568 1.149999976158142
v 0.5699999928474426 5.099999904632568 1.149999976158142
v 0.5699999928474426 5.099999904632568 1.149999976158142
v 0.4439080059528351 4.599999904632568 1.149999976158142
v 0.4439080059528351 5.099999904632568 1.149999976158142
v 0.26041799783706665 5.099999904632568 1.149999976158142
v 0.26041799783706665 4.599999904632568 1.149999976158142
v 0.25999999046325684 5.099999904632568 1.149999976158142
v 0.25999999046325684 5.099999904632568 1.149999976158142
v 0.26041799783706665 4.599999904632568 1.149999976158142
v 0.1550000011920929 5.099999904632568 1.149999976158142
v 0.25999999046325684 5.099999904632568 1.149999976158142
v 0.1550000011920929 5.099999904632568 1.149999976158142
v 0.25999999046325684 5.650000095367432 1.149999976158142
v 0.25999999046325684 5.650000095367432 1.149999976158142
v 0.1550000011920929 5.099999904632568 1.149999976158142
v 0.1550000011920929 5.650000095367432 1.149999976158142
v 0.26041799783706665 4.599999904632568 1.149999976158142
v 0.07500000298023224 4.599999904632568 1.149999976158142
v 0.1550000011920929 5.099999904632568 1.149999976158142
v 0.1550000011920929 5.099999904632568 1.149999976158142
v 0.07500000298023224 4.599999904632568 1.149999976158142
v 0.07500000298023224 5.099999904632568 1.149999976158142
v 0.6383159756660461 4.599999904632568 -0.03955100104212761
v 0.6383159756660461 5.099999904632568 -0.03955100104212761
v 0.6714029908180237 4.599999904632568 -0.04371299967169762
v 0.6714029908180237 4.599999904632568 -0.04371299967169762
v 0.6383159756660461 5.099999904632568 -0.03955100104212761
v 0.6714029908180237 5.099999904632568 -0.04371299967169762
v 0.6714029908180237 4.599999904632568 -0.04371299967169762
v 0.6714029908180237 5.099999904632568 -0.04371299967169762
v 0.7045930027961731 4.599999904632568 -0.040463000535964966
v 0.7045930027961731 4.599999904632568 -0.040463000535964966
v 0.6714029908180237 5.099999904632568 -0.04371299967169762
v 0.7045930027961731 5.099999904632568 -0.040463000535964966
v 0.7045930027961731 4.599999904632568 -0.040463000535964966
v 0.7045930027961731 5.099999904632568 -0.040463000535964966
v 0.7362430095672607 4.599999904632568 -0.029959000647068024
v 0.7362430095672607 4.599999904632568 -0.029959000647068024
v 0.7045930027961731 5.099999904632568 -0.040463000535964966
v 0.7362430095672607 5.099999904632568 -0.029959000647068024
v 0.7362430095672607 4.599999904632568 -0.029959000647068024
v 0.7362430095672607 5.099999904632568 -0.029959000647068024
v 0.7647910118103027 4.599999904632568 -0.012722999788820744
v 0.7647910118103027 4.599999904632568 -0.012722999788820744
v 0.7362430095672607 5.099999904632568 -0.029959000647068024
v 0.7647910118103027 5.099999904632568 -0.012722999788820744
v 0.554472029209137 5.099999904632568 0.014948000200092793
v 0.554472029209137 4.599999904632568 0.014948000200092793
v 0.5372350215911865 5.099999904632568 0.04349600151181221
v 0.5372350215911865 5.099999904632568 0.04349600151181221
v 0.554472029209137 4.599999904632568 0.014948000200092793
v 0.5372350215911865 4.599999904632568 0.04349600151181221
v 0.5372350215911865 5.099999904632568 0.04349600151181221
v 0.5372350215911865 4.599999904632568 0.04349600151181221
v 0.5267320275306702 5.099999904632568 0.07514700293540955
v 0.5267320275306702 5.099999904632568 0.07514700293540955
v 0.5372350215911865 4.599999904632568 0.04349600151181221
v 0.5267320275306702 4.599999904632568 0.07514700293540955
v 0.5267320275306702 5.099999904632568 0.07514700293540955
v 0.5267320275306702 4.599999904632568 0.07514700293540955
v 0.523481011390686 5.099999904632568 0.10833600163459778
v 0.523481011390686 5.099999904632568 0.10833600163459778
v 0.5267320275306702 4.599999904632568 0.07514700293540955
v 0.523481011390686 4.599999904632568 0.10833600163459778
v 0.523481011390686 5.099999904632568 0.10833600163459778
v 0.523481011390686 4.599999904632568 0.10833600163459778
v 0.5276439785957336 5.099999904632568 0.14142300188541412
v 0.5276439785957336 5.099999904632568 0.14142300188541412
v 0.523481011390686 4.599999904632568 0.10833600163459778
v 0.5276439785957336 4.599999904632568 0.14142300188541412
v 0.7086179852485657 4.599999904632568 0.2520959973335266
v 0.7086179852485657 5.099999904632568 0.2520959973335266
v 0.6755310297012329 4.599999904632568 0.2562580108642578
v 0.6755310297012329 4.599999904632568 0.2562580108642578
v 0.7086179852485657 5.099999904632568 0.2520959973335266
v 0.6755310297012329 5.099999904632568 0.2562580108642578
v 0.6755310297012329 4.599999904632568 0.2562580108642578
v 0.6755310297012329 5.099999904632568 0.2562580108642578
v 0.6423410177230835 4.599999904632568 0.2530069947242737
v 0.6423410177230835 4.599999904632568 0.2530069947242737
v 0.6755310297012329 5.099999904632568 0.2562580108642578
v 0.6423410177230835 5.099999904632568 0.2530069947242737
v 0.6423410177230835 4.599999904632568 0.2530069947242737
v 0.6423410177230835 5.099999904632568 0.2530069947242737
v 0.6106899976730347 4.599999904632568 0.24250400066375732
v 0.6106899976730347 4.599999904632568 0.24250400066375732
v 0.6423410177230835 5.099999904632568 0.2530069947242737
v 0.6106899976730347 5.099999904632568 0.24250400066375732
v 0.6106899976730347 4.599999904632568 0.24250400066375732
v 0.6106899976730347 5.099999904632568 0.24250400066375732
v 0.5821419954299927 4.599999904632568 0.22526800632476807
v 0.5821419954299927 4.599999904632568 0.22526800632476807
v 0.6106899976730347 5.099999904632568 0.24250400066375732
v 0.5821419954299927 5.099999904632568 0.22526800632476807
v 0.7924619913101196 5.099999904632568 0.19759699702262878
v 0.7924619913101196 4.599999904632568 0.19759699702262878
v 0.8096989989280701 5.099999904632568 0.1690489947795868
v 0.8096989989280701 5.099999904632568 0.1690489947795868
v 0.7924619913101196 4.599999904632568 0.19759699702262878
v 0.8096989989280701 4.599999904632568 0.1690489947795868
v 0.8096989989280701 5.099999904632568 0.1690489947795868
v 0.8096989989280701 4.599999904632568 0.1690489947795868
v 0.8202019929885864 5.099999904632568 0.13739800453186035
v 0.8202019929885864 5.099999904632568 0.13739800453186035
v 0.8096989989280701 4.599999904632568 0.1690489947795868
v 0.8202019929885864 4.599999904632568 0.13739800453186035
v 0.8202019929885864 5.099999904632568 0.13739800453186035
v 0.8202019929885864 4.599999904632568 0.13739800453186035
v 0.8234530091285706 5.099999904632568 0.10420899838209152
v 0.8234530091285706 5.099999904632568 0.10420899838209152
v 0.8202019929885864 4.599999904632568 0.13739800453186035
v 0.8234530091285706 4.599999904632568 0.10420899838209152
v 0.8234530091285706 5.099999904632568 0.10420899838209152
v 0.8234530091285706 4.599999904632568 0.10420899838209152
v 0.8192899823188782 5.099999904632568 0.07112199813127518
v 0.8192899823188782 5.099999904632568 0.07112199813127518
v 0.8234530091285706 4.599999904632568 0.10420899838209152
v 0.8192899823188782 4.599999904632568 0.07112199813127518
v 0.925000011920929 5.099999904632568 -0.11685799807310104
v 0.925000011920929 5.099999904632568 -0.35539600253105164
v 0.925000011920929 4.599999904632568 -0.11685799807310104
v 0.925000011920929 4.599999904632568 -0.11685799807310104
v 0.925000011920929 5.099999904632568 -0.35539600253105164
v 0.925000011920929 4.599999904632568 -0.35539600253105164
v 0.925000011920929 4.599999904632568 0.8372899889945984
v 0.925000011920929 4.599999904632568 1.149999976158142
v 0.925000011920929 5.099999904632568 0.8372899889945984
v 0.925000011920929 5.099999904632568 0.8372899889945984
v 0.925000011920929 4.599999904632568 1.149999976158142
v 0.925000011920929 5.099999904632568 1.149999976158142
v 0.925000011920929 4.599999904632568 0.5849909782409668
v 0.925000011920929 4.599999904632568 0.7180219888687134
v 0.925000011920929 5.099999904632568 0.5849909782409668
v 0.925000011920929 5.099999904632568 0.5849909782409668
v 0.925000011920929 4.599999904632568 0.7180219888687134
v 0.925000011920929 5.099999904632568 0.7180219888687134
v 0.5276439785957336 4.599999904632568 0.976302981376648
v 0.5276439785957336 5.099999904632568 0.976302981376648
v 0.5234879851341248 4.599999904632568 0.9436870217323303
v 0.5234879851341248 4.599999904632568 0.9436870217323303
v 0.5276439785957336 5.099999904632568 0.976302981376648
v 0.5234879851341248 5.099999904632568 0.9436870217323303
v 0.5234879851341248 4.599999904632568 0.9436870217323303
v 0.5234879851341248 5.099999904632568 0.9436870217323303
v 0.5265390276908875 4.599999904632568 0.9109479784965515
v 0.5265390276908875 4.599999904632568 0.9109479784965515
v 0.5234879851341248 5.099999904632568 0.9436870217323303
v 0.5265390276908875 5.099999904632568 0.9109479784965515
v 0.5265390276908875 4.599999904632568 0.9109479784965515
v 0.5265390276908875 5.099999904632568 0.9109479784965515
v 0.5366500020027161 4.599999904632568 0.8796610236167908
v 0.5366500020027161 4.599999904632568 0.8796610236167908
v 0.5265390276908875 5.099999904632568 0.9109479784965515
v 0.5366500020027161 5.099999904632568 0.8796610236167908
v 0.5366500020027161 4.599999904632568 0.8796610236167908
v 0.5366500020027161 5.099999904632568 0.8796610236167908
v 0.5533350110054016 4.599999904632568 0.8513280153274536
v 0.5533350110054016 4.599999904632568 0.8513280153274536
v 0.5366500020027161 5.099999904632568 0.8796610236167908
v 0.5533350110054016 5.099999904632568 0.8513280153274536
v 0.7647910118103027 5.099999904632568 0.8221570253372192
v 0.7647910118103027 4.599999904632568 0.8221570253372192
v 0.7358160018920898 5.099999904632568 0.8047249913215637
v 0.7358160018920898 5.099999904632568 0.8047249913215637
v 0.7647910118103027 4.599999904632568 0.8221570253372192
v 0.7358160018920898 4.599999904632568 0.8047249913215637
v 0.7358160018920898 5.099999904632568 0.8047249913215637
v 0.7358160018920898 4.599999904632568 0.8047249913215637
v 0.7036709785461426 5.099999904632568 0.7942249774932861
v 0.7036709785461426 5.099999904632568 0.7942249774932861
v 0.7358160018920898 4.599999904632568 0.8047249913215637
v 0.7036709785461426 4.599999904632568 0.7942249774932861
v 0.7036709785461426 5.099999904632568 0.7942249774932861
v 0.7036709785461426 4.599999904632568 0.7942249774932861
v 0.6699920296669006 5.099999904632568 0.7911930084228516
v 0.6699920296669006 5.099999904632568 0.7911930084228516
v 0.7036709785461426 4.599999904632568 0.7942249774932861
v 0.6699920296669006 4.599999904632568 0.7911930084228516
v 0.6699920296669006 5.099999904632568 0.7911930084228516
v 0.6699920296669006 4.599999904632568 0.7911930084228516
v 0.6364889740943909 5.099999904632568 0.7957820296287537
v 0.6364889740943909 5.099999904632568 0.7957820296287537
v 0.6699920296669006 4.599999904632568 0.7911930084228516
v 0.6364889740943909 4.599999904632568 0.7957820296287537
v 0.793599009513855 5.099999904632568 1.0309770107269287
v 0.793599009513855 4.599999904632568 1.0309770107269287
v 0.8102830052375793 5.099999904632568 1.0026439428329468
v 0.8102830052375793 5.099999904632568 1.0026439428329468
v 0.793599009513855 4.599999904632568 1.0309770107269287
v 0.8102830052375793 4.599999904632568 1.0026439428329468
v 0.8102830052375793 5.099999904632568 1.0026439428329468
v 0.8102830052375793 4.599999904632568 1.0026439428329468
v 0.820393979549408 5.099999904632568 0.971356987953186
v 0.820393979549408 5.099999904632568 0.971356987953186
v 0.8102830052375793 4.599999904632568 1.0026439428329468
v 0.820393979549408 4.599999904632568 0.971356987953186
v 0.820393979549408 5.099999904632568 0.971356987953186
v 0.820393979549408 4.599999904632568 0.971356987953186
v 0.8234459757804871 5.099999904632568 0.9386190176010132
v 0.8234459757804871 5.099999904632568 0.9386190176010132
v 0.820393979549408 4.599999904632568 0.971356987953186
v 0.8234459757804871 4.599999904632568 0.9386190176010132
v 0.8234459757804871 5.099999904632568 0.9386190176010132
v 0.8234459757804871 4.599999904632568 0.9386190176010132
v 0.8192899823188782 5.099999904632568 0.9060019850730896
v 0.8192899823188782 5.099999904632568 0.9060019850730896
v 0.8234459757804871 4.599999904632568 0.9386190176010132
v 0.8192899823188782 4.599999904632568 0.9060019850730896
v 0.1932860016822815 5.099999904632568 0.8954640030860901
v 0.1932860016822815 4.599999904632568 0.8954640030860901
v 0.225041002035141 5.099999904632568 0.9141330122947693
v 0.225041002035141 5.099999904632568 0.9141330122947693
v 0.1932860016822815 4.599999904632568 0.8954640030860901
v 0.225041002035141 4.599999904632568 0.9141330122947693
v 0.225041002035141 5.099999904632568 0.9141330122947693
v 0.225041002035141 4.599999904632568 0.9141330122947693
v 0.26038700342178345 5.099999904632568 0.9244999885559082
v 0.26038700342178345 5.099999904632568 0.9244999885559082
v 0.225041002035141 4.599999904632568 0.9141330122947693
v 0.26038700342178345 4.599999904632568 0.9244999885559082
v 0.26038700342178345 5.099999904632568 0.9244999885559082
v 0.26038700342178345 4.599999904632568 0.9244999885559082
v 0.2971949875354767 5.099999904632568 0.9259399771690369
v 0.2971949875354767 5.099999904632568 0.9259399771690369
v 0.26038700342178345 4.599999904632568 0.9244999885559082
v 0.2971949875354767 4.599999904632568 0.9259399771690369
v 0.2971949875354767 5.099999904632568 0.9259399771690369
v 0.2971949875354767 4.599999904632568 0.9259399771690369
v 0.3332430124282837 5.099999904632568 0.918366014957428
v 0.3332430124282837 5.099999904632568 0.918366014957428
v 0.2971949875354767 4.599999904632568 0.9259399771690369
v 0.3332430124282837 4.599999904632568 0.918366014957428
v 0.3332430124282837 5.099999904632568 0.918366014957428
v 0.3332430124282837 4.599999904632568 0.918366014957428
v 0.36635899543762207 5.099999904632568 0.9022349715232849
v 0.36635899543762207 5.099999904632568 0.9022349715232849
v 0.3332430124282837 4.599999904632568 0.918366014957428
v 0.36635899543762207 4.599999904632568 0.9022349715232849
v 0.36635899543762207 5.099999904632568 0.9022349715232849
v 0.36635899543762207 4.599999904632568 0.9022349715232849
v 0.3945449888706207 5.099999904632568 0.8785200119018555
v 0.3945449888706207 5.099999904632568 0.8785200119018555
v 0.36635899543762207 4.599999904632568 0.9022349715232849
v 0.3945449888706207 4.599999904632568 0.8785200119018555
v 0.3945449888706207 5.099999904632568 0.8785200119018555
v 0.3945449888706207 4.599999904632568 0.8785200119018555
v 0.41610199213027954 5.099999904632568 0.8486509919166565
v 0.41610199213027954 5.099999904632568 0.8486509919166565
v 0.3945449888706207 4.599999904632568 0.8785200119018555
v 0.41610199213027954 4.599999904632568 0.8486509919166565
v 0.41610199213027954 5.099999904632568 0.8486509919166565
v 0.41610199213027954 4.599999904632568 0.8486509919166565
v 0.4297280013561249 5.099999904632568 0.8144279718399048
v 0.4297280013561249 5.099999904632568 0.8144279718399048
v 0.41610199213027954 4.599999904632568 0.8486509919166565
v 0.4297280013561249 4.599999904632568 0.8144279718399048
v 0.4297280013561249 5.099999904632568 0.8144279718399048
v 0.4297280013561249 4.599999904632568 0.8144279718399048
v 0.4346039891242981 5.099999904632568 0.7779170274734497
v 0.4346039891242981 5.099999904632568 0.7779170274734497
v 0.4297280013561249 4.599999904632568 0.8144279718399048
v 0.4346039891242981 4.599999904632568 0.7779170274734497
v 0.4346039891242981 5.099999904632568 0.7779170274734497
v 0.4346039891242981 4.599999904632568 0.7779170274734497
v 0.430433988571167 5.099999904632568 0.7413179874420166
v 0.430433988571167 5.099999904632568 0.7413179874420166
v 0.4346039891242981 4.599999904632568 0.7779170274734497
v 0.430433988571167 4.599999904632568 0.7413179874420166
v 0.13878799974918365 4.599999904632568 0.8116199970245361
v 0.13878799974918365 5.099999904632568 0.8116199970245361
v 0.13461799919605255 4.599999904632568 0.7750210165977478
v 0.13461799919605255 4.599999904632568 0.7750210165977478
v 0.13878799974918365 5.099999904632568 0.8116199970245361
v 0.13461799919605255 5.099999904632568 0.7750210165977478
v 0.13461799919605255 4.599999904632568 0.7750210165977478
v 0.13461799919605255 5.099999904632568 0.7750210165977478
v 0.13949300348758698 4.599999904632568 0.7385089993476868
v 0.13949300348758698 4.599999904632568 0.7385089993476868
v 0.13461799919605255 5.099999904632568 0.7750210165977478
v 0.13949300348758698 5.099999904632568 0.7385089993476868
v 0.13949300348758698 4.599999904632568 0.7385089993476868
v 0.13949300348758698 5.099999904632568 0.7385089993476868
v 0.1531199961900711 4.599999904632568 0.7042869925498962
v 0.1531199961900711 4.599999904632568 0.7042869925498962
v 0.13949300348758698 5.099999904632568 0.7385089993476868
v 0.1531199961900711 5.099999904632568 0.7042869925498962
v 0.1531199961900711 4.599999904632568 0.7042869925498962
v 0.1531199961900711 5.099999904632568 0.7042869925498962
v 0.17467699944972992 4.599999904632568 0.6744179725646973
v 0.17467699944972992 4.599999904632568 0.6744179725646973
v 0.1531199961900711 5.099999904632568 0.7042869925498962
v 0.17467699944972992 5.099999904632568 0.6744179725646973
v 0.17467699944972992 4.599999904632568 0.6744179725646973
v 0.17467699944972992 5.099999904632568 0.6744179725646973
v 0.20286299288272858 4.599999904632568 0.6507019996643066
v 0.20286299288272858 4.599999904632568 0.6507019996643066
v 0.17467699944972992 5.099999904632568 0.6744179725646973
v 0.20286299288272858 5.099999904632568 0.6507019996643066
v 0.20286299288272858 4.599999904632568 0.6507019996643066
v 0.20286299288272858 5.099999904632568 0.6507019996643066
v 0.23597800731658936 4.599999904632568 0.6345710158348083
v 0.23597800731658936 4.599999904632568 0.6345710158348083
v 0.20286299288272858 5.099999904632568 0.6507019996643066
v 0.23597800731658936 5.099999904632568 0.6345710158348083
v 0.23597800731658936 4.599999904632568 0.6345710158348083
v 0.23597800731658936 5.099999904632568 0.6345710158348083
v 0.27202698588371277 4.599999904632568 0.6269980072975159
v 0.27202698588371277 4.599999904632568 0.6269980072975159
v 0.23597800731658936 5.099999904632568 0.6345710158348083
v 0.27202698588371277 5.099999904632568 0.6269980072975159
v 0.27202698588371277 4.599999904632568 0.6269980072975159
v 0.27202698588371277 5.099999904632568 0.6269980072975159
v 0.3088339865207672 4.599999904632568 0.6284379959106445
v 0.3088339865207672 4.599999904632568 0.6284379959106445
v 0.27202698588371277 5.099999904632568 0.6269980072975159
v 0.3088339865207672 5.099999904632568 0.6284379959106445
v 0.3088339865207672 4.599999904632568 0.6284379959106445
v 0.3088339865207672 5.099999904632568 0.6284379959106445
v 0.34418100118637085 4.599999904632568 0.6388049721717834
v 0.34418100118637085 4.599999904632568 0.6388049721717834
v 0.3088339865207672 5.099999904632568 0.6284379959106445
v 0.34418100118637085 5.099999904632568 0.6388049721717834
v 0.34418100118637085 4.599999904632568 0.6388049721717834
v 0.34418100118637085 5.099999904632568 0.6388049721717834
v 0.37593498826026917 4.599999904632568 0.6574739813804626
v 0.37593498826026917 4.599999904632568 0.6574739813804626
v 0.34418100118637085 5.099999904632568 0.6388049721717834
v 0.37593498826026917 5.099999904632568 0.6574739813804626
v 0.7647910118103027 5.099999904632568 0.40471699833869934
v 0.7647910118103027 4.599999904632568 0.40471699833869934
v 0.733036994934082 5.099999904632568 0.38604798913002014
v 0.733036994934082 5.099999904632568 0.38604798913002014
v 0.7647910118103027 4.599999904632568 0.40471699833869934
v 0.733036994934082 4.599999904632568 0.38604798913002014
v 0.733036994934082 5.099999904632568 0.38604798913002014
v 0.733036994934082 4.599999904632568 0.38604798913002014
v 0.6976900100708008 5.099999904632568 0.3756810128688812
v 0.6976900100708008 5.099999904632568 0.3756810128688812
v 0.733036994934082 4.599999904632568 0.38604798913002014
v 0.6976900100708008 4.599999904632568 0.3756810128688812
v 0.6976900100708008 5.099999904632568 0.3756810128688812
v 0.6976900100708008 4.599999904632568 0.3756810128688812
v 0.6608830094337463 5.099999904632568 0.3742409944534302
v 0.6608830094337463 5.099999904632568 0.3742409944534302
v 0.6976900100708008 4.599999904632568 0.3756810128688812
v 0.6608830094337463 4.599999904632568 0.3742409944534302
v 0.6608830094337463 5.099999904632568 0.3742409944534302
v 0.6608830094337463 4.599999904632568 0.3742409944534302
v 0.6248340010643005 5.099999904632568 0.38181498646736145
v 0.6248340010643005 5.099999904632568 0.38181498646736145
v 0.6608830094337463 4.599999904632568 0.3742409944534302
v 0.6248340010643005 4.599999904632568 0.38181498646736145
v 0.6248340010643005 5.099999904632568 0.38181498646736145
v 0.6248340010643005 4.599999904632568 0.38181498646736145
v 0.5917189717292786 5.099999904632568 0.39794600009918213
v 0.5917189717292786 5.099999904632568 0.39794600009918213
v 0.6248340010643005 4.599999904632568 0.38181498646736145
v 0.5917189717292786 4.599999904632568 0.39794600009918213
v 0.5917189717292786 5.099999904632568 0.39794600009918213
v 0.5917189717292786 4.599999904632568 0.39794600009918213
v 0.5635330080986023 5.099999904632568 0.42166098952293396
v 0.5635330080986023 5.099999904632568 0.42166098952293396
v 0.5917189717292786 4.599999904632568 0.39794600009918213
v 0.5635330080986023 4.599999904632568 0.42166098952293396
v 0.5635330080986023 5.099999904632568 0.42166098952293396
v 0.5635330080986023 4.599999904632568 0.42166098952293396
v 0.5419759750366211 5.099999904632568 0.45153099298477173
v 0.5419759750366211 5.099999904632568 0.45153099298477173
v 0.5635330080986023 4.599999904632568 0.42166098952293396
v 0.5419759750366211 4.599999904632568 0.45153099298477173
v 0.5419759750366211 5.099999904632568 0.45153099298477173
v 0.5419759750366211 4.599999904632568 0.45153099298477173
v 0.528348982334137 5.099999904632568 0.48575299978256226
v 0.528348982334137 5.099999904632568 0.48575299978256226
v 0.5419759750366211 4.599999904632568 0.45153099298477173
v 0.528348982334137 4.599999904632568 0.48575299978256226
v 0.528348982334137 5.099999904632568 0.48575299978256226
v 0.528348982334137 4.599999904632568 0.48575299978256226
v 0.5234739780426025 5.099999904632568 0.5222640037536621
v 0.5234739780426025 5.099999904632568 0.5222640037536621
v 0.528348982334137 4.599999904632568 0.48575299978256226
v 0.5234739780426025 4.599999904632568 0.5222640037536621
v 0.5234739780426025 5.099999904632568 0.5222640037536621
v 0.5234739780426025 4.599999904632568 0.5222640037536621
v 0.5276439785957336 5.099999904632568 0.5588629841804504
v 0.5276439785957336 5.099999904632568 0.5588629841804504
v 0.5234739780426025 4.599999904632568 0.5222640037536621
v 0.5276439785957336 4.599999904632568 0.5588629841804504
v 0.8192899823188782 4.599999904632568 0.4885619878768921
v 0.8192899823188782 5.099999904632568 0.4885619878768921
v 0.8234599828720093 4.599999904632568 0.5251610279083252
v 0.8234599828720093 4.599999904632568 0.5251610279083252
v 0.8192899823188782 5.099999904632568 0.4885619878768921
v 0.8234599828720093 5.099999904632568 0.5251610279083252
v 0.8234599828720093 4.599999904632568 0.5251610279083252
v 0.8234599828720093 5.099999904632568 0.5251610279083252
v 0.8185840249061584 4.599999904632568 0.5616719722747803
v 0.8185840249061584 4.599999904632568 0.5616719722747803
v 0.8234599828720093 5.099999904632568 0.5251610279083252
v 0.8185840249061584 5.099999904632568 0.5616719722747803
v 0.8185840249061584 4.599999904632568 0.5616719722747803
v 0.8185840249061584 5.099999904632568 0.5616719722747803
v 0.8049579858779907 4.599999904632568 0.5958939790725708
v 0.8049579858779907 4.599999904632568 0.5958939790725708
v 0.8185840249061584 5.099999904632568 0.5616719722747803
v 0.8049579858779907 5.099999904632568 0.5958939790725708
v 0.8049579858779907 4.599999904632568 0.5958939790725708
v 0.8049579858779907 5.099999904632568 0.5958939790725708
v 0.7834010124206543 4.599999904632568 0.625764012336731
v 0.7834010124206543 4.599999904632568 0.625764012336731
v 0.8049579858779907 5.099999904632568 0.5958939790725708
v 0.7834010124206543 5.099999904632568 0.625764012336731
v 0.7834010124206543 4.599999904632568 0.625764012336731
v 0.7834010124206543 5.099999904632568 0.625764012336731
v 0.7552149891853333 4.599999904632568 0.6494789719581604
v 0.7552149891853333 4.599999904632568 0.6494789719581604
v 0.7834010124206543 5.099999904632568 0.625764012336731
v 0.7552149891853333 5.099999904632568 0.6494789719581604
v 0.7552149891853333 4.599999904632568 0.6494789719581604
v 0.7552149891853333 5.099999904632568 0.6494789719581604
v 0.7220990061759949 4.599999904632568 0.6656100153923035
v 0.7220990061759949 4.599999904632568 0.6656100153923035
v 0.7552149891853333 5.099999904632568 0.6494789719581604
v 0.7220990061759949 5.099999904632568 0.6656100153923035
v 0.7220990061759949 4.599999904632568 0.6656100153923035
v 0.7220990061759949 5.099999904632568 0.6656100153923035
v 0.6860510110855103 4.599999904632568 0.6731839776039124
v 0.6860510110855103 4.599999904632568 0.6731839776039124
v 0.7220990061759949 5.099999904632568 0.6656100153923035
v 0.6860510110855103 5.099999904632568 0.6731839776039124
v 0.6860510110855103 4.599999904632568 0.6731839776039124
v 0.6860510110855103 5.099999904632568 0.6731839776039124
v 0.6492429971694946 4.599999904632568 0.6717439889907837
v 0.6492429971694946 4.599999904632568 0.6717439889907837
v 0.6860510110855103 5.099999904632568 0.6731839776039124
v 0.6492429971694946 5.099999904632568 0.6717439889907837
v 0.6492429971694946 4.599999904632568 0.6717439889907837
v 0.6492429971694946 5.099999904632568 0.6717439889907837
v 0.6138970255851746 4.599999904632568 0.6613770127296448
v 0.6138970255851746 4.599999904632568 0.6613770127296448
v 0.6492429971694946 5.099999904632568 0.6717439889907837
v 0.6138970255851746 5.099999904632568 0.6613770127296448
v 0.6138970255851746 4.599999904632568 0.6613770127296448
v 0.6138970255851746 5.099999904632568 0.6613770127296448
v 0.5821419954299927 4.599999904632568 0.6427080035209656
v 0.5821419954299927 4.599999904632568 0.6427080035209656
v 0.6138970255851746 5.099999904632568 0.6613770127296448
v 0.5821419954299927 5.099999904632568 0.6427080035209656
v 0.8495399951934814 4.599999904632568 0.4688990116119385
v 0.8234599828720093 4.599999904632568 0.5251610279083252
v 0.925000011920929 4.599999904632568 0.5849909782409668
v 0.925000011920929 4.599999904632568 0.5849909782409668
v 0.8234599828720093 4.599999904632568 0.5251610279083252
v 0.8185840249061584 4.599999904632568 0.5616719722747803
v 0.925000011920929 4.599999904632568 0.5849909782409668
v 0.8185840249061584 4.599999904632568 0.5616719722747803
v 0.8049579858779907 4.599999904632568 0.5958939790725708
v 0.8495399951934814 4.599999904632568 0.4688990116119385
v 0.8192899823188782 4.599999904632568 0.4885619878768921
v 0.8234599828720093 4.599999904632568 0.5251610279083252
v 0.925000011920929 4.599999904632568 0.5849909782409668
v 0.8049579858779907 4.599999904632568 0.5958939790725708
v 0.925000011920929 4.599999904632568 0.7180219888687134
v 0.925000011920929 4.599999904632568 0.7180219888687134
v 0.8049579858779907 4.599999904632568 0.5958939790725708
v 0.7834010124206543 4.599999904632568 0.625764012336731
v 0.925000011920929 4.599999904632568 0.7180219888687134
v 0.7834010124206543 4.599999904632568 0.625764012336731
v 0.7552149891853333 4.599999904632568 0.6494789719581604
v 0.7220990061759949 4.599999904632568 0.6656100153923035
v 0.7358160018920898 4.599999904632568 0.8047249913215637
v 0.7552149891853333 4.599999904632568 0.6494789719581604
v 0.7552149891853333 4.599999904632568 0.6494789719581604
v 0.7358160018920898 4.599999904632568 0.8047249913215637
v 0.7647910118103027 4.599999904632568 0.8221570253372192
v 0.7552149891853333 4.599999904632568 0.6494789719581604
v 0.7647910118103027 4.599999904632568 0.8221570253372192
v 0.925000011920929 4.599999904632568 0.7180219888687134
v 0.7358160018920898 4.599999904632568 0.8047249913215637
v 0.7220990061759949 4.599999904632568 0.6656100153923035
v 0.7036709785461426 4.599999904632568 0.7942249774932861
v 0.7036709785461426 4.599999904632568 0.7942249774932861
v 0.7220990061759949 4.599999904632568 0.6656100153923035
v 0.6860510110855103 4.599999904632568 0.6731839776039124
v 0.7036709785461426 4.599999904632568 0.7942249774932861
v 0.6860510110855103 4.599999904632568 0.6731839776039124
v 0.6699920296669006 4.599999904632568 0.7911930084228516
v 0.6699920296669006 4.599999904632568 0.7911930084228516
v 0.6860510110855103 4.599999904632568 0.6731839776039124
v 0.6492429971694946 4.599999904632568 0.6717439889907837
v 0.6699920296669006 4.599999904632568 0.7911930084228516
v 0.6492429971694946 4.599999904632568 0.6717439889907837
v 0.6364889740943909 4.599999904632568 0.7957820296287537
v 0.6364889740943909 4.599999904632568 0.7957820296287537
v 0.6492429971694946 4.599999904632568 0.6717439889907837
v 0.6138970255851746 4.599999904632568 0.6613770127296448
v 0.6364889740943909 4.599999904632568 0.7957820296287537
v 0.6138970255851746 4.599999904632568 0.6613770127296448
v 0.548740029335022 4.599999904632568 0.6644189953804016
v 0.548740029335022 4.599999904632568 0.6644189953804016
v 0.6138970255851746 4.599999904632568 0.6613770127296448
v 0.5821419954299927 4.599999904632568 0.6427080035209656
v 0.710444986820221 4.599999904632568 1.0865230560302734
v 0.676941990852356 4.599999904632568 1.0911120176315308
v 0.7528470158576965 4.599999904632568 1.149999976158142
v 0.7528470158576965 4.599999904632568 1.149999976158142
v 0.676941990852356 4.599999904632568 1.0911120176315308
v 0.6432620286941528 4.599999904632568 1.0880800485610962
v 0.7528470158576965 4.599999904632568 1.149999976158142
v 0.6432620286941528 4.599999904632568 1.0880800485610962
v 0.4439080059528351 4.599999904632568 1.149999976158142
v 0.4439080059528351 4.599999904632568 1.149999976158142
v 0.6432620286941528 4.599999904632568 1.0880800485610962
v 0.6111180186271667 4.599999904632568 1.0775810480117798
v 0.4439080059528351 4.599999904632568 1.149999976158142
v 0.6111180186271667 4.599999904632568 1.0775810480117798
v 0.5821419954299927 4.599999904632568 1.060148000717163
v 0.6383159756660461 4.599999904632568 -0.03955100104212761
v 0.6714029908180237 4.599999904632568 -0.04371299967169762
v 0.5791419744491577 4.599999904632568 -0.13058799505233765
v 0.5791419744491577 4.599999904632568 -0.13058799505233765
v 0.6714029908180237 4.599999904632568 -0.04371299967169762
v 0.7045930027961731 4.599999904632568 -0.040463000535964966
v 0.5791419744491577 4.599999904632568 -0.13058799505233765
v 0.7045930027961731 4.599999904632568 -0.040463000535964966
v 0.925000011920929 4.599999904632568 -0.35539600253105164
v 0.925000011920929 4.599999904632568 -0.35539600253105164
v 0.7045930027961731 4.599999904632568 -0.040463000535964966
v 0.925000011920929 4.599999904632568 -0.11685799807310104
v 0.925000011920929 4.599999904632568 -0.11685799807310104
v 0.7045930027961731 4.599999904632568 -0.040463000535964966
v 0.7362430095672607 4.599999904632568 -0.029959000647068024
v 0.925000011920929 4.599999904632568 -0.11685799807310104
v 0.7362430095672607 4.599999904632568 -0.029959000647068024
v 0.7647910118103027 4.599999904632568 -0.012722999788820744
v 0.7647910118103027 4.599999904632568 0.40471699833869934
v 0.795041024684906 4.599999904632568 0.3850550055503845
v 0.733036994934082 4.599999904632568 0.38604798913002014
v 0.733036994934082 4.599999904632568 0.38604798913002014
v 0.795041024684906 4.599999904632568 0.3850550055503845
v 0.7086179852485657 4.599999904632568 0.2520959973335266
v 0.733036994934082 4.599999904632568 0.38604798913002014
v 0.7086179852485657 4.599999904632568 0.2520959973335266
v 0.6976900100708008 4.599999904632568 0.3756810128688812
v 0.6976900100708008 4.599999904632568 0.3756810128688812
v 0.7086179852485657 4.599999904632568 0.2520959973335266
v 0.6755310297012329 4.599999904632568 0.2562580108642578
v 0.6976900100708008 4.599999904632568 0.3756810128688812
v 0.6755310297012329 4.599999904632568 0.2562580108642578
v 0.6608830094337463 4.599999904632568 0.3742409944534302
v 0.6608830094337463 4.599999904632568 0.3742409944534302
v 0.6755310297012329 4.599999904632568 0.2562580108642578
v 0.6423410177230835 4.599999904632568 0.2530069947242737
v 0.6608830094337463 4.599999904632568 0.3742409944534302
v 0.6423410177230835 4.599999904632568 0.2530069947242737
v 0.6248340010643005 4.599999904632568 0.38181498646736145
v 0.6248340010643005 4.599999904632568 0.38181498646736145
v 0.6423410177230835 4.599999904632568 0.2530069947242737
v 0.6106899976730347 4.599999904632568 0.24250400066375732
v 0.6248340010643005 4.599999904632568 0.38181498646736145
v 0.6106899976730347 4.599999904632568 0.24250400066375732
v 0.5917189717292786 4.599999904632568 0.39794600009918213
v 0.5917189717292786 4.599999904632568 0.39794600009918213
v 0.6106899976730347 4.599999904632568 0.24250400066375732
v 0.5821419954299927 4.599999904632568 0.22526800632476807
v 0.5917189717292786 4.599999904632568 0.39794600009918213
v 0.5821419954299927 4.599999904632568 0.22526800632476807
v 0.430433988571167 4.599999904632568 0.3238779902458191
v 0.430433988571167 4.599999904632568 0.3238779902458191
v 0.4345889985561371 4.599999904632568 0.3564949929714203
v 0.5917189717292786 4.599999904632568 0.39794600009918213
v 0.5917189717292786 4.599999904632568 0.39794600009918213
v 0.4345889985561371 4.599999904632568 0.3564949929714203
v 0.5635330080986023 4.599999904632568 0.42166098952293396
v 0.5635330080986023 4.599999904632568 0.42166098952293396
v 0.4345889985561371 4.599999904632568 0.3564949929714203
v 0.4315379858016968 4.599999904632568 0.3892329931259155
v 0.5635330080986023 4.599999904632568 0.42166098952293396
v 0.4315379858016968 4.599999904632568 0.3892329931259155
v 0.5419759750366211 4.599999904632568 0.45153099298477173
v 0.5419759750366211 4.599999904632568 0.45153099298477173
v 0.4315379858016968 4.599999904632568 0.3892329931259155
v 0.42142701148986816 4.599999904632568 0.42052099108695984
v 0.5419759750366211 4.599999904632568 0.45153099298477173
v 0.42142701148986816 4.599999904632568 0.42052099108695984
v 0.528348982334137 4.599999904632568 0.48575299978256226
v 0.528348982334137 4.599999904632568 0.48575299978256226
v 0.42142701148986816 4.599999904632568 0.42052099108695984
v 0.4047420024871826 4.599999904632568 0.4488529860973358
v 0.528348982334137 4.599999904632568 0.48575299978256226
v 0.4047420024871826 4.599999904632568 0.4488529860973358
v 0.5234739780426025 4.599999904632568 0.5222640037536621
v 0.5234739780426025 4.599999904632568 0.5222640037536621
v 0.4047420024871826 4.599999904632568 0.4488529860973358
v 0.4931890070438385 4.599999904632568 0.58125901222229
v 0.5234739780426025 4.599999904632568 0.5222640037536621
v 0.4931890070438385 4.599999904632568 0.58125901222229
v 0.5276439785957336 4.599999904632568 0.5588629841804504
v 0.925000011920929 4.599999904632568 0.30058199167251587
v 0.8202019929885864 4.599999904632568 0.13739800453186035
v 0.8788859844207764 4.599999904632568 0.3305560052394867
v 0.8788859844207764 4.599999904632568 0.3305560052394867
v 0.8202019929885864 4.599999904632568 0.13739800453186035
v 0.8096989989280701 4.599999904632568 0.1690489947795868
v 0.8788859844207764 4.599999904632568 0.3305560052394867
v 0.8096989989280701 4.599999904632568 0.1690489947795868
v 0.7924619913101196 4.599999904632568 0.19759699702262878
v 0.8202019929885864 4.599999904632568 0.13739800453186035
v 0.925000011920929 4.599999904632568 0.30058199167251587
v 0.8234530091285706 4.599999904632568 0.10420899838209152
v 0.8234530091285706 4.599999904632568 0.10420899838209152
v 0.925000011920929 4.599999904632568 0.30058199167251587
v 0.925000011920929 4.599999904632568 0.002409999957308173
v 0.8234530091285706 4.599999904632568 0.10420899838209152
v 0.925000011920929 4.599999904632568 0.002409999957308173
v 0.8192899823188782 4.599999904632568 0.07112199813127518
v 0.793599009513855 4.599999904632568 1.0309770107269287
v 0.873104989528656 4.599999904632568 1.149999976158142
v 0.8102830052375793 4.599999904632568 1.0026439428329468
v 0.8102830052375793 4.599999904632568 1.0026439428329468
v 0.873104989528656 4.599999904632568 1.149999976158142
v 0.820393979549408 4.599999904632568 0.971356987953186
v 0.820393979549408 4.599999904632568 0.971356987953186
v 0.873104989528656 4.599999904632568 1.149999976158142
v 0.8234459757804871 4.599999904632568 0.9386190176010132
v 0.8234459757804871 4.599999904632568 0.9386190176010132
v 0.873104989528656 4.599999904632568 1.149999976158142
v 0.925000011920929 4.599999904632568 0.8372899889945984
v 0.8234459757804871 4.599999904632568 0.9386190176010132
v 0.925000011920929 4.599999904632568 0.8372899889945984
v 0.8192899823188782 4.599999904632568 0.9060019850730896
v 0.873104989528656 4.599999904632568 1.149999976158142
v 0.925000011920929 4.599999904632568 1.149999976158142
v 0.925000011920929 4.599999904632568 0.8372899889945984
v 0.24763299524784088 4.599999904632568 0.21365800499916077
v 0.28113600611686707 4.599999904632568 0.20906899869441986
v 0.18765899538993835 4.599999904632568 0.12387599796056747
v 0.18765899538993835 4.599999904632568 0.12387599796056747
v 0.28113600611686707 4.599999904632568 0.20906899869441986
v 0.3148150146007538 4.599999904632568 0.21210099756717682
v 0.18765899538993835 4.599999904632568 0.12387599796056747
v 0.3148150146007538 4.599999904632568 0.21210099756717682
v 0.5267320275306702 4.599999904632568 0.07514700293540955
v 0.5267320275306702 4.599999904632568 0.07514700293540955
v 0.3148150146007538 4.599999904632568 0.21210099756717682
v 0.523481011390686 4.599999904632568 0.10833600163459778
v 0.523481011390686 4.599999904632568 0.10833600163459778
v 0.3148150146007538 4.599999904632568 0.21210099756717682
v 0.34696000814437866 4.599999904632568 0.2226009964942932
v 0.523481011390686 4.599999904632568 0.10833600163459778
v 0.34696000814437866 4.599999904632568 0.2226009964942932
v 0.5276439785957336 4.599999904632568 0.14142300188541412
v 0.5276439785957336 4.599999904632568 0.14142300188541412
v 0.34696000814437866 4.599999904632568 0.2226009964942932
v 0.37593498826026917 4.599999904632568 0.24003399908542633
v 0.18765899538993835 4.599999904632568 0.12387599796056747
v 0.5267320275306702 4.599999904632568 0.07514700293540955
v 0.49529799818992615 4.599999904632568 -0.07608900219202042
v 0.49529799818992615 4.599999904632568 -0.07608900219202042
v 0.5267320275306702 4.599999904632568 0.07514700293540955
v 0.5372350215911865 4.599999904632568 0.04349600151181221
v 0.49529799818992615 4.599999904632568 -0.07608900219202042
v 0.5372350215911865 4.599999904632568 0.04349600151181221
v 0.554472029209137 4.599999904632568 0.014948000200092793
v 0.16447900235652924 4.599999904632568 0.2692050039768219
v 0.10380800068378448 4.599999904632568 0.17837899923324585
v 0.1477939933538437 4.599999904632568 0.2975369989871979
v 0.1477939933538437 4.599999904632568 0.2975369989871979
v 0.10380800068378448 4.599999904632568 0.17837899923324585
v 0.13768300414085388 4.599999904632568 0.3288240134716034
v 0.13768300414085388 4.599999904632568 0.3288240134716034
v 0.10380800068378448 4.599999904632568 0.17837899923324585
v 0.07500000298023224 4.599999904632568 0.19710400700569153
v 0.13768300414085388 4.599999904632568 0.3288240134716034
v 0.07500000298023224 4.599999904632568 0.19710400700569153
v 0.13463200628757477 4.599999904632568 0.3615629971027374
v 0.13463200628757477 4.599999904632568 0.3615629971027374
v 0.07500000298023224 4.599999904632568 0.19710400700569153
v 0.07500000298023224 4.599999904632568 0.4356420040130615
v 0.13463200628757477 4.599999904632568 0.3615629971027374
v 0.07500000298023224 4.599999904632568 0.4356420040130615
v 0.13878799974918365 4.599999904632568 0.3941799998283386
v 0.1932860016822815 4.599999904632568 0.8954640030860901
v 0.07500000298023224 4.599999904632568 0.972350001335144
v 0.225041002035141 4.599999904632568 0.9141330122947693
v 0.225041002035141 4.599999904632568 0.9141330122947693
v 0.07500000298023224 4.599999904632568 0.972350001335144
v 0.26041799783706665 4.599999904632568 1.149999976158142
v 0.225041002035141 4.599999904632568 0.9141330122947693
v 0.26041799783706665 4.599999904632568 1.149999976158142
v 0.26038700342178345 4.599999904632568 0.9244999885559082
v 0.26038700342178345 4.599999904632568 0.9244999885559082
v 0.26041799783706665 4.599999904632568 1.149999976158142
v 0.2971949875354767 4.599999904632568 0.9259399771690369
v 0.2971949875354767 4.599999904632568 0.9259399771690369
v 0.26041799783706665 4.599999904632568 1.149999976158142
v 0.3332430124282837 4.599999904632568 0.918366014957428
v 0.3332430124282837 4.599999904632568 0.918366014957428
v 0.26041799783706665 4.599999904632568 1.149999976158142
v 0.5276439785957336 4.599999904632568 0.976302981376648
v 0.3332430124282837 4.599999904632568 0.918366014957428
v 0.5276439785957336 4.599999904632568 0.976302981376648
v 0.36635899543762207 4.599999904632568 0.9022349715232849
v 0.36635899543762207 4.599999904632568 0.9022349715232849
v 0.5276439785957336 4.599999904632568 0.976302981376648
v 0.5234879851341248 4.599999904632568 0.9436870217323303
v 0.36635899543762207 4.599999904632568 0.9022349715232849
v 0.5234879851341248 4.599999904632568 0.9436870217323303
v 0.3945449888706207 4.599999904632568 0.8785200119018555
v 0.3945449888706207 4.599999904632568 0.8785200119018555
v 0.5234879851341248 4.599999904632568 0.9436870217323303
v 0.5265390276908875 4.599999904632568 0.9109479784965515
v 0.3945449888706207 4.599999904632568 0.8785200119018555
v 0.5265390276908875 4.599999904632568 0.9109479784965515
v 0.41610199213027954 4.599999904632568 0.8486509919166565
v 0.41610199213027954 4.599999904632568 0.8486509919166565
v 0.5265390276908875 4.599999904632568 0.9109479784965515
v 0.5366500020027161 4.599999904632568 0.8796610236167908
v 0.41610199213027954 4.599999904632568 0.8486509919166565
v 0.5366500020027161 4.599999904632568 0.8796610236167908
v 0.4297280013561249 4.599999904632568 0.8144279718399048
v 0.4297280013561249 4.599999904632568 0.8144279718399048
v 0.5366500020027161 4.599999904632568 0.8796610236167908
v 0.5533350110054016 4.599999904632568 0.8513280153274536
v 0.4297280013561249 4.599999904632568 0.8144279718399048
v 0.5533350110054016 4.599999904632568 0.8513280153274536
v 0.4346039891242981 4.599999904632568 0.7779170274734497
v 0.4346039891242981 4.599999904632568 0.7779170274734497
v 0.5533350110054016 4.599999904632568 0.8513280153274536
v 0.4648889899253845 4.599999904632568 0.7189229726791382
v 0.4346039891242981 4.599999904632568 0.7779170274734497
v 0.4648889899253845 4.599999904632568 0.7189229726791382
v 0.430433988571167 4.599999904632568 0.7413179874420166
v 0.07500000298023224 4.599999904632568 0.972350001335144
v 0.07500000298023224 4.599999904632568 1.149999976158142
v 0.26041799783706665 4.599999904632568 1.149999976158142
v 0.13878799974918365 4.599999904632568 0.8116199970245361
v 0.13461799919605255 4.599999904632568 0.7750210165977478
v 0.07500000298023224 4.599999904632568 0.853082001209259
v 0.07500000298023224 4.599999904632568 0.853082001209259
v 0.13461799919605255 4.599999904632568 0.7750210165977478
v 0.13949300348758698 4.599999904632568 0.7385089993476868
v 0.07500000298023224 4.599999904632568 0.853082001209259
v 0.13949300348758698 4.599999904632568 0.7385089993476868
v 0.07500000298023224 4.599999904632568 0.5549100041389465
v 0.07500000298023224 4.599999904632568 0.5549100041389465
v 0.13949300348758698 4.599999904632568 0.7385089993476868
v 0.1531199961900711 4.599999904632568 0.7042869925498962
v 0.07500000298023224 4.599999904632568 0.5549100041389465
v 0.1531199961900711 4.599999904632568 0.7042869925498962
v 0.17467699944972992 4.599999904632568 0.6744179725646973
v 0.17467699944972992 4.599999904632568 0.6744179725646973
v 0.20286299288272858 4.599999904632568 0.6507019996643066
v 0.07500000298023224 4.599999904632568 0.5549100041389465
v 0.07500000298023224 4.599999904632568 0.5549100041389465
v 0.20286299288272858 4.599999904632568 0.6507019996643066
v 0.1932860016822815 4.599999904632568 0.4780240058898926
v 0.1932860016822815 4.599999904632568 0.4780240058898926
v 0.20286299288272858 4.599999904632568 0.6507019996643066
v 0.22226199507713318 4.599999904632568 0.4954569935798645
v 0.22226199507713318 4.599999904632568 0.4954569935798645
v 0.20286299288272858 4.599999904632568 0.6507019996643066
v 0.23597800731658936 4.599999904632568 0.6345710158348083
v 0.22226199507713318 4.599999904632568 0.4954569935798645
v 0.23597800731658936 4.599999904632568 0.6345710158348083
v 0.25440600514411926 4.599999904632568 0.5059559941291809
v 0.25440600514411926 4.599999904632568 0.5059559941291809
v 0.23597800731658936 4.599999904632568 0.6345710158348083
v 0.27202698588371277 4.599999904632568 0.6269980072975159
v 0.25440600514411926 4.599999904632568 0.5059559941291809
v 0.27202698588371277 4.599999904632568 0.6269980072975159
v 0.2880859971046448 4.599999904632568 0.5089889764785767
v 0.2880859971046448 4.599999904632568 0.5089889764785767
v 0.27202698588371277 4.599999904632568 0.6269980072975159
v 0.3088339865207672 4.599999904632568 0.6284379959106445
v 0.2880859971046448 4.599999904632568 0.5089889764785767
v 0.3088339865207672 4.599999904632568 0.6284379959106445
v 0.32158800959587097 4.599999904632568 0.5044000148773193
v 0.32158800959587097 4.599999904632568 0.5044000148773193
v 0.3088339865207672 4.599999904632568 0.6284379959106445
v 0.34418100118637085 4.599999904632568 0.6388049721717834
v 0.32158800959587097 4.599999904632568 0.5044000148773193
v 0.34418100118637085 4.599999904632568 0.6388049721717834
v 0.40933799743652344 4.599999904632568 0.6357619762420654
v 0.40933799743652344 4.599999904632568 0.6357619762420654
v 0.34418100118637085 4.599999904632568 0.6388049721717834
v 0.37593498826026917 4.599999904632568 0.6574739813804626
v 0.430433988571167 4.599999904632568 0.3238779902458191
v 0.430433988571167 5.099999904632568 0.3238779902458191
v 0.4345889985561371 4.599999904632568 0.3564949929714203
v 0.4345889985561371 4.599999904632568 0.3564949929714203
v 0.430433988571167 5.099999904632568 0.3238779902458191
v 0.4345889985561371 5.099999904632568 0.3564949929714203
v 0.4345889985561371 4.599999904632568 0.3564949929714203
v 0.4345889985561371 5.099999904632568 0.3564949929714203
v 0.4315379858016968 4.599999904632568 0.3892329931259155
v 0.4315379858016968 4.599999904632568 0.3892329931259155
v 0.4345889985561371 5.099999904632568 0.3564949929714203
v 0.4315379858016968 5.099999904632568 0.3892329931259155
v 0.4315379858016968 4.599999904632568 0.3892329931259155
v 0.4315379858016968 5.099999904632568 0.3892329931259155
v 0.42142701148986816 4.599999904632568 0.42052099108695984
v 0.42142701148986816 4.599999904632568 0.42052099108695984
v 0.4315379858016968 5.099999904632568 0.3892329931259155
v 0.42142701148986816 5.099999904632568 0.42052099108695984
v 0.42142701148986816 4.599999904632568 0.42052099108695984
v 0.42142701148986816 5.099999904632568 0.42052099108695984
v 0.4047420024871826 4.599999904632568 0.4488529860973358
v 0.4047420024871826 4.599999904632568 0.4488529860973358
v 0.42142701148986816 5.099999904632568 0.42052099108695984
v 0.4047420024871826 5.099999904632568 0.4488529860973358
v 0.1932860016822815 5.099999904632568 0.4780240058898926
v 0.1932860016822815 4.599999904632568 0.4780240058898926
v 0.22226199507713318 5.099999904632568 0.4954569935798645
v 0.22226199507713318 5.099999904632568 0.4954569935798645
v 0.1932860016822815 4.599999904632568 0.4780240058898926
v 0.22226199507713318 4.599999904632568 0.4954569935798645
v 0.22226199507713318 5.099999904632568 0.4954569935798645
v 0.22226199507713318 4.599999904632568 0.4954569935798645
v 0.25440600514411926 5.099999904632568 0.5059559941291809
v 0.25440600514411926 5.099999904632568 0.5059559941291809
v 0.22226199507713318 4.599999904632568 0.4954569935798645
v 0.25440600514411926 4.599999904632568 0.5059559941291809
v 0.25440600514411926 5.099999904632568 0.5059559941291809
v 0.25440600514411926 4.599999904632568 0.5059559941291809
v 0.2880859971046448 5.099999904632568 0.5089889764785767
v 0.2880859971046448 5.099999904632568 0.5089889764785767
v 0.25440600514411926 4.599999904632568 0.5059559941291809
v 0.2880859971046448 4.599999904632568 0.5089889764785767
v 0.2880859971046448 5.099999904632568 0.5089889764785767
v 0.2880859971046448 4.599999904632568 0.5089889764785767
v 0.32158800959587097 5.099999904632568 0.5044000148773193
v 0.32158800959587097 5.099999904632568 0.5044000148773193
v 0.2880859971046448 4.599999904632568 0.5089889764785767
v 0.32158800959587097 4.599999904632568 0.5044000148773193
v 0.24763299524784088 4.599999904632568 0.21365800499916077
v 0.24763299524784088 5.099999904632568 0.21365800499916077
v 0.28113600611686707 4.599999904632568 0.20906899869441986
v 0.28113600611686707 4.599999904632568 0.20906899869441986
v 0.24763299524784088 5.099999904632568 0.21365800499916077
v 0.28113600611686707 5.099999904632568 0.20906899869441986
v 0.28113600611686707 4.599999904632568 0.20906899869441986
v 0.28113600611686707 5.099999904632568 0.20906899869441986
v 0.3148150146007538 4.599999904632568 0.21210099756717682
v 0.3148150146007538 4.599999904632568 0.21210099756717682
v 0.28113600611686707 5.099999904632568 0.20906899869441986
v 0.3148150146007538 5.099999904632568 0.21210099756717682
v 0.3148150146007538 4.599999904632568 0.21210099756717682
v 0.3148150146007538 5.099999904632568 0.21210099756717682
v 0.34696000814437866 4.599999904632568 0.2226009964942932
v 0.34696000814437866 4.599999904632568 0.2226009964942932
v 0.3148150146007538 5.099999904632568 0.21210099756717682
v 0.34696000814437866 5.099999904632568 0.2226009964942932
v 0.34696000814437866 4.599999904632568 0.2226009964942932
v 0.34696000814437866 5.099999904632568 0.2226009964942932
v 0.37593498826026917 4.599999904632568 0.24003399908542633
v 0.37593498826026917 4.599999904632568 0.24003399908542633
v 0.34696000814437866 5.099999904632568 0.2226009964942932
v 0.37593498826026917 5.099999904632568 0.24003399908542633
v 0.16447900235652924 5.099999904632568 0.2692050039768219
v 0.16447900235652924 4.599999904632568 0.2692050039768219
v 0.1477939933538437 5.099999904632568 0.2975369989871979
v 0.1477939933538437 5.099999904632568 0.2975369989871979
v 0.16447900235652924 4.599999904632568 0.2692050039768219
v 0.1477939933538437 4.599999904632568 0.2975369989871979
v 0.1477939933538437 5.099999904632568 0.2975369989871979
v 0.1477939933538437 4.599999904632568 0.2975369989871979
v 0.13768300414085388 5.099999904632568 0.3288240134716034
v 0.13768300414085388 5.099999904632568 0.3288240134716034
v 0.1477939933538437 4.599999904632568 0.2975369989871979
v 0.13768300414085388 4.599999904632568 0.3288240134716034
v 0.13768300414085388 5.099999904632568 0.3288240134716034
v 0.13768300414085388 4.599999904632568 0.3288240134716034
v 0.13463200628757477 5.099999904632568 0.3615629971027374
v 0.13463200628757477 5.099999904632568 0.3615629971027374
v 0.13768300414085388 4.599999904632568 0.3288240134716034
v 0.13463200628757477 4.599999904632568 0.3615629971027374
v 0.13463200628757477 5.099999904632568 0.3615629971027374
v 0.13463200628757477 4.599999904632568 0.3615629971027374
v 0.13878799974918365 5.099999904632568 0.3941799998283386
v 0.13878799974918365 5.099999904632568 0.3941799998283386
v 0.13463200628757477 4.599999904632568 0.3615629971027374
v 0.13878799974918365 4.599999904632568 0.3941799998283386
v 0.710444986820221 4.599999904632568 1.0865230560302734
v 0.710444986820221 5.099999904632568 1.0865230560302734
v 0.676941990852356 4.599999904632568 1.0911120176315308
v 0.676941990852356 4.599999904632568 1.0911120176315308
v 0.710444986820221 5.099999904632568 1.0865230560302734
v 0.676941990852356 5.099999904632568 1.0911120176315308
v 0.676941990852356 4.599999904632568 1.0911120176315308
v 0.676941990852356 5.099999904632568 1.0911120176315308
v 0.6432620286941528 4.599999904632568 1.0880800485610962
v 0.6432620286941528 4.599999904632568 1.0880800485610962
v 0.676941990852356 5.099999904632568 1.0911120176315308
v 0.6432620286941528 5.099999904632568 1.0880800485610962
v 0.6432620286941528 4.599999904632568 1.0880800485610962
v 0.6432620286941528 5.099999904632568 1.0880800485610962
v 0.6111180186271667 4.599999904632568 1.0775810480117798
v 0.6111180186271667 4.599999904632568 1.0775810480117798
v 0.6432620286941528 5.099999904632568 1.0880800485610962
v 0.6111180186271667 5.099999904632568 1.0775810480117798
v 0.6111180186271667 4.599999904632568 1.0775810480117798
v 0.6111180186271667 5.099999904632568 1.0775810480117798
v 0.5821419954299927 4.599999904632568 1.060148000717163
v 0.5821419954299927 4.599999904632568 1.060148000717163
v 0.6111180186271667 5.099999904632568 1.0775810480117798
v 0.5821419954299927 5.099999904632568 1.060148000717163
v 0.6251710057258606 4.28000020980835 0.0933310016989708
v 0.6251710057258606 4.553332805633545 0.0933310016989708
v 0.6234670281410217 4.28000020980835 0.10627199709415436
v 0.6234670281410217 4.28000020980835 0.10627199709415436
v 0.6251710057258606 4.553332805633545 0.0933310016989708
v 0.6234670281410217 4.553332805633545 0.10627199709415436
v 0.6234670281410217 4.28000020980835 0.10627199709415436
v 0.6234670281410217 4.553332805633545 0.10627199709415436
v 0.6251710057258606 4.28000020980835 0.11921299993991852
v 0.6251710057258606 4.28000020980835 0.11921299993991852
v 0.6234670281410217 4.553332805633545 0.10627199709415436
v 0.6251710057258606 4.553332805633545 0.11921299993991852
v 0.6251710057258606 4.28000020980835 0.11921299993991852
v 0.6251710057258606 4.553332805633545 0.11921299993991852
v 0.6301659941673279 4.28000020980835 0.13127200305461884
v 0.6301659941673279 4.28000020980835 0.13127200305461884
v 0.6251710057258606 4.553332805633545 0.11921299993991852
v 0.6301659941673279 4.553332805633545 0.13127200305461884
v 0.6301659941673279 4.28000020980835 0.13127200305461884
v 0.6301659941673279 4.553332805633545 0.13127200305461884
v 0.6381120085716248 4.28000020980835 0.14162799715995789
v 0.6381120085716248 4.28000020980835 0.14162799715995789
v 0.6301659941673279 4.553332805633545 0.13127200305461884
v 0.6381120085716248 4.553332805633545 0.14162799715995789
v 0.6381120085716248 4.28000020980835 0.14162799715995789
v 0.6381120085716248 4.553332805633545 0.14162799715995789
v 0.6484670042991638 4.28000020980835 0.14957399666309357
v 0.6484670042991638 4.28000020980835 0.14957399666309357
v 0.6381120085716248 4.553332805633545 0.14162799715995789
v 0.6484670042991638 4.553332805633545 0.14957399666309357
v 0.6484670042991638 4.28000020980835 0.14957399666309357
v 0.6484670042991638 4.553332805633545 0.14957399666309357
v 0.6605259776115417 4.28000020980835 0.15456900000572205
v 0.6605259776115417 4.28000020980835 0.15456900000572205
v 0.6484670042991638 4.553332805633545 0.14957399666309357
v 0.6605259776115417 4.553332805633545 0.15456900000572205
v 0.6605259776115417 4.28000020980835 0.15456900000572205
v 0.6605259776115417 4.553332805633545 0.15456900000572205
v 0.6734669804573059 4.28000020980835 0.15627199411392212
v 0.6734669804573059 4.28000020980835 0.15627199411392212
v 0.6605259776115417 4.553332805633545 0.15456900000572205
v 0.6734669804573059 4.553332805633545 0.15627199411392212
v 0.6734669804573059 4.28000020980835 0.15627199411392212
v 0.6734669804573059 4.553332805633545 0.15627199411392212
v 0.6864079833030701 4.28000020980835 0.15456900000572205
v 0.6864079833030701 4.28000020980835 0.15456900000572205
v 0.6734669804573059 4.553332805633545 0.15627199411392212
v 0.6864079833030701 4.553332805633545 0.15456900000572205
v 0.6864079833030701 4.28000020980835 0.15456900000572205
v 0.6864079833030701 4.553332805633545 0.15456900000572205
v 0.6984670162200928 4.28000020980835 0.14957399666309357
v 0.6984670162200928 4.28000020980835 0.14957399666309357
v 0.6864079833030701 4.553332805633545 0.15456900000572205
v 0.6984670162200928 4.553332805633545 0.14957399666309357
v 0.6984670162200928 4.28000020980835 0.14957399666309357
v 0.6984670162200928 4.553332805633545 0.14957399666309357
v 0.7088220119476318 4.28000020980835 0.14162799715995789
v 0.7088220119476318 4.28000020980835 0.14162799715995789
v 0.6984670162200928 4.553332805633545 0.14957399666309357
v 0.7088220119476318 4.553332805633545 0.14162799715995789
v 0.7088220119476318 4.28000020980835 0.14162799715995789
v 0.7088220119476318 4.553332805633545 0.14162799715995789
v 0.7167680263519287 4.28000020980835 0.13127200305461884
v 0.7167680263519287 4.28000020980835 0.13127200305461884
v 0.7088220119476318 4.553332805633545 0.14162799715995789
v 0.7167680263519287 4.553332805633545 0.13127200305461884
v 0.7167680263519287 4.28000020980835 0.13127200305461884
v 0.7167680263519287 4.553332805633545 0.13127200305461884
v 0.721763014793396 4.28000020980835 0.11921299993991852
v 0.721763014793396 4.28000020980835 0.11921299993991852
v 0.7167680263519287 4.553332805633545 0.13127200305461884
v 0.721763014793396 4.553332805633545 0.11921299993991852
v 0.721763014793396 4.28000020980835 0.11921299993991852
v 0.721763014793396 4.553332805633545 0.11921299993991852
v 0.7234669923782349 4.28000020980835 0.10627199709415436
v 0.7234669923782349 4.28000020980835 0.10627199709415436
v 0.721763014793396 4.553332805633545 0.11921299993991852
v 0.7234669923782349 4.553332805633545 0.10627199709415436
v 0.7234669923782349 4.28000020980835 0.10627199709415436
v 0.7234669923782349 4.553332805633545 0.10627199709415436
v 0.721763014793396 4.28000020980835 0.0933310016989708
v 0.721763014793396 4.28000020980835 0.0933310016989708
v 0.7234669923782349 4.553332805633545 0.10627199709415436
v 0.721763014793396 4.553332805633545 0.0933310016989708
v 0.721763014793396 4.28000020980835 0.0933310016989708
v 0.721763014793396 4.553332805633545 0.0933310016989708
v 0.7167680263519287 4.28000020980835 0.08127199858427048
v 0.7167680263519287 4.28000020980835 0.08127199858427048
v 0.721763014793396 4.553332805633545 0.0933310016989708
v 0.7167680263519287 4.553332805633545 0.08127199858427048
v 0.7167680263519287 4.28000020980835 0.08127199858427048
v 0.7167680263519287 4.553332805633545 0.08127199858427048
v 0.7088220119476318 4.28000020980835 0.07091700285673141
v 0.7088220119476318 4.28000020980835 0.07091700285673141
v 0.7167680263519287 4.553332805633545 0.08127199858427048
v 0.7088220119476318 4.553332805633545 0.07091700285673141
v 0.7088220119476318 4.28000020980835 0.07091700285673141
v 0.7088220119476318 4.553332805633545 0.07091700285673141
v 0.6984670162200928 4.28000020980835 0.06297100335359573
v 0.6984670162200928 4.28000020980835 0.06297100335359573
v 0.7088220119476318 4.553332805633545 0.07091700285673141
v 0.6984670162200928 4.553332805633545 0.06297100335359573
v 0.6984670162200928 4.28000020980835 0.06297100335359573
v 0.6984670162200928 4.553332805633545 0.06297100335359573
v 0.6864079833030701 4.28000020980835 0.057976000010967255
v 0.6864079833030701 4.28000020980835 0.057976000010967255
v 0.6984670162200928 4.553332805633545 0.06297100335359573
v 0.6864079833030701 4.553332805633545 0.057976000010967255
v 0.6864079833030701 4.28000020980835 0.057976000010967255
v 0.6864079833030701 4.553332805633545 0.057976000010967255
v 0.6734669804573059 4.28000020980835 0.0562720000743866
v 0.6734669804573059 4.28000020980835 0.0562720000743866
v 0.6864079833030701 4.553332805633545 0.057976000010967255
v 0.6734669804573059 4.553332805633545 0.0562720000743866
v 0.6734669804573059 4.28000020980835 0.0562720000743866
v 0.6734669804573059 4.553332805633545 0.0562720000743866
v 0.6605259776115417 4.28000020980835 0.057976000010967255
v 0.6605259776115417 4.28000020980835 0.057976000010967255
v 0.6734669804573059 4.553332805633545 0.0562720000743866
v 0.6605259776115417 4.553332805633545 0.057976000010967255
v 0.6605259776115417 4.28000020980835 0.057976000010967255
v 0.6605259776115417 4.553332805633545 0.057976000010967255
v 0.6484670042991638 4.28000020980835 0.06297100335359573
v 0.6484670042991638 4.28000020980835 0.06297100335359573
v 0.6605259776115417 4.553332805633545 0.057976000010967255
v 0.6484670042991638 4.553332805633545 0.06297100335359573
v 0.6484670042991638 4.28000020980835 0.06297100335359573
v 0.6484670042991638 4.553332805633545 0.06297100335359573
v 0.6381120085716248 4.28000020980835 0.07091700285673141
v 0.6381120085716248 4.28000020980835 0.07091700285673141
v 0.6484670042991638 4.553332805633545 0.06297100335359573
v 0.6381120085716248 4.553332805633545 0.07091700285673141
v 0.6381120085716248 4.28000020980835 0.07091700285673141
v 0.6381120085716248 4.553332805633545 0.07091700285673141
v 0.6301659941673279 4.28000020980835 0.08127199858427048
v 0.6301659941673279 4.28000020980835 0.08127199858427048
v 0.6381120085716248 4.553332805633545 0.07091700285673141
v 0.6301659941673279 4.553332805633545 0.08127199858427048
v 0.6301659941673279 4.28000020980835 0.08127199858427048
v 0.6301659941673279 4.553332805633545 0.08127199858427048
v 0.6251710057258606 4.28000020980835 0.0933310016989708
v 0.6251710057258606 4.28000020980835 0.0933310016989708
v 0.6301659941673279 4.553332805633545 0.08127199858427048
v 0.6251710057258606 4.553332805633545 0.0933310016989708
v 0.6251710057258606 5.099999904632568 0.11921299993991852
v 0.6251710057258606 4.826666831970215 0.11921299993991852
v 0.6234670281410217 5.099999904632568 0.10627199709415436
v 0.6234670281410217 5.099999904632568 0.10627199709415436
v 0.6251710057258606 4.826666831970215 0.11921299993991852
v 0.6234670281410217 4.826666831970215 0.10627199709415436
v 0.6234670281410217 5.099999904632568 0.10627199709415436
v 0.6234670281410217 4.826666831970215 0.10627199709415436
v 0.6251710057258606 5.099999904632568 0.0933310016989708
v 0.6251710057258606 5.099999904632568 0.0933310016989708
v 0.6234670281410217 4.826666831970215 0.10627199709415436
v 0.6251710057258606 4.826666831970215 0.0933310016989708
v 0.6251710057258606 5.099999904632568 0.0933310016989708
v 0.6251710057258606 4.826666831970215 0.0933310016989708
v 0.6301659941673279 5.099999904632568 0.08127199858427048
v 0.6301659941673279 5.099999904632568 0.08127199858427048
v 0.6251710057258606 4.826666831970215 0.0933310016989708
v 0.6301659941673279 4.826666831970215 0.08127199858427048
v 0.6301659941673279 5.099999904632568 0.08127199858427048
v 0.6301659941673279 4.826666831970215 0.08127199858427048
v 0.6381120085716248 5.099999904632568 0.07091700285673141
v 0.6381120085716248 5.099999904632568 0.07091700285673141
v 0.6301659941673279 4.826666831970215 0.08127199858427048
v 0.6381120085716248 4.826666831970215 0.07091700285673141
v 0.6381120085716248 5.099999904632568 0.07091700285673141
v 0.6381120085716248 4.826666831970215 0.07091700285673141
v 0.6484670042991638 5.099999904632568 0.06297100335359573
v 0.6484670042991638 5.099999904632568 0.06297100335359573
v 0.6381120085716248 4.826666831970215 0.07091700285673141
v 0.6484670042991638 4.826666831970215 0.06297100335359573
v 0.6484670042991638 5.099999904632568 0.06297100335359573
v 0.6484670042991638 4.826666831970215 0.06297100335359573
v 0.6605259776115417 5.099999904632568 0.057976000010967255
v 0.6605259776115417 5.099999904632568 0.057976000010967255
v 0.6484670042991638 4.826666831970215 0.06297100335359573
v 0.6605259776115417 4.826666831970215 0.057976000010967255
v 0.6605259776115417 5.099999904632568 0.057976000010967255
v 0.6605259776115417 4.826666831970215 0.057976000010967255
v 0.6734669804573059 5.099999904632568 0.0562720000743866
v 0.6734669804573059 5.099999904632568 0.0562720000743866
v 0.6605259776115417 4.826666831970215 0.057976000010967255
v 0.6734669804573059 4.826666831970215 0.0562720000743866
v 0.6734669804573059 5.099999904632568 0.0562720000743866
v 0.6734669804573059 4.826666831970215 0.0562720000743866
v 0.6864079833030701 5.099999904632568 0.057976000010967255
v 0.6864079833030701 5.099999904632568 0.057976000010967255
v 0.6734669804573059 4.826666831970215 0.0562720000743866
v 0.6864079833030701 4.826666831970215 0.057976000010967255
v 0.6864079833030701 5.099999904632568 0.057976000010967255
v 0.6864079833030701 4.826666831970215 0.057976000010967255
v 0.6984670162200928 5.099999904632568 0.06297100335359573
v 0.6984670162200928 5.099999904632568 0.06297100335359573
v 0.6864079833030701 4.826666831970215 0.057976000010967255
v 0.6984670162200928 4.826666831970215 0.06297100335359573
v 0.6984670162200928 5.099999904632568 0.06297100335359573
v 0.6984670162200928 4.826666831970215 0.06297100335359573
v 0.7088220119476318 5.099999904632568 0.07091700285673141
v 0.7088220119476318 5.099999904632568 0.07091700285673141
v 0.6984670162200928 4.826666831970215 0.06297100335359573
v 0.7088220119476318 4.826666831970215 0.07091700285673141
v 0.7088220119476318 5.099999904632568 0.07091700285673141
v 0.7088220119476318 4.826666831970215 0.07091700285673141
v 0.7167680263519287 5.099999904632568 0.08127199858427048
v 0.7167680263519287 5.099999904632568 0.08127199858427048
v 0.7088220119476318 4.826666831970215 0.07091700285673141
v 0.7167680263519287 4.826666831970215 0.08127199858427048
v 0.7167680263519287 5.099999904632568 0.08127199858427048
v 0.7167680263519287 4.826666831970215 0.08127199858427048
v 0.721763014793396 5.099999904632568 0.0933310016989708
v 0.721763014793396 5.099999904632568 0.0933310016989708
v 0.7167680263519287 4.826666831970215 0.08127199858427048
v 0.721763014793396 4.826666831970215 0.0933310016989708
v 0.721763014793396 5.099999904632568 0.0933310016989708
v 0.721763014793396 4.826666831970215 0.0933310016989708
v 0.7234669923782349 5.099999904632568 0.10627199709415436
v 0.7234669923782349 5.099999904632568 0.10627199709415436
v 0.721763014793396 4.826666831970215 0.0933310016989708
v 0.7234669923782349 4.826666831970215 0.10627199709415436
v 0.7234669923782349 5.099999904632568 0.10627199709415436
v 0.7234669923782349 4.826666831970215 0.10627199709415436
v 0.721763014793396 5.099999904632568 0.11921299993991852
v 0.721763014793396 5.099999904632568 0.11921299993991852
v 0.7234669923782349 4.826666831970215 0.10627199709415436
v 0.721763014793396 4.826666831970215 0.11921299993991852
v 0.721763014793396 5.099999904632568 0.11921299993991852
v 0.721763014793396 4.826666831970215 0.11921299993991852
v 0.7167680263519287 5.099999904632568 0.13127200305461884
v 0.7167680263519287 5.099999904632568 0.13127200305461884
v 0.721763014793396 4.826666831970215 0.11921299993991852
v 0.7167680263519287 4.826666831970215 0.13127200305461884
v 0.7167680263519287 5.099999904632568 0.13127200305461884
v 0.7167680263519287 4.826666831970215 0.13127200305461884
v 0.7088220119476318 5.099999904632568 0.14162799715995789
v 0.7088220119476318 5.099999904632568 0.14162799715995789
v 0.7167680263519287 4.826666831970215 0.13127200305461884
v 0.7088220119476318 4.826666831970215 0.14162799715995789
v 0.7088220119476318 5.099999904632568 0.14162799715995789
v 0.7088220119476318 4.826666831970215 0.14162799715995789
v 0.6984670162200928 5.099999904632568 0.14957399666309357
v 0.6984670162200928 5.099999904632568 0.14957399666309357
v 0.7088220119476318 4.826666831970215 0.14162799715995789
v 0.6984670162200928 4.826666831970215 0.14957399666309357
v 0.6984670162200928 5.099999904632568 0.14957399666309357
v 0.6984670162200928 4.826666831970215 0.14957399666309357
v 0.6864079833030701 5.099999904632568 0.15456900000572205
v 0.6864079833030701 5.099999904632568 0.15456900000572205
v 0.6984670162200928 4.826666831970215 0.14957399666309357
v 0.6864079833030701 4.826666831970215 0.15456900000572205
v 0.6864079833030701 5.099999904632568 0.15456900000572205
v 0.6864079833030701 4.826666831970215 0.15456900000572205
v 0.6734669804573059 5.099999904632568 0.15627199411392212
v 0.6734669804573059 5.099999904632568 0.15627199411392212
v 0.6864079833030701 4.826666831970215 0.15456900000572205
v 0.6734669804573059 4.826666831970215 0.15627199411392212
v 0.6734669804573059 5.099999904632568 0.15627199411392212
v 0.6734669804573059 4.826666831970215 0.15627199411392212
v 0.6605259776115417 5.099999904632568 0.15456900000572205
v 0.6605259776115417 5.099999904632568 0.15456900000572205
v 0.6734669804573059 4.826666831970215 0.15627199411392212
v 0.6605259776115417 4.826666831970215 0.15456900000572205
v 0.6605259776115417 5.099999904632568 0.15456900000572205
v 0.6605259776115417 4.826666831970215 0.15456900000572205
v 0.6484670042991638 5.099999904632568 0.14957399666309357
v 0.6484670042991638 5.099999904632568 0.14957399666309357
v 0.6605259776115417 4.826666831970215 0.15456900000572205
v 0.6484670042991638 4.826666831970215 0.14957399666309357
v 0.6484670042991638 5.099999904632568 0.14957399666309357
v 0.6484670042991638 4.826666831970215 0.14957399666309357
v 0.6381120085716248 5.099999904632568 0.14162799715995789
v 0.6381120085716248 5.099999904632568 0.14162799715995789
v 0.6484670042991638 4.826666831970215 0.14957399666309357
v 0.6381120085716248 4.826666831970215 0.14162799715995789
v 0.6381120085716248 5.099999904632568 0.14162799715995789
v 0.6381120085716248 4.826666831970215 0.14162799715995789
v 0.6301659941673279 5.099999904632568 0.13127200305461884
v 0.6301659941673279 5.099999904632568 0.13127200305461884
v 0.6381120085716248 4.826666831970215 0.14162799715995789
v 0.6301659941673279 4.826666831970215 0.13127200305461884
v 0.6301659941673279 5.099999904632568 0.13127200305461884
v 0.6301659941673279 4.826666831970215 0.13127200305461884
v 0.6251710057258606 5.099999904632568 0.11921299993991852
v 0.6251710057258606 5.099999904632568 0.11921299993991852
v 0.6301659941673279 4.826666831970215 0.13127200305461884
v 0.6251710057258606 4.826666831970215 0.11921299993991852
v 0.6234670281410217 4.553332805633545 0.10627199709415436
v 0.6234670281410217 4.826666831970215 0.10627199709415436
v 0.6251710057258606 4.553332805633545 0.11921299993991852
v 0.6251710057258606 4.553332805633545 0.11921299993991852
v 0.6234670281410217 4.826666831970215 0.10627199709415436
v 0.6251710057258606 4.826666831970215 0.11921299993991852
v 0.6251710057258606 4.553332805633545 0.11921299993991852
v 0.6251710057258606 4.826666831970215 0.11921299993991852
v 0.6301659941673279 4.553332805633545 0.13127200305461884
v 0.6301659941673279 4.553332805633545 0.13127200305461884
v 0.6251710057258606 4.826666831970215 0.11921299993991852
v 0.6301659941673279 4.826666831970215 0.13127200305461884
v 0.6301659941673279 4.553332805633545 0.13127200305461884
v 0.6301659941673279 4.826666831970215 0.13127200305461884
v 0.6381120085716248 4.553332805633545 0.14162799715995789
v 0.6381120085716248 4.553332805633545 0.14162799715995789
v 0.6301659941673279 4.826666831970215 0.13127200305461884
v 0.6381120085716248 4.826666831970215 0.14162799715995789
v 0.6381120085716248 4.553332805633545 0.14162799715995789
v 0.6381120085716248 4.826666831970215 0.14162799715995789
v 0.6484670042991638 4.553332805633545 0.14957399666309357
v 0.6484670042991638 4.553332805633545 0.14957399666309357
v 0.6381120085716248 4.826666831970215 0.14162799715995789
v 0.6484670042991638 4.826666831970215 0.14957399666309357
v 0.6484670042991638 4.553332805633545 0.14957399666309357
v 0.6484670042991638 4.826666831970215 0.14957399666309357
v 0.6605259776115417 4.553332805633545 0.15456900000572205
v 0.6605259776115417 4.553332805633545 0.15456900000572205
v 0.6484670042991638 4.826666831970215 0.14957399666309357
v 0.6605259776115417 4.826666831970215 0.15456900000572205
v 0.6605259776115417 4.553332805633545 0.15456900000572205
v 0.6605259776115417 4.826666831970215 0.15456900000572205
v 0.6734669804573059 4.553332805633545 0.15627199411392212
v 0.6734669804573059 4.553332805633545 0.15627199411392212
v 0.6605259776115417 4.826666831970215 0.15456900000572205
v 0.6734669804573059 4.826666831970215 0.15627199411392212
v 0.6734669804573059 4.553332805633545 0.15627199411392212
v 0.6734669804573059 4.826666831970215 0.15627199411392212
v 0.6864079833030701 4.553332805633545 0.15456900000572205
v 0.6864079833030701 4.553332805633545 0.15456900000572205
v 0.6734669804573059 4.826666831970215 0.15627199411392212
v 0.6864079833030701 4.826666831970215 0.15456900000572205
v 0.6864079833030701 4.553332805633545 0.15456900000572205
v 0.6864079833030701 4.826666831970215 0.15456900000572205
v 0.6984670162200928 4.553332805633545 0.14957399666309357
v 0.6984670162200928 4.553332805633545 0.14957399666309357
v 0.6864079833030701 4.826666831970215 0.15456900000572205
v 0.6984670162200928 4.826666831970215 0.14957399666309357
v 0.6984670162200928 4.553332805633545 0.14957399666309357
v 0.6984670162200928 4.826666831970215 0.14957399666309357
v 0.7088220119476318 4.553332805633545 0.14162799715995789
v 0.7088220119476318 4.553332805633545 0.14162799715995789
v 0.6984670162200928 4.826666831970215 0.14957399666309357
v 0.7088220119476318 4.826666831970215 0.14162799715995789
v 0.7088220119476318 4.553332805633545 0.14162799715995789
v 0.7088220119476318 4.826666831970215 0.14162799715995789
v 0.7167680263519287 4.553332805633545 0.13127200305461884
v 0.7167680263519287 4.553332805633545 0.13127200305461884
v 0.7088220119476318 4.826666831970215 0.14162799715995789
v 0.7167680263519287 4.826666831970215 0.13127200305461884
v 0.7167680263519287 4.553332805633545 0.13127200305461884
v 0.7167680263519287 4.826666831970215 0.13127200305461884
v 0.721763014793396 4.553332805633545 0.11921299993991852
v 0.721763014793396 4.553332805633545 0.11921299993991852
v 0.7167680263519287 4.826666831970215 0.13127200305461884
v 0.721763014793396 4.826666831970215 0.11921299993991852
v 0.721763014793396 4.553332805633545 0.11921299993991852
v 0.721763014793396 4.826666831970215 0.11921299993991852
v 0.7234669923782349 4.553332805633545 0.10627199709415436
v 0.7234669923782349 4.553332805633545 0.10627199709415436
v 0.721763014793396 4.826666831970215 0.11921299993991852
v 0.7234669923782349 4.826666831970215 0.10627199709415436
v 0.7234669923782349 4.553332805633545 0.10627199709415436
v 0.7234669923782349 4.826666831970215 0.10627199709415436
v 0.721763014793396 4.553332805633545 0.0933310016989708
v 0.721763014793396 4.553332805633545 0.0933310016989708
v 0.7234669923782349 4.826666831970215 0.10627199709415436
v 0.721763014793396 4.826666831970215 0.0933310016989708
v 0.721763014793396 4.553332805633545 0.0933310016989708
v 0.721763014793396 4.826666831970215 0.0933310016989708
v 0.7167680263519287 4.553332805633545 0.08127199858427048
v 0.7167680263519287 4.553332805633545 0.08127199858427048
v 0.721763014793396 4.826666831970215 0.0933310016989708
v 0.7167680263519287 4.826666831970215 0.08127199858427048
v 0.7167680263519287 4.553332805633545 0.08127199858427048
v 0.7167680263519287 4.826666831970215 0.08127199858427048
v 0.7088220119476318 4.553332805633545 0.07091700285673141
v 0.7088220119476318 4.553332805633545 0.07091700285673141
v 0.7167680263519287 4.826666831970215 0.08127199858427048
v 0.7088220119476318 4.826666831970215 0.07091700285673141
v 0.7088220119476318 4.553332805633545 0.07091700285673141
v 0.7088220119476318 4.826666831970215 0.07091700285673141
v 0.6984670162200928 4.553332805633545 0.06297100335359573
v 0.6984670162200928 4.553332805633545 0.06297100335359573
v 0.7088220119476318 4.826666831970215 0.07091700285673141
v 0.6984670162200928 4.826666831970215 0.06297100335359573
v 0.6984670162200928 4.553332805633545 0.06297100335359573
v 0.6984670162200928 4.826666831970215 0.06297100335359573
v 0.6864079833030701 4.553332805633545 0.057976000010967255
v 0.6864079833030701 4.553332805633545 0.057976000010967255
v 0.6984670162200928 4.826666831970215 0.06297100335359573
v 0.6864079833030701 4.826666831970215 0.057976000010967255
v 0.6864079833030701 4.553332805633545 0.057976000010967255
v 0.6864079833030701 4.826666831970215 0.057976000010967255
v 0.6734669804573059 4.553332805633545 0.0562720000743866
v 0.6734669804573059 4.553332805633545 0.0562720000743866
v 0.6864079833030701 4.826666831970215 0.057976000010967255
v 0.6734669804573059 4.826666831970215 0.0562720000743866
v 0.6734669804573059 4.553332805633545 0.0562720000743866
v 0.6734669804573059 4.826666831970215 0.0562720000743866
v 0.6605259776115417 4.553332805633545 0.057976000010967255
v 0.6605259776115417 4.553332805633545 0.057976000010967255
v 0.6734669804573059 4.826666831970215 0.0562720000743866
v 0.6605259776115417 4.826666831970215 0.057976000010967255
v 0.6605259776115417 4.553332805633545 0.057976000010967255
v 0.6605259776115417 4.826666831970215 0.057976000010967255
v 0.6484670042991638 4.553332805633545 0.06297100335359573
v 0.6484670042991638 4.553332805633545 0.06297100335359573
v 0.6605259776115417 4.826666831970215 0.057976000010967255
v 0.6484670042991638 4.826666831970215 0.06297100335359573
v 0.6484670042991638 4.553332805633545 0.06297100335359573
v 0.6484670042991638 4.826666831970215 0.06297100335359573
v 0.6381120085716248 4.553332805633545 0.07091700285673141
v 0.6381120085716248 4.553332805633545 0.07091700285673141
v 0.6484670042991638 4.826666831970215 0.06297100335359573
v 0.6381120085716248 4.826666831970215 0.07091700285673141
v 0.6381120085716248 4.553332805633545 0.07091700285673141
v 0.6381120085716248 4.826666831970215 0.07091700285673141
v 0.6301659941673279 4.553332805633545 0.08127199858427048
v 0.6301659941673279 4.553332805633545 0.08127199858427048
v 0.6381120085716248 4.826666831970215 0.07091700285673141
v 0.6301659941673279 4.826666831970215 0.08127199858427048
v 0.6301659941673279 4.553332805633545 0.08127199858427048
v 0.6301659941673279 4.826666831970215 0.08127199858427048
v 0.6251710057258606 4.553332805633545 0.0933310016989708
v 0.6251710057258606 4.553332805633545 0.0933310016989708
v 0.6301659941673279 4.826666831970215 0.08127199858427048
v 0.6251710057258606 4.826666831970215 0.0933310016989708
v 0.6251710057258606 4.553332805633545 0.0933310016989708
v 0.6251710057258606 4.826666831970215 0.0933310016989708
v 0.6234670281410217 4.553332805633545 0.10627199709415436
v 0.6234670281410217 4.553332805633545 0.10627199709415436
v 0.6251710057258606 4.826666831970215 0.0933310016989708
v 0.6234670281410217 4.826666831970215 0.10627199709415436
v 0.23631499707698822 4.28000020980835 0.3460879921913147
v 0.23631499707698822 4.553332805633545 0.3460879921913147
v 0.23461100459098816 4.28000020980835 0.35902899503707886
v 0.23461100459098816 4.28000020980835 0.35902899503707886
v 0.23631499707698822 4.553332805633545 0.3460879921913147
v 0.23461100459098816 4.553332805633545 0.35902899503707886
v 0.23461100459098816 4.28000020980835 0.35902899503707886
v 0.23461100459098816 4.553332805633545 0.35902899503707886
v 0.23631499707698822 4.28000020980835 0.371969997882843
v 0.23631499707698822 4.28000020980835 0.371969997882843
v 0.23461100459098816 4.553332805633545 0.35902899503707886
v 0.23631499707698822 4.553332805633545 0.371969997882843
v 0.23631499707698822 4.28000020980835 0.371969997882843
v 0.23631499707698822 4.553332805633545 0.371969997882843
v 0.2413100004196167 4.28000020980835 0.38402900099754333
v 0.2413100004196167 4.28000020980835 0.38402900099754333
v 0.23631499707698822 4.553332805633545 0.371969997882843
v 0.2413100004196167 4.553332805633545 0.38402900099754333
v 0.2413100004196167 4.28000020980835 0.38402900099754333
v 0.2413100004196167 4.553332805633545 0.38402900099754333
v 0.24925599992275238 4.28000020980835 0.3943839967250824
v 0.24925599992275238 4.28000020980835 0.3943839967250824
v 0.2413100004196167 4.553332805633545 0.38402900099754333
v 0.24925599992275238 4.553332805633545 0.3943839967250824
v 0.24925599992275238 4.28000020980835 0.3943839967250824
v 0.24925599992275238 4.553332805633545 0.3943839967250824
v 0.25961101055145264 4.28000020980835 0.4023300111293793
v 0.25961101055145264 4.28000020980835 0.4023300111293793
v 0.24925599992275238 4.553332805633545 0.3943839967250824
v 0.25961101055145264 4.553332805633545 0.4023300111293793
v 0.25961101055145264 4.28000020980835 0.4023300111293793
v 0.25961101055145264 4.553332805633545 0.4023300111293793
v 0.27167001366615295 4.28000020980835 0.40732499957084656
v 0.27167001366615295 4.28000020980835 0.40732499957084656
v 0.25961101055145264 4.553332805633545 0.4023300111293793
v 0.27167001366615295 4.553332805633545 0.40732499957084656
v 0.27167001366615295 4.28000020980835 0.40732499957084656
v 0.27167001366615295 4.553332805633545 0.40732499957084656
v 0.2846109867095947 4.28000020980835 0.4090290069580078
v 0.2846109867095947 4.28000020980835 0.4090290069580078
v 0.27167001366615295 4.553332805633545 0.40732499957084656
v 0.2846109867095947 4.553332805633545 0.4090290069580078
v 0.2846109867095947 4.28000020980835 0.4090290069580078
v 0.2846109867095947 4.553332805633545 0.4090290069580078
v 0.2975519895553589 4.28000020980835 0.40732499957084656
v 0.2975519895553589 4.28000020980835 0.40732499957084656
v 0.2846109867095947 4.553332805633545 0.4090290069580078
v 0.2975519895553589 4.553332805633545 0.40732499957084656
v 0.2975519895553589 4.28000020980835 0.40732499957084656
v 0.2975519895553589 4.553332805633545 0.40732499957084656
v 0.3096109926700592 4.28000020980835 0.4023300111293793
v 0.3096109926700592 4.28000020980835 0.4023300111293793
v 0.2975519895553589 4.553332805633545 0.40732499957084656
v 0.3096109926700592 4.553332805633545 0.4023300111293793
v 0.3096109926700592 4.28000020980835 0.4023300111293793
v 0.3096109926700592 4.553332805633545 0.4023300111293793
v 0.31996598839759827 4.28000020980835 0.3943839967250824
v 0.31996598839759827 4.28000020980835 0.3943839967250824
v 0.3096109926700592 4.553332805633545 0.4023300111293793
v 0.31996598839759827 4.553332805633545 0.3943839967250824
v 0.31996598839759827 4.28000020980835 0.3943839967250824
v 0.31996598839759827 4.553332805633545 0.3943839967250824
v 0.32791200280189514 4.28000020980835 0.38402900099754333
v 0.32791200280189514 4.28000020980835 0.38402900099754333
v 0.31996598839759827 4.553332805633545 0.3943839967250824
v 0.32791200280189514 4.553332805633545 0.38402900099754333
v 0.32791200280189514 4.28000020980835 0.38402900099754333
v 0.32791200280189514 4.553332805633545 0.38402900099754333
v 0.3329069912433624 4.28000020980835 0.371969997882843
v 0.3329069912433624 4.28000020980835 0.371969997882843
v 0.32791200280189514 4.553332805633545 0.38402900099754333
v 0.3329069912433624 4.553332805633545 0.371969997882843
v 0.3329069912433624 4.28000020980835 0.371969997882843
v 0.3329069912433624 4.553332805633545 0.371969997882843
v 0.3346109986305237 4.28000020980835 0.35902899503707886
v 0.3346109986305237 4.28000020980835 0.35902899503707886
v 0.3329069912433624 4.553332805633545 0.371969997882843
v 0.3346109986305237 4.553332805633545 0.35902899503707886
v 0.3346109986305237 4.28000020980835 0.35902899503707886
v 0.3346109986305237 4.553332805633545 0.35902899503707886
v 0.3329069912433624 4.28000020980835 0.3460879921913147
v 0.3329069912433624 4.28000020980835 0.3460879921913147
v 0.3346109986305237 4.553332805633545 0.35902899503707886
v 0.3329069912433624 4.553332805633545 0.3460879921913147
v 0.3329069912433624 4.28000020980835 0.3460879921913147
v 0.3329069912433624 4.553332805633545 0.3460879921913147
v 0.32791200280189514 4.28000020980835 0.3340289890766144
v 0.32791200280189514 4.28000020980835 0.3340289890766144
v 0.3329069912433624 4.553332805633545 0.3460879921913147
v 0.32791200280189514 4.553332805633545 0.3340289890766144
v 0.32791200280189514 4.28000020980835 0.3340289890766144
v 0.32791200280189514 4.553332805633545 0.3340289890766144
v 0.31996598839759827 4.28000020980835 0.3236730098724365
v 0.31996598839759827 4.28000020980835 0.3236730098724365
v 0.32791200280189514 4.553332805633545 0.3340289890766144
v 0.31996598839759827 4.553332805633545 0.3236730098724365
v 0.31996598839759827 4.28000020980835 0.3236730098724365
v 0.31996598839759827 4.553332805633545 0.3236730098724365
v 0.3096109926700592 4.28000020980835 0.31572800874710083
v 0.3096109926700592 4.28000020980835 0.31572800874710083
v 0.31996598839759827 4.553332805633545 0.3236730098724365
v 0.3096109926700592 4.553332805633545 0.31572800874710083
v 0.3096109926700592 4.28000020980835 0.31572800874710083
v 0.3096109926700592 4.553332805633545 0.31572800874710083
v 0.2975519895553589 4.28000020980835 0.31073200702667236
v 0.2975519895553589 4.28000020980835 0.31073200702667236
v 0.3096109926700592 4.553332805633545 0.31572800874710083
v 0.2975519895553589 4.553332805633545 0.31073200702667236
v 0.2975519895553589 4.28000020980835 0.31073200702667236
v 0.2975519895553589 4.553332805633545 0.31073200702667236
v 0.2846109867095947 4.28000020980835 0.3090290129184723
v 0.2846109867095947 4.28000020980835 0.3090290129184723
v 0.2975519895553589 4.553332805633545 0.31073200702667236
v 0.2846109867095947 4.553332805633545 0.3090290129184723
v 0.2846109867095947 4.28000020980835 0.3090290129184723
v 0.2846109867095947 4.553332805633545 0.3090290129184723
v 0.27167001366615295 4.28000020980835 0.31073200702667236
v 0.27167001366615295 4.28000020980835 0.31073200702667236
v 0.2846109867095947 4.553332805633545 0.3090290129184723
v 0.27167001366615295 4.553332805633545 0.31073200702667236
v 0.27167001366615295 4.28000020980835 0.31073200702667236
v 0.27167001366615295 4.553332805633545 0.31073200702667236
v 0.25961101055145264 4.28000020980835 0.31572800874710083
v 0.25961101055145264 4.28000020980835 0.31572800874710083
v 0.27167001366615295 4.553332805633545 0.31073200702667236
v 0.25961101055145264 4.553332805633545 0.31572800874710083
v 0.25961101055145264 4.28000020980835 0.31572800874710083
v 0.25961101055145264 4.553332805633545 0.31572800874710083
v 0.24925599992275238 4.28000020980835 0.3236730098724365
v 0.24925599992275238 4.28000020980835 0.3236730098724365
v 0.25961101055145264 4.553332805633545 0.31572800874710083
v 0.24925599992275238 4.553332805633545 0.3236730098724365
v 0.24925599992275238 4.28000020980835 0.3236730098724365
v 0.24925599992275238 4.553332805633545 0.3236730098724365
v 0.2413100004196167 4.28000020980835 0.3340289890766144
v 0.2413100004196167 4.28000020980835 0.3340289890766144
v 0.24925599992275238 4.553332805633545 0.3236730098724365
v 0.2413100004196167 4.553332805633545 0.3340289890766144
v 0.2413100004196167 4.28000020980835 0.3340289890766144
v 0.2413100004196167 4.553332805633545 0.3340289890766144
v 0.23631499707698822 4.28000020980835 0.3460879921913147
v 0.23631499707698822 4.28000020980835 0.3460879921913147
v 0.2413100004196167 4.553332805633545 0.3340289890766144
v 0.23631499707698822 4.553332805633545 0.3460879921913147
v 0.23631499707698822 5.099999904632568 0.371969997882843
v 0.23631499707698822 4.826666831970215 0.371969997882843
v 0.23461100459098816 5.099999904632568 0.35902899503707886
v 0.23461100459098816 5.099999904632568 0.35902899503707886
v 0.23631499707698822 4.826666831970215 0.371969997882843
v 0.23461100459098816 4.826666831970215 0.35902899503707886
v 0.23461100459098816 5.099999904632568 0.35902899503707886
v 0.23461100459098816 4.826666831970215 0.35902899503707886
v 0.23631499707698822 5.099999904632568 0.3460879921913147
v 0.23631499707698822 5.099999904632568 0.3460879921913147
v 0.23461100459098816 4.826666831970215 0.35902899503707886
v 0.23631499707698822 4.826666831970215 0.3460879921913147
v 0.23631499707698822 5.099999904632568 0.3460879921913147
v 0.23631499707698822 4.826666831970215 0.3460879921913147
v 0.2413100004196167 5.099999904632568 0.3340289890766144
v 0.2413100004196167 5.099999904632568 0.3340289890766144
v 0.23631499707698822 4.826666831970215 0.3460879921913147
v 0.2413100004196167 4.826666831970215 0.3340289890766144
v 0.2413100004196167 5.099999904632568 0.3340289890766144
v 0.2413100004196167 4.826666831970215 0.3340289890766144
v 0.24925599992275238 5.099999904632568 0.3236730098724365
v 0.24925599992275238 5.099999904632568 0.3236730098724365
v 0.2413100004196167 4.826666831970215 0.3340289890766144
v 0.24925599992275238 4.826666831970215 0.3236730098724365
v 0.24925599992275238 5.099999904632568 0.3236730098724365
v 0.24925599992275238 4.826666831970215 0.3236730098724365
v 0.25961101055145264 5.099999904632568 0.31572800874710083
v 0.25961101055145264 5.099999904632568 0.31572800874710083
v 0.24925599992275238 4.826666831970215 0.3236730098724365
v 0.25961101055145264 4.826666831970215 0.31572800874710083
v 0.25961101055145264 5.099999904632568 0.31572800874710083
v 0.25961101055145264 4.826666831970215 0.31572800874710083
v 0.27167001366615295 5.099999904632568 0.31073200702667236
v 0.27167001366615295 5.099999904632568 0.31073200702667236
v 0.25961101055145264 4.826666831970215 0.31572800874710083
v 0.27167001366615295 4.826666831970215 0.31073200702667236
v 0.27167001366615295 5.099999904632568 0.31073200702667236
v 0.27167001366615295 4.826666831970215 0.31073200702667236
v 0.2846109867095947 5.099999904632568 0.3090290129184723
v 0.2846109867095947 5.099999904632568 0.3090290129184723
v 0.27167001366615295 4.826666831970215 0.31073200702667236
v 0.2846109867095947 4.826666831970215 0.3090290129184723
v 0.2846109867095947 5.099999904632568 0.3090290129184723
v 0.2846109867095947 4.826666831970215 0.3090290129184723
v 0.2975519895553589 5.099999904632568 0.31073200702667236
v 0.2975519895553589 5.099999904632568 0.31073200702667236
v 0.2846109867095947 4.826666831970215 0.3090290129184723
v 0.2975519895553589 4.826666831970215 0.31073200702667236
v 0.2975519895553589 5.099999904632568 0.31073200702667236
v 0.2975519895553589 4.826666831970215 0.31073200702667236
v 0.3096109926700592 5.099999904632568 0.31572800874710083
v 0.3096109926700592 5.099999904632568 0.31572800874710083
v 0.2975519895553589 4.826666831970215 0.31073200702667236
v 0.3096109926700592 4.826666831970215 0.31572800874710083
v 0.3096109926700592 5.099999904632568 0.31572800874710083
v 0.3096109926700592 4.826666831970215 0.31572800874710083
v 0.31996598839759827 5.099999904632568 0.3236730098724365
v 0.31996598839759827 5.099999904632568 0.3236730098724365
v 0.3096109926700592 4.826666831970215 0.31572800874710083
v 0.31996598839759827 4.826666831970215 0.3236730098724365
v 0.31996598839759827 5.099999904632568 0.3236730098724365
v 0.31996598839759827 4.826666831970215 0.3236730098724365
v 0.32791200280189514 5.099999904632568 0.3340289890766144
v 0.32791200280189514 5.099999904632568 0.3340289890766144
v 0.31996598839759827 4.826666831970215 0.3236730098724365
v 0.32791200280189514 4.826666831970215 0.3340289890766144
v 0.32791200280189514 5.099999904632568 0.3340289890766144
v 0.32791200280189514 4.826666831970215 0.3340289890766144
v 0.3329069912433624 5.099999904632568 0.3460879921913147
v 0.3329069912433624 5.099999904632568 0.3460879921913147
v 0.32791200280189514 4.826666831970215 0.3340289890766144
v 0.3329069912433624 4.826666831970215 0.3460879921913147
v 0.3329069912433624 5.099999904632568 0.3460879921913147
v 0.3329069912433624 4.826666831970215 0.3460879921913147
v 0.3346109986305237 5.099999904632568 0.35902899503707886
v 0.3346109986305237 5.099999904632568 0.35902899503707886
v 0.3329069912433624 4.826666831970215 0.3460879921913147
v 0.3346109986305237 4.826666831970215 0.35902899503707886
v 0.3346109986305237 5.099999904632568 0.35902899503707886
v 0.3346109986305237 4.826666831970215 0.35902899503707886
v 0.3329069912433624 5.099999904632568 0.371969997882843
v 0.3329069912433624 5.099999904632568 0.371969997882843
v 0.3346109986305237 4.826666831970215 0.35902899503707886
v 0.3329069912433624 4.826666831970215 0.371969997882843
v 0.3329069912433624 5.099999904632568 0.371969997882843
v 0.3329069912433624 4.826666831970215 0.371969997882843
v 0.32791200280189514 5.099999904632568 0.38402900099754333
v 0.32791200280189514 5.099999904632568 0.38402900099754333
v 0.3329069912433624 4.826666831970215 0.371969997882843
v 0.32791200280189514 4.826666831970215 0.38402900099754333
v 0.32791200280189514 5.099999904632568 0.38402900099754333
v 0.32791200280189514 4.826666831970215 0.38402900099754333
v 0.31996598839759827 5.099999904632568 0.3943839967250824
v 0.31996598839759827 5.099999904632568 0.3943839967250824
v 0.32791200280189514 4.826666831970215 0.38402900099754333
v 0.31996598839759827 4.826666831970215 0.3943839967250824
v 0.31996598839759827 5.099999904632568 0.3943839967250824
v 0.31996598839759827 4.826666831970215 0.3943839967250824
v 0.3096109926700592 5.099999904632568 0.4023300111293793
v 0.3096109926700592 5.099999904632568 0.4023300111293793
v 0.31996598839759827 4.826666831970215 0.3943839967250824
v 0.3096109926700592 4.826666831970215 0.4023300111293793
v 0.3096109926700592 5.099999904632568 0.4023300111293793
v 0.3096109926700592 4.826666831970215 0.4023300111293793
v 0.2975519895553589 5.099999904632568 0.40732499957084656
v 0.2975519895553589 5.099999904632568 0.40732499957084656
v 0.3096109926700592 4.826666831970215 0.4023300111293793
v 0.2975519895553589 4.826666831970215 0.40732499957084656
v 0.2975519895553589 5.099999904632568 0.40732499957084656
v 0.2975519895553589 4.826666831970215 0.40732499957084656
v 0.2846109867095947 5.099999904632568 0.4090290069580078
v 0.2846109867095947 5.099999904632568 0.4090290069580078
v 0.2975519895553589 4.826666831970215 0.40732499957084656
v 0.2846109867095947 4.826666831970215 0.4090290069580078
v 0.2846109867095947 5.099999904632568 0.4090290069580078
v 0.2846109867095947 4.826666831970215 0.4090290069580078
v 0.27167001366615295 5.099999904632568 0.40732499957084656
v 0.27167001366615295 5.099999904632568 0.40732499957084656
v 0.2846109867095947 4.826666831970215 0.4090290069580078
v 0.27167001366615295 4.826666831970215 0.40732499957084656
v 0.27167001366615295 5.099999904632568 0.40732499957084656
v 0.27167001366615295 4.826666831970215 0.40732499957084656
v 0.25961101055145264 5.099999904632568 0.4023300111293793
v 0.25961101055145264 5.099999904632568 0.4023300111293793
v 0.27167001366615295 4.826666831970215 0.40732499957084656
v 0.25961101055145264 4.826666831970215 0.4023300111293793
v 0.25961101055145264 5.099999904632568 0.4023300111293793
v 0.25961101055145264 4.826666831970215 0.4023300111293793
v 0.24925599992275238 5.099999904632568 0.3943839967250824
v 0.24925599992275238 5.099999904632568 0.3943839967250824
v 0.25961101055145264 4.826666831970215 0.4023300111293793
v 0.24925599992275238 4.826666831970215 0.3943839967250824
v 0.24925599992275238 5.099999904632568 0.3943839967250824
v 0.24925599992275238 4.826666831970215 0.3943839967250824
v 0.2413100004196167 5.099999904632568 0.38402900099754333
v 0.2413100004196167 5.099999904632568 0.38402900099754333
v 0.24925599992275238 4.826666831970215 0.3943839967250824
v 0.2413100004196167 4.826666831970215 0.38402900099754333
v 0.2413100004196167 5.099999904632568 0.38402900099754333
v 0.2413100004196167 4.826666831970215 0.38402900099754333
v 0.23631499707698822 5.099999904632568 0.371969997882843
v 0.23631499707698822 5.099999904632568 0.371969997882843
v 0.2413100004196167 4.826666831970215 0.38402900099754333
v 0.23631499707698822 4.826666831970215 0.371969997882843
v 0.23461100459098816 4.553332805633545 0.35902899503707886
v 0.23461100459098816 4.826666831970215 0.35902899503707886
v 0.23631499707698822 4.553332805633545 0.371969997882843
v 0.23631499707698822 4.553332805633545 0.371969997882843
v 0.23461100459098816 4.826666831970215 0.35902899503707886
v 0.23631499707698822 4.826666831970215 0.371969997882843
v 0.23631499707698822 4.553332805633545 0.371969997882843
v 0.23631499707698822 4.826666831970215 0.371969997882843
v 0.2413100004196167 4.553332805633545 0.38402900099754333
v 0.2413100004196167 4.553332805633545 0.38402900099754333
v 0.23631499707698822 4.826666831970215 0.371969997882843
v 0.2413100004196167 4.826666831970215 0.38402900099754333
v 0.2413100004196167 4.553332805633545 0.38402900099754333
v 0.2413100004196167 4.826666831970215 0.38402900099754333
v 0.24925599992275238 4.553332805633545 0.3943839967250824
v 0.24925599992275238 4.553332805633545 0.3943839967250824
v 0.2413100004196167 4.826666831970215 0.38402900099754333
v 0.24925599992275238 4.826666831970215 0.3943839967250824
v 0.24925599992275238 4.553332805633545 0.3943839967250824
v 0.24925599992275238 4.826666831970215 0.3943839967250824
v 0.25961101055145264 4.553332805633545 0.4023300111293793
v 0.25961101055145264 4.553332805633545 0.4023300111293793
v 0.24925599992275238 4.826666831970215 0.3943839967250824
v 0.25961101055145264 4.826666831970215 0.4023300111293793
v 0.25961101055145264 4.553332805633545 0.4023300111293793
v 0.25961101055145264 4.826666831970215 0.4023300111293793
v 0.27167001366615295 4.553332805633545 0.40732499957084656
v 0.27167001366615295 4.553332805633545 0.40732499957084656
v 0.25961101055145264 4.826666831970215 0.4023300111293793
v 0.27167001366615295 4.826666831970215 0.40732499957084656
v 0.27167001366615295 4.553332805633545 0.40732499957084656
v 0.27167001366615295 4.826666831970215 0.40732499957084656
v 0.2846109867095947 4.553332805633545 0.4090290069580078
v 0.2846109867095947 4.553332805633545 0.4090290069580078
v 0.27167001366615295 4.826666831970215 0.40732499957084656
v 0.2846109867095947 4.826666831970215 0.4090290069580078
v 0.2846109867095947 4.553332805633545 0.4090290069580078
v 0.2846109867095947 4.826666831970215 0.4090290069580078
v 0.2975519895553589 4.553332805633545 0.40732499957084656
v 0.2975519895553589 4.553332805633545 0.40732499957084656
v 0.2846109867095947 4.826666831970215 0.4090290069580078
v 0.2975519895553589 4.826666831970215 0.40732499957084656
v 0.2975519895553589 4.553332805633545 0.40732499957084656
v 0.2975519895553589 4.826666831970215 0.40732499957084656
v 0.3096109926700592 4.553332805633545 0.4023300111293793
v 0.3096109926700592 4.553332805633545 0.4023300111293793
v 0.2975519895553589 4.826666831970215 0.40732499957084656
v 0.3096109926700592 4.826666831970215 0.4023300111293793
v 0.3096109926700592 4.553332805633545 0.4023300111293793
v 0.3096109926700592 4.826666831970215 0.4023300111293793
v 0.31996598839759827 4.553332805633545 0.3943839967250824
v 0.31996598839759827 4.553332805633545 0.3943839967250824
v 0.3096109926700592 4.826666831970215 0.4023300111293793
v 0.31996598839759827 4.826666831970215 0.3943839967250824
v 0.31996598839759827 4.553332805633545 0.3943839967250824
v 0.31996598839759827 4.826666831970215 0.3943839967250824
v 0.32791200280189514 4.553332805633545 0.38402900099754333
v 0.32791200280189514 4.553332805633545 0.38402900099754333
v 0.31996598839759827 4.826666831970215 0.3943839967250824
v 0.32791200280189514 4.826666831970215 0.38402900099754333
v 0.32791200280189514 4.553332805633545 0.38402900099754333
v 0.32791200280189514 4.826666831970215 0.38402900099754333
v 0.3329069912433624 4.553332805633545 0.371969997882843
v 0.3329069912433624 4.553332805633545 0.371969997882843
v 0.32791200280189514 4.826666831970215 0.38402900099754333
v 0.3329069912433624 4.826666831970215 0.371969997882843
v 0.3329069912433624 4.553332805633545 0.371969997882843
v 0.3329069912433624 4.826666831970215 0.371969997882843
v 0.3346109986305237 4.553332805633545 0.35902899503707886
v 0.3346109986305237 4.553332805633545 0.35902899503707886
v 0.3329069912433624 4.826666831970215 0.371969997882843
v 0.3346109986305237 4.826666831970215 0.35902899503707886
v 0.3346109986305237 4.553332805633545 0.35902899503707886
v 0.3346109986305237 4.826666831970215 0.35902899503707886
v 0.3329069912433624 4.553332805633545 0.3460879921913147
v 0.3329069912433624 4.553332805633545 0.3460879921913147
v 0.3346109986305237 4.826666831970215 0.35902899503707886
v 0.3329069912433624 4.826666831970215 0.3460879921913147
v 0.3329069912433624 4.553332805633545 0.3460879921913147
v 0.3329069912433624 4.826666831970215 0.3460879921913147
v 0.32791200280189514 4.553332805633545 0.3340289890766144
v 0.32791200280189514 4.553332805633545 0.3340289890766144
v 0.3329069912433624 4.826666831970215 0.3460879921913147
v 0.32791200280189514 4.826666831970215 0.3340289890766144
v 0.32791200280189514 4.553332805633545 0.3340289890766144
v 0.32791200280189514 4.826666831970215 0.3340289890766144
v 0.31996598839759827 4.553332805633545 0.3236730098724365
v 0.31996598839759827 4.553332805633545 0.3236730098724365
v 0.32791200280189514 4.826666831970215 0.3340289890766144
v 0.31996598839759827 4.826666831970215 0.3236730098724365
v 0.31996598839759827 4.553332805633545 0.3236730098724365
v 0.31996598839759827 4.826666831970215 0.3236730098724365
v 0.3096109926700592 4.553332805633545 0.31572800874710083
v 0.3096109926700592 4.553332805633545 0.31572800874710083
v 0.31996598839759827 4.826666831970215 0.3236730098724365
v 0.3096109926700592 4.826666831970215 0.31572800874710083
v 0.3096109926700592 4.553332805633545 0.31572800874710083
v 0.3096109926700592 4.826666831970215 0.31572800874710083
v 0.2975519895553589 4.553332805633545 0.31073200702667236
v 0.2975519895553589 4.553332805633545 0.31073200702667236
v 0.3096109926700592 4.826666831970215 0.31572800874710083
v 0.2975519895553589 4.826666831970215 0.31073200702667236
v 0.2975519895553589 4.553332805633545 0.31073200702667236
v 0.2975519895553589 4.826666831970215 0.31073200702667236
v 0.2846109867095947 4.553332805633545 0.3090290129184723
v 0.2846109867095947 4.553332805633545 0.3090290129184723
v 0.2975519895553589 4.826666831970215 0.31073200702667236
v 0.2846109867095947 4.826666831970215 0.3090290129184723
v 0.2846109867095947 4.553332805633545 0.3090290129184723
v 0.2846109867095947 4.826666831970215 0.3090290129184723
v 0.27167001366615295 4.553332805633545 0.31073200702667236
v 0.27167001366615295 4.553332805633545 0.31073200702667236
v 0.2846109867095947 4.826666831970215 0.3090290129184723
v 0.27167001366615295 4.826666831970215 0.31073200702667236
v 0.27167001366615295 4.553332805633545 0.31073200702667236
v 0.27167001366615295 4.826666831970215 0.31073200702667236
v 0.25961101055145264 4.553332805633545 0.31572800874710083
v 0.25961101055145264 4.553332805633545 0.31572800874710083
v 0.27167001366615295 4.826666831970215 0.31073200702667236
v 0.25961101055145264 4.826666831970215 0.31572800874710083
v 0.25961101055145264 4.553332805633545 0.31572800874710083
v 0.25961101055145264 4.826666831970215 0.31572800874710083
v 0.24925599992275238 4.553332805633545 0.3236730098724365
v 0.24925599992275238 4.553332805633545 0.3236730098724365
v 0.25961101055145264 4.826666831970215 0.31572800874710083
v 0.24925599992275238 4.826666831970215 0.3236730098724365
v 0.24925599992275238 4.553332805633545 0.3236730098724365
v 0.24925599992275238 4.826666831970215 0.3236730098724365
v 0.2413100004196167 4.553332805633545 0.3340289890766144
v 0.2413100004196167 4.553332805633545 0.3340289890766144
v 0.24925599992275238 4.826666831970215 0.3236730098724365
v 0.2413100004196167 4.826666831970215 0.3340289890766144
v 0.2413100004196167 4.553332805633545 0.3340289890766144
v 0.2413100004196167 4.826666831970215 0.3340289890766144
v 0.23631499707698822 4.553332805633545 0.3460879921913147
v 0.23631499707698822 4.553332805633545 0.3460879921913147
v 0.2413100004196167 4.826666831970215 0.3340289890766144
v 0.23631499707698822 4.826666831970215 0.3460879921913147
v 0.23631499707698822 4.553332805633545 0.3460879921913147
v 0.23631499707698822 4.826666831970215 0.3460879921913147
v 0.23461100459098816 4.553332805633545 0.35902899503707886
v 0.23461100459098816 4.553332805633545 0.35902899503707886
v 0.23631499707698822 4.826666831970215 0.3460879921913147
v 0.23461100459098816 4.826666831970215 0.35902899503707886
v 0.6251710057258606 4.28000020980835 0.9282119870185852
v 0.6251710057258606 4.553332805633545 0.9282119870185852
v 0.6234670281410217 4.28000020980835 0.9411529898643494
v 0.6234670281410217 4.28000020980835 0.9411529898643494
v 0.6251710057258606 4.553332805633545 0.9282119870185852
v 0.6234670281410217 4.553332805633545 0.9411529898643494
v 0.6234670281410217 4.28000020980835 0.9411529898643494
v 0.6234670281410217 4.553332805633545 0.9411529898643494
v 0.6251710057258606 4.28000020980835 0.9540939927101135
v 0.6251710057258606 4.28000020980835 0.9540939927101135
v 0.6234670281410217 4.553332805633545 0.9411529898643494
v 0.6251710057258606 4.553332805633545 0.9540939927101135
v 0.6251710057258606 4.28000020980835 0.9540939927101135
v 0.6251710057258606 4.553332805633545 0.9540939927101135
v 0.6301659941673279 4.28000020980835 0.9661530256271362
v 0.6301659941673279 4.28000020980835 0.9661530256271362
v 0.6251710057258606 4.553332805633545 0.9540939927101135
v 0.6301659941673279 4.553332805633545 0.9661530256271362
v 0.6301659941673279 4.28000020980835 0.9661530256271362
v 0.6301659941673279 4.553332805633545 0.9661530256271362
v 0.6381120085716248 4.28000020980835 0.9765080213546753
v 0.6381120085716248 4.28000020980835 0.9765080213546753
v 0.6301659941673279 4.553332805633545 0.9661530256271362
v 0.6381120085716248 4.553332805633545 0.9765080213546753
v 0.6381120085716248 4.28000020980835 0.9765080213546753
v 0.6381120085716248 4.553332805633545 0.9765080213546753
v 0.6484670042991638 4.28000020980835 0.9844539761543274
v 0.6484670042991638 4.28000020980835 0.9844539761543274
v 0.6381120085716248 4.553332805633545 0.9765080213546753
v 0.6484670042991638 4.553332805633545 0.9844539761543274
v 0.6484670042991638 4.28000020980835 0.9844539761543274
v 0.6484670042991638 4.553332805633545 0.9844539761543274
v 0.6605259776115417 4.28000020980835 0.9894490242004395
v 0.6605259776115417 4.28000020980835 0.9894490242004395
v 0.6484670042991638 4.553332805633545 0.9844539761543274
v 0.6605259776115417 4.553332805633545 0.9894490242004395
v 0.6605259776115417 4.28000020980835 0.9894490242004395
v 0.6605259776115417 4.553332805633545 0.9894490242004395
v 0.6734669804573059 4.28000020980835 0.9911530017852783
v 0.6734669804573059 4.28000020980835 0.9911530017852783
v 0.6605259776115417 4.553332805633545 0.9894490242004395
v 0.6734669804573059 4.553332805633545 0.9911530017852783
v 0.6734669804573059 4.28000020980835 0.9911530017852783
v 0.6734669804573059 4.553332805633545 0.9911530017852783
v 0.6864079833030701 4.28000020980835 0.9894490242004395
v 0.6864079833030701 4.28000020980835 0.9894490242004395
v 0.6734669804573059 4.553332805633545 0.9911530017852783
v 0.6864079833030701 4.553332805633545 0.9894490242004395
v 0.6864079833030701 4.28000020980835 0.9894490242004395
v 0.6864079833030701 4.553332805633545 0.9894490242004395
v 0.6984670162200928 4.28000020980835 0.9844539761543274
v 0.6984670162200928 4.28000020980835 0.9844539761543274
v 0.6864079833030701 4.553332805633545 0.9894490242004395
v 0.6984670162200928 4.553332805633545 0.9844539761543274
v 0.6984670162200928 4.28000020980835 0.9844539761543274
v 0.6984670162200928 4.553332805633545 0.9844539761543274
v 0.7088220119476318 4.28000020980835 0.9765080213546753
v 0.7088220119476318 4.28000020980835 0.9765080213546753
v 0.6984670162200928 4.553332805633545 0.9844539761543274
v 0.7088220119476318 4.553332805633545 0.9765080213546753
v 0.7088220119476318 4.28000020980835 0.9765080213546753
v 0.7088220119476318 4.553332805633545 0.9765080213546753
v 0.7167680263519287 4.28000020980835 0.9661530256271362
v 0.7167680263519287 4.28000020980835 0.9661530256271362
v 0.7088220119476318 4.553332805633545 0.9765080213546753
v 0.7167680263519287 4.553332805633545 0.9661530256271362
v 0.7167680263519287 4.28000020980835 0.9661530256271362
v 0.7167680263519287 4.553332805633545 0.9661530256271362
v 0.721763014793396 4.28000020980835 0.9540939927101135
v 0.721763014793396 4.28000020980835 0.9540939927101135
v 0.7167680263519287 4.553332805633545 0.9661530256271362
v 0.721763014793396 4.553332805633545 0.9540939927101135
v 0.721763014793396 4.28000020980835 0.9540939927101135
v 0.721763014793396 4.553332805633545 0.9540939927101135
v 0.7234669923782349 4.28000020980835 0.9411529898643494
v 0.7234669923782349 4.28000020980835 0.9411529898643494
v 0.721763014793396 4.553332805633545 0.9540939927101135
v 0.7234669923782349 4.553332805633545 0.9411529898643494
v 0.7234669923782349 4.28000020980835 0.9411529898643494
v 0.7234669923782349 4.553332805633545 0.9411529898643494
v 0.721763014793396 4.28000020980835 0.9282119870185852
v 0.721763014793396 4.28000020980835 0.9282119870185852
v 0.7234669923782349 4.553332805633545 0.9411529898643494
v 0.721763014793396 4.553332805633545 0.9282119870185852
v 0.721763014793396 4.28000020980835 0.9282119870185852
v 0.721763014793396 4.553332805633545 0.9282119870185852
v 0.7167680263519287 4.28000020980835 0.9161530137062073
v 0.7167680263519287 4.28000020980835 0.9161530137062073
v 0.721763014793396 4.553332805633545 0.9282119870185852
v 0.7167680263519287 4.553332805633545 0.9161530137062073
v 0.7167680263519287 4.28000020980835 0.9161530137062073
v 0.7167680263519287 4.553332805633545 0.9161530137062073
v 0.7088220119476318 4.28000020980835 0.905797004699707
v 0.7088220119476318 4.28000020980835 0.905797004699707
v 0.7167680263519287 4.553332805633545 0.9161530137062073
v 0.7088220119476318 4.553332805633545 0.905797004699707
v 0.7088220119476318 4.28000020980835 0.905797004699707
v 0.7088220119476318 4.553332805633545 0.905797004699707
v 0.6984670162200928 4.28000020980835 0.8978509902954102
v 0.6984670162200928 4.28000020980835 0.8978509902954102
v 0.7088220119476318 4.553332805633545 0.905797004699707
v 0.6984670162200928 4.553332805633545 0.8978509902954102
v 0.6984670162200928 4.28000020980835 0.8978509902954102
v 0.6984670162200928 4.553332805633545 0.8978509902954102
v 0.6864079833030701 4.28000020980835 0.8928560018539429
v 0.6864079833030701 4.28000020980835 0.8928560018539429
v 0.6984670162200928 4.553332805633545 0.8978509902954102
v 0.6864079833030701 4.553332805633545 0.8928560018539429
v 0.6864079833030701 4.28000020980835 0.8928560018539429
v 0.6864079833030701 4.553332805633545 0.8928560018539429
v 0.6734669804573059 4.28000020980835 0.8911529779434204
v 0.6734669804573059 4.28000020980835 0.8911529779434204
v 0.6864079833030701 4.553332805633545 0.8928560018539429
v 0.6734669804573059 4.553332805633545 0.8911529779434204
v 0.6734669804573059 4.28000020980835 0.8911529779434204
v 0.6734669804573059 4.553332805633545 0.8911529779434204
v 0.6605259776115417 4.28000020980835 0.8928560018539429
v 0.6605259776115417 4.28000020980835 0.8928560018539429
v 0.6734669804573059 4.553332805633545 0.8911529779434204
v 0.6605259776115417 4.553332805633545 0.8928560018539429
v 0.6605259776115417 4.28000020980835 0.8928560018539429
v 0.6605259776115417 4.553332805633545 0.8928560018539429
v 0.6484670042991638 4.28000020980835 0.8978509902954102
v 0.6484670042991638 4.28000020980835 0.8978509902954102
v 0.6605259776115417 4.553332805633545 0.8928560018539429
v 0.6484670042991638 4.553332805633545 0.8978509902954102
v 0.6484670042991638 4.28000020980835 0.8978509902954102
v 0.6484670042991638 4.553332805633545 0.8978509902954102
v 0.6381120085716248 4.28000020980835 0.905797004699707
v 0.6381120085716248 4.28000020980835 0.905797004699707
v 0.6484670042991638 4.553332805633545 0.8978509902954102
v 0.6381120085716248 4.553332805633545 0.905797004699707
v 0.6381120085716248 4.28000020980835 0.905797004699707
v 0.6381120085716248 4.553332805633545 0.905797004699707
v 0.6301659941673279 4.28000020980835 0.9161530137062073
v 0.6301659941673279 4.28000020980835 0.9161530137062073
v 0.6381120085716248 4.553332805633545 0.905797004699707
v 0.6301659941673279 4.553332805633545 0.9161530137062073
v 0.6301659941673279 4.28000020980835 0.9161530137062073
v 0.6301659941673279 4.553332805633545 0.9161530137062073
v 0.6251710057258606 4.28000020980835 0.9282119870185852
v 0.6251710057258606 4.28000020980835 0.9282119870185852
v 0.6301659941673279 4.553332805633545 0.9161530137062073
v 0.6251710057258606 4.553332805633545 0.9282119870185852
v 0.6251710057258606 5.099999904632568 0.9540939927101135
v 0.6251710057258606 4.826666831970215 0.9540939927101135
v 0.6234670281410217 5.099999904632568 0.9411529898643494
v 0.6234670281410217 5.099999904632568 0.9411529898643494
v 0.6251710057258606 4.826666831970215 0.9540939927101135
v 0.6234670281410217 4.826666831970215 0.9411529898643494
v 0.6234670281410217 5.099999904632568 0.9411529898643494
v 0.6234670281410217 4.826666831970215 0.9411529898643494
v 0.6251710057258606 5.099999904632568 0.9282119870185852
v 0.6251710057258606 5.099999904632568 0.9282119870185852
v 0.6234670281410217 4.826666831970215 0.9411529898643494
v 0.6251710057258606 4.826666831970215 0.9282119870185852
v 0.6251710057258606 5.099999904632568 0.9282119870185852
v 0.6251710057258606 4.826666831970215 0.9282119870185852
v 0.6301659941673279 5.099999904632568 0.9161530137062073
v 0.6301659941673279 5.099999904632568 0.9161530137062073
v 0.6251710057258606 4.826666831970215 0.9282119870185852
v 0.6301659941673279 4.826666831970215 0.9161530137062073
v 0.6301659941673279 5.099999904632568 0.9161530137062073
v 0.6301659941673279 4.826666831970215 0.9161530137062073
v 0.6381120085716248 5.099999904632568 0.905797004699707
v 0.6381120085716248 5.099999904632568 0.905797004699707
v 0.6301659941673279 4.826666831970215 0.9161530137062073
v 0.6381120085716248 4.826666831970215 0.905797004699707
v 0.6381120085716248 5.099999904632568 0.905797004699707
v 0.6381120085716248 4.826666831970215 0.905797004699707
v 0.6484670042991638 5.099999904632568 0.8978509902954102
v 0.6484670042991638 5.099999904632568 0.8978509902954102
v 0.6381120085716248 4.826666831970215 0.905797004699707
v 0.6484670042991638 4.826666831970215 0.8978509902954102
v 0.6484670042991638 5.099999904632568 0.8978509902954102
v 0.6484670042991638 4.826666831970215 0.8978509902954102
v 0.6605259776115417 5.099999904632568 0.8928560018539429
v 0.6605259776115417 5.099999904632568 0.8928560018539429
v 0.6484670042991638 4.826666831970215 0.8978509902954102
v 0.6605259776115417 4.826666831970215 0.8928560018539429
v 0.6605259776115417 5.099999904632568 0.8928560018539429
v 0.6605259776115417 4.826666831970215 0.8928560018539429
v 0.6734669804573059 5.099999904632568 0.8911529779434204
v 0.6734669804573059 5.099999904632568 0.8911529779434204
v 0.6605259776115417 4.826666831970215 0.8928560018539429
v 0.6734669804573059 4.826666831970215 0.8911529779434204
v 0.6734669804573059 5.099999904632568 0.8911529779434204
v 0.6734669804573059 4.826666831970215 0.8911529779434204
v 0.6864079833030701 5.099999904632568 0.8928560018539429
v 0.6864079833030701 5.099999904632568 0.8928560018539429
v 0.6734669804573059 4.826666831970215 0.8911529779434204
v 0.6864079833030701 4.826666831970215 0.8928560018539429
v 0.6864079833030701 5.099999904632568 0.8928560018539429
v 0.6864079833030701 4.826666831970215 0.8928560018539429
v 0.6984670162200928 5.099999904632568 0.8978509902954102
v 0.6984670162200928 5.099999904632568 0.8978509902954102
v 0.6864079833030701 4.826666831970215 0.8928560018539429
v 0.6984670162200928 4.826666831970215 0.8978509902954102
v 0.6984670162200928 5.099999904632568 0.8978509902954102
v 0.6984670162200928 4.826666831970215 0.8978509902954102
v 0.7088220119476318 5.099999904632568 0.905797004699707
v 0.7088220119476318 5.099999904632568 0.905797004699707
v 0.6984670162200928 4.826666831970215 0.8978509902954102
v 0.7088220119476318 4.826666831970215 0.905797004699707
v 0.7088220119476318 5.099999904632568 0.905797004699707
v 0.7088220119476318 4.826666831970215 0.905797004699707
v 0.7167680263519287 5.099999904632568 0.9161530137062073
v 0.7167680263519287 5.099999904632568 0.9161530137062073
v 0.7088220119476318 4.826666831970215 0.905797004699707
v 0.7167680263519287 4.826666831970215 0.9161530137062073
v 0.7167680263519287 5.099999904632568 0.9161530137062073
v 0.7167680263519287 4.826666831970215 0.9161530137062073
v 0.721763014793396 5.099999904632568 0.9282119870185852
v 0.721763014793396 5.099999904632568 0.9282119870185852
v 0.7167680263519287 4.826666831970215 0.9161530137062073
v 0.721763014793396 4.826666831970215 0.9282119870185852
v 0.721763014793396 5.099999904632568 0.9282119870185852
v 0.721763014793396 4.826666831970215 0.9282119870185852
v 0.7234669923782349 5.099999904632568 0.9411529898643494
v 0.7234669923782349 5.099999904632568 0.9411529898643494
v 0.721763014793396 4.826666831970215 0.9282119870185852
v 0.7234669923782349 4.826666831970215 0.9411529898643494
v 0.7234669923782349 5.099999904632568 0.9411529898643494
v 0.7234669923782349 4.826666831970215 0.9411529898643494
v 0.721763014793396 5.099999904632568 0.9540939927101135
v 0.721763014793396 5.099999904632568 0.9540939927101135
v 0.7234669923782349 4.826666831970215 0.9411529898643494
v 0.721763014793396 4.826666831970215 0.9540939927101135
v 0.721763014793396 5.099999904632568 0.9540939927101135
v 0.721763014793396 4.826666831970215 0.9540939927101135
v 0.7167680263519287 5.099999904632568 0.9661530256271362
v 0.7167680263519287 5.099999904632568 0.9661530256271362
v 0.721763014793396 4.826666831970215 0.9540939927101135
v 0.7167680263519287 4.826666831970215 0.9661530256271362
v 0.7167680263519287 5.099999904632568 0.9661530256271362
v 0.7167680263519287 4.826666831970215 0.9661530256271362
v 0.7088220119476318 5.099999904632568 0.9765080213546753
v 0.7088220119476318 5.099999904632568 0.9765080213546753
v 0.7167680263519287 4.826666831970215 0.9661530256271362
v 0.7088220119476318 4.826666831970215 0.9765080213546753
v 0.7088220119476318 5.099999904632568 0.9765080213546753
v 0.7088220119476318 4.826666831970215 0.9765080213546753
v 0.6984670162200928 5.099999904632568 0.9844539761543274
v 0.6984670162200928 5.099999904632568 0.9844539761543274
v 0.7088220119476318 4.826666831970215 0.9765080213546753
v 0.6984670162200928 4.826666831970215 0.9844539761543274
v 0.6984670162200928 5.099999904632568 0.9844539761543274
v 0.6984670162200928 4.826666831970215 0.9844539761543274
v 0.6864079833030701 5.099999904632568 0.9894490242004395
v 0.6864079833030701 5.099999904632568 0.9894490242004395
v 0.6984670162200928 4.826666831970215 0.9844539761543274
v 0.6864079833030701 4.826666831970215 0.9894490242004395
v 0.6864079833030701 5.099999904632568 0.9894490242004395
v 0.6864079833030701 4.826666831970215 0.9894490242004395
v 0.6734669804573059 5.099999904632568 0.9911530017852783
v 0.6734669804573059 5.099999904632568 0.9911530017852783
v 0.6864079833030701 4.826666831970215 0.9894490242004395
v 0.6734669804573059 4.826666831970215 0.9911530017852783
v 0.6734669804573059 5.099999904632568 0.9911530017852783
v 0.6734669804573059 4.826666831970215 0.9911530017852783
v 0.6605259776115417 5.099999904632568 0.9894490242004395
v 0.6605259776115417 5.099999904632568 0.9894490242004395
v 0.6734669804573059 4.826666831970215 0.9911530017852783
v 0.6605259776115417 4.826666831970215 0.9894490242004395
v 0.6605259776115417 5.099999904632568 0.9894490242004395
v 0.6605259776115417 4.826666831970215 0.9894490242004395
v 0.6484670042991638 5.099999904632568 0.9844539761543274
v 0.6484670042991638 5.099999904632568 0.9844539761543274
v 0.6605259776115417 4.826666831970215 0.9894490242004395
v 0.6484670042991638 4.826666831970215 0.9844539761543274
v 0.6484670042991638 5.099999904632568 0.9844539761543274
v 0.6484670042991638 4.826666831970215 0.9844539761543274
v 0.6381120085716248 5.099999904632568 0.9765080213546753
v 0.6381120085716248 5.099999904632568 0.9765080213546753
v 0.6484670042991638 4.826666831970215 0.9844539761543274
v 0.6381120085716248 4.826666831970215 0.9765080213546753
v 0.6381120085716248 5.099999904632568 0.9765080213546753
v 0.6381120085716248 4.826666831970215 0.9765080213546753
v 0.6301659941673279 5.099999904632568 0.9661530256271362
v 0.6301659941673279 5.099999904632568 0.9661530256271362
v 0.6381120085716248 4.826666831970215 0.9765080213546753
v 0.6301659941673279 4.826666831970215 0.9661530256271362
v 0.6301659941673279 5.099999904632568 0.9661530256271362
v 0.6301659941673279 4.826666831970215 0.9661530256271362
v 0.6251710057258606 5.099999904632568 0.9540939927101135
v 0.6251710057258606 5.099999904632568 0.9540939927101135
v 0.6301659941673279 4.826666831970215 0.9661530256271362
v 0.6251710057258606 4.826666831970215 0.9540939927101135
v 0.6234670281410217 4.553332805633545 0.9411529898643494
v 0.6234670281410217 4.826666831970215 0.9411529898643494
v 0.6251710057258606 4.553332805633545 0.9540939927101135
v 0.6251710057258606 4.553332805633545 0.9540939927101135
v 0.6234670281410217 4.826666831970215 0.9411529898643494
v 0.6251710057258606 4.826666831970215 0.9540939927101135
v 0.6251710057258606 4.553332805633545 0.9540939927101135
v 0.6251710057258606 4.826666831970215 0.9540939927101135
v 0.6301659941673279 4.553332805633545 0.9661530256271362
v 0.6301659941673279 4.553332805633545 0.9661530256271362
v 0.6251710057258606 4.826666831970215 0.9540939927101135
v 0.6301659941673279 4.826666831970215 0.9661530256271362
v 0.6301659941673279 4.553332805633545 0.9661530256271362
v 0.6301659941673279 4.826666831970215 0.9661530256271362
v 0.6381120085716248 4.553332805633545 0.9765080213546753
v 0.6381120085716248 4.553332805633545 0.9765080213546753
v 0.6301659941673279 4.826666831970215 0.9661530256271362
v 0.6381120085716248 4.826666831970215 0.9765080213546753
v 0.6381120085716248 4.553332805633545 0.9765080213546753
v 0.6381120085716248 4.826666831970215 0.9765080213546753
v 0.6484670042991638 4.553332805633545 0.9844539761543274
v 0.6484670042991638 4.553332805633545 0.9844539761543274
v 0.6381120085716248 4.826666831970215 0.9765080213546753
v 0.6484670042991638 4.826666831970215 0.9844539761543274
v 0.6484670042991638 4.553332805633545 0.9844539761543274
v 0.6484670042991638 4.826666831970215 0.9844539761543274
v 0.6605259776115417 4.553332805633545 0.9894490242004395
v 0.6605259776115417 4.553332805633545 0.9894490242004395
v 0.6484670042991638 4.826666831970215 0.9844539761543274
v 0.6605259776115417 4.826666831970215 0.9894490242004395
v 0.6605259776115417 4.553332805633545 0.9894490242004395
v 0.6605259776115417 4.826666831970215 0.9894490242004395
v 0.6734669804573059 4.553332805633545 0.9911530017852783
v 0.6734669804573059 4.553332805633545 0.9911530017852783
v 0.6605259776115417 4.826666831970215 0.9894490242004395
v 0.6734669804573059 4.826666831970215 0.9911530017852783
v 0.6734669804573059 4.553332805633545 0.9911530017852783
v 0.6734669804573059 4.826666831970215 0.9911530017852783
v 0.6864079833030701 4.553332805633545 0.9894490242004395
v 0.6864079833030701 4.553332805633545 0.9894490242004395
v 0.6734669804573059 4.826666831970215 0.9911530017852783
v 0.6864079833030701 4.826666831970215 0.9894490242004395
v 0.6864079833030701 4.553332805633545 0.9894490242004395
v 0.6864079833030701 4.826666831970215 0.9894490242004395
v 0.6984670162200928 4.553332805633545 0.9844539761543274
v 0.6984670162200928 4.553332805633545 0.9844539761543274
v 0.6864079833030701 4.826666831970215 0.9894490242004395
v 0.6984670162200928 4.826666831970215 0.9844539761543274
v 0.6984670162200928 4.553332805633545 0.9844539761543274
v 0.6984670162200928 4.826666831970215 0.9844539761543274
v 0.7088220119476318 4.553332805633545 0.9765080213546753
v 0.7088220119476318 4.553332805633545 0.9765080213546753
v 0.6984670162200928 4.826666831970215 0.9844539761543274
v 0.7088220119476318 4.826666831970215 0.9765080213546753
v 0.7088220119476318 4.553332805633545 0.9765080213546753
v 0.7088220119476318 4.826666831970215 0.9765080213546753
v 0.7167680263519287 4.553332805633545 0.9661530256271362
v 0.7167680263519287 4.553332805633545 0.9661530256271362
v 0.7088220119476318 4.826666831970215 0.9765080213546753
v 0.7167680263519287 4.826666831970215 0.9661530256271362
v 0.7167680263519287 4.553332805633545 0.9661530256271362
v 0.7167680263519287 4.826666831970215 0.9661530256271362
v 0.721763014793396 4.553332805633545 0.9540939927101135
v 0.721763014793396 4.553332805633545 0.9540939927101135
v 0.7167680263519287 4.826666831970215 0.9661530256271362
v 0.721763014793396 4.826666831970215 0.9540939927101135
v 0.721763014793396 4.553332805633545 0.9540939927101135
v 0.721763014793396 4.826666831970215 0.9540939927101135
v 0.7234669923782349 4.553332805633545 0.9411529898643494
v 0.7234669923782349 4.553332805633545 0.9411529898643494
v 0.721763014793396 4.826666831970215 0.9540939927101135
v 0.7234669923782349 4.826666831970215 0.9411529898643494
v 0.7234669923782349 4.553332805633545 0.9411529898643494
v 0.7234669923782349 4.826666831970215 0.9411529898643494
v 0.721763014793396 4.553332805633545 0.9282119870185852
v 0.721763014793396 4.553332805633545 0.9282119870185852
v 0.7234669923782349 4.826666831970215 0.9411529898643494
v 0.721763014793396 4.826666831970215 0.9282119870185852
v 0.721763014793396 4.553332805633545 0.9282119870185852
v 0.721763014793396 4.826666831970215 0.9282119870185852
v 0.7167680263519287 4.553332805633545 0.9161530137062073
v 0.7167680263519287 4.553332805633545 0.9161530137062073
v 0.721763014793396 4.826666831970215 0.9282119870185852
v 0.7167680263519287 4.826666831970215 0.9161530137062073
v 0.7167680263519287 4.553332805633545 0.9161530137062073
v 0.7167680263519287 4.826666831970215 0.9161530137062073
v 0.7088220119476318 4.553332805633545 0.905797004699707
v 0.7088220119476318 4.553332805633545 0.905797004699707
v 0.7167680263519287 4.826666831970215 0.9161530137062073
v 0.7088220119476318 4.826666831970215 0.905797004699707
v 0.7088220119476318 4.553332805633545 0.905797004699707
v 0.7088220119476318 4.826666831970215 0.905797004699707
v 0.6984670162200928 4.553332805633545 0.8978509902954102
v 0.6984670162200928 4.553332805633545 0.8978509902954102
v 0.7088220119476318 4.826666831970215 0.905797004699707
v 0.6984670162200928 4.826666831970215 0.8978509902954102
v 0.6984670162200928 4.553332805633545 0.8978509902954102
v 0.6984670162200928 4.826666831970215 0.8978509902954102
v 0.6864079833030701 4.553332805633545 0.8928560018539429
v 0.6864079833030701 4.553332805633545 0.8928560018539429
v 0.6984670162200928 4.826666831970215 0.8978509902954102
v 0.6864079833030701 4.826666831970215 0.8928560018539429
v 0.6864079833030701 4.553332805633545 0.8928560018539429
v 0.6864079833030701 4.826666831970215 0.8928560018539429
v 0.6734669804573059 4.553332805633545 0.8911529779434204
v 0.6734669804573059 4.553332805633545 0.8911529779434204
v 0.6864079833030701 4.826666831970215 0.8928560018539429
v 0.6734669804573059 4.826666831970215 0.8911529779434204
v 0.6734669804573059 4.553332805633545 0.8911529779434204
v 0.6734669804573059 4.826666831970215 0.8911529779434204
v 0.6605259776115417 4.553332805633545 0.8928560018539429
v 0.6605259776115417 4.553332805633545 0.8928560018539429
v 0.6734669804573059 4.826666831970215 0.8911529779434204
v 0.6605259776115417 4.826666831970215 0.8928560018539429
v 0.6605259776115417 4.553332805633545 0.8928560018539429
v 0.6605259776115417 4.826666831970215 0.8928560018539429
v 0.6484670042991638 4.553332805633545 0.8978509902954102
v 0.6484670042991638 4.553332805633545 0.8978509902954102
v 0.6605259776115417 4.826666831970215 0.8928560018539429
v 0.6484670042991638 4.826666831970215 0.8978509902954102
v 0.6484670042991638 4.553332805633545 0.8978509902954102
v 0.6484670042991638 4.826666831970215 0.8978509902954102
v 0.6381120085716248 4.553332805633545 0.905797004699707
v 0.6381120085716248 4.553332805633545 0.905797004699707
v 0.6484670042991638 4.826666831970215 0.8978509902954102
v 0.6381120085716248 4.826666831970215 0.905797004699707
v 0.6381120085716248 4.553332805633545 0.905797004699707
v 0.6381120085716248 4.826666831970215 0.905797004699707
v 0.6301659941673279 4.553332805633545 0.9161530137062073
v 0.6301659941673279 4.553332805633545 0.9161530137062073
v 0.6381120085716248 4.826666831970215 0.905797004699707
v 0.6301659941673279 4.826666831970215 0.9161530137062073
v 0.6301659941673279 4.553332805633545 0.9161530137062073
v 0.6301659941673279 4.826666831970215 0.9161530137062073
v 0.6251710057258606 4.553332805633545 0.9282119870185852
v 0.6251710057258606 4.553332805633545 0.9282119870185852
v 0.6301659941673279 4.826666831970215 0.9161530137062073
v 0.6251710057258606 4.826666831970215 0.9282119870185852
v 0.6251710057258606 4.553332805633545 0.9282119870185852
v 0.6251710057258606 4.826666831970215 0.9282119870185852
v 0.6234670281410217 4.553332805633545 0.9411529898643494
v 0.6234670281410217 4.553332805633545 0.9411529898643494
v 0.6251710057258606 4.826666831970215 0.9282119870185852
v 0.6234670281410217 4.826666831970215 0.9411529898643494
v 0.6251710057258606 4.28000020980835 0.5107719898223877
v 0.6251710057258606 4.553332805633545 0.5107719898223877
v 0.6234670281410217 4.28000020980835 0.5237119793891907
v 0.6234670281410217 4.28000020980835 0.5237119793891907
v 0.6251710057258606 4.553332805633545 0.5107719898223877
v 0.6234670281410217 4.553332805633545 0.5237119793891907
v 0.6234670281410217 4.28000020980835 0.5237119793891907
v 0.6234670281410217 4.553332805633545 0.5237119793891907
v 0.6251710057258606 4.28000020980835 0.5366529822349548
v 0.6251710057258606 4.28000020980835 0.5366529822349548
v 0.6234670281410217 4.553332805633545 0.5237119793891907
v 0.6251710057258606 4.553332805633545 0.5366529822349548
v 0.6251710057258606 4.28000020980835 0.5366529822349548
v 0.6251710057258606 4.553332805633545 0.5366529822349548
v 0.6301659941673279 4.28000020980835 0.5487120151519775
v 0.6301659941673279 4.28000020980835 0.5487120151519775
v 0.6251710057258606 4.553332805633545 0.5366529822349548
v 0.6301659941673279 4.553332805633545 0.5487120151519775
v 0.6301659941673279 4.28000020980835 0.5487120151519775
v 0.6301659941673279 4.553332805633545 0.5487120151519775
v 0.6381120085716248 4.28000020980835 0.5590680241584778
v 0.6381120085716248 4.28000020980835 0.5590680241584778
v 0.6301659941673279 4.553332805633545 0.5487120151519775
v 0.6381120085716248 4.553332805633545 0.5590680241584778
v 0.6381120085716248 4.28000020980835 0.5590680241584778
v 0.6381120085716248 4.553332805633545 0.5590680241584778
v 0.6484670042991638 4.28000020980835 0.5670139789581299
v 0.6484670042991638 4.28000020980835 0.5670139789581299
v 0.6381120085716248 4.553332805633545 0.5590680241584778
v 0.6484670042991638 4.553332805633545 0.5670139789581299
v 0.6484670042991638 4.28000020980835 0.5670139789581299
v 0.6484670042991638 4.553332805633545 0.5670139789581299
v 0.6605259776115417 4.28000020980835 0.5720090270042419
v 0.6605259776115417 4.28000020980835 0.5720090270042419
v 0.6484670042991638 4.553332805633545 0.5670139789581299
v 0.6605259776115417 4.553332805633545 0.5720090270042419
v 0.6605259776115417 4.28000020980835 0.5720090270042419
v 0.6605259776115417 4.553332805633545 0.5720090270042419
v 0.6734669804573059 4.28000020980835 0.5737119913101196
v 0.6734669804573059 4.28000020980835 0.5737119913101196
v 0.6605259776115417 4.553332805633545 0.5720090270042419
v 0.6734669804573059 4.553332805633545 0.5737119913101196
v 0.6734669804573059 4.28000020980835 0.5737119913101196
v 0.6734669804573059 4.553332805633545 0.5737119913101196
v 0.6864079833030701 4.28000020980835 0.5720090270042419
v 0.6864079833030701 4.28000020980835 0.5720090270042419
v 0.6734669804573059 4.553332805633545 0.5737119913101196
v 0.6864079833030701 4.553332805633545 0.5720090270042419
v 0.6864079833030701 4.28000020980835 0.5720090270042419
v 0.6864079833030701 4.553332805633545 0.5720090270042419
v 0.6984670162200928 4.28000020980835 0.5670139789581299
v 0.6984670162200928 4.28000020980835 0.5670139789581299
v 0.6864079833030701 4.553332805633545 0.5720090270042419
v 0.6984670162200928 4.553332805633545 0.5670139789581299
v 0.6984670162200928 4.28000020980835 0.5670139789581299
v 0.6984670162200928 4.553332805633545 0.5670139789581299
v 0.7088220119476318 4.28000020980835 0.5590680241584778
v 0.7088220119476318 4.28000020980835 0.5590680241584778
v 0.6984670162200928 4.553332805633545 0.5670139789581299
v 0.7088220119476318 4.553332805633545 0.5590680241584778
v 0.7088220119476318 4.28000020980835 0.5590680241584778
v 0.7088220119476318 4.553332805633545 0.5590680241584778
v 0.7167680263519287 4.28000020980835 0.5487120151519775
v 0.7167680263519287 4.28000020980835 0.5487120151519775
v 0.7088220119476318 4.553332805633545 0.5590680241584778
v 0.7167680263519287 4.553332805633545 0.5487120151519775
v 0.7167680263519287 4.28000020980835 0.5487120151519775
v 0.7167680263519287 4.553332805633545 0.5487120151519775
v 0.721763014793396 4.28000020980835 0.5366529822349548
v 0.721763014793396 4.28000020980835 0.5366529822349548
v 0.7167680263519287 4.553332805633545 0.5487120151519775
v 0.721763014793396 4.553332805633545 0.5366529822349548
v 0.721763014793396 4.28000020980835 0.5366529822349548
v 0.721763014793396 4.553332805633545 0.5366529822349548
v 0.7234669923782349 4.28000020980835 0.5237119793891907
v 0.7234669923782349 4.28000020980835 0.5237119793891907
v 0.721763014793396 4.553332805633545 0.5366529822349548
v 0.7234669923782349 4.553332805633545 0.5237119793891907
v 0.7234669923782349 4.28000020980835 0.5237119793891907
v 0.7234669923782349 4.553332805633545 0.5237119793891907
v 0.721763014793396 4.28000020980835 0.5107719898223877
v 0.721763014793396 4.28000020980835 0.5107719898223877
v 0.7234669923782349 4.553332805633545 0.5237119793891907
v 0.721763014793396 4.553332805633545 0.5107719898223877
v 0.721763014793396 4.28000020980835 0.5107719898223877
v 0.721763014793396 4.553332805633545 0.5107719898223877
v 0.7167680263519287 4.28000020980835 0.4987120032310486
v 0.7167680263519287 4.28000020980835 0.4987120032310486
v 0.721763014793396 4.553332805633545 0.5107719898223877
v 0.7167680263519287 4.553332805633545 0.4987120032310486
v 0.7167680263519287 4.28000020980835 0.4987120032310486
v 0.7167680263519287 4.553332805633545 0.4987120032310486
v 0.7088220119476318 4.28000020980835 0.4883570075035095
v 0.7088220119476318 4.28000020980835 0.4883570075035095
v 0.7167680263519287 4.553332805633545 0.4987120032310486
v 0.7088220119476318 4.553332805633545 0.4883570075035095
v 0.7088220119476318 4.28000020980835 0.4883570075035095
v 0.7088220119476318 4.553332805633545 0.4883570075035095
v 0.6984670162200928 4.28000020980835 0.48041099309921265
v 0.6984670162200928 4.28000020980835 0.48041099309921265
v 0.7088220119476318 4.553332805633545 0.4883570075035095
v 0.6984670162200928 4.553332805633545 0.48041099309921265
v 0.6984670162200928 4.28000020980835 0.48041099309921265
v 0.6984670162200928 4.553332805633545 0.48041099309921265
v 0.6864079833030701 4.28000020980835 0.47541600465774536
v 0.6864079833030701 4.28000020980835 0.47541600465774536
v 0.6984670162200928 4.553332805633545 0.48041099309921265
v 0.6864079833030701 4.553332805633545 0.47541600465774536
v 0.6864079833030701 4.28000020980835 0.47541600465774536
v 0.6864079833030701 4.553332805633545 0.47541600465774536
v 0.6734669804573059 4.28000020980835 0.4737119972705841
v 0.6734669804573059 4.28000020980835 0.4737119972705841
v 0.6864079833030701 4.553332805633545 0.47541600465774536
v 0.6734669804573059 4.553332805633545 0.4737119972705841
v 0.6734669804573059 4.28000020980835 0.4737119972705841
v 0.6734669804573059 4.553332805633545 0.4737119972705841
v 0.6605259776115417 4.28000020980835 0.47541600465774536
v 0.6605259776115417 4.28000020980835 0.47541600465774536
v 0.6734669804573059 4.553332805633545 0.4737119972705841
v 0.6605259776115417 4.553332805633545 0.47541600465774536
v 0.6605259776115417 4.28000020980835 0.47541600465774536
v 0.6605259776115417 4.553332805633545 0.47541600465774536
v 0.6484670042991638 4.28000020980835 0.48041099309921265
v 0.6484670042991638 4.28000020980835 0.48041099309921265
v 0.6605259776115417 4.553332805633545 0.47541600465774536
v 0.6484670042991638 4.553332805633545 0.48041099309921265
v 0.6484670042991638 4.28000020980835 0.48041099309921265
v 0.6484670042991638 4.553332805633545 0.48041099309921265
v 0.6381120085716248 4.28000020980835 0.4883570075035095
v 0.6381120085716248 4.28000020980835 0.4883570075035095
v 0.6484670042991638 4.553332805633545 0.48041099309921265
v 0.6381120085716248 4.553332805633545 0.4883570075035095
v 0.6381120085716248 4.28000020980835 0.4883570075035095
v 0.6381120085716248 4.553332805633545 0.4883570075035095
v 0.6301659941673279 4.28000020980835 0.4987120032310486
v 0.6301659941673279 4.28000020980835 0.4987120032310486
v 0.6381120085716248 4.553332805633545 0.4883570075035095
v 0.6301659941673279 4.553332805633545 0.4987120032310486
v 0.6301659941673279 4.28000020980835 0.4987120032310486
v 0.6301659941673279 4.553332805633545 0.4987120032310486
v 0.6251710057258606 4.28000020980835 0.5107719898223877
v 0.6251710057258606 4.28000020980835 0.5107719898223877
v 0.6301659941673279 4.553332805633545 0.4987120032310486
v 0.6251710057258606 4.553332805633545 0.5107719898223877
v 0.6251710057258606 5.099999904632568 0.5366529822349548
v 0.6251710057258606 4.826666831970215 0.5366529822349548
v 0.6234670281410217 5.099999904632568 0.5237119793891907
v 0.6234670281410217 5.099999904632568 0.5237119793891907
v 0.6251710057258606 4.826666831970215 0.5366529822349548
v 0.6234670281410217 4.826666831970215 0.5237119793891907
v 0.6234670281410217 5.099999904632568 0.5237119793891907
v 0.6234670281410217 4.826666831970215 0.5237119793891907
v 0.6251710057258606 5.099999904632568 0.5107719898223877
v 0.6251710057258606 5.099999904632568 0.5107719898223877
v 0.6234670281410217 4.826666831970215 0.5237119793891907
v 0.6251710057258606 4.826666831970215 0.5107719898223877
v 0.6251710057258606 5.099999904632568 0.5107719898223877
v 0.6251710057258606 4.826666831970215 0.5107719898223877
v 0.6301659941673279 5.099999904632568 0.4987120032310486
v 0.6301659941673279 5.099999904632568 0.4987120032310486
v 0.6251710057258606 4.826666831970215 0.5107719898223877
v 0.6301659941673279 4.826666831970215 0.4987120032310486
v 0.6301659941673279 5.099999904632568 0.4987120032310486
v 0.6301659941673279 4.826666831970215 0.4987120032310486
v 0.6381120085716248 5.099999904632568 0.4883570075035095
v 0.6381120085716248 5.099999904632568 0.4883570075035095
v 0.6301659941673279 4.826666831970215 0.4987120032310486
v 0.6381120085716248 4.826666831970215 0.4883570075035095
v 0.6381120085716248 5.099999904632568 0.4883570075035095
v 0.6381120085716248 4.826666831970215 0.4883570075035095
v 0.6484670042991638 5.099999904632568 0.48041099309921265
v 0.6484670042991638 5.099999904632568 0.48041099309921265
v 0.6381120085716248 4.826666831970215 0.4883570075035095
v 0.6484670042991638 4.826666831970215 0.48041099309921265
v 0.6484670042991638 5.099999904632568 0.48041099309921265
v 0.6484670042991638 4.826666831970215 0.48041099309921265
v 0.6605259776115417 5.099999904632568 0.47541600465774536
v 0.6605259776115417 5.099999904632568 0.47541600465774536
v 0.6484670042991638 4.826666831970215 0.48041099309921265
v 0.6605259776115417 4.826666831970215 0.47541600465774536
v 0.6605259776115417 5.099999904632568 0.47541600465774536
v 0.6605259776115417 4.826666831970215 0.47541600465774536
v 0.6734669804573059 5.099999904632568 0.4737119972705841
v 0.6734669804573059 5.099999904632568 0.4737119972705841
v 0.6605259776115417 4.826666831970215 0.47541600465774536
v 0.6734669804573059 4.826666831970215 0.4737119972705841
v 0.6734669804573059 5.099999904632568 0.4737119972705841
v 0.6734669804573059 4.826666831970215 0.4737119972705841
v 0.6864079833030701 5.099999904632568 0.47541600465774536
v 0.6864079833030701 5.099999904632568 0.47541600465774536
v 0.6734669804573059 4.826666831970215 0.4737119972705841
v 0.6864079833030701 4.826666831970215 0.47541600465774536
v 0.6864079833030701 5.099999904632568 0.47541600465774536
v 0.6864079833030701 4.826666831970215 0.47541600465774536
v 0.6984670162200928 5.099999904632568 0.48041099309921265
v 0.6984670162200928 5.099999904632568 0.48041099309921265
v 0.6864079833030701 4.826666831970215 0.47541600465774536
v 0.6984670162200928 4.826666831970215 0.48041099309921265
v 0.6984670162200928 5.099999904632568 0.48041099309921265
v 0.6984670162200928 4.826666831970215 0.48041099309921265
v 0.7088220119476318 5.099999904632568 0.4883570075035095
v 0.7088220119476318 5.099999904632568 0.4883570075035095
v 0.6984670162200928 4.826666831970215 0.48041099309921265
v 0.7088220119476318 4.826666831970215 0.4883570075035095
v 0.7088220119476318 5.099999904632568 0.4883570075035095
v 0.7088220119476318 4.826666831970215 0.4883570075035095
v 0.7167680263519287 5.099999904632568 0.4987120032310486
v 0.7167680263519287 5.099999904632568 0.4987120032310486
v 0.7088220119476318 4.826666831970215 0.4883570075035095
v 0.7167680263519287 4.826666831970215 0.4987120032310486
v 0.7167680263519287 5.099999904632568 0.4987120032310486
v 0.7167680263519287 4.826666831970215 0.4987120032310486
v 0.721763014793396 5.099999904632568 0.5107719898223877
v 0.721763014793396 5.099999904632568 0.5107719898223877
v 0.7167680263519287 4.826666831970215 0.4987120032310486
v 0.721763014793396 4.826666831970215 0.5107719898223877
v 0.721763014793396 5.099999904632568 0.5107719898223877
v 0.721763014793396 4.826666831970215 0.5107719898223877
v 0.7234669923782349 5.099999904632568 0.5237119793891907
v 0.7234669923782349 5.099999904632568 0.5237119793891907
v 0.721763014793396 4.826666831970215 0.5107719898223877
v 0.7234669923782349 4.826666831970215 0.5237119793891907
v 0.7234669923782349 5.099999904632568 0.5237119793891907
v 0.7234669923782349 4.826666831970215 0.5237119793891907
v 0.721763014793396 5.099999904632568 0.5366529822349548
v 0.721763014793396 5.099999904632568 0.5366529822349548
v 0.7234669923782349 4.826666831970215 0.5237119793891907
v 0.721763014793396 4.826666831970215 0.5366529822349548
v 0.721763014793396 5.099999904632568 0.5366529822349548
v 0.721763014793396 4.826666831970215 0.5366529822349548
v 0.7167680263519287 5.099999904632568 0.5487120151519775
v 0.7167680263519287 5.099999904632568 0.5487120151519775
v 0.721763014793396 4.826666831970215 0.5366529822349548
v 0.7167680263519287 4.826666831970215 0.5487120151519775
v 0.7167680263519287 5.099999904632568 0.5487120151519775
v 0.7167680263519287 4.826666831970215 0.5487120151519775
v 0.7088220119476318 5.099999904632568 0.5590680241584778
v 0.7088220119476318 5.099999904632568 0.5590680241584778
v 0.7167680263519287 4.826666831970215 0.5487120151519775
v 0.7088220119476318 4.826666831970215 0.5590680241584778
v 0.7088220119476318 5.099999904632568 0.5590680241584778
v 0.7088220119476318 4.826666831970215 0.5590680241584778
v 0.6984670162200928 5.099999904632568 0.5670139789581299
v 0.6984670162200928 5.099999904632568 0.5670139789581299
v 0.7088220119476318 4.826666831970215 0.5590680241584778
v 0.6984670162200928 4.826666831970215 0.5670139789581299
v 0.6984670162200928 5.099999904632568 0.5670139789581299
v 0.6984670162200928 4.826666831970215 0.5670139789581299
v 0.6864079833030701 5.099999904632568 0.5720090270042419
v 0.6864079833030701 5.099999904632568 0.5720090270042419
v 0.6984670162200928 4.826666831970215 0.5670139789581299
v 0.6864079833030701 4.826666831970215 0.5720090270042419
v 0.6864079833030701 5.099999904632568 0.5720090270042419
v 0.6864079833030701 4.826666831970215 0.5720090270042419
v 0.6734669804573059 5.099999904632568 0.5737119913101196
v 0.6734669804573059 5.099999904632568 0.5737119913101196
v 0.6864079833030701 4.826666831970215 0.5720090270042419
v 0.6734669804573059 4.826666831970215 0.5737119913101196
v 0.6734669804573059 5.099999904632568 0.5737119913101196
v 0.6734669804573059 4.826666831970215 0.5737119913101196
v 0.6605259776115417 5.099999904632568 0.5720090270042419
v 0.6605259776115417 5.099999904632568 0.5720090270042419
v 0.6734669804573059 4.826666831970215 0.5737119913101196
v 0.6605259776115417 4.826666831970215 0.5720090270042419
v 0.6605259776115417 5.099999904632568 0.5720090270042419
v 0.6605259776115417 4.826666831970215 0.5720090270042419
v 0.6484670042991638 5.099999904632568 0.5670139789581299
v 0.6484670042991638 5.099999904632568 0.5670139789581299
v 0.6605259776115417 4.826666831970215 0.5720090270042419
v 0.6484670042991638 4.826666831970215 0.5670139789581299
v 0.6484670042991638 5.099999904632568 0.5670139789581299
v 0.6484670042991638 4.826666831970215 0.5670139789581299
v 0.6381120085716248 5.099999904632568 0.5590680241584778
v 0.6381120085716248 5.099999904632568 0.5590680241584778
v 0.6484670042991638 4.826666831970215 0.5670139789581299
v 0.6381120085716248 4.826666831970215 0.5590680241584778
v 0.6381120085716248 5.099999904632568 0.5590680241584778
v 0.6381120085716248 4.826666831970215 0.5590680241584778
v 0.6301659941673279 5.099999904632568 0.5487120151519775
v 0.6301659941673279 5.099999904632568 0.5487120151519775
v 0.6381120085716248 4.826666831970215 0.5590680241584778
v 0.6301659941673279 4.826666831970215 0.5487120151519775
v 0.6301659941673279 5.099999904632568 0.5487120151519775
v 0.6301659941673279 4.826666831970215 0.5487120151519775
v 0.6251710057258606 5.099999904632568 0.5366529822349548
v 0.6251710057258606 5.099999904632568 0.5366529822349548
v 0.6301659941673279 4.826666831970215 0.5487120151519775
v 0.6251710057258606 4.826666831970215 0.5366529822349548
v 0.6234670281410217 4.553332805633545 0.5237119793891907
v 0.6234670281410217 4.826666831970215 0.5237119793891907
v 0.6251710057258606 4.553332805633545 0.5366529822349548
v 0.6251710057258606 4.553332805633545 0.5366529822349548
v 0.6234670281410217 4.826666831970215 0.5237119793891907
v 0.6251710057258606 4.826666831970215 0.5366529822349548
v 0.6251710057258606 4.553332805633545 0.5366529822349548
v 0.6251710057258606 4.826666831970215 0.5366529822349548
v 0.6301659941673279 4.553332805633545 0.5487120151519775
v 0.6301659941673279 4.553332805633545 0.5487120151519775
v 0.6251710057258606 4.826666831970215 0.5366529822349548
v 0.6301659941673279 4.826666831970215 0.5487120151519775
v 0.6301659941673279 4.553332805633545 0.5487120151519775
v 0.6301659941673279 4.826666831970215 0.5487120151519775
v 0.6381120085716248 4.553332805633545 0.5590680241584778
v 0.6381120085716248 4.553332805633545 0.5590680241584778
v 0.6301659941673279 4.826666831970215 0.5487120151519775
v 0.6381120085716248 4.826666831970215 0.5590680241584778
v 0.6381120085716248 4.553332805633545 0.5590680241584778
v 0.6381120085716248 4.826666831970215 0.5590680241584778
v 0.6484670042991638 4.553332805633545 0.5670139789581299
v 0.6484670042991638 4.553332805633545 0.5670139789581299
v 0.6381120085716248 4.826666831970215 0.5590680241584778
v 0.6484670042991638 4.826666831970215 0.5670139789581299
v 0.6484670042991638 4.553332805633545 0.5670139789581299
v 0.6484670042991638 4.826666831970215 0.5670139789581299
v 0.6605259776115417 4.553332805633545 0.5720090270042419
v 0.6605259776115417 4.553332805633545 0.5720090270042419
v 0.6484670042991638 4.826666831970215 0.5670139789581299
v 0.6605259776115417 4.826666831970215 0.5720090270042419
v 0.6605259776115417 4.553332805633545 0.5720090270042419
v 0.6605259776115417 4.826666831970215 0.5720090270042419
v 0.6734669804573059 4.553332805633545 0.5737119913101196
v 0.6734669804573059 4.553332805633545 0.5737119913101196
v 0.6605259776115417 4.826666831970215 0.5720090270042419
v 0.6734669804573059 4.826666831970215 0.5737119913101196
v 0.6734669804573059 4.553332805633545 0.5737119913101196
v 0.6734669804573059 4.826666831970215 0.5737119913101196
v 0.6864079833030701 4.553332805633545 0.5720090270042419
v 0.6864079833030701 4.553332805633545 0.5720090270042419
v 0.6734669804573059 4.826666831970215 0.5737119913101196
v 0.6864079833030701 4.826666831970215 0.5720090270042419
v 0.6864079833030701 4.553332805633545 0.5720090270042419
v 0.6864079833030701 4.826666831970215 0.5720090270042419
v 0.6984670162200928 4.553332805633545 0.5670139789581299
v 0.6984670162200928 4.553332805633545 0.5670139789581299
v 0.6864079833030701 4.826666831970215 0.5720090270042419
v 0.6984670162200928 4.826666831970215 0.5670139789581299
v 0.6984670162200928 4.553332805633545 0.5670139789581299
v 0.6984670162200928 4.826666831970215 0.5670139789581299
v 0.7088220119476318 4.553332805633545 0.5590680241584778
v 0.7088220119476318 4.553332805633545 0.5590680241584778
v 0.6984670162200928 4.826666831970215 0.5670139789581299
v 0.7088220119476318 4.826666831970215 0.5590680241584778
v 0.7088220119476318 4.553332805633545 0.5590680241584778
v 0.7088220119476318 4.826666831970215 0.5590680241584778
v 0.7167680263519287 4.553332805633545 0.5487120151519775
v 0.7167680263519287 4.553332805633545 0.5487120151519775
v 0.7088220119476318 4.826666831970215 0.5590680241584778
v 0.7167680263519287 4.826666831970215 0.5487120151519775
v 0.7167680263519287 4.553332805633545 0.5487120151519775
v 0.7167680263519287 4.826666831970215 0.5487120151519775
v 0.721763014793396 4.553332805633545 0.5366529822349548
v 0.721763014793396 4.553332805633545 0.5366529822349548
v 0.7167680263519287 4.826666831970215 0.5487120151519775
v 0.721763014793396 4.826666831970215 0.5366529822349548
v 0.721763014793396 4.553332805633545 0.5366529822349548
v 0.721763014793396 4.826666831970215 0.5366529822349548
v 0.7234669923782349 4.553332805633545 0.5237119793891907
v 0.7234669923782349 4.553332805633545 0.5237119793891907
v 0.721763014793396 4.826666831970215 0.5366529822349548
v 0.7234669923782349 4.826666831970215 0.5237119793891907
v 0.7234669923782349 4.553332805633545 0.5237119793891907
v 0.7234669923782349 4.826666831970215 0.5237119793891907
v 0.721763014793396 4.553332805633545 0.5107719898223877
v 0.721763014793396 4.553332805633545 0.5107719898223877
v 0.7234669923782349 4.826666831970215 0.5237119793891907
v 0.721763014793396 4.826666831970215 0.5107719898223877
v 0.721763014793396 4.553332805633545 0.5107719898223877
v 0.721763014793396 4.826666831970215 0.5107719898223877
v 0.7167680263519287 4.553332805633545 0.4987120032310486
v 0.7167680263519287 4.553332805633545 0.4987120032310486
v 0.721763014793396 4.826666831970215 0.5107719898223877
v 0.7167680263519287 4.826666831970215 0.4987120032310486
v 0.7167680263519287 4.553332805633545 0.4987120032310486
v 0.7167680263519287 4.826666831970215 0.4987120032310486
v 0.7088220119476318 4.553332805633545 0.4883570075035095
v 0.7088220119476318 4.553332805633545 0.4883570075035095
v 0.7167680263519287 4.826666831970215 0.4987120032310486
v 0.7088220119476318 4.826666831970215 0.4883570075035095
v 0.7088220119476318 4.553332805633545 0.4883570075035095
v 0.7088220119476318 4.826666831970215 0.4883570075035095
v 0.6984670162200928 4.553332805633545 0.48041099309921265
v 0.6984670162200928 4.553332805633545 0.48041099309921265
v 0.7088220119476318 4.826666831970215 0.4883570075035095
v 0.6984670162200928 4.826666831970215 0.48041099309921265
v 0.6984670162200928 4.553332805633545 0.48041099309921265
v 0.6984670162200928 4.826666831970215 0.48041099309921265
v 0.6864079833030701 4.553332805633545 0.47541600465774536
v 0.6864079833030701 4.553332805633545 0.47541600465774536
v 0.6984670162200928 4.826666831970215 0.48041099309921265
v 0.6864079833030701 4.826666831970215 0.47541600465774536
v 0.6864079833030701 4.553332805633545 0.47541600465774536
v 0.6864079833030701 4.826666831970215 0.47541600465774536
v 0.6734669804573059 4.553332805633545 0.4737119972705841
v 0.6734669804573059 4.553332805633545 0.4737119972705841
v 0.6864079833030701 4.826666831970215 0.47541600465774536
v 0.6734669804573059 4.826666831970215 0.4737119972705841
v 0.6734669804573059 4.553332805633545 0.4737119972705841
v 0.6734669804573059 4.826666831970215 0.4737119972705841
v 0.6605259776115417 4.553332805633545 0.47541600465774536
v 0.6605259776115417 4.553332805633545 0.47541600465774536
v 0.6734669804573059 4.826666831970215 0.4737119972705841
v 0.6605259776115417 4.826666831970215 0.47541600465774536
v 0.6605259776115417 4.553332805633545 0.47541600465774536
v 0.6605259776115417 4.826666831970215 0.47541600465774536
v 0.6484670042991638 4.553332805633545 0.48041099309921265
v 0.6484670042991638 4.553332805633545 0.48041099309921265
v 0.6605259776115417 4.826666831970215 0.47541600465774536
v 0.6484670042991638 4.826666831970215 0.48041099309921265
v 0.6484670042991638 4.553332805633545 0.48041099309921265
v 0.6484670042991638 4.826666831970215 0.48041099309921265
v 0.6381120085716248 4.553332805633545 0.4883570075035095
v 0.6381120085716248 4.553332805633545 0.4883570075035095
v 0.6484670042991638 4.826666831970215 0.48041099309921265
v 0.6381120085716248 4.826666831970215 0.4883570075035095
v 0.6381120085716248 4.553332805633545 0.4883570075035095
v 0.6381120085716248 4.826666831970215 0.4883570075035095
v 0.6301659941673279 4.553332805633545 0.4987120032310486
v 0.6301659941673279 4.553332805633545 0.4987120032310486
v 0.6381120085716248 4.826666831970215 0.4883570075035095
v 0.6301659941673279 4.826666831970215 0.4987120032310486
v 0.6301659941673279 4.553332805633545 0.4987120032310486
v 0.6301659941673279 4.826666831970215 0.4987120032310486
v 0.6251710057258606 4.553332805633545 0.5107719898223877
v 0.6251710057258606 4.553332805633545 0.5107719898223877
v 0.6301659941673279 4.826666831970215 0.4987120032310486
v 0.6251710057258606 4.826666831970215 0.5107719898223877
v 0.6251710057258606 4.553332805633545 0.5107719898223877
v 0.6251710057258606 4.826666831970215 0.5107719898223877
v 0.6234670281410217 4.553332805633545 0.5237119793891907
v 0.6234670281410217 4.553332805633545 0.5237119793891907
v 0.6251710057258606 4.826666831970215 0.5107719898223877
v 0.6234670281410217 4.826666831970215 0.5237119793891907
v 0.23631499707698822 4.28000020980835 0.7635279893875122
v 0.23631499707698822 4.553332805633545 0.7635279893875122
v 0.23461100459098816 4.28000020980835 0.7764689922332764
v 0.23461100459098816 4.28000020980835 0.7764689922332764
v 0.23631499707698822 4.553332805633545 0.7635279893875122
v 0.23461100459098816 4.553332805633545 0.7764689922332764
v 0.23461100459098816 4.28000020980835 0.7764689922332764
v 0.23461100459098816 4.553332805633545 0.7764689922332764
v 0.23631499707698822 4.28000020980835 0.7894099950790405
v 0.23631499707698822 4.28000020980835 0.7894099950790405
v 0.23461100459098816 4.553332805633545 0.7764689922332764
v 0.23631499707698822 4.553332805633545 0.7894099950790405
v 0.23631499707698822 4.28000020980835 0.7894099950790405
v 0.23631499707698822 4.553332805633545 0.7894099950790405
v 0.2413100004196167 4.28000020980835 0.8014690279960632
v 0.2413100004196167 4.28000020980835 0.8014690279960632
v 0.23631499707698822 4.553332805633545 0.7894099950790405
v 0.2413100004196167 4.553332805633545 0.8014690279960632
v 0.2413100004196167 4.28000020980835 0.8014690279960632
v 0.2413100004196167 4.553332805633545 0.8014690279960632
v 0.24925599992275238 4.28000020980835 0.8118240237236023
v 0.24925599992275238 4.28000020980835 0.8118240237236023
v 0.2413100004196167 4.553332805633545 0.8014690279960632
v 0.24925599992275238 4.553332805633545 0.8118240237236023
v 0.24925599992275238 4.28000020980835 0.8118240237236023
v 0.24925599992275238 4.553332805633545 0.8118240237236023
v 0.25961101055145264 4.28000020980835 0.8197699785232544
v 0.25961101055145264 4.28000020980835 0.8197699785232544
v 0.24925599992275238 4.553332805633545 0.8118240237236023
v 0.25961101055145264 4.553332805633545 0.8197699785232544
v 0.25961101055145264 4.28000020980835 0.8197699785232544
v 0.25961101055145264 4.553332805633545 0.8197699785232544
v 0.27167001366615295 4.28000020980835 0.8247650265693665
v 0.27167001366615295 4.28000020980835 0.8247650265693665
v 0.25961101055145264 4.553332805633545 0.8197699785232544
v 0.27167001366615295 4.553332805633545 0.8247650265693665
v 0.27167001366615295 4.28000020980835 0.8247650265693665
v 0.27167001366615295 4.553332805633545 0.8247650265693665
v 0.2846109867095947 4.28000020980835 0.8264690041542053
v 0.2846109867095947 4.28000020980835 0.8264690041542053
v 0.27167001366615295 4.553332805633545 0.8247650265693665
v 0.2846109867095947 4.553332805633545 0.8264690041542053
v 0.2846109867095947 4.28000020980835 0.8264690041542053
v 0.2846109867095947 4.553332805633545 0.8264690041542053
v 0.2975519895553589 4.28000020980835 0.8247650265693665
v 0.2975519895553589 4.28000020980835 0.8247650265693665
v 0.2846109867095947 4.553332805633545 0.8264690041542053
v 0.2975519895553589 4.553332805633545 0.8247650265693665
v 0.2975519895553589 4.28000020980835 0.8247650265693665
v 0.2975519895553589 4.553332805633545 0.8247650265693665
v 0.3096109926700592 4.28000020980835 0.8197699785232544
v 0.3096109926700592 4.28000020980835 0.8197699785232544
v 0.2975519895553589 4.553332805633545 0.8247650265693665
v 0.3096109926700592 4.553332805633545 0.8197699785232544
v 0.3096109926700592 4.28000020980835 0.8197699785232544
v 0.3096109926700592 4.553332805633545 0.8197699785232544
v 0.31996598839759827 4.28000020980835 0.8118240237236023
v 0.31996598839759827 4.28000020980835 0.8118240237236023
v 0.3096109926700592 4.553332805633545 0.8197699785232544
v 0.31996598839759827 4.553332805633545 0.8118240237236023
v 0.31996598839759827 4.28000020980835 0.8118240237236023
v 0.31996598839759827 4.553332805633545 0.8118240237236023
v 0.32791200280189514 4.28000020980835 0.8014690279960632
v 0.32791200280189514 4.28000020980835 0.8014690279960632
v 0.31996598839759827 4.553332805633545 0.8118240237236023
v 0.32791200280189514 4.553332805633545 0.8014690279960632
v 0.32791200280189514 4.28000020980835 0.8014690279960632
v 0.32791200280189514 4.553332805633545 0.8014690279960632
v 0.3329069912433624 4.28000020980835 0.7894099950790405
v 0.3329069912433624 4.28000020980835 0.7894099950790405
v 0.32791200280189514 4.553332805633545 0.8014690279960632
v 0.3329069912433624 4.553332805633545 0.7894099950790405
v 0.3329069912433624 4.28000020980835 0.7894099950790405
v 0.3329069912433624 4.553332805633545 0.7894099950790405
v 0.3346109986305237 4.28000020980835 0.7764689922332764
v 0.3346109986305237 4.28000020980835 0.7764689922332764
v 0.3329069912433624 4.553332805633545 0.7894099950790405
v 0.3346109986305237 4.553332805633545 0.7764689922332764
v 0.3346109986305237 4.28000020980835 0.7764689922332764
v 0.3346109986305237 4.553332805633545 0.7764689922332764
v 0.3329069912433624 4.28000020980835 0.7635279893875122
v 0.3329069912433624 4.28000020980835 0.7635279893875122
v 0.3346109986305237 4.553332805633545 0.7764689922332764
v 0.3329069912433624 4.553332805633545 0.7635279893875122
v 0.3329069912433624 4.28000020980835 0.7635279893875122
v 0.3329069912433624 4.553332805633545 0.7635279893875122
v 0.32791200280189514 4.28000020980835 0.7514690160751343
v 0.32791200280189514 4.28000020980835 0.7514690160751343
v 0.3329069912433624 4.553332805633545 0.7635279893875122
v 0.32791200280189514 4.553332805633545 0.7514690160751343
v 0.32791200280189514 4.28000020980835 0.7514690160751343
v 0.32791200280189514 4.553332805633545 0.7514690160751343
v 0.31996598839759827 4.28000020980835 0.7411140203475952
v 0.31996598839759827 4.28000020980835 0.7411140203475952
v 0.32791200280189514 4.553332805633545 0.7514690160751343
v 0.31996598839759827 4.553332805633545 0.7411140203475952
v 0.31996598839759827 4.28000020980835 0.7411140203475952
v 0.31996598839759827 4.553332805633545 0.7411140203475952
v 0.3096109926700592 4.28000020980835 0.7331680059432983
v 0.3096109926700592 4.28000020980835 0.7331680059432983
v 0.31996598839759827 4.553332805633545 0.7411140203475952
v 0.3096109926700592 4.553332805633545 0.7331680059432983
v 0.3096109926700592 4.28000020980835 0.7331680059432983
v 0.3096109926700592 4.553332805633545 0.7331680059432983
v 0.2975519895553589 4.28000020980835 0.728173017501831
v 0.2975519895553589 4.28000020980835 0.728173017501831
v 0.3096109926700592 4.553332805633545 0.7331680059432983
v 0.2975519895553589 4.553332805633545 0.728173017501831
v 0.2975519895553589 4.28000020980835 0.728173017501831
v 0.2975519895553589 4.553332805633545 0.728173017501831
v 0.2846109867095947 4.28000020980835 0.7264689803123474
v 0.2846109867095947 4.28000020980835 0.7264689803123474
v 0.2975519895553589 4.553332805633545 0.728173017501831
v 0.2846109867095947 4.553332805633545 0.7264689803123474
v 0.2846109867095947 4.28000020980835 0.7264689803123474
v 0.2846109867095947 4.553332805633545 0.7264689803123474
v 0.27167001366615295 4.28000020980835 0.728173017501831
v 0.27167001366615295 4.28000020980835 0.728173017501831
v 0.2846109867095947 4.553332805633545 0.7264689803123474
v 0.27167001366615295 4.553332805633545 0.728173017501831
v 0.27167001366615295 4.28000020980835 0.728173017501831
v 0.27167001366615295 4.553332805633545 0.728173017501831
v 0.25961101055145264 4.28000020980835 0.7331680059432983
v 0.25961101055145264 4.28000020980835 0.7331680059432983
v 0.27167001366615295 4.553332805633545 0.728173017501831
v 0.25961101055145264 4.553332805633545 0.7331680059432983
v 0.25961101055145264 4.28000020980835 0.7331680059432983
v 0.25961101055145264 4.553332805633545 0.7331680059432983
v 0.24925599992275238 4.28000020980835 0.7411140203475952
v 0.24925599992275238 4.28000020980835 0.7411140203475952
v 0.25961101055145264 4.553332805633545 0.7331680059432983
v 0.24925599992275238 4.553332805633545 0.7411140203475952
v 0.24925599992275238 4.28000020980835 0.7411140203475952
v 0.24925599992275238 4.553332805633545 0.7411140203475952
v 0.2413100004196167 4.28000020980835 0.7514690160751343
v 0.2413100004196167 4.28000020980835 0.7514690160751343
v 0.24925599992275238 4.553332805633545 0.7411140203475952
v 0.2413100004196167 4.553332805633545 0.7514690160751343
v 0.2413100004196167 4.28000020980835 0.7514690160751343
v 0.2413100004196167 4.553332805633545 0.7514690160751343
v 0.23631499707698822 4.28000020980835 0.7635279893875122
v 0.23631499707698822 4.28000020980835 0.7635279893875122
v 0.2413100004196167 4.553332805633545 0.7514690160751343
v 0.23631499707698822 4.553332805633545 0.7635279893875122
v 0.23631499707698822 5.099999904632568 0.7894099950790405
v 0.23631499707698822 4.826666831970215 0.7894099950790405
v 0.23461100459098816 5.099999904632568 0.7764689922332764
v 0.23461100459098816 5.099999904632568 0.7764689922332764
v 0.23631499707698822 4.826666831970215 0.7894099950790405
v 0.23461100459098816 4.826666831970215 0.7764689922332764
v 0.23461100459098816 5.099999904632568 0.7764689922332764
v 0.23461100459098816 4.826666831970215 0.7764689922332764
v 0.23631499707698822 5.099999904632568 0.7635279893875122
v 0.23631499707698822 5.099999904632568 0.7635279893875122
v 0.23461100459098816 4.826666831970215 0.7764689922332764
v 0.23631499707698822 4.826666831970215 0.7635279893875122
v 0.23631499707698822 5.099999904632568 0.7635279893875122
v 0.23631499707698822 4.826666831970215 0.7635279893875122
v 0.2413100004196167 5.099999904632568 0.7514690160751343
v 0.2413100004196167 5.099999904632568 0.7514690160751343
v 0.23631499707698822 4.826666831970215 0.7635279893875122
v 0.2413100004196167 4.826666831970215 0.7514690160751343
v 0.2413100004196167 5.099999904632568 0.7514690160751343
v 0.2413100004196167 4.826666831970215 0.7514690160751343
v 0.24925599992275238 5.099999904632568 0.7411140203475952
v 0.24925599992275238 5.099999904632568 0.7411140203475952
v 0.2413100004196167 4.826666831970215 0.7514690160751343
v 0.24925599992275238 4.826666831970215 0.7411140203475952
v 0.24925599992275238 5.099999904632568 0.7411140203475952
v 0.24925599992275238 4.826666831970215 0.7411140203475952
v 0.25961101055145264 5.099999904632568 0.7331680059432983
v 0.25961101055145264 5.099999904632568 0.7331680059432983
v 0.24925599992275238 4.826666831970215 0.7411140203475952
v 0.25961101055145264 4.826666831970215 0.7331680059432983
v 0.25961101055145264 5.099999904632568 0.7331680059432983
v 0.25961101055145264 4.826666831970215 0.7331680059432983
v 0.27167001366615295 5.099999904632568 0.728173017501831
v 0.27167001366615295 5.099999904632568 0.728173017501831
v 0.25961101055145264 4.826666831970215 0.7331680059432983
v 0.27167001366615295 4.826666831970215 0.728173017501831
v 0.27167001366615295 5.099999904632568 0.728173017501831
v 0.27167001366615295 4.826666831970215 0.728173017501831
v 0.2846109867095947 5.099999904632568 0.7264689803123474
v 0.2846109867095947 5.099999904632568 0.7264689803123474
v 0.27167001366615295 4.826666831970215 0.728173017501831
v 0.2846109867095947 4.826666831970215 0.7264689803123474
v 0.2846109867095947 5.099999904632568 0.7264689803123474
v 0.2846109867095947 4.826666831970215 0.7264689803123474
v 0.2975519895553589 5.099999904632568 0.728173017501831
v 0.2975519895553589 5.099999904632568 0.728173017501831
v 0.2846109867095947 4.826666831970215 0.7264689803123474
v 0.2975519895553589 4.826666831970215 0.728173017501831
v 0.2975519895553589 5.099999904632568 0.728173017501831
v 0.2975519895553589 4.826666831970215 0.728173017501831
v 0.3096109926700592 5.099999904632568 0.7331680059432983
v 0.3096109926700592 5.099999904632568 0.7331680059432983
v 0.2975519895553589 4.826666831970215 0.728173017501831
v 0.3096109926700592 4.826666831970215 0.7331680059432983
v 0.3096109926700592 5.099999904632568 0.7331680059432983
v 0.3096109926700592 4.826666831970215 0.7331680059432983
v 0.31996598839759827 5.099999904632568 0.7411140203475952
v 0.31996598839759827 5.099999904632568 0.7411140203475952
v 0.3096109926700592 4.826666831970215 0.7331680059432983
v 0.31996598839759827 4.826666831970215 0.7411140203475952
v 0.31996598839759827 5.099999904632568 0.7411140203475952
v 0.31996598839759827 4.826666831970215 0.7411140203475952
v 0.32791200280189514 5.099999904632568 0.7514690160751343
v 0.32791200280189514 5.099999904632568 0.7514690160751343
v 0.31996598839759827 4.826666831970215 0.7411140203475952
v 0.32791200280189514 4.826666831970215 0.7514690160751343
v 0.32791200280189514 5.099999904632568 0.7514690160751343
v 0.32791200280189514 4.826666831970215 0.7514690160751343
v 0.3329069912433624 5.099999904632568 0.7635279893875122
v 0.3329069912433624 5.099999904632568 0.7635279893875122
v 0.32791200280189514 4.826666831970215 0.7514690160751343
v 0.3329069912433624 4.826666831970215 0.7635279893875122
v 0.3329069912433624 5.099999904632568 0.7635279893875122
v 0.3329069912433624 4.826666831970215 0.7635279893875122
v 0.3346109986305237 5.099999904632568 0.7764689922332764
v 0.3346109986305237 5.099999904632568 0.7764689922332764
v 0.3329069912433624 4.826666831970215 0.7635279893875122
v 0.3346109986305237 4.826666831970215 0.7764689922332764
v 0.3346109986305237 5.099999904632568 0.7764689922332764
v 0.3346109986305237 4.826666831970215 0.7764689922332764
v 0.3329069912433624 5.099999904632568 0.7894099950790405
v 0.3329069912433624 5.099999904632568 0.7894099950790405
v 0.3346109986305237 4.826666831970215 0.7764689922332764
v 0.3329069912433624 4.826666831970215 0.7894099950790405
v 0.3329069912433624 5.099999904632568 0.7894099950790405
v 0.3329069912433624 4.826666831970215 0.7894099950790405
v 0.32791200280189514 5.099999904632568 0.8014690279960632
v 0.32791200280189514 5.099999904632568 0.8014690279960632
v 0.3329069912433624 4.826666831970215 0.7894099950790405
v 0.32791200280189514 4.826666831970215 0.8014690279960632
v 0.32791200280189514 5.099999904632568 0.8014690279960632
v 0.32791200280189514 4.826666831970215 0.8014690279960632
v 0.31996598839759827 5.099999904632568 0.8118240237236023
v 0.31996598839759827 5.099999904632568 0.8118240237236023
v 0.32791200280189514 4.826666831970215 0.8014690279960632
v 0.31996598839759827 4.826666831970215 0.8118240237236023
v 0.31996598839759827 5.099999904632568 0.8118240237236023
v 0.31996598839759827 4.826666831970215 0.8118240237236023
v 0.3096109926700592 5.099999904632568 0.8197699785232544
v 0.3096109926700592 5.099999904632568 0.8197699785232544
v 0.31996598839759827 4.826666831970215 0.8118240237236023
v 0.3096109926700592 4.826666831970215 0.8197699785232544
v 0.3096109926700592 5.099999904632568 0.8197699785232544
v 0.3096109926700592 4.826666831970215 0.8197699785232544
v 0.2975519895553589 5.099999904632568 0.8247650265693665
v 0.2975519895553589 5.099999904632568 0.8247650265693665
v 0.3096109926700592 4.826666831970215 0.8197699785232544
v 0.2975519895553589 4.826666831970215 0.8247650265693665
v 0.2975519895553589 5.099999904632568 0.8247650265693665
v 0.2975519895553589 4.826666831970215 0.8247650265693665
v 0.2846109867095947 5.099999904632568 0.8264690041542053
v 0.2846109867095947 5.099999904632568 0.8264690041542053
v 0.2975519895553589 4.826666831970215 0.8247650265693665
v 0.2846109867095947 4.826666831970215 0.8264690041542053
v 0.2846109867095947 5.099999904632568 0.8264690041542053
v 0.2846109867095947 4.826666831970215 0.8264690041542053
v 0.27167001366615295 5.099999904632568 0.8247650265693665
v 0.27167001366615295 5.099999904632568 0.8247650265693665
v 0.2846109867095947 4.826666831970215 0.8264690041542053
v 0.27167001366615295 4.826666831970215 0.8247650265693665
v 0.27167001366615295 5.099999904632568 0.8247650265693665
v 0.27167001366615295 4.826666831970215 0.8247650265693665
v 0.25961101055145264 5.099999904632568 0.8197699785232544
v 0.25961101055145264 5.099999904632568 0.8197699785232544
v 0.27167001366615295 4.826666831970215 0.8247650265693665
v 0.25961101055145264 4.826666831970215 0.8197699785232544
v 0.25961101055145264 5.099999904632568 0.8197699785232544
v 0.25961101055145264 4.826666831970215 0.8197699785232544
v 0.24925599992275238 5.099999904632568 0.8118240237236023
v 0.24925599992275238 5.099999904632568 0.8118240237236023
v 0.25961101055145264 4.826666831970215 0.8197699785232544
v 0.24925599992275238 4.826666831970215 0.8118240237236023
v 0.24925599992275238 5.099999904632568 0.8118240237236023
v 0.24925599992275238 4.826666831970215 0.8118240237236023
v 0.2413100004196167 5.099999904632568 0.8014690279960632
v 0.2413100004196167 5.099999904632568 0.8014690279960632
v 0.24925599992275238 4.826666831970215 0.8118240237236023
v 0.2413100004196167 4.826666831970215 0.8014690279960632
v 0.2413100004196167 5.099999904632568 0.8014690279960632
v 0.2413100004196167 4.826666831970215 0.8014690279960632
v 0.23631499707698822 5.099999904632568 0.7894099950790405
v 0.23631499707698822 5.099999904632568 0.7894099950790405
v 0.2413100004196167 4.826666831970215 0.8014690279960632
v 0.23631499707698822 4.826666831970215 0.7894099950790405
v 0.23461100459098816 4.553332805633545 0.7764689922332764
v 0.23461100459098816 4.826666831970215 0.7764689922332764
v 0.23631499707698822 4.553332805633545 0.7894099950790405
v 0.23631499707698822 4.553332805633545 0.7894099950790405
v 0.23461100459098816 4.826666831970215 0.7764689922332764
v 0.23631499707698822 4.826666831970215 0.7894099950790405
v 0.23631499707698822 4.553332805633545 0.7894099950790405
v 0.23631499707698822 4.826666831970215 0.7894099950790405
v 0.2413100004196167 4.553332805633545 0.8014690279960632
v 0.2413100004196167 4.553332805633545 0.8014690279960632
v 0.23631499707698822 4.826666831970215 0.7894099950790405
v 0.2413100004196167 4.826666831970215 0.8014690279960632
v 0.2413100004196167 4.553332805633545 0.8014690279960632
v 0.2413100004196167 4.826666831970215 0.8014690279960632
v 0.24925599992275238 4.553332805633545 0.8118240237236023
v 0.24925599992275238 4.553332805633545 0.8118240237236023
v 0.2413100004196167 4.826666831970215 0.8014690279960632
v 0.24925599992275238 4.826666831970215 0.8118240237236023
v 0.24925599992275238 4.553332805633545 0.8118240237236023
v 0.24925599992275238 4.826666831970215 0.8118240237236023
v 0.25961101055145264 4.553332805633545 0.8197699785232544
v 0.25961101055145264 4.553332805633545 0.8197699785232544
v 0.24925599992275238 4.826666831970215 0.8118240237236023
v 0.25961101055145264 4.826666831970215 0.8197699785232544
v 0.25961101055145264 4.553332805633545 0.8197699785232544
v 0.25961101055145264 4.826666831970215 0.8197699785232544
v 0.27167001366615295 4.553332805633545 0.8247650265693665
v 0.27167001366615295 4.553332805633545 0.8247650265693665
v 0.25961101055145264 4.826666831970215 0.8197699785232544
v 0.27167001366615295 4.826666831970215 0.8247650265693665
v 0.27167001366615295 4.553332805633545 0.8247650265693665
v 0.27167001366615295 4.826666831970215 0.8247650265693665
v 0.2846109867095947 4.553332805633545 0.8264690041542053
v 0.2846109867095947 4.553332805633545 0.8264690041542053
v 0.27167001366615295 4.826666831970215 0.8247650265693665
v 0.2846109867095947 4.826666831970215 0.8264690041542053
v 0.2846109867095947 4.553332805633545 0.8264690041542053
v 0.2846109867095947 4.826666831970215 0.8264690041542053
v 0.2975519895553589 4.553332805633545 0.8247650265693665
v 0.2975519895553589 4.553332805633545 0.8247650265693665
v 0.2846109867095947 4.826666831970215 0.8264690041542053
v 0.2975519895553589 4.826666831970215 0.8247650265693665
v 0.2975519895553589 4.553332805633545 0.8247650265693665
v 0.2975519895553589 4.826666831970215 0.8247650265693665
v 0.3096109926700592 4.553332805633545 0.8197699785232544
v 0.3096109926700592 4.553332805633545 0.8197699785232544
v 0.2975519895553589 4.826666831970215 0.8247650265693665
v 0.3096109926700592 4.826666831970215 0.8197699785232544
v 0.3096109926700592 4.553332805633545 0.8197699785232544
v 0.3096109926700592 4.826666831970215 0.8197699785232544
v 0.31996598839759827 4.553332805633545 0.8118240237236023
v 0.31996598839759827 4.553332805633545 0.8118240237236023
v 0.3096109926700592 4.826666831970215 0.8197699785232544
v 0.31996598839759827 4.826666831970215 0.8118240237236023
v 0.31996598839759827 4.553332805633545 0.8118240237236023
v 0.31996598839759827 4.826666831970215 0.8118240237236023
v 0.32791200280189514 4.553332805633545 0.8014690279960632
v 0.32791200280189514 4.553332805633545 0.8014690279960632
v 0.31996598839759827 4.826666831970215 0.8118240237236023
v 0.32791200280189514 4.826666831970215 0.8014690279960632
v 0.32791200280189514 4.553332805633545 0.8014690279960632
v 0.32791200280189514 4.826666831970215 0.8014690279960632
v 0.3329069912433624 4.553332805633545 0.7894099950790405
v 0.3329069912433624 4.553332805633545 0.7894099950790405
v 0.32791200280189514 4.826666831970215 0.8014690279960632
v 0.3329069912433624 4.826666831970215 0.7894099950790405
v 0.3329069912433624 4.553332805633545 0.7894099950790405
v 0.3329069912433624 4.826666831970215 0.7894099950790405
v 0.3346109986305237 4.553332805633545 0.7764689922332764
v 0.3346109986305237 4.553332805633545 0.7764689922332764
v 0.3329069912433624 4.826666831970215 0.7894099950790405
v 0.3346109986305237 4.826666831970215 0.7764689922332764
v 0.3346109986305237 4.553332805633545 0.7764689922332764
v 0.3346109986305237 4.826666831970215 0.7764689922332764
v 0.3329069912433624 4.553332805633545 0.7635279893875122
v 0.3329069912433624 4.553332805633545 0.7635279893875122
v 0.3346109986305237 4.826666831970215 0.7764689922332764
v 0.3329069912433624 4.826666831970215 0.7635279893875122
v 0.3329069912433624 4.553332805633545 0.7635279893875122
v 0.3329069912433624 4.826666831970215 0.7635279893875122
v 0.32791200280189514 4.553332805633545 0.7514690160751343
v 0.32791200280189514 4.553332805633545 0.7514690160751343
v 0.3329069912433624 4.826666831970215 0.7635279893875122
v 0.32791200280189514 4.826666831970215 0.7514690160751343
v 0.32791200280189514 4.553332805633545 0.7514690160751343
v 0.32791200280189514 4.826666831970215 0.7514690160751343
v 0.31996598839759827 4.553332805633545 0.7411140203475952
v 0.31996598839759827 4.553332805633545 0.7411140203475952
v 0.32791200280189514 4.826666831970215 0.7514690160751343
v 0.31996598839759827 4.826666831970215 0.7411140203475952
v 0.31996598839759827 4.553332805633545 0.7411140203475952
v 0.31996598839759827 4.826666831970215 0.7411140203475952
v 0.3096109926700592 4.553332805633545 0.7331680059432983
v 0.3096109926700592 4.553332805633545 0.7331680059432983
v 0.31996598839759827 4.826666831970215 0.7411140203475952
v 0.3096109926700592 4.826666831970215 0.7331680059432983
v 0.3096109926700592 4.553332805633545 0.7331680059432983
v 0.3096109926700592 4.826666831970215 0.7331680059432983
v 0.2975519895553589 4.553332805633545 0.728173017501831
v 0.2975519895553589 4.553332805633545 0.728173017501831
v 0.3096109926700592 4.826666831970215 0.7331680059432983
v 0.2975519895553589 4.826666831970215 0.728173017501831
v 0.2975519895553589 4.553332805633545 0.728173017501831
v 0.2975519895553589 4.826666831970215 0.728173017501831
v 0.2846109867095947 4.553332805633545 0.7264689803123474
v 0.2846109867095947 4.553332805633545 0.7264689803123474
v 0.2975519895553589 4.826666831970215 0.728173017501831
v 0.2846109867095947 4.826666831970215 0.7264689803123474
v 0.2846109867095947 4.553332805633545 0.7264689803123474
v 0.2846109867095947 4.826666831970215 0.7264689803123474
v 0.27167001366615295 4.553332805633545 0.728173017501831
v 0.27167001366615295 4.553332805633545 0.728173017501831
v 0.2846109867095947 4.826666831970215 0.7264689803123474
v 0.27167001366615295 4.826666831970215 0.728173017501831
v 0.27167001366615295 4.553332805633545 0.728173017501831
v 0.27167001366615295 4.826666831970215 0.728173017501831
v 0.25961101055145264 4.553332805633545 0.7331680059432983
v 0.25961101055145264 4.553332805633545 0.7331680059432983
v 0.27167001366615295 4.826666831970215 0.728173017501831
v 0.25961101055145264 4.826666831970215 0.7331680059432983
v 0.25961101055145264 4.553332805633545 0.7331680059432983
v 0.25961101055145264 4.826666831970215 0.7331680059432983
v 0.24925599992275238 4.553332805633545 0.7411140203475952
v 0.24925599992275238 4.553332805633545 0.7411140203475952
v 0.25961101055145264 4.826666831970215 0.7331680059432983
v 0.24925599992275238 4.826666831970215 0.7411140203475952
v 0.24925599992275238 4.553332805633545 0.7411140203475952
v 0.24925599992275238 4.826666831970215 0.7411140203475952
v 0.2413100004196167 4.553332805633545 0.7514690160751343
v 0.2413100004196167 4.553332805633545 0.7514690160751343
v 0.24925599992275238 4.826666831970215 0.7411140203475952
v 0.2413100004196167 4.826666831970215 0.7514690160751343
v 0.2413100004196167 4.553332805633545 0.7514690160751343
v 0.2413100004196167 4.826666831970215 0.7514690160751343
v 0.23631499707698822 4.553332805633545 0.7635279893875122
v 0.23631499707698822 4.553332805633545 0.7635279893875122
v 0.2413100004196167 4.826666831970215 0.7514690160751343
v 0.23631499707698822 4.826666831970215 0.7635279893875122
v 0.23631499707698822 4.553332805633545 0.7635279893875122
v 0.23631499707698822 4.826666831970215 0.7635279893875122
v 0.23461100459098816 4.553332805633545 0.7764689922332764
v 0.23461100459098816 4.553332805633545 0.7764689922332764
v 0.23631499707698822 4.826666831970215 0.7635279893875122
v 0.23461100459098816 4.826666831970215 0.7764689922332764
v 0.925000011920929 5.099999904632568 0.30058199167251587
v 0.925000011920929 5.099999904632568 0.002409999957308173
v 0.925000011920929 4.599999904632568 0.30058199167251587
v 0.925000011920929 4.599999904632568 0.30058199167251587
v 0.925000011920929 5.099999904632568 0.002409999957308173
v 0.925000011920929 4.599999904632568 0.002409999957308173
v 0.25 0.5 -0.699999988079071
v 1.149999976158142 4.300000190734863 -1.934999942779541
v 1.1452629566192627 4.28000020980835 -1.7182029485702515
v 1.1452629566192627 4.28000020980835 -1.7182029485702515
v 1.149999976158142 4.300000190734863 -1.934999942779541
v 1.149999976158142 4.300000190734863 1.934999942779541
v 1.1452629566192627 4.28000020980835 -1.7182029485702515
v 1.149999976158142 4.300000190734863 1.934999942779541
v 1.1452629566192627 4.28000020980835 1.7182029485702515
v 1.1452629566192627 4.28000020980835 1.7182029485702515
v 1.149999976158142 4.300000190734863 1.934999942779541
v 0.25 0.5 0.699999988079071
v 1.1452629566192627 4.28000020980835 1.7182029485702515
v 0.25 0.5 0.699999988079071
v 0.13157899677753448 0 0.32720300555229187
v 0.13157899677753448 0 0.32720300555229187
v 0.25 0.5 0.699999988079071
v 0.13157899677753448 0 0.9365109801292419
v 0.13157899677753448 0 0.9365109801292419
v 0.25 0.5 0.699999988079071
v 0.25 0.5 1.099010944366455
v 1.1452629566192627 4.28000020980835 -1.7182029485702515
v 0.13157899677753448 0 -0.32720300555229187
v 0.25 0.5 -0.699999988079071
v 0.25 0.5 -0.699999988079071
v 0.13157899677753448 0 -0.32720300555229187
v 0.13157899677753448 0 -0.9365109801292419
v 0.25 0.5 -0.699999988079071
v 0.13157899677753448 0 -0.9365109801292419
v 0.25 0.5 -1.099010944366455
v 1.1452629566192627 4.28000020980835 1.7182029485702515
v 0.7234669923782349 4.28000020980835 0.10627199709415436
v 1.1452629566192627 4.28000020980835 -1.7182029485702515
v 1.1452629566192627 4.28000020980835 -1.7182029485702515
v 0.7234669923782349 4.28000020980835 0.10627199709415436
v 0.721763014793396 4.28000020980835 0.0933310016989708
v 1.1452629566192627 4.28000020980835 -1.7182029485702515
v 0.721763014793396 4.28000020980835 0.0933310016989708
v 0.7167680263519287 4.28000020980835 0.08127199858427048
v 0 4.28000020980835 1.7182029485702515
v 0.6605259776115417 4.28000020980835 0.9894490242004395
v 1.1452629566192627 4.28000020980835 1.7182029485702515
v 1.1452629566192627 4.28000020980835 1.7182029485702515
v 0.6605259776115417 4.28000020980835 0.9894490242004395
v 0.6734669804573059 4.28000020980835 0.9911530017852783
v 1.1452629566192627 4.28000020980835 1.7182029485702515
v 0.6734669804573059 4.28000020980835 0.9911530017852783
v 0.6864079833030701 4.28000020980835 0.9894490242004395
v 0 4.28000020980835 -1.7182029485702515
v 0.23461100459098816 4.28000020980835 0.35902899503707886
v 0 4.28000020980835 1.7182029485702515
v 0 4.28000020980835 1.7182029485702515
v 0.23461100459098816 4.28000020980835 0.35902899503707886
v 0.23461100459098816 4.28000020980835 0.7764689922332764
v 0 4.28000020980835 1.7182029485702515
v 0.23461100459098816 4.28000020980835 0.7764689922332764
v 0.23631499707698822 4.28000020980835 0.7894099950790405
v 1.1452629566192627 4.28000020980835 -1.7182029485702515
v 0.6484670042991638 4.28000020980835 0.06297100335359573
v 0 4.28000020980835 -1.7182029485702515
v 0 4.28000020980835 -1.7182029485702515
v 0.6484670042991638 4.28000020980835 0.06297100335359573
v 0.6381120085716248 4.28000020980835 0.07091700285673141
v 0 4.28000020980835 -1.7182029485702515
v 0.6381120085716248 4.28000020980835 0.07091700285673141
v 0.6301659941673279 4.28000020980835 0.08127199858427048
v 0.6251710057258606 4.28000020980835 0.11921299993991852
v 0.3346109986305237 4.28000020980835 0.35902899503707886
v 0.6234670281410217 4.28000020980835 0.10627199709415436
v 0.6234670281410217 4.28000020980835 0.10627199709415436
v 0.3346109986305237 4.28000020980835 0.35902899503707886
v 0.3329069912433624 4.28000020980835 0.3460879921913147
v 0.6234670281410217 4.28000020980835 0.10627199709415436
v 0.3329069912433624 4.28000020980835 0.3460879921913147
v 0.32791200280189514 4.28000020980835 0.3340289890766144
v 0.6301659941673279 4.28000020980835 0.13127200305461884
v 0.6301659941673279 4.28000020980835 0.4987120032310486
v 0.6251710057258606 4.28000020980835 0.11921299993991852
v 0.6251710057258606 4.28000020980835 0.11921299993991852
v 0.6301659941673279 4.28000020980835 0.4987120032310486
v 0.6251710057258606 4.28000020980835 0.5107719898223877
v 0.6251710057258606 4.28000020980835 0.11921299993991852
v 0.6251710057258606 4.28000020980835 0.5107719898223877
v 0.3346109986305237 4.28000020980835 0.35902899503707886
v 0.3346109986305237 4.28000020980835 0.35902899503707886
v 0.6251710057258606 4.28000020980835 0.5107719898223877
v 0.6234670281410217 4.28000020980835 0.5237119793891907
v 0.3346109986305237 4.28000020980835 0.35902899503707886
v 0.6234670281410217 4.28000020980835 0.5237119793891907
v 0.3329069912433624 4.28000020980835 0.371969997882843
v 0.3329069912433624 4.28000020980835 0.371969997882843
v 0.6234670281410217 4.28000020980835 0.5237119793891907
v 0.3329069912433624 4.28000020980835 0.7635279893875122
v 0.3329069912433624 4.28000020980835 0.371969997882843
v 0.3329069912433624 4.28000020980835 0.7635279893875122
v 0.32791200280189514 4.28000020980835 0.7514690160751343
v 0.6301659941673279 4.28000020980835 0.4987120032310486
v 0.6301659941673279 4.28000020980835 0.13127200305461884
v 0.6381120085716248 4.28000020980835 0.4883570075035095
v 0.6381120085716248 4.28000020980835 0.4883570075035095
v 0.6301659941673279 4.28000020980835 0.13127200305461884
v 0.6381120085716248 4.28000020980835 0.14162799715995789
v 0.6381120085716248 4.28000020980835 0.4883570075035095
v 0.6381120085716248 4.28000020980835 0.14162799715995789
v 0.6484670042991638 4.28000020980835 0.48041099309921265
v 0.6484670042991638 4.28000020980835 0.48041099309921265
v 0.6381120085716248 4.28000020980835 0.14162799715995789
v 0.6484670042991638 4.28000020980835 0.14957399666309357
v 0.6484670042991638 4.28000020980835 0.48041099309921265
v 0.6484670042991638 4.28000020980835 0.14957399666309357
v 0.6605259776115417 4.28000020980835 0.47541600465774536
v 0.6605259776115417 4.28000020980835 0.47541600465774536
v 0.6484670042991638 4.28000020980835 0.14957399666309357
v 0.6605259776115417 4.28000020980835 0.15456900000572205
v 0.6605259776115417 4.28000020980835 0.47541600465774536
v 0.6605259776115417 4.28000020980835 0.15456900000572205
v 0.6734669804573059 4.28000020980835 0.4737119972705841
v 0.6734669804573059 4.28000020980835 0.4737119972705841
v 0.6605259776115417 4.28000020980835 0.15456900000572205
v 0.6734669804573059 4.28000020980835 0.15627199411392212
v 0.6734669804573059 4.28000020980835 0.4737119972705841
v 0.6734669804573059 4.28000020980835 0.15627199411392212
v 0.6864079833030701 4.28000020980835 0.47541600465774536
v 0.6864079833030701 4.28000020980835 0.47541600465774536
v 0.6734669804573059 4.28000020980835 0.15627199411392212
v 0.6864079833030701 4.28000020980835 0.15456900000572205
v 0.6864079833030701 4.28000020980835 0.47541600465774536
v 0.6864079833030701 4.28000020980835 0.15456900000572205
v 0.6984670162200928 4.28000020980835 0.48041099309921265
v 0.6984670162200928 4.28000020980835 0.48041099309921265
v 0.6864079833030701 4.28000020980835 0.15456900000572205
v 0.6984670162200928 4.28000020980835 0.14957399666309357
v 0.6984670162200928 4.28000020980835 0.48041099309921265
v 0.6984670162200928 4.28000020980835 0.14957399666309357
v 0.7088220119476318 4.28000020980835 0.4883570075035095
v 0.7088220119476318 4.28000020980835 0.4883570075035095
v 0.6984670162200928 4.28000020980835 0.14957399666309357
v 0.7088220119476318 4.28000020980835 0.14162799715995789
v 0.7088220119476318 4.28000020980835 0.4883570075035095
v 0.7088220119476318 4.28000020980835 0.14162799715995789
v 0.7167680263519287 4.28000020980835 0.4987120032310486
v 0.7167680263519287 4.28000020980835 0.4987120032310486
v 0.7088220119476318 4.28000020980835 0.14162799715995789
v 0.7167680263519287 4.28000020980835 0.13127200305461884
v 0.7167680263519287 4.28000020980835 0.4987120032310486
v 0.7167680263519287 4.28000020980835 0.13127200305461884
v 0.721763014793396 4.28000020980835 0.5107719898223877
v 0.721763014793396 4.28000020980835 0.5107719898223877
v 0.7167680263519287 4.28000020980835 0.13127200305461884
v 0.721763014793396 4.28000020980835 0.11921299993991852
v 0.721763014793396 4.28000020980835 0.5107719898223877
v 0.721763014793396 4.28000020980835 0.11921299993991852
v 0.7234669923782349 4.28000020980835 0.10627199709415436
v 0.7167680263519287 4.28000020980835 0.08127199858427048
v 0.7088220119476318 4.28000020980835 0.07091700285673141
v 1.1452629566192627 4.28000020980835 -1.7182029485702515
v 1.1452629566192627 4.28000020980835 -1.7182029485702515
v 0.7088220119476318 4.28000020980835 0.07091700285673141
v 0.6984670162200928 4.28000020980835 0.06297100335359573
v 1.1452629566192627 4.28000020980835 -1.7182029485702515
v 0.6984670162200928 4.28000020980835 0.06297100335359573
v 0.6864079833030701 4.28000020980835 0.057976000010967255
v 0.6864079833030701 4.28000020980835 0.057976000010967255
v 0.6734669804573059 4.28000020980835 0.0562720000743866
v 1.1452629566192627 4.28000020980835 -1.7182029485702515
v 1.1452629566192627 4.28000020980835 -1.7182029485702515
v 0.6734669804573059 4.28000020980835 0.0562720000743866
v 0.6605259776115417 4.28000020980835 0.057976000010967255
v 1.1452629566192627 4.28000020980835 -1.7182029485702515
v 0.6605259776115417 4.28000020980835 0.057976000010967255
v 0.6484670042991638 4.28000020980835 0.06297100335359573
v 0 4.28000020980835 -1.7182029485702515
v 0.6301659941673279 4.28000020980835 0.08127199858427048
v 0.3096109926700592 4.28000020980835 0.31572800874710083
v 0.3096109926700592 4.28000020980835 0.31572800874710083
v 0.6301659941673279 4.28000020980835 0.08127199858427048
v 0.6251710057258606 4.28000020980835 0.0933310016989708
v 0.3096109926700592 4.28000020980835 0.31572800874710083
v 0.6251710057258606 4.28000020980835 0.0933310016989708
v 0.31996598839759827 4.28000020980835 0.3236730098724365
v 0.31996598839759827 4.28000020980835 0.3236730098724365
v 0.6251710057258606 4.28000020980835 0.0933310016989708
v 0.32791200280189514 4.28000020980835 0.3340289890766144
v 0.32791200280189514 4.28000020980835 0.3340289890766144
v 0.6251710057258606 4.28000020980835 0.0933310016989708
v 0.6234670281410217 4.28000020980835 0.10627199709415436
v 0.23461100459098816 4.28000020980835 0.7764689922332764
v 0.23461100459098816 4.28000020980835 0.35902899503707886
v 0.23631499707698822 4.28000020980835 0.7635279893875122
v 0.23631499707698822 4.28000020980835 0.7635279893875122
v 0.23461100459098816 4.28000020980835 0.35902899503707886
v 0.23631499707698822 4.28000020980835 0.371969997882843
v 0.23631499707698822 4.28000020980835 0.7635279893875122
v 0.23631499707698822 4.28000020980835 0.371969997882843
v 0.2413100004196167 4.28000020980835 0.38402900099754333
v 0.23631499707698822 4.28000020980835 0.7635279893875122
v 0.2413100004196167 4.28000020980835 0.38402900099754333
v 0.2413100004196167 4.28000020980835 0.7514690160751343
v 0.2413100004196167 4.28000020980835 0.7514690160751343
v 0.2413100004196167 4.28000020980835 0.38402900099754333
v 0.24925599992275238 4.28000020980835 0.3943839967250824
v 0.2413100004196167 4.28000020980835 0.7514690160751343
v 0.24925599992275238 4.28000020980835 0.3943839967250824
v 0.24925599992275238 4.28000020980835 0.7411140203475952
v 0.24925599992275238 4.28000020980835 0.7411140203475952
v 0.24925599992275238 4.28000020980835 0.3943839967250824
v 0.25961101055145264 4.28000020980835 0.4023300111293793
v 0.24925599992275238 4.28000020980835 0.7411140203475952
v 0.25961101055145264 4.28000020980835 0.4023300111293793
v 0.25961101055145264 4.28000020980835 0.7331680059432983
v 0.25961101055145264 4.28000020980835 0.7331680059432983
v 0.25961101055145264 4.28000020980835 0.4023300111293793
v 0.27167001366615295 4.28000020980835 0.40732499957084656
v 0.25961101055145264 4.28000020980835 0.7331680059432983
v 0.27167001366615295 4.28000020980835 0.40732499957084656
v 0.27167001366615295 4.28000020980835 0.728173017501831
v 0.27167001366615295 4.28000020980835 0.728173017501831
v 0.27167001366615295 4.28000020980835 0.40732499957084656
v 0.2846109867095947 4.28000020980835 0.4090290069580078
v 0.27167001366615295 4.28000020980835 0.728173017501831
v 0.2846109867095947 4.28000020980835 0.4090290069580078
v 0.2846109867095947 4.28000020980835 0.7264689803123474
v 0.2846109867095947 4.28000020980835 0.7264689803123474
v 0.2846109867095947 4.28000020980835 0.4090290069580078
v 0.2975519895553589 4.28000020980835 0.40732499957084656
v 0.2846109867095947 4.28000020980835 0.7264689803123474
v 0.2975519895553589 4.28000020980835 0.40732499957084656
v 0.2975519895553589 4.28000020980835 0.728173017501831
v 0.2975519895553589 4.28000020980835 0.728173017501831
v 0.2975519895553589 4.28000020980835 0.40732499957084656
v 0.3096109926700592 4.28000020980835 0.4023300111293793
v 0.2975519895553589 4.28000020980835 0.728173017501831
v 0.3096109926700592 4.28000020980835 0.4023300111293793
v 0.3096109926700592 4.28000020980835 0.7331680059432983
v 0.3096109926700592 4.28000020980835 0.7331680059432983
v 0.3096109926700592 4.28000020980835 0.4023300111293793
v 0.31996598839759827 4.28000020980835 0.3943839967250824
v 0.3096109926700592 4.28000020980835 0.7331680059432983
v 0.31996598839759827 4.28000020980835 0.3943839967250824
v 0.31996598839759827 4.28000020980835 0.7411140203475952
v 0.31996598839759827 4.28000020980835 0.7411140203475952
v 0.31996598839759827 4.28000020980835 0.3943839967250824
v 0.32791200280189514 4.28000020980835 0.38402900099754333
v 0.31996598839759827 4.28000020980835 0.7411140203475952
v 0.32791200280189514 4.28000020980835 0.38402900099754333
v 0.32791200280189514 4.28000020980835 0.7514690160751343
v 0.32791200280189514 4.28000020980835 0.7514690160751343
v 0.32791200280189514 4.28000020980835 0.38402900099754333
v 0.3329069912433624 4.28000020980835 0.371969997882843
v 0.3096109926700592 4.28000020980835 0.31572800874710083
v 0.2975519895553589 4.28000020980835 0.31073200702667236
v 0 4.28000020980835 -1.7182029485702515
v 0 4.28000020980835 -1.7182029485702515
v 0.2975519895553589 4.28000020980835 0.31073200702667236
v 0.2846109867095947 4.28000020980835 0.3090290129184723
v 0 4.28000020980835 -1.7182029485702515
v 0.2846109867095947 4.28000020980835 0.3090290129184723
v 0.27167001366615295 4.28000020980835 0.31073200702667236
v 0.27167001366615295 4.28000020980835 0.31073200702667236
v 0.25961101055145264 4.28000020980835 0.31572800874710083
v 0 4.28000020980835 -1.7182029485702515
v 0 4.28000020980835 -1.7182029485702515
v 0.25961101055145264 4.28000020980835 0.31572800874710083
v 0.24925599992275238 4.28000020980835 0.3236730098724365
v 0 4.28000020980835 -1.7182029485702515
v 0.24925599992275238 4.28000020980835 0.3236730098724365
v 0.2413100004196167 4.28000020980835 0.3340289890766144
v 0.2413100004196167 4.28000020980835 0.3340289890766144
v 0.23631499707698822 4.28000020980835 0.3460879921913147
v 0 4.28000020980835 -1.7182029485702515
v 0 4.28000020980835 -1.7182029485702515
v 0.23631499707698822 4.28000020980835 0.3460879921913147
v 0.23461100459098816 4.28000020980835 0.35902899503707886
v 0.6251710057258606 4.28000020980835 0.9540939927101135
v 0.3329069912433624 4.28000020980835 0.7894099950790405
v 0.6234670281410217 4.28000020980835 0.9411529898643494
v 0.6234670281410217 4.28000020980835 0.9411529898643494
v 0.3329069912433624 4.28000020980835 0.7894099950790405
v 0.3346109986305237 4.28000020980835 0.7764689922332764
v 0.6234670281410217 4.28000020980835 0.9411529898643494
v 0.3346109986305237 4.28000020980835 0.7764689922332764
v 0.6251710057258606 4.28000020980835 0.9282119870185852
v 0.6251710057258606 4.28000020980835 0.9282119870185852
v 0.3346109986305237 4.28000020980835 0.7764689922332764
v 0.6251710057258606 4.28000020980835 0.5366529822349548
v 0.6251710057258606 4.28000020980835 0.9282119870185852
v 0.6251710057258606 4.28000020980835 0.5366529822349548
v 0.6301659941673279 4.28000020980835 0.9161530137062073
v 0.6301659941673279 4.28000020980835 0.9161530137062073
v 0.6251710057258606 4.28000020980835 0.5366529822349548
v 0.6301659941673279 4.28000020980835 0.5487120151519775
v 0.6301659941673279 4.28000020980835 0.9161530137062073
v 0.6301659941673279 4.28000020980835 0.5487120151519775
v 0.6381120085716248 4.28000020980835 0.905797004699707
v 0.6381120085716248 4.28000020980835 0.905797004699707
v 0.6301659941673279 4.28000020980835 0.5487120151519775
v 0.6381120085716248 4.28000020980835 0.5590680241584778
v 0.6381120085716248 4.28000020980835 0.905797004699707
v 0.6381120085716248 4.28000020980835 0.5590680241584778
v 0.6484670042991638 4.28000020980835 0.8978509902954102
v 0.6484670042991638 4.28000020980835 0.8978509902954102
v 0.6381120085716248 4.28000020980835 0.5590680241584778
v 0.6484670042991638 4.28000020980835 0.5670139789581299
v 0.6484670042991638 4.28000020980835 0.8978509902954102
v 0.6484670042991638 4.28000020980835 0.5670139789581299
v 0.6605259776115417 4.28000020980835 0.8928560018539429
v 0.6605259776115417 4.28000020980835 0.8928560018539429
v 0.6484670042991638 4.28000020980835 0.5670139789581299
v 0.6605259776115417 4.28000020980835 0.5720090270042419
v 0.6605259776115417 4.28000020980835 0.8928560018539429
v 0.6605259776115417 4.28000020980835 0.5720090270042419
v 0.6734669804573059 4.28000020980835 0.8911529779434204
v 0.6734669804573059 4.28000020980835 0.8911529779434204
v 0.6605259776115417 4.28000020980835 0.5720090270042419
v 0.6734669804573059 4.28000020980835 0.5737119913101196
v 0.6734669804573059 4.28000020980835 0.8911529779434204
v 0.6734669804573059 4.28000020980835 0.5737119913101196
v 0.6864079833030701 4.28000020980835 0.8928560018539429
v 0.6864079833030701 4.28000020980835 0.8928560018539429
v 0.6734669804573059 4.28000020980835 0.5737119913101196
v 0.6864079833030701 4.28000020980835 0.5720090270042419
v 0.6864079833030701 4.28000020980835 0.8928560018539429
v 0.6864079833030701 4.28000020980835 0.5720090270042419
v 0.6984670162200928 4.28000020980835 0.8978509902954102
v 0.6984670162200928 4.28000020980835 0.8978509902954102
v 0.6864079833030701 4.28000020980835 0.5720090270042419
v 0.6984670162200928 4.28000020980835 0.5670139789581299
v 0.6984670162200928 4.28000020980835 0.8978509902954102
v 0.6984670162200928 4.28000020980835 0.5670139789581299
v 0.7088220119476318 4.28000020980835 0.905797004699707
v 0.7088220119476318 4.28000020980835 0.905797004699707
v 0.6984670162200928 4.28000020980835 0.5670139789581299
v 0.7088220119476318 4.28000020980835 0.5590680241584778
v 0.7088220119476318 4.28000020980835 0.905797004699707
v 0.7088220119476318 4.28000020980835 0.5590680241584778
v 0.7167680263519287 4.28000020980835 0.9161530137062073
v 0.7167680263519287 4.28000020980835 0.9161530137062073
v 0.7088220119476318 4.28000020980835 0.5590680241584778
v 0.7167680263519287 4.28000020980835 0.5487120151519775
v 0.7167680263519287 4.28000020980835 0.9161530137062073
v 0.7167680263519287 4.28000020980835 0.5487120151519775
v 0.721763014793396 4.28000020980835 0.5366529822349548
v 0.6301659941673279 4.28000020980835 0.9661530256271362
v 0.31996598839759827 4.28000020980835 0.8118240237236023
v 0.6251710057258606 4.28000020980835 0.9540939927101135
v 0.6251710057258606 4.28000020980835 0.9540939927101135
v 0.31996598839759827 4.28000020980835 0.8118240237236023
v 0.32791200280189514 4.28000020980835 0.8014690279960632
v 0.6251710057258606 4.28000020980835 0.9540939927101135
v 0.32791200280189514 4.28000020980835 0.8014690279960632
v 0.3329069912433624 4.28000020980835 0.7894099950790405
v 0.6381120085716248 4.28000020980835 0.9765080213546753
v 0 4.28000020980835 1.7182029485702515
v 0.6301659941673279 4.28000020980835 0.9661530256271362
v 0.6301659941673279 4.28000020980835 0.9661530256271362
v 0 4.28000020980835 1.7182029485702515
v 0.3096109926700592 4.28000020980835 0.8197699785232544
v 0.6301659941673279 4.28000020980835 0.9661530256271362
v 0.3096109926700592 4.28000020980835 0.8197699785232544
v 0.31996598839759827 4.28000020980835 0.8118240237236023
v 0.6381120085716248 4.28000020980835 0.9765080213546753
v 0.6484670042991638 4.28000020980835 0.9844539761543274
v 0 4.28000020980835 1.7182029485702515
v 0 4.28000020980835 1.7182029485702515
v 0.6484670042991638 4.28000020980835 0.9844539761543274
v 0.6605259776115417 4.28000020980835 0.9894490242004395
v 0.6864079833030701 4.28000020980835 0.9894490242004395
v 0.6984670162200928 4.28000020980835 0.9844539761543274
v 1.1452629566192627 4.28000020980835 1.7182029485702515
v 1.1452629566192627 4.28000020980835 1.7182029485702515
v 0.6984670162200928 4.28000020980835 0.9844539761543274
v 0.7088220119476318 4.28000020980835 0.9765080213546753
v 1.1452629566192627 4.28000020980835 1.7182029485702515
v 0.7088220119476318 4.28000020980835 0.9765080213546753
v 0.7167680263519287 4.28000020980835 0.9661530256271362
v 0.7167680263519287 4.28000020980835 0.9661530256271362
v 0.721763014793396 4.28000020980835 0.9540939927101135
v 1.1452629566192627 4.28000020980835 1.7182029485702515
v 1.1452629566192627 4.28000020980835 1.7182029485702515
v 0.721763014793396 4.28000020980835 0.9540939927101135
v 0.7234669923782349 4.28000020980835 0.9411529898643494
v 1.1452629566192627 4.28000020980835 1.7182029485702515
v 0.7234669923782349 4.28000020980835 0.9411529898643494
v 0.7234669923782349 4.28000020980835 0.5237119793891907
v 0.7234669923782349 4.28000020980835 0.5237119793891907
v 0.7234669923782349 4.28000020980835 0.9411529898643494
v 0.721763014793396 4.28000020980835 0.9282119870185852
v 0.7234669923782349 4.28000020980835 0.5237119793891907
v 0.721763014793396 4.28000020980835 0.9282119870185852
v 0.721763014793396 4.28000020980835 0.5366529822349548
v 0.721763014793396 4.28000020980835 0.5366529822349548
v 0.721763014793396 4.28000020980835 0.9282119870185852
v 0.7167680263519287 4.28000020980835 0.9161530137062073
v 0.3329069912433624 4.28000020980835 0.7635279893875122
v 0.6234670281410217 4.28000020980835 0.5237119793891907
v 0.3346109986305237 4.28000020980835 0.7764689922332764
v 0.3346109986305237 4.28000020980835 0.7764689922332764
v 0.6234670281410217 4.28000020980835 0.5237119793891907
v 0.6251710057258606 4.28000020980835 0.5366529822349548
v 1.1452629566192627 4.28000020980835 1.7182029485702515
v 0.7234669923782349 4.28000020980835 0.5237119793891907
v 0.7234669923782349 4.28000020980835 0.10627199709415436
v 0.7234669923782349 4.28000020980835 0.10627199709415436
v 0.7234669923782349 4.28000020980835 0.5237119793891907
v 0.721763014793396 4.28000020980835 0.5107719898223877
v 0.23631499707698822 4.28000020980835 0.7894099950790405
v 0.2413100004196167 4.28000020980835 0.8014690279960632
v 0 4.28000020980835 1.7182029485702515
v 0 4.28000020980835 1.7182029485702515
v 0.2413100004196167 4.28000020980835 0.8014690279960632
v 0.24925599992275238 4.28000020980835 0.8118240237236023
v 0 4.28000020980835 1.7182029485702515
v 0.24925599992275238 4.28000020980835 0.8118240237236023
v 0.25961101055145264 4.28000020980835 0.8197699785232544
v 0.25961101055145264 4.28000020980835 0.8197699785232544
v 0.27167001366615295 4.28000020980835 0.8247650265693665
v 0 4.28000020980835 1.7182029485702515
v 0 4.28000020980835 1.7182029485702515
v 0.27167001366615295 4.28000020980835 0.8247650265693665
v 0.2846109867095947 4.28000020980835 0.8264690041542053
v 0 4.28000020980835 1.7182029485702515
v 0.2846109867095947 4.28000020980835 0.8264690041542053
v 0.2975519895553589 4.28000020980835 0.8247650265693665
v 0.2975519895553589 4.28000020980835 0.8247650265693665
v 0.3096109926700592 4.28000020980835 0.8197699785232544
v 0 4.28000020980835 1.7182029485702515
v 1.1452629566192627 4.28000020980835 -1.7182029485702515
v 0 4.28000020980835 -1.7182029485702515
v 0.13157899677753448 0 -0.32720300555229187
v 0.13157899677753448 0 -0.32720300555229187
v 0 4.28000020980835 -1.7182029485702515
v 0 0 -0.32720300555229187
v 0 4.28000020980835 1.7182029485702515
v 0 3.9137380123138428 0.36801400780677795
v 0 4.28000020980835 -1.7182029485702515
v 0 4.28000020980835 -1.7182029485702515
v 0 3.9137380123138428 0.36801400780677795
v 0 3.9129691123962402 -0.597419023513794
v 0 4.28000020980835 -1.7182029485702515
v 0 3.9129691123962402 -0.597419023513794
v 0 3.9128029346466064 -0.8069850206375122
v 0 0 0.32720300555229187
v 0 3.1021549701690674 1.0377930402755737
v 0 4.28000020980835 1.7182029485702515
v 0 4.28000020980835 1.7182029485702515
v 0 3.1021549701690674 1.0377930402755737
v 0 3.9141039848327637 0.8275799751281738
v 0 4.28000020980835 1.7182029485702515
v 0 3.9141039848327637 0.8275799751281738
v 0 3.9139370918273926 0.6180139780044556
v 0 0 -0.32720300555229187
v 0 3.101020097732544 -0.38720598816871643
v 0 0 0.32720300555229187
v 0 0 0.32720300555229187
v 0 3.101020097732544 -0.38720598816871643
v 0 3.1846110820770264 -0.04006600007414818
v 0 0 0.32720300555229187
v 0 3.1846110820770264 -0.04006600007414818
v 0 3.1882190704345703 0.04736800119280815
v 0 4.28000020980835 -1.7182029485702515
v 0 3.100653886795044 -0.8467720150947571
v 0 0 -0.32720300555229187
v 0 0 -0.32720300555229187
v 0 3.100653886795044 -0.8467720150947571
v 0 3.100821018218994 -0.6372060179710388
v 0 0 -0.32720300555229187
v 0 3.100821018218994 -0.6372060179710388
v 0 3.1008529663085938 -0.5967730283737183
v 0 3.1008529663085938 -0.5967730283737183
v 0 3.100821018218994 -0.6372060179710388
v 0 3.9128029346466064 -0.8069850206375122
v 0 3.9128029346466064 -0.8069850206375122
v 0 3.100821018218994 -0.6372060179710388
v 0 3.9127700328826904 -0.847419023513794
v 0 3.9128029346466064 -0.8069850206375122
v 0 3.9127700328826904 -0.847419023513794
v 0 4.28000020980835 -1.7182029485702515
v 0 4.28000020980835 -1.7182029485702515
v 0 3.9127700328826904 -0.847419023513794
v 0 3.9126029014587402 -1.0569850206375122
v 0 4.28000020980835 -1.7182029485702515
v 0 3.9126029014587402 -1.0569850206375122
v 0 3.100653886795044 -0.8467720150947571
v 0 3.6136629581451416 -0.14465799927711487
v 0 3.4386610984802246 -0.16737499833106995
v 0 3.5758450031280518 -0.16748400032520294
v 0 3.5758450031280518 -0.16748400032520294
v 0 3.4386610984802246 -0.16737499833106995
v 0 3.4385170936584473 -0.3480840027332306
v 0 3.5758450031280518 -0.16748400032520294
v 0 3.4385170936584473 -0.3480840027332306
v 0 3.575701951980591 -0.3481929898262024
v 0 3.575701951980591 -0.3481929898262024
v 0 3.4385170936584473 -0.3480840027332306
v 0 3.9129691123962402 -0.597419023513794
v 0 3.575701951980591 -0.3481929898262024
v 0 3.9129691123962402 -0.597419023513794
v 0 3.6532459259033203 -0.31901100277900696
v 0 3.6532459259033203 -0.31901100277900696
v 0 3.9129691123962402 -0.597419023513794
v 0 3.7213850021362305 -0.26998600363731384
v 0 3.7213850021362305 -0.26998600363731384
v 0 3.9129691123962402 -0.597419023513794
v 0 3.7757229804992676 -0.2042810022830963
v 0 3.7757229804992676 -0.2042810022830963
v 0 3.9129691123962402 -0.597419023513794
v 0 3.8127570152282715 -0.126132994890213
v 0 3.8127570152282715 -0.126132994890213
v 0 3.9129691123962402 -0.597419023513794
v 0 3.830099105834961 -0.04058000072836876
v 0 3.830099105834961 -0.04058000072836876
v 0 3.9129691123962402 -0.597419023513794
v 0 3.9137380123138428 0.36801400780677795
v 0 3.830099105834961 -0.04058000072836876
v 0 3.9137380123138428 0.36801400780677795
v 0 3.826630115509033 0.046859998255968094
v 0 3.826630115509033 0.046859998255968094
v 0 3.9137380123138428 0.36801400780677795
v 0 3.8025729656219482 0.13054800033569336
v 0 3.8025729656219482 0.13054800033569336
v 0 3.9137380123138428 0.36801400780677795
v 0 3.759481906890869 0.2050890028476715
v 0 3.759481906890869 0.2050890028476715
v 0 3.9137380123138428 0.36801400780677795
v 0 3.7001330852508545 0.26567500829696655
v 0 3.7001330852508545 0.26567500829696655
v 0 3.9137380123138428 0.36801400780677795
v 0 3.628354072570801 0.3084000051021576
v 0 3.628354072570801 0.3084000051021576
v 0 3.9137380123138428 0.36801400780677795
v 0 3.5487749576568604 0.3305070102214813
v 0 3.5487749576568604 0.3305070102214813
v 0 3.9137380123138428 0.36801400780677795
v 0 3.1017889976501465 0.5782269835472107
v 0 3.5487749576568604 0.3305070102214813
v 0 3.1017889976501465 0.5782269835472107
v 0 3.466525077819824 0.3305729925632477
v 0 3.466525077819824 0.3305729925632477
v 0 3.1017889976501465 0.5782269835472107
v 0 3.386910915374756 0.3085919916629791
v 0 3.386910915374756 0.3085919916629791
v 0 3.1017889976501465 0.5782269835472107
v 0 3.315063953399658 0.2659820020198822
v 0 3.315063953399658 0.2659820020198822
v 0 3.1017889976501465 0.5782269835472107
v 0 3.2556190490722656 0.20548999309539795
v 0 3.2556190490722656 0.20548999309539795
v 0 3.1017889976501465 0.5782269835472107
v 0 3.2124080657958984 0.1310179978609085
v 0 3.2124080657958984 0.1310179978609085
v 0 3.1017889976501465 0.5782269835472107
v 0 3.1882190704345703 0.04736800119280815
v 0 3.1882190704345703 0.04736800119280815
v 0 3.1017889976501465 0.5782269835472107
v 0 0 0.32720300555229187
v 0 3.4386610984802246 -0.16737499833106995
v 0 3.6136629581451416 -0.14465799927711487
v 0 3.400881052017212 -0.14448800683021545
v 0 3.400881052017212 -0.14448800683021545
v 0 3.6136629581451416 -0.14465799927711487
v 0 3.644347906112671 -0.11288300156593323
v 0 3.400881052017212 -0.14448800683021545
v 0 3.644347906112671 -0.11288300156593323
v 0 3.370245933532715 -0.11266499757766724
v 0 3.370245933532715 -0.11266499757766724
v 0 3.644347906112671 -0.11288300156593323
v 0 3.665842056274414 -0.07429300248622894
v 0 3.370245933532715 -0.11266499757766724
v 0 3.665842056274414 -0.07429300248622894
v 0 3.348814010620117 -0.07404100149869919
v 0 3.348814010620117 -0.07404100149869919
v 0 3.665842056274414 -0.07429300248622894
v 0 3.6767020225524902 -0.03147700056433678
v 0 3.348814010620117 -0.07404100149869919
v 0 3.6767020225524902 -0.03147700056433678
v 0 3.3380210399627686 -0.031207000836730003
v 0 3.3380210399627686 -0.031207000836730003
v 0 3.6767020225524902 -0.03147700056433678
v 0 3.6761999130249023 0.01269300002604723
v 0 3.3380210399627686 -0.031207000836730003
v 0 3.6761999130249023 0.01269300002604723
v 0 3.3385939598083496 0.01296200044453144
v 0 3.3385939598083496 0.01296200044453144
v 0 3.6761999130249023 0.01269300002604723
v 0 3.664370059967041 0.055250998586416245
v 0 3.3385939598083496 0.01296200044453144
v 0 3.664370059967041 0.055250998586416245
v 0 3.350492000579834 0.055500999093055725
v 0 3.350492000579834 0.055500999093055725
v 0 3.664370059967041 0.055250998586416245
v 0 3.64200496673584 0.09334299713373184
v 0 3.350492000579834 0.055500999093055725
v 0 3.64200496673584 0.09334299713373184
v 0 3.372917890548706 0.09355700016021729
v 0 3.372917890548706 0.09355700016021729
v 0 3.64200496673584 0.09334299713373184
v 0 3.6106059551239014 0.12441200017929077
v 0 3.372917890548706 0.09355700016021729
v 0 3.6106059551239014 0.12441200017929077
v 0 3.4043660163879395 0.12457600235939026
v 0 3.4043660163879395 0.12457600235939026
v 0 3.6106059551239014 0.12441200017929077
v 0 3.572279930114746 0.14637400209903717
v 0 3.4043660163879395 0.12457600235939026
v 0 3.572279930114746 0.14637400209903717
v 0 3.4427270889282227 0.14647699892520905
v 0 3.4427270889282227 0.14647699892520905
v 0 3.572279930114746 0.14637400209903717
v 0 3.5295989513397217 0.15775400400161743
v 0 3.4427270889282227 0.14647699892520905
v 0 3.5295989513397217 0.15775400400161743
v 0 3.4854259490966797 0.15778900682926178
v 0 3.9129691123962402 -0.597419023513794
v 0 3.4385170936584473 -0.3480840027332306
v 0 3.101020097732544 -0.38720598816871643
v 0 3.101020097732544 -0.38720598816871643
v 0 3.4385170936584473 -0.3480840027332306
v 0 3.3610188961029053 -0.31877800822257996
v 0 3.101020097732544 -0.38720598816871643
v 0 3.3610188961029053 -0.31877800822257996
v 0 3.292958974838257 -0.26964500546455383
v 0 3.292958974838257 -0.26964500546455383
v 0 3.238724946975708 -0.20385399460792542
v 0 3.101020097732544 -0.38720598816871643
v 0 3.101020097732544 -0.38720598816871643
v 0 3.238724946975708 -0.20385399460792542
v 0 3.2018160820007324 -0.12564699351787567
v 0 3.101020097732544 -0.38720598816871643
v 0 3.2018160820007324 -0.12564699351787567
v 0 3.1846110820770264 -0.04006600007414818
v 0 3.1008529663085938 -0.5967730283737183
v 0 3.101020097732544 -0.38720598816871643
v 0 0 -0.32720300555229187
v 0 3.1021549701690674 1.0377930402755737
v 0 0 0.32720300555229187
v 0 3.1019880771636963 0.8282269835472107
v 0 3.1019880771636963 0.8282269835472107
v 0 0 0.32720300555229187
v 0 3.1019558906555176 0.787792980670929
v 0 3.1019880771636963 0.8282269835472107
v 0 3.1019558906555176 0.787792980670929
v 0 3.9139370918273926 0.6180139780044556
v 0 3.9139370918273926 0.6180139780044556
v 0 3.1019558906555176 0.787792980670929
v 0 3.913904905319214 0.5775799751281738
v 0 3.9139370918273926 0.6180139780044556
v 0 3.913904905319214 0.5775799751281738
v 0 4.28000020980835 1.7182029485702515
v 0 4.28000020980835 1.7182029485702515
v 0 3.913904905319214 0.5775799751281738
v 0 3.9137380123138428 0.36801400780677795
v 0 3.1017889976501465 0.5782269835472107
v 0 3.1019558906555176 0.787792980670929
v 0 0 0.32720300555229187
v -0.15000000596046448 4.869999885559082 1.524999976158142
v -0.15000000596046448 4.71999979019165 1.524999976158142
v 1.149999976158142 4.869999885559082 1.524999976158142
v 1.149999976158142 4.869999885559082 1.524999976158142
v -0.15000000596046448 4.71999979019165 1.524999976158142
v 1.149999976158142 4.71999979019165 1.524999976158142
v -2.5850000381469727 4.900000095367432 1.375
v -2.809999942779541 4.900000095367432 1.375
v -2.6449999809265137 5.125 1.149999976158142
v -2.6449999809265137 5.125 1.149999976158142
v -2.809999942779541 4.900000095367432 1.375
v -2.75 5.125 1.149999976158142
v -3.1649999618530273 5.125 1.149999976158142
v -3.059999942779541 5.125 1.149999976158142
v -3.2249999046325684 4.900000095367432 1.375
v -3.2249999046325684 4.900000095367432 1.375
v -3.059999942779541 5.125 1.149999976158142
v -3 4.900000095367432 1.375
v -3.549999952316284 5.300000190734863 0.9750000238418579
v -3.450000047683716 5.300000190734863 0.9750000238418579
v -3.607142925262451 4.900000095367432 1.375
v -3.607142925262451 4.900000095367432 1.375
v -3.450000047683716 5.300000190734863 0.9750000238418579
v -3.3499999046325684 4.900000095367432 1.375
v -2.1700000762939453 4.900000095367432 1.375
v -2.3949999809265137 4.900000095367432 1.375
v -2.2300000190734863 5.125 1.149999976158142
v -2.2300000190734863 5.125 1.149999976158142
v -2.3949999809265137 4.900000095367432 1.375
v -2.3350000381469727 5.125 1.149999976158142
v -2.1700000762939453 4.900000095367432 1.375
v -2.2300000190734863 5.125 1.149999976158142
v -2.1700000762939453 5.75 1.375
v -2.1700000762939453 5.75 1.375
v -2.2300000190734863 5.125 1.149999976158142
v -2.2300000190734863 5.650000095367432 1.149999976158142
v -2.2300000190734863 5.125 1.149999976158142
v -2.3350000381469727 5.125 1.149999976158142
v -2.2300000190734863 5.650000095367432 1.149999976158142
v -2.2300000190734863 5.650000095367432 1.149999976158142
v -2.3350000381469727 5.125 1.149999976158142
v -2.3350000381469727 5.650000095367432 1.149999976158142
v -2.3949999809265137 4.900000095367432 1.375
v -2.3949999809265137 5.75 1.375
v -2.3350000381469727 5.125 1.149999976158142
v -2.3350000381469727 5.125 1.149999976158142
v -2.3949999809265137 5.75 1.375
v -2.3350000381469727 5.650000095367432 1.149999976158142
v -3.549999952316284 5.75 0.9750000238418579
v -3.549999952316284 5.300000190734863 0.9750000238418579
v -3.6500000953674316 5.75 1.6749999523162842
v -3.6500000953674316 5.75 1.6749999523162842
v -3.549999952316284 5.300000190734863 0.9750000238418579
v -3.607142925262451 4.900000095367432 1.375
v -3.6500000953674316 5.75 1.6749999523162842
v -3.607142925262451 4.900000095367432 1.375
v -3.6500000953674316 5.019999980926514 1.6749999523162842
v -3.6500000953674316 5.019999980926514 1.6749999523162842
v -3.607142925262451 4.900000095367432 1.375
v -3.632857084274292 4.900000095367432 1.5549999475479126
v -2.5850000381469727 4.900000095367432 1.375
v -2.6449999809265137 5.125 1.149999976158142
v -2.5850000381469727 5.75 1.375
v -2.5850000381469727 5.75 1.375
v -2.6449999809265137 5.125 1.149999976158142
v -2.6449999809265137 5.650000095367432 1.149999976158142
v -2.6449999809265137 5.125 1.149999976158142
v -2.75 5.125 1.149999976158142
v -2.6449999809265137 5.650000095367432 1.149999976158142
v -2.6449999809265137 5.650000095367432 1.149999976158142
v -2.75 5.125 1.149999976158142
v -2.75 5.650000095367432 1.149999976158142
v -2.809999942779541 4.900000095367432 1.375
v -2.809999942779541 5.75 1.375
v -2.75 5.125 1.149999976158142
v -2.75 5.125 1.149999976158142
v -2.809999942779541 5.75 1.375
v -2.75 5.650000095367432 1.149999976158142
v -3 4.900000095367432 1.375
v -3.059999942779541 5.125 1.149999976158142
v -3 5.75 1.375
v -3 5.75 1.375
v -3.059999942779541 5.125 1.149999976158142
v -3.059999942779541 5.650000095367432 1.149999976158142
v -2.3949999809265137 5.75 1.375
v -2.3949999809265137 4.900000095367432 1.375
v -2.5850000381469727 5.75 1.375
v -2.5850000381469727 5.75 1.375
v -2.3949999809265137 4.900000095367432 1.375
v -2.5850000381469727 4.900000095367432 1.375
v -2.809999942779541 5.75 1.375
v -2.809999942779541 4.900000095367432 1.375
v -3 5.75 1.375
v -3 5.75 1.375
v -2.809999942779541 4.900000095367432 1.375
v -3 4.900000095367432 1.375
v -3.3499999046325684 4.900000095367432 1.375
v -3.3499999046325684 5.75 1.375
v -3.2249999046325684 4.900000095367432 1.375
v -3.2249999046325684 4.900000095367432 1.375
v -3.3499999046325684 5.75 1.375
v -3.2249999046325684 5.75 1.375
v -2.1500000953674316 4.900000095367432 1.375
v -2.1700000762939453 4.900000095367432 1.375
v -2.1500000953674316 5.099999904632568 1.375
v -2.1500000953674316 5.099999904632568 1.375
v -2.1700000762939453 4.900000095367432 1.375
v -2.1700000762939453 5.75 1.375
v -2.1500000953674316 5.099999904632568 1.375
v -2.1700000762939453 5.75 1.375
v -1.9800000190734863 5.75 1.375
v -1.9800000190734863 5.75 1.375
v -1.9800000190734863 5.099999904632568 1.375
v -2.1500000953674316 5.099999904632568 1.375
v 1.149999976158142 5.369999885559082 2.174999952316284
v 1.149999976158142 5.170000076293945 2.375
v -0.15000000596046448 5.369999885559082 2.174999952316284
v -0.15000000596046448 5.369999885559082 2.174999952316284
v 1.149999976158142 5.170000076293945 2.375
v -0.15000000596046448 5.170000076293945 2.375
v 1.149999976158142 5.170000076293945 2.375
v 1.149999976158142 4.900000095367432 2.375
v -0.15000000596046448 5.170000076293945 2.375
v -0.15000000596046448 5.170000076293945 2.375
v 1.149999976158142 4.900000095367432 2.375
v -0.15000000596046448 4.900000095367432 2.375
v 1.149999976158142 5.170000076293945 -2.375
v 1.149999976158142 5.369999885559082 -2.174999952316284
v -0.15000000596046448 5.170000076293945 -2.375
v -0.15000000596046448 5.170000076293945 -2.375
v 1.149999976158142 5.369999885559082 -2.174999952316284
v -0.15000000596046448 5.369999885559082 -2.174999952316284
v -0.15000000596046448 4.860000133514404 0.07500000298023224
v 1.149999976158142 4.860000133514404 -0.7699999809265137
v -0.15000000596046448 4.860000133514404 -1.524999976158142
v -0.15000000596046448 4.860000133514404 -1.524999976158142
v 1.149999976158142 4.860000133514404 -0.7699999809265137
v 1.149999976158142 4.860000133514404 -1.524999976158142
v 1.149999976158142 4.860000133514404 -1.524999976158142
v 1.149999976158142 4.71999979019165 -1.524999976158142
v -0.15000000596046448 4.860000133514404 -1.524999976158142
v -0.15000000596046448 4.860000133514404 -1.524999976158142
v 1.149999976158142 4.71999979019165 -1.524999976158142
v -0.15000000596046448 4.71999979019165 -1.524999976158142
v 1.149999976158142 4.300000190734863 -1.934999942779541
v 1.149999976158142 4.71999979019165 -1.524999976158142
v 1.149999976158142 4.300000190734863 1.934999942779541
v 1.149999976158142 4.300000190734863 1.934999942779541
v 1.149999976158142 4.71999979019165 -1.524999976158142
v 1.149999976158142 4.860000133514404 -0.7699999809265137
v 1.149999976158142 4.300000190734863 1.934999942779541
v 1.149999976158142 4.860000133514404 -0.7699999809265137
v 1.149999976158142 4.71999979019165 1.524999976158142
v 1.149999976158142 4.71999979019165 1.524999976158142
v 1.149999976158142 4.860000133514404 -0.7699999809265137
v 1.149999976158142 4.869999885559082 1.524999976158142
v 1.149999976158142 4.869999885559082 1.524999976158142
v 1.149999976158142 4.860000133514404 -0.7699999809265137
v 1.149999976158142 5.099999904632568 1.375
v 1.149999976158142 4.869999885559082 1.524999976158142
v 1.149999976158142 5.099999904632568 1.375
v 1.149999976158142 5.019999980926514 1.6749999523162842
v 1.149999976158142 5.019999980926514 1.6749999523162842
v 1.149999976158142 5.099999904632568 1.375
v 1.149999976158142 5.75 1.6749999523162842
v 1.149999976158142 5.75 1.6749999523162842
v 1.149999976158142 5.099999904632568 1.375
v 1.149999976158142 5.75 1.375
v 1.149999976158142 4.71999979019165 -1.524999976158142
v 1.149999976158142 4.300000190734863 -1.934999942779541
v 1.149999976158142 4.71999979019165 -1.712082028388977
v 1.149999976158142 4.71999979019165 -1.712082028388977
v 1.149999976158142 4.300000190734863 -1.934999942779541
v 1.149999976158142 4.300000190734863 -2.363976001739502
v 1.149999976158142 4.71999979019165 -1.712082028388977
v 1.149999976158142 4.300000190734863 -2.363976001739502
v 1.149999976158142 4.479516983032227 -3.0596048831939697
v 1.149999976158142 5.50513219833374 -3.0596048831939697
v 1.149999976158142 4.900000095367432 -2.375
v 1.149999976158142 4.479516983032227 -3.0596048831939697
v 1.149999976158142 4.479516983032227 -3.0596048831939697
v 1.149999976158142 4.900000095367432 -2.375
v 1.149999976158142 4.806458950042725 -1.8849999904632568
v 1.149999976158142 4.479516983032227 -3.0596048831939697
v 1.149999976158142 4.806458950042725 -1.8849999904632568
v 1.149999976158142 4.71999979019165 -1.712082028388977
v 1.149999976158142 5.800000190734863 -2.174999952316284
v 1.149999976158142 5.369999885559082 -2.174999952316284
v 1.149999976158142 5.50513219833374 -3.0596048831939697
v 1.149999976158142 5.50513219833374 -3.0596048831939697
v 1.149999976158142 5.369999885559082 -2.174999952316284
v 1.149999976158142 5.170000076293945 -2.375
v 1.149999976158142 5.50513219833374 -3.0596048831939697
v 1.149999976158142 5.170000076293945 -2.375
v 1.149999976158142 4.900000095367432 -2.375
v 1.149999976158142 4.900000095367432 -2.375
v 1.149999976158142 4.900000095367432 -1.8849999904632568
v 1.149999976158142 4.806458950042725 -1.8849999904632568
v 1.149999976158142 4.71999979019165 -1.524999976158142
v 1.149999976158142 4.860000133514404 -1.524999976158142
v 1.149999976158142 4.860000133514404 -0.7699999809265137
v 1.149999976158142 4.860000133514404 -0.7699999809265137
v 1.149999976158142 5.099999904632568 -0.7699999809265137
v 1.149999976158142 5.099999904632568 1.375
v 1.149999976158142 4.71999979019165 1.524999976158142
v 1.149999976158142 4.71999979019165 1.712082028388977
v 1.149999976158142 4.300000190734863 1.934999942779541
v 1.149999976158142 4.300000190734863 1.934999942779541
v 1.149999976158142 4.71999979019165 1.712082028388977
v 1.149999976158142 4.300000190734863 2.363976001739502
v 1.149999976158142 4.300000190734863 2.363976001739502
v 1.149999976158142 4.71999979019165 1.712082028388977
v 1.149999976158142 4.479516983032227 3.0596048831939697
v 1.149999976158142 4.479516983032227 3.0596048831939697
v 1.149999976158142 4.71999979019165 1.712082028388977
v 1.149999976158142 4.806458950042725 1.8849999904632568
v 1.149999976158142 4.479516983032227 3.0596048831939697
v 1.149999976158142 4.806458950042725 1.8849999904632568
v 1.149999976158142 4.900000095367432 2.375
v 1.149999976158142 4.900000095367432 2.375
v 1.149999976158142 4.806458950042725 1.8849999904632568
v 1.149999976158142 4.900000095367432 1.8849999904632568
v 1.149999976158142 4.479516983032227 3.0596048831939697
v 1.149999976158142 4.900000095367432 2.375
v 1.149999976158142 5.50513219833374 3.0596048831939697
v 1.149999976158142 5.50513219833374 3.0596048831939697
v 1.149999976158142 4.900000095367432 2.375
v 1.149999976158142 5.170000076293945 2.375
v 1.149999976158142 5.50513219833374 3.0596048831939697
v 1.149999976158142 5.170000076293945 2.375
v 1.149999976158142 5.369999885559082 2.174999952316284
v 1.149999976158142 5.369999885559082 2.174999952316284
v 1.149999976158142 5.800000190734863 2.174999952316284
v 1.149999976158142 5.50513219833374 3.0596048831939697
v -3.632857084274292 4.900000095367432 1.5549999475479126
v -0.15000000596046448 4.900000095367432 1.5549999475479126
v -3.6500000953674316 5.019999980926514 1.6749999523162842
v -3.6500000953674316 5.019999980926514 1.6749999523162842
v -0.15000000596046448 4.900000095367432 1.5549999475479126
v 1.149999976158142 5.019999980926514 1.6749999523162842
v 1.149999976158142 5.019999980926514 1.6749999523162842
v -0.15000000596046448 4.900000095367432 1.5549999475479126
v 1.149999976158142 4.869999885559082 1.524999976158142
v 1.149999976158142 4.869999885559082 1.524999976158142
v -0.15000000596046448 4.900000095367432 1.5549999475479126
v -0.15000000596046448 4.869999885559082 1.524999976158142
v -0.15000000596046448 4.900000095367432 0.07500000298023224
v -0.15000000596046448 4.900000095367432 1.5549999475479126
v -2.1500000953674316 4.900000095367432 1.375
v -2.1500000953674316 4.900000095367432 1.375
v -0.15000000596046448 4.900000095367432 1.5549999475479126
v -3.632857084274292 4.900000095367432 1.5549999475479126
v -2.1500000953674316 4.900000095367432 1.375
v -3.632857084274292 4.900000095367432 1.5549999475479126
v -2.1700000762939453 4.900000095367432 1.375
v -2.1700000762939453 4.900000095367432 1.375
v -3.632857084274292 4.900000095367432 1.5549999475479126
v -2.3949999809265137 4.900000095367432 1.375
v -2.3949999809265137 4.900000095367432 1.375
v -3.632857084274292 4.900000095367432 1.5549999475479126
v -2.5850000381469727 4.900000095367432 1.375
v -2.5850000381469727 4.900000095367432 1.375
v -3.632857084274292 4.900000095367432 1.5549999475479126
v -2.809999942779541 4.900000095367432 1.375
v -2.809999942779541 4.900000095367432 1.375
v -3.632857084274292 4.900000095367432 1.5549999475479126
v -3 4.900000095367432 1.375
v -3 4.900000095367432 1.375
v -3.632857084274292 4.900000095367432 1.5549999475479126
v -3.2249999046325684 4.900000095367432 1.375
v -3.2249999046325684 4.900000095367432 1.375
v -3.632857084274292 4.900000095367432 1.5549999475479126
v -3.3499999046325684 4.900000095367432 1.375
v -3.3499999046325684 4.900000095367432 1.375
v -3.632857084274292 4.900000095367432 1.5549999475479126
v -3.607142925262451 4.900000095367432 1.375
v 0.25 0.5 1.099010944366455
v -0.07500000298023224 1.9249999523162842 1.5621360540390015
v 0.13157899677753448 0 0.9365109801292419
v 0.13157899677753448 0 0.9365109801292419
v -0.07500000298023224 1.9249999523162842 1.5621360540390015
v -0.07500000298023224 1.6749999523162842 1.4808859825134277
v 0.13157899677753448 0 0.9365109801292419
v -0.07500000298023224 1.6749999523162842 1.4808859825134277
v -0.07500000298023224 1.4249999523162842 1.3996360301971436
v -0.07500000298023224 1.4249999523162842 1.3996360301971436
v -0.07500000298023224 1.6749999523162842 1.4808859825134277
v -0.15000000596046448 1.5 1.424010992050171
v -0.15000000596046448 1.5 1.424010992050171
v -0.07500000298023224 1.6749999523162842 1.4808859825134277
v -0.15000000596046448 1.600000023841858 1.4565110206604004
v 0.25 4.184613227844238 2.296510934829712
v -0.07500000298023224 2.424999952316284 1.7246359586715698
v 0.25 0.5 1.099010944366455
v 0.25 0.5 1.099010944366455
v -0.07500000298023224 2.424999952316284 1.7246359586715698
v -0.07500000298023224 2.174999952316284 1.6433860063552856
v 0.25 0.5 1.099010944366455
v -0.07500000298023224 2.174999952316284 1.6433860063552856
v -0.07500000298023224 1.9249999523162842 1.5621360540390015
v -0.07500000298023224 1.9249999523162842 1.5621360540390015
v -0.07500000298023224 2.174999952316284 1.6433860063552856
v -0.15000000596046448 2 1.5865110158920288
v -0.15000000596046448 2 1.5865110158920288
v -0.07500000298023224 2.174999952316284 1.6433860063552856
v -0.15000000596046448 2.0999999046325684 1.6190110445022583
v 0.25 4.184613227844238 2.296510934829712
v -0.15000000596046448 4.184613227844238 2.296510934829712
v -0.07500000298023224 2.424999952316284 1.7246359586715698
v -0.07500000298023224 2.424999952316284 1.7246359586715698
v -0.15000000596046448 4.184613227844238 2.296510934829712
v -0.15000000596046448 2.5 1.7490110397338867
v -0.15000000596046448 2.3499999046325684 1.7002609968185425
v -0.15000000596046448 2.25 1.667760968208313
v -0.07500000298023224 2.424999952316284 1.7246359586715698
v -0.07500000298023224 2.424999952316284 1.7246359586715698
v -0.15000000596046448 2.25 1.667760968208313
v -0.07500000298023224 2.174999952316284 1.6433860063552856
v -0.15000000596046448 1.850000023841858 1.5377609729766846
v -0.15000000596046448 1.75 1.505260944366455
v -0.07500000298023224 1.9249999523162842 1.5621360540390015
v -0.07500000298023224 1.9249999523162842 1.5621360540390015
v -0.15000000596046448 1.75 1.505260944366455
v -0.07500000298023224 1.6749999523162842 1.4808859825134277
v -0.15000000596046448 1.350000023841858 1.3752609491348267
v -0.15000000596046448 1.25 1.3427610397338867
v -0.07500000298023224 1.4249999523162842 1.3996360301971436
v -0.07500000298023224 1.4249999523162842 1.3996360301971436
v -0.15000000596046448 1.25 1.3427610397338867
v -0.07500000298023224 1.1749999523162842 1.3183859586715698
v -0.07500000298023224 1.4249999523162842 1.3996360301971436
v -0.07500000298023224 1.1749999523162842 1.3183859586715698
v 0.13157899677753448 0 0.9365109801292419
v 0.13157899677753448 0 0.9365109801292419
v -0.07500000298023224 1.1749999523162842 1.3183859586715698
v -0.07500000298023224 0.925000011920929 1.2371360063552856
v 0.13157899677753448 0 0.9365109801292419
v -0.07500000298023224 0.925000011920929 1.2371360063552856
v -0.07500000298023224 0.675000011920929 1.1558860540390015
v -0.07500000298023224 0.675000011920929 1.1558860540390015
v -0.07500000298023224 0.925000011920929 1.2371360063552856
v -0.15000000596046448 0.75 1.1802610158920288
v -0.15000000596046448 0.75 1.1802610158920288
v -0.07500000298023224 0.925000011920929 1.2371360063552856
v -0.15000000596046448 0.8500000238418579 1.2127610445022583
v -0.15000000596046448 1.100000023841858 1.2940109968185425
v -0.15000000596046448 1 1.261510968208313
v -0.07500000298023224 1.1749999523162842 1.3183859586715698
v -0.07500000298023224 1.1749999523162842 1.3183859586715698
v -0.15000000596046448 1 1.261510968208313
v -0.07500000298023224 0.925000011920929 1.2371360063552856
v 0.13157899677753448 0 0.9365109801292419
v -0.07500000298023224 0.675000011920929 1.1558860540390015
v -0.07500000298023224 0.42500001192092896 1.0746359825134277
v -0.07500000298023224 0.42500001192092896 1.0746359825134277
v -0.07500000298023224 0.675000011920929 1.1558860540390015
v -0.15000000596046448 0.6000000238418579 1.1315109729766846
v -0.07500000298023224 0.42500001192092896 1.0746359825134277
v -0.15000000596046448 0.6000000238418579 1.1315109729766846
v -0.15000000596046448 0.5 1.099010944366455
v 0.13157899677753448 0 0.9365109801292419
v -0.07500000298023224 0.42500001192092896 1.0746359825134277
v -0.07500000298023224 0.17499999701976776 0.9933859705924988
v -0.07500000298023224 0.17499999701976776 0.9933859705924988
v -0.07500000298023224 0.42500001192092896 1.0746359825134277
v -0.15000000596046448 0.3499999940395355 1.0502610206604004
v -0.07500000298023224 0.17499999701976776 0.9933859705924988
v -0.15000000596046448 0.3499999940395355 1.0502610206604004
v -0.15000000596046448 0.25 1.017760992050171
v -0.15000000596046448 0.10000000149011612 0.9690110087394714
v -0.15000000596046448 0 0.9365109801292419
v -0.07500000298023224 0.17499999701976776 0.9933859705924988
v -0.07500000298023224 0.17499999701976776 0.9933859705924988
v -0.15000000596046448 0 0.9365109801292419
v 0.13157899677753448 0 0.9365109801292419
v 0.13157899677753448 0 0.32720300555229187
v 0.13157899677753448 0 0.9365109801292419
v 0 0 0.32720300555229187
v 0 0 0.32720300555229187
v 0.13157899677753448 0 0.9365109801292419
v -0.15000000596046448 0 0.9365109801292419
v 0 0 0.32720300555229187
v -0.15000000596046448 0 0.9365109801292419
v -0.15000000596046448 0 -0.9365109801292419
v 0 0 0.32720300555229187
v -0.15000000596046448 0 -0.9365109801292419
v 0 0 -0.32720300555229187
v 0 0 -0.32720300555229187
v -0.15000000596046448 0 -0.9365109801292419
v 0.13157899677753448 0 -0.9365109801292419
v 0 0 -0.32720300555229187
v 0.13157899677753448 0 -0.9365109801292419
v 0.13157899677753448 0 -0.32720300555229187
v -0.15000000596046448 0.10000000149011612 -0.9690110087394714
v -0.15000000596046448 0.10000000149011612 0.9690110087394714
v -0.07500000298023224 0.17499999701976776 -0.9933859705924988
v -0.07500000298023224 0.17499999701976776 -0.9933859705924988
v -0.15000000596046448 0.10000000149011612 0.9690110087394714
v -0.07500000298023224 0.17499999701976776 0.9933859705924988
v -0.15000000596046448 0.25 1.017760992050171
v -0.15000000596046448 0.25 -1.017760992050171
v -0.07500000298023224 0.17499999701976776 0.9933859705924988
v -0.07500000298023224 0.17499999701976776 0.9933859705924988
v -0.15000000596046448 0.25 -1.017760992050171
v -0.07500000298023224 0.17499999701976776 -0.9933859705924988
v 0.13157899677753448 0 -0.9365109801292419
v -0.07500000298023224 1.9249999523162842 -1.5621360540390015
v 0.25 0.5 -1.099010944366455
v 0.25 0.5 -1.099010944366455
v -0.07500000298023224 1.9249999523162842 -1.5621360540390015
v -0.07500000298023224 2.174999952316284 -1.6433860063552856
v 0.25 0.5 -1.099010944366455
v -0.07500000298023224 2.174999952316284 -1.6433860063552856
v -0.07500000298023224 2.424999952316284 -1.7246359586715698
v -0.07500000298023224 2.424999952316284 -1.7246359586715698
v -0.07500000298023224 2.174999952316284 -1.6433860063552856
v -0.15000000596046448 2.25 -1.667760968208313
v -0.07500000298023224 2.424999952316284 -1.7246359586715698
v -0.15000000596046448 2.25 -1.667760968208313
v -0.15000000596046448 2.3499999046325684 -1.7002609968185425
v -0.15000000596046448 0 -0.9365109801292419
v -0.07500000298023224 0.17499999701976776 -0.9933859705924988
v 0.13157899677753448 0 -0.9365109801292419
v 0.13157899677753448 0 -0.9365109801292419
v -0.07500000298023224 0.17499999701976776 -0.9933859705924988
v -0.07500000298023224 0.42500001192092896 -1.0746359825134277
v 0.13157899677753448 0 -0.9365109801292419
v -0.07500000298023224 0.42500001192092896 -1.0746359825134277
v -0.07500000298023224 0.675000011920929 -1.1558860540390015
v -0.07500000298023224 0.675000011920929 -1.1558860540390015
v -0.07500000298023224 0.42500001192092896 -1.0746359825134277
v -0.15000000596046448 0.5 -1.099010944366455
v -0.07500000298023224 0.675000011920929 -1.1558860540390015
v -0.15000000596046448 0.5 -1.099010944366455
v -0.15000000596046448 0.6000000238418579 -1.1315109729766846
v -0.15000000596046448 0 -0.9365109801292419
v -0.15000000596046448 0.10000000149011612 -0.9690110087394714
v -0.07500000298023224 0.17499999701976776 -0.9933859705924988
v -0.15000000596046448 0.25 -1.017760992050171
v -0.15000000596046448 0.3499999940395355 -1.0502610206604004
v -0.07500000298023224 0.17499999701976776 -0.9933859705924988
v -0.07500000298023224 0.17499999701976776 -0.9933859705924988
v -0.15000000596046448 0.3499999940395355 -1.0502610206604004
v -0.07500000298023224 0.42500001192092896 -1.0746359825134277
v 0.13157899677753448 0 -0.9365109801292419
v -0.07500000298023224 0.675000011920929 -1.1558860540390015
v -0.07500000298023224 0.925000011920929 -1.2371360063552856
v -0.07500000298023224 0.925000011920929 -1.2371360063552856
v -0.07500000298023224 0.675000011920929 -1.1558860540390015
v -0.15000000596046448 0.75 -1.1802610158920288
v -0.07500000298023224 0.925000011920929 -1.2371360063552856
v -0.15000000596046448 0.75 -1.1802610158920288
v -0.15000000596046448 0.8500000238418579 -1.2127610445022583
v 0.13157899677753448 0 -0.9365109801292419
v -0.07500000298023224 0.925000011920929 -1.2371360063552856
v -0.07500000298023224 1.1749999523162842 -1.3183859586715698
v -0.07500000298023224 1.1749999523162842 -1.3183859586715698
v -0.07500000298023224 0.925000011920929 -1.2371360063552856
v -0.15000000596046448 1 -1.261510968208313
v -0.07500000298023224 1.1749999523162842 -1.3183859586715698
v -0.15000000596046448 1 -1.261510968208313
v -0.15000000596046448 1.100000023841858 -1.2940109968185425
v 0.13157899677753448 0 -0.9365109801292419
v -0.07500000298023224 1.1749999523162842 -1.3183859586715698
v -0.07500000298023224 1.4249999523162842 -1.3996360301971436
v -0.07500000298023224 1.4249999523162842 -1.3996360301971436
v -0.07500000298023224 1.1749999523162842 -1.3183859586715698
v -0.15000000596046448 1.25 -1.3427610397338867
v -0.07500000298023224 1.4249999523162842 -1.3996360301971436
v -0.15000000596046448 1.25 -1.3427610397338867
v -0.15000000596046448 1.350000023841858 -1.3752609491348267
v 0.13157899677753448 0 -0.9365109801292419
v -0.07500000298023224 1.4249999523162842 -1.3996360301971436
v -0.07500000298023224 1.6749999523162842 -1.4808859825134277
v -0.07500000298023224 1.6749999523162842 -1.4808859825134277
v -0.07500000298023224 1.4249999523162842 -1.3996360301971436
v -0.15000000596046448 1.5 -1.424010992050171
v -0.07500000298023224 1.6749999523162842 -1.4808859825134277
v -0.15000000596046448 1.5 -1.424010992050171
v -0.15000000596046448 1.600000023841858 -1.4565110206604004
v 0.13157899677753448 0 -0.9365109801292419
v -0.07500000298023224 1.6749999523162842 -1.4808859825134277
v -0.07500000298023224 1.9249999523162842 -1.5621360540390015
v -0.07500000298023224 1.9249999523162842 -1.5621360540390015
v -0.07500000298023224 1.6749999523162842 -1.4808859825134277
v -0.15000000596046448 1.75 -1.505260944366455
v -0.07500000298023224 1.9249999523162842 -1.5621360540390015
v -0.15000000596046448 1.75 -1.505260944366455
v -0.15000000596046448 1.850000023841858 -1.5377609729766846
v -0.07500000298023224 1.9249999523162842 -1.5621360540390015
v -0.15000000596046448 2 -1.5865110158920288
v -0.07500000298023224 2.174999952316284 -1.6433860063552856
v -0.07500000298023224 2.174999952316284 -1.6433860063552856
v -0.15000000596046448 2 -1.5865110158920288
v -0.15000000596046448 2.0999999046325684 -1.6190110445022583
v -0.15000000596046448 2.5 -1.7490110397338867
v -0.15000000596046448 4.184613227844238 -2.296510934829712
v -0.07500000298023224 2.424999952316284 -1.7246359586715698
v -0.07500000298023224 2.424999952316284 -1.7246359586715698
v -0.15000000596046448 4.184613227844238 -2.296510934829712
v 0.25 4.184613227844238 -2.296510934829712
v -0.07500000298023224 2.424999952316284 -1.7246359586715698
v 0.25 4.184613227844238 -2.296510934829712
v 0.25 0.5 -1.099010944366455
v -0.15000000596046448 0.25 1.017760992050171
v -0.15000000596046448 0.3499999940395355 1.0502610206604004
v -0.15000000596046448 0.25 -1.017760992050171
v -0.15000000596046448 0.25 -1.017760992050171
v -0.15000000596046448 0.3499999940395355 1.0502610206604004
v -0.15000000596046448 0.3499999940395355 -1.0502610206604004
v -0.07500000298023224 0.42500001192092896 1.0746359825134277
v -0.07500000298023224 0.42500001192092896 -1.0746359825134277
v -0.15000000596046448 0.3499999940395355 1.0502610206604004
v -0.15000000596046448 0.3499999940395355 1.0502610206604004
v -0.07500000298023224 0.42500001192092896 -1.0746359825134277
v -0.15000000596046448 0.3499999940395355 -1.0502610206604004
v -0.15000000596046448 0.5 1.099010944366455
v -0.15000000596046448 0.5 -1.099010944366455
v -0.07500000298023224 0.42500001192092896 1.0746359825134277
v -0.07500000298023224 0.42500001192092896 1.0746359825134277
v -0.15000000596046448 0.5 -1.099010944366455
v -0.07500000298023224 0.42500001192092896 -1.0746359825134277
v -0.15000000596046448 0.5 1.099010944366455
v -0.15000000596046448 0.6000000238418579 1.1315109729766846
v -0.15000000596046448 0.5 -1.099010944366455
v -0.15000000596046448 0.5 -1.099010944366455
v -0.15000000596046448 0.6000000238418579 1.1315109729766846
v -0.15000000596046448 0.6000000238418579 -1.1315109729766846
v -0.15000000596046448 0.10000000149011612 -0.9690110087394714
v -0.15000000596046448 0 -0.9365109801292419
v -0.15000000596046448 0.10000000149011612 0.9690110087394714
v -0.15000000596046448 0.10000000149011612 0.9690110087394714
v -0.15000000596046448 0 -0.9365109801292419
v -0.15000000596046448 0 0.9365109801292419
v 1.1452629566192627 4.28000020980835 1.7182029485702515
v 0.13157899677753448 0 0.32720300555229187
v 0 4.28000020980835 1.7182029485702515
v 0 4.28000020980835 1.7182029485702515
v 0.13157899677753448 0 0.32720300555229187
v 0 0 0.32720300555229187
v 0.25 0.5 0.699999988079071
v 0.25 4.300000190734863 1.934999942779541
v 0.25 0.5 1.099010944366455
v 0.25 0.5 1.099010944366455
v 0.25 4.300000190734863 1.934999942779541
v 0.25 4.184613227844238 2.296510934829712
v 0.25 4.184613227844238 2.296510934829712
v 0.25 4.300000190734863 1.934999942779541
v 0.25 4.300000190734863 2.363976001739502
v 0.25 4.184613227844238 2.296510934829712
v 0.25 4.300000190734863 2.363976001739502
v 0.25 4.406023025512695 3.154473066329956
v 0.25 4.406023025512695 3.154473066329956
v 0.25 4.300000190734863 2.363976001739502
v 0.25 4.699999809265137 2.7750000953674316
v 0.25 4.406023025512695 3.154473066329956
v 0.25 4.699999809265137 2.7750000953674316
v 0.25 5.473508834838867 3.154473066329956
v 0.25 5.473508834838867 3.154473066329956
v 0.25 4.699999809265137 2.7750000953674316
v 0.25 5.599999904632568 2.7750000953674316
v 0.25 4.300000190734863 2.363976001739502
v 0.25 4.593928813934326 2.363976001739502
v 0.25 4.699999809265137 2.7750000953674316
v 0.25 0.5 -1.099010944366455
v 0.25 4.184613227844238 -2.296510934829712
v 0.25 0.5 -0.699999988079071
v 0.25 0.5 -0.699999988079071
v 0.25 4.184613227844238 -2.296510934829712
v 0.25 4.300000190734863 -1.934999942779541
v 0.25 4.300000190734863 -1.934999942779541
v 0.25 4.184613227844238 -2.296510934829712
v 0.25 4.300000190734863 -2.363976001739502
v 0.25 4.300000190734863 -2.363976001739502
v 0.25 4.184613227844238 -2.296510934829712
v 0.25 4.699999809265137 -2.7750000953674316
v 0.25 4.300000190734863 -2.363976001739502
v 0.25 4.699999809265137 -2.7750000953674316
v 0.25 4.593928813934326 -2.363976001739502
v 0.25 4.184613227844238 -2.296510934829712
v 0.25 4.406023025512695 -3.154473066329956
v 0.25 4.699999809265137 -2.7750000953674316
v 0.25 4.699999809265137 -2.7750000953674316
v 0.25 4.406023025512695 -3.154473066329956
v 0.25 5.473508834838867 -3.154473066329956
v 0.25 4.699999809265137 -2.7750000953674316
v 0.25 5.473508834838867 -3.154473066329956
v 0.25 5.599999904632568 -2.7750000953674316
v -0.15000000596046448 5.170000076293945 -2.375
v -0.15000000596046448 4.900000095367432 -2.375
v 1.149999976158142 5.170000076293945 -2.375
v 1.149999976158142 5.170000076293945 -2.375
v -0.15000000596046448 4.900000095367432 -2.375
v 1.149999976158142 4.900000095367432 -2.375
v 1.149999976158142 4.71999979019165 -1.524999976158142
v 1.149999976158142 4.71999979019165 -1.712082028388977
v -0.15000000596046448 4.71999979019165 -1.524999976158142
v -0.15000000596046448 4.71999979019165 -1.524999976158142
v 1.149999976158142 4.71999979019165 -1.712082028388977
v -0.15000000596046448 4.71999979019165 -1.712082028388977
v 1.149999976158142 4.71999979019165 -1.712082028388977
v 1.149999976158142 4.806458950042725 -1.8849999904632568
v -0.15000000596046448 4.71999979019165 -1.712082028388977
v -0.15000000596046448 4.71999979019165 -1.712082028388977
v 1.149999976158142 4.806458950042725 -1.8849999904632568
v -0.15000000596046448 4.806458950042725 -1.8849999904632568
v 1.149999976158142 4.806458950042725 -1.8849999904632568
v 1.149999976158142 4.900000095367432 -1.8849999904632568
v -0.15000000596046448 4.806458950042725 -1.8849999904632568
v -0.15000000596046448 4.806458950042725 -1.8849999904632568
v 1.149999976158142 4.900000095367432 -1.8849999904632568
v -0.15000000596046448 4.900000095367432 -1.8849999904632568
v -0.15000000596046448 4.860000133514404 -1.524999976158142
v -0.15000000596046448 4.71999979019165 -1.524999976158142
v -0.15000000596046448 4.860000133514404 0.07500000298023224
v -0.15000000596046448 4.860000133514404 0.07500000298023224
v -0.15000000596046448 4.71999979019165 -1.524999976158142
v -0.15000000596046448 4.184613227844238 -2.296510934829712
v -0.15000000596046448 4.860000133514404 0.07500000298023224
v -0.15000000596046448 4.184613227844238 -2.296510934829712
v -0.15000000596046448 2.5 1.7490110397338867
v -0.15000000596046448 2.5 1.7490110397338867
v -0.15000000596046448 4.184613227844238 -2.296510934829712
v -0.15000000596046448 2.5 -1.7490110397338867
v -0.15000000596046448 4.71999979019165 -1.524999976158142
v -0.15000000596046448 4.71999979019165 -1.712082028388977
v -0.15000000596046448 4.184613227844238 -2.296510934829712
v -0.15000000596046448 4.184613227844238 -2.296510934829712
v -0.15000000596046448 4.71999979019165 -1.712082028388977
v -0.15000000596046448 4.806458950042725 -1.8849999904632568
v -0.15000000596046448 4.184613227844238 -2.296510934829712
v -0.15000000596046448 4.806458950042725 -1.8849999904632568
v -0.15000000596046448 4.900000095367432 -2.375
v -0.15000000596046448 4.900000095367432 -2.375
v -0.15000000596046448 4.806458950042725 -1.8849999904632568
v -0.15000000596046448 4.900000095367432 -1.8849999904632568
v -0.15000000596046448 5.170000076293945 -2.375
v -0.15000000596046448 5.473508834838867 -3.154473066329956
v -0.15000000596046448 4.900000095367432 -2.375
v -0.15000000596046448 4.900000095367432 -2.375
v -0.15000000596046448 5.473508834838867 -3.154473066329956
v -0.15000000596046448 4.406023025512695 -3.154473066329956
v -0.15000000596046448 4.900000095367432 -2.375
v -0.15000000596046448 4.406023025512695 -3.154473066329956
v -0.15000000596046448 4.184613227844238 -2.296510934829712
v -0.15000000596046448 5.170000076293945 -2.375
v -0.15000000596046448 5.369999885559082 -2.174999952316284
v -0.15000000596046448 5.473508834838867 -3.154473066329956
v -0.15000000596046448 5.473508834838867 -3.154473066329956
v -0.15000000596046448 5.369999885559082 -2.174999952316284
v -0.15000000596046448 5.800000190734863 -2.174999952316284
v -0.15000000596046448 2.5 1.7490110397338867
v -0.15000000596046448 4.184613227844238 2.296510934829712
v -0.15000000596046448 4.860000133514404 0.07500000298023224
v -0.15000000596046448 4.860000133514404 0.07500000298023224
v -0.15000000596046448 4.184613227844238 2.296510934829712
v -0.15000000596046448 4.71999979019165 1.524999976158142
v -0.15000000596046448 4.860000133514404 0.07500000298023224
v -0.15000000596046448 4.71999979019165 1.524999976158142
v -0.15000000596046448 4.869999885559082 1.524999976158142
v -0.15000000596046448 4.406023025512695 3.154473066329956
v -0.15000000596046448 4.900000095367432 2.375
v -0.15000000596046448 4.184613227844238 2.296510934829712
v -0.15000000596046448 4.184613227844238 2.296510934829712
v -0.15000000596046448 4.900000095367432 2.375
v -0.15000000596046448 4.806458950042725 1.8849999904632568
v -0.15000000596046448 4.184613227844238 2.296510934829712
v -0.15000000596046448 4.806458950042725 1.8849999904632568
v -0.15000000596046448 4.71999979019165 1.712082028388977
v -0.15000000596046448 4.406023025512695 3.154473066329956
v -0.15000000596046448 5.473508834838867 3.154473066329956
v -0.15000000596046448 4.900000095367432 2.375
v -0.15000000596046448 4.900000095367432 2.375
v -0.15000000596046448 5.473508834838867 3.154473066329956
v -0.15000000596046448 5.170000076293945 2.375
v -0.15000000596046448 5.170000076293945 2.375
v -0.15000000596046448 5.473508834838867 3.154473066329956
v -0.15000000596046448 5.369999885559082 2.174999952316284
v -0.15000000596046448 5.369999885559082 2.174999952316284
v -0.15000000596046448 5.473508834838867 3.154473066329956
v -0.15000000596046448 5.800000190734863 2.174999952316284
v -0.15000000596046448 4.900000095367432 2.375
v -0.15000000596046448 4.900000095367432 1.8849999904632568
v -0.15000000596046448 4.806458950042725 1.8849999904632568
v -0.15000000596046448 4.71999979019165 1.712082028388977
v -0.15000000596046448 4.71999979019165 1.524999976158142
v -0.15000000596046448 4.184613227844238 2.296510934829712
v -0.15000000596046448 4.900000095367432 1.5549999475479126
v -0.15000000596046448 4.900000095367432 0.07500000298023224
v -0.15000000596046448 4.869999885559082 1.524999976158142
v -0.15000000596046448 4.869999885559082 1.524999976158142
v -0.15000000596046448 4.900000095367432 0.07500000298023224
v -0.15000000596046448 4.860000133514404 0.07500000298023224
v 1.149999976158142 4.900000095367432 -1.8849999904632568
v 1.149999976158142 4.900000095367432 -2.375
v -0.15000000596046448 4.900000095367432 -1.8849999904632568
v -0.15000000596046448 4.900000095367432 -1.8849999904632568
v 1.149999976158142 4.900000095367432 -2.375
v -0.15000000596046448 4.900000095367432 -2.375
v -0.15000000596046448 4.71999979019165 1.524999976158142
v -0.15000000596046448 4.71999979019165 1.712082028388977
v 1.149999976158142 4.71999979019165 1.524999976158142
v 1.149999976158142 4.71999979019165 1.524999976158142
v -0.15000000596046448 4.71999979019165 1.712082028388977
v 1.149999976158142 4.71999979019165 1.712082028388977
v -0.15000000596046448 4.71999979019165 1.712082028388977
v -0.15000000596046448 4.806458950042725 1.8849999904632568
v 1.149999976158142 4.71999979019165 1.712082028388977
v 1.149999976158142 4.71999979019165 1.712082028388977
v -0.15000000596046448 4.806458950042725 1.8849999904632568
v 1.149999976158142 4.806458950042725 1.8849999904632568
v -0.15000000596046448 4.806458950042725 1.8849999904632568
v -0.15000000596046448 4.900000095367432 1.8849999904632568
v 1.149999976158142 4.806458950042725 1.8849999904632568
v 1.149999976158142 4.806458950042725 1.8849999904632568
v -0.15000000596046448 4.900000095367432 1.8849999904632568
v 1.149999976158142 4.900000095367432 1.8849999904632568
v -0.15000000596046448 4.900000095367432 1.8849999904632568
v -0.15000000596046448 4.900000095367432 2.375
v 1.149999976158142 4.900000095367432 1.8849999904632568
v 1.149999976158142 4.900000095367432 1.8849999904632568
v -0.15000000596046448 4.900000095367432 2.375
v 1.149999976158142 4.900000095367432 2.375
v -0.15000000596046448 2.5 -1.7490110397338867
v -0.07500000298023224 2.424999952316284 -1.7246359586715698
v -0.15000000596046448 2.5 1.7490110397338867
v -0.15000000596046448 2.5 1.7490110397338867
v -0.07500000298023224 2.424999952316284 -1.7246359586715698
v -0.07500000298023224 2.424999952316284 1.7246359586715698
v -0.15000000596046448 2.3499999046325684 1.7002609968185425
v -0.07500000298023224 2.424999952316284 1.7246359586715698
v -0.15000000596046448 2.3499999046325684 -1.7002609968185425
v -0.15000000596046448 2.3499999046325684 -1.7002609968185425
v -0.07500000298023224 2.424999952316284 1.7246359586715698
v -0.07500000298023224 2.424999952316284 -1.7246359586715698
v -0.15000000596046448 2.25 -1.667760968208313
v -0.07500000298023224 2.174999952316284 -1.6433860063552856
v -0.15000000596046448 2.25 1.667760968208313
v -0.15000000596046448 2.25 1.667760968208313
v -0.07500000298023224 2.174999952316284 -1.6433860063552856
v -0.07500000298023224 2.174999952316284 1.6433860063552856
v -0.15000000596046448 2.0999999046325684 1.6190110445022583
v -0.07500000298023224 2.174999952316284 1.6433860063552856
v -0.15000000596046448 2.0999999046325684 -1.6190110445022583
v -0.15000000596046448 2.0999999046325684 -1.6190110445022583
v -0.07500000298023224 2.174999952316284 1.6433860063552856
v -0.07500000298023224 2.174999952316284 -1.6433860063552856
v -0.15000000596046448 2 -1.5865110158920288
v -0.07500000298023224 1.9249999523162842 -1.5621360540390015
v -0.15000000596046448 2 1.5865110158920288
v -0.15000000596046448 2 1.5865110158920288
v -0.07500000298023224 1.9249999523162842 -1.5621360540390015
v -0.07500000298023224 1.9249999523162842 1.5621360540390015
v -0.15000000596046448 1.850000023841858 1.5377609729766846
v -0.07500000298023224 1.9249999523162842 1.5621360540390015
v -0.15000000596046448 1.850000023841858 -1.5377609729766846
v -0.15000000596046448 1.850000023841858 -1.5377609729766846
v -0.07500000298023224 1.9249999523162842 1.5621360540390015
v -0.07500000298023224 1.9249999523162842 -1.5621360540390015
v -0.15000000596046448 1.75 -1.505260944366455
v -0.07500000298023224 1.6749999523162842 -1.4808859825134277
v -0.15000000596046448 1.75 1.505260944366455
v -0.15000000596046448 1.75 1.505260944366455
v -0.07500000298023224 1.6749999523162842 -1.4808859825134277
v -0.07500000298023224 1.6749999523162842 1.4808859825134277
v -0.15000000596046448 1.600000023841858 1.4565110206604004
v -0.07500000298023224 1.6749999523162842 1.4808859825134277
v -0.15000000596046448 1.600000023841858 -1.4565110206604004
v -0.15000000596046448 1.600000023841858 -1.4565110206604004
v -0.07500000298023224 1.6749999523162842 1.4808859825134277
v -0.07500000298023224 1.6749999523162842 -1.4808859825134277
v -0.15000000596046448 1.5 -1.424010992050171
v -0.07500000298023224 1.4249999523162842 -1.3996360301971436
v -0.15000000596046448 1.5 1.424010992050171
v -0.15000000596046448 1.5 1.424010992050171
v -0.07500000298023224 1.4249999523162842 -1.3996360301971436
v -0.07500000298023224 1.4249999523162842 1.3996360301971436
v -0.15000000596046448 1.350000023841858 1.3752609491348267
v -0.07500000298023224 1.4249999523162842 1.3996360301971436
v -0.15000000596046448 1.350000023841858 -1.3752609491348267
v -0.15000000596046448 1.350000023841858 -1.3752609491348267
v -0.07500000298023224 1.4249999523162842 1.3996360301971436
v -0.07500000298023224 1.4249999523162842 -1.3996360301971436
v -0.15000000596046448 1.25 -1.3427610397338867
v -0.07500000298023224 1.1749999523162842 -1.3183859586715698
v -0.15000000596046448 1.25 1.3427610397338867
v -0.15000000596046448 1.25 1.3427610397338867
v -0.07500000298023224 1.1749999523162842 -1.3183859586715698
v -0.07500000298023224 1.1749999523162842 1.3183859586715698
v -0.15000000596046448 1.100000023841858 1.2940109968185425
v -0.07500000298023224 1.1749999523162842 1.3183859586715698
v -0.15000000596046448 1.100000023841858 -1.2940109968185425
v -0.15000000596046448 1.100000023841858 -1.2940109968185425
v -0.07500000298023224 1.1749999523162842 1.3183859586715698
v -0.07500000298023224 1.1749999523162842 -1.3183859586715698
v -0.15000000596046448 1 -1.261510968208313
v -0.07500000298023224 0.925000011920929 -1.2371360063552856
v -0.15000000596046448 1 1.261510968208313
v -0.15000000596046448 1 1.261510968208313
v -0.07500000298023224 0.925000011920929 -1.2371360063552856
v -0.07500000298023224 0.925000011920929 1.2371360063552856
v -0.15000000596046448 0.8500000238418579 1.2127610445022583
v -0.07500000298023224 0.925000011920929 1.2371360063552856
v -0.15000000596046448 0.8500000238418579 -1.2127610445022583
v -0.15000000596046448 0.8500000238418579 -1.2127610445022583
v -0.07500000298023224 0.925000011920929 1.2371360063552856
v -0.07500000298023224 0.925000011920929 -1.2371360063552856
v -0.15000000596046448 0.8500000238418579 -1.2127610445022583
v -0.15000000596046448 0.75 -1.1802610158920288
v -0.15000000596046448 0.8500000238418579 1.2127610445022583
v -0.15000000596046448 0.8500000238418579 1.2127610445022583
v -0.15000000596046448 0.75 -1.1802610158920288
v -0.15000000596046448 0.75 1.1802610158920288
v -0.15000000596046448 1.100000023841858 -1.2940109968185425
v -0.15000000596046448 1 -1.261510968208313
v -0.15000000596046448 1.100000023841858 1.2940109968185425
v -0.15000000596046448 1.100000023841858 1.2940109968185425
v -0.15000000596046448 1 -1.261510968208313
v -0.15000000596046448 1 1.261510968208313
v -0.15000000596046448 1.350000023841858 -1.3752609491348267
v -0.15000000596046448 1.25 -1.3427610397338867
v -0.15000000596046448 1.350000023841858 1.3752609491348267
v -0.15000000596046448 1.350000023841858 1.3752609491348267
v -0.15000000596046448 1.25 -1.3427610397338867
v -0.15000000596046448 1.25 1.3427610397338867
v -0.15000000596046448 1.600000023841858 -1.4565110206604004
v -0.15000000596046448 1.5 -1.424010992050171
v -0.15000000596046448 1.600000023841858 1.4565110206604004
v -0.15000000596046448 1.600000023841858 1.4565110206604004
v -0.15000000596046448 1.5 -1.424010992050171
v -0.15000000596046448 1.5 1.424010992050171
v -0.15000000596046448 1.850000023841858 -1.5377609729766846
v -0.15000000596046448 1.75 -1.505260944366455
v -0.15000000596046448 1.850000023841858 1.5377609729766846
v -0.15000000596046448 1.850000023841858 1.5377609729766846
v -0.15000000596046448 1.75 -1.505260944366455
v -0.15000000596046448 1.75 1.505260944366455
v -0.15000000596046448 2.0999999046325684 -1.6190110445022583
v -0.15000000596046448 2 -1.5865110158920288
v -0.15000000596046448 2.0999999046325684 1.6190110445022583
v -0.15000000596046448 2.0999999046325684 1.6190110445022583
v -0.15000000596046448 2 -1.5865110158920288
v -0.15000000596046448 2 1.5865110158920288
v -0.15000000596046448 2.3499999046325684 -1.7002609968185425
v -0.15000000596046448 2.25 -1.667760968208313
v -0.15000000596046448 2.3499999046325684 1.7002609968185425
v -0.15000000596046448 2.3499999046325684 1.7002609968185425
v -0.15000000596046448 2.25 -1.667760968208313
v -0.15000000596046448 2.25 1.667760968208313
v -0.07500000298023224 0.675000011920929 -1.1558860540390015
v -0.15000000596046448 0.6000000238418579 -1.1315109729766846
v -0.07500000298023224 0.675000011920929 1.1558860540390015
v -0.07500000298023224 0.675000011920929 1.1558860540390015
v -0.15000000596046448 0.6000000238418579 -1.1315109729766846
v -0.15000000596046448 0.6000000238418579 1.1315109729766846
v -0.15000000596046448 0.75 -1.1802610158920288
v -0.07500000298023224 0.675000011920929 -1.1558860540390015
v -0.15000000596046448 0.75 1.1802610158920288
v -0.15000000596046448 0.75 1.1802610158920288
v -0.07500000298023224 0.675000011920929 -1.1558860540390015
v -0.07500000298023224 0.675000011920929 1.1558860540390015
v 0.8500000238418579 4.300000190734863 2.363976001739502
v 1.149999976158142 4.300000190734863 2.363976001739502
v 0.8500000238418579 4.479516983032227 3.0596048831939697
v 0.8500000238418579 4.479516983032227 3.0596048831939697
v 1.149999976158142 4.300000190734863 2.363976001739502
v 1.149999976158142 4.479516983032227 3.0596048831939697
v 0.8500000238418579 4.300000190734863 2.363976001739502
v 0.8500000238418579 4.593928813934326 2.363976001739502
v 0.25 4.300000190734863 2.363976001739502
v 0.25 4.300000190734863 2.363976001739502
v 0.8500000238418579 4.593928813934326 2.363976001739502
v 0.25 4.593928813934326 2.363976001739502
v 1.149999976158142 4.300000190734863 2.363976001739502
v 0.8500000238418579 4.300000190734863 2.363976001739502
v 1.149999976158142 4.300000190734863 1.934999942779541
v 1.149999976158142 4.300000190734863 1.934999942779541
v 0.8500000238418579 4.300000190734863 2.363976001739502
v 0.25 4.300000190734863 1.934999942779541
v 0.25 4.300000190734863 1.934999942779541
v 0.8500000238418579 4.300000190734863 2.363976001739502
v 0.25 4.300000190734863 2.363976001739502
v 0.8500000238418579 4.593928813934326 2.363976001739502
v 0.8500000238418579 4.300000190734863 2.363976001739502
v 0.8500000238418579 4.699999809265137 2.7750000953674316
v 0.8500000238418579 4.699999809265137 2.7750000953674316
v 0.8500000238418579 4.300000190734863 2.363976001739502
v 0.8500000238418579 4.479516983032227 3.0596048831939697
v 0.8500000238418579 4.699999809265137 2.7750000953674316
v 0.8500000238418579 4.479516983032227 3.0596048831939697
v 0.8500000238418579 5.50513219833374 3.0596048831939697
v 0.8500000238418579 5.50513219833374 3.0596048831939697
v 0.8500000238418579 5.599999904632568 2.7750000953674316
v 0.8500000238418579 4.699999809265137 2.7750000953674316
v 0.25 4.593928813934326 2.363976001739502
v 0.8500000238418579 4.593928813934326 2.363976001739502
v 0.25 4.699999809265137 2.7750000953674316
v 0.25 4.699999809265137 2.7750000953674316
v 0.8500000238418579 4.593928813934326 2.363976001739502
v 0.8500000238418579 4.699999809265137 2.7750000953674316
v 0.25 4.300000190734863 -2.363976001739502
v 0.8500000238418579 4.300000190734863 -2.363976001739502
v 0.25 4.300000190734863 -1.934999942779541
v 0.25 4.300000190734863 -1.934999942779541
v 0.8500000238418579 4.300000190734863 -2.363976001739502
v 1.149999976158142 4.300000190734863 -1.934999942779541
v 1.149999976158142 4.300000190734863 -1.934999942779541
v 0.8500000238418579 4.300000190734863 -2.363976001739502
v 1.149999976158142 4.300000190734863 -2.363976001739502
v 0.8500000238418579 4.593928813934326 -2.363976001739502
v 0.8500000238418579 4.300000190734863 -2.363976001739502
v 0.25 4.593928813934326 -2.363976001739502
v 0.25 4.593928813934326 -2.363976001739502
v 0.8500000238418579 4.300000190734863 -2.363976001739502
v 0.25 4.300000190734863 -2.363976001739502
v 0.8500000238418579 4.593928813934326 -2.363976001739502
v 0.25 4.593928813934326 -2.363976001739502
v 0.8500000238418579 4.699999809265137 -2.7750000953674316
v 0.8500000238418579 4.699999809265137 -2.7750000953674316
v 0.25 4.593928813934326 -2.363976001739502
v 0.25 4.699999809265137 -2.7750000953674316
v 0.8500000238418579 4.593928813934326 -2.363976001739502
v 0.8500000238418579 4.699999809265137 -2.7750000953674316
v 0.8500000238418579 4.300000190734863 -2.363976001739502
v 0.8500000238418579 4.300000190734863 -2.363976001739502
v 0.8500000238418579 4.699999809265137 -2.7750000953674316
v 0.8500000238418579 4.479516983032227 -3.0596048831939697
v 0.8500000238418579 4.479516983032227 -3.0596048831939697
v 0.8500000238418579 4.699999809265137 -2.7750000953674316
v 0.8500000238418579 5.50513219833374 -3.0596048831939697
v 0.8500000238418579 5.50513219833374 -3.0596048831939697
v 0.8500000238418579 4.699999809265137 -2.7750000953674316
v 0.8500000238418579 5.599999904632568 -2.7750000953674316
v 0.25 4.406023025512695 3.154473066329956
v -0.15000000596046448 4.406023025512695 3.154473066329956
v 0.25 4.184613227844238 2.296510934829712
v 0.25 4.184613227844238 2.296510934829712
v -0.15000000596046448 4.406023025512695 3.154473066329956
v -0.15000000596046448 4.184613227844238 2.296510934829712
v 0.25 5.473508834838867 3.154473066329956
v -0.15000000596046448 5.473508834838867 3.154473066329956
v 0.25 4.406023025512695 3.154473066329956
v 0.25 4.406023025512695 3.154473066329956
v -0.15000000596046448 5.473508834838867 3.154473066329956
v -0.15000000596046448 4.406023025512695 3.154473066329956
v 1.149999976158142 5.50513219833374 3.0596048831939697
v 0.8500000238418579 5.50513219833374 3.0596048831939697
v 1.149999976158142 4.479516983032227 3.0596048831939697
v 1.149999976158142 4.479516983032227 3.0596048831939697
v 0.8500000238418579 5.50513219833374 3.0596048831939697
v 0.8500000238418579 4.479516983032227 3.0596048831939697
v 1.149999976158142 4.300000190734863 -2.363976001739502
v 0.8500000238418579 4.300000190734863 -2.363976001739502
v 1.149999976158142 4.479516983032227 -3.0596048831939697
v 1.149999976158142 4.479516983032227 -3.0596048831939697
v 0.8500000238418579 4.300000190734863 -2.363976001739502
v 0.8500000238418579 4.479516983032227 -3.0596048831939697
v 0.8500000238418579 5.50513219833374 -3.0596048831939697
v 1.149999976158142 5.50513219833374 -3.0596048831939697
v 0.8500000238418579 4.479516983032227 -3.0596048831939697
v 0.8500000238418579 4.479516983032227 -3.0596048831939697
v 1.149999976158142 5.50513219833374 -3.0596048831939697
v 1.149999976158142 4.479516983032227 -3.0596048831939697
v 0.25 0.5 -0.699999988079071
v 0.25 4.300000190734863 -1.934999942779541
v 1.149999976158142 4.300000190734863 -1.934999942779541
v -0.15000000596046448 4.406023025512695 -3.154473066329956
v 0.25 4.406023025512695 -3.154473066329956
v -0.15000000596046448 4.184613227844238 -2.296510934829712
v -0.15000000596046448 4.184613227844238 -2.296510934829712
v 0.25 4.406023025512695 -3.154473066329956
v 0.25 4.184613227844238 -2.296510934829712
v -0.15000000596046448 5.473508834838867 -3.154473066329956
v 0.25 5.473508834838867 -3.154473066329956
v -0.15000000596046448 4.406023025512695 -3.154473066329956
v -0.15000000596046448 4.406023025512695 -3.154473066329956
v 0.25 5.473508834838867 -3.154473066329956
v 0.25 4.406023025512695 -3.154473066329956
v 0.8500000238418579 5.599999904632568 -2.7750000953674316
v 0.8500000238418579 4.699999809265137 -2.7750000953674316
v 0.25 5.599999904632568 -2.7750000953674316
v 0.25 5.599999904632568 -2.7750000953674316
v 0.8500000238418579 4.699999809265137 -2.7750000953674316
v 0.25 4.699999809265137 -2.7750000953674316
v -1.9443550109863281 5.099999904632568 1.2413309812545776
v -1.9199999570846558 5.099999904632568 1.149999976158142
v -1.8133519887924194 5.099999904632568 1.1561789512634277
v -1.8133519887924194 5.099999904632568 1.1561789512634277
v -1.9199999570846558 5.099999904632568 1.149999976158142
v -1.815000057220459 5.099999904632568 1.149999976158142
v -2.1500000953674316 5.099999904632568 1.375
v -1.9443550109863281 5.099999904632568 1.2413309812545776
v -2.1500000953674316 4.900000095367432 1.375
v -2.1500000953674316 4.900000095367432 1.375
v -1.9443550109863281 5.099999904632568 1.2413309812545776
v -1.8133519887924194 5.099999904632568 1.1561789512634277
v -2.1500000953674316 4.900000095367432 1.375
v -1.8133519887924194 5.099999904632568 1.1561789512634277
v -0.15000000596046448 4.900000095367432 0.07500000298023224
v -0.15000000596046448 4.900000095367432 0.07500000298023224
v -1.8133519887924194 5.099999904632568 1.1561789512634277
v 1.149999976158142 5.099999904632568 -0.7699999809265137
v -0.15000000596046448 4.900000095367432 0.07500000298023224
v 1.149999976158142 5.099999904632568 -0.7699999809265137
v 1.149999976158142 4.860000133514404 -0.7699999809265137
v 1.149999976158142 4.860000133514404 -0.7699999809265137
v -0.15000000596046448 4.860000133514404 0.07500000298023224
v -0.15000000596046448 4.900000095367432 0.07500000298023224
v 0.1932860016822815 5.099999904632568 0.8954640030860901
v 0.07500000298023224 5.099999904632568 0.853082001209259
v 0.07500000298023224 5.099999904632568 0.972350001335144
v 0.07500000298023224 5.099999904632568 0.972350001335144
v 0.07500000298023224 5.099999904632568 0.853082001209259
v -0.25999999046325684 5.099999904632568 1.149999976158142
v 0.07500000298023224 5.099999904632568 0.972350001335144
v -0.25999999046325684 5.099999904632568 1.149999976158142
v -0.1550000011920929 5.099999904632568 1.149999976158142
v 0.225041002035141 5.099999904632568 0.9141330122947693
v 0.27167001366615295 5.099999904632568 0.8247650265693665
v 0.1932860016822815 5.099999904632568 0.8954640030860901
v 0.1932860016822815 5.099999904632568 0.8954640030860901
v 0.27167001366615295 5.099999904632568 0.8247650265693665
v 0.25961101055145264 5.099999904632568 0.8197699785232544
v 0.1932860016822815 5.099999904632568 0.8954640030860901
v 0.25961101055145264 5.099999904632568 0.8197699785232544
v 0.24925599992275238 5.099999904632568 0.8118240237236023
v 0.27167001366615295 5.099999904632568 0.8247650265693665
v 0.225041002035141 5.099999904632568 0.9141330122947693
v 0.2846109867095947 5.099999904632568 0.8264690041542053
v 0.2846109867095947 5.099999904632568 0.8264690041542053
v 0.225041002035141 5.099999904632568 0.9141330122947693
v 0.26038700342178345 5.099999904632568 0.9244999885559082
v 0.2846109867095947 5.099999904632568 0.8264690041542053
v 0.26038700342178345 5.099999904632568 0.9244999885559082
v 0.2971949875354767 5.099999904632568 0.9259399771690369
v 0.2971949875354767 5.099999904632568 0.9259399771690369
v 0.3332430124282837 5.099999904632568 0.918366014957428
v 0.2846109867095947 5.099999904632568 0.8264690041542053
v 0.2846109867095947 5.099999904632568 0.8264690041542053
v 0.3332430124282837 5.099999904632568 0.918366014957428
v 0.2975519895553589 5.099999904632568 0.8247650265693665
v 0.2975519895553589 5.099999904632568 0.8247650265693665
v 0.3332430124282837 5.099999904632568 0.918366014957428
v 0.36635899543762207 5.099999904632568 0.9022349715232849
v 0.2975519895553589 5.099999904632568 0.8247650265693665
v 0.36635899543762207 5.099999904632568 0.9022349715232849
v 0.3096109926700592 5.099999904632568 0.8197699785232544
v 0.3096109926700592 5.099999904632568 0.8197699785232544
v 0.36635899543762207 5.099999904632568 0.9022349715232849
v 0.3945449888706207 5.099999904632568 0.8785200119018555
v 0.3096109926700592 5.099999904632568 0.8197699785232544
v 0.3945449888706207 5.099999904632568 0.8785200119018555
v 0.41610199213027954 5.099999904632568 0.8486509919166565
v 0.4297280013561249 5.099999904632568 0.8144279718399048
v 0.32791200280189514 5.099999904632568 0.8014690279960632
v 0.41610199213027954 5.099999904632568 0.8486509919166565
v 0.41610199213027954 5.099999904632568 0.8486509919166565
v 0.32791200280189514 5.099999904632568 0.8014690279960632
v 0.31996598839759827 5.099999904632568 0.8118240237236023
v 0.41610199213027954 5.099999904632568 0.8486509919166565
v 0.31996598839759827 5.099999904632568 0.8118240237236023
v 0.3096109926700592 5.099999904632568 0.8197699785232544
v 0.32791200280189514 5.099999904632568 0.8014690279960632
v 0.4297280013561249 5.099999904632568 0.8144279718399048
v 0.3329069912433624 5.099999904632568 0.7894099950790405
v 0.3329069912433624 5.099999904632568 0.7894099950790405
v 0.4297280013561249 5.099999904632568 0.8144279718399048
v 0.4346039891242981 5.099999904632568 0.7779170274734497
v 0.3329069912433624 5.099999904632568 0.7894099950790405
v 0.4346039891242981 5.099999904632568 0.7779170274734497
v 0.3346109986305237 5.099999904632568 0.7764689922332764
v 0.3346109986305237 5.099999904632568 0.7764689922332764
v 0.4346039891242981 5.099999904632568 0.7779170274734497
v 0.3329069912433624 5.099999904632568 0.7635279893875122
v 0.3329069912433624 5.099999904632568 0.7635279893875122
v 0.4346039891242981 5.099999904632568 0.7779170274734497
v 0.430433988571167 5.099999904632568 0.7413179874420166
v 0.3329069912433624 5.099999904632568 0.7635279893875122
v 0.430433988571167 5.099999904632568 0.7413179874420166
v 0.32791200280189514 5.099999904632568 0.7514690160751343
v 0.32791200280189514 5.099999904632568 0.7514690160751343
v 0.430433988571167 5.099999904632568 0.7413179874420166
v 0.31996598839759827 5.099999904632568 0.7411140203475952
v 0.31996598839759827 5.099999904632568 0.7411140203475952
v 0.430433988571167 5.099999904632568 0.7413179874420166
v 0.37593498826026917 5.099999904632568 0.6574739813804626
v 0.31996598839759827 5.099999904632568 0.7411140203475952
v 0.37593498826026917 5.099999904632568 0.6574739813804626
v 0.3096109926700592 5.099999904632568 0.7331680059432983
v 0.3096109926700592 5.099999904632568 0.7331680059432983
v 0.37593498826026917 5.099999904632568 0.6574739813804626
v 0.2975519895553589 5.099999904632568 0.728173017501831
v 0.2975519895553589 5.099999904632568 0.728173017501831
v 0.37593498826026917 5.099999904632568 0.6574739813804626
v 0.34418100118637085 5.099999904632568 0.6388049721717834
v 0.2975519895553589 5.099999904632568 0.728173017501831
v 0.34418100118637085 5.099999904632568 0.6388049721717834
v 0.2846109867095947 5.099999904632568 0.7264689803123474
v 0.2846109867095947 5.099999904632568 0.7264689803123474
v 0.34418100118637085 5.099999904632568 0.6388049721717834
v 0.3088339865207672 5.099999904632568 0.6284379959106445
v 0.2846109867095947 5.099999904632568 0.7264689803123474
v 0.3088339865207672 5.099999904632568 0.6284379959106445
v 0.27202698588371277 5.099999904632568 0.6269980072975159
v 0.430433988571167 5.099999904632568 0.7413179874420166
v 0.4648889899253845 5.099999904632568 0.7189229726791382
v 0.37593498826026917 5.099999904632568 0.6574739813804626
v 0.37593498826026917 5.099999904632568 0.6574739813804626
v 0.4648889899253845 5.099999904632568 0.7189229726791382
v 0.40933799743652344 5.099999904632568 0.6357619762420654
v 0.40933799743652344 5.099999904632568 0.6357619762420654
v 0.4648889899253845 5.099999904632568 0.7189229726791382
v 0.548740029335022 5.099999904632568 0.6644189953804016
v 0.40933799743652344 5.099999904632568 0.6357619762420654
v 0.548740029335022 5.099999904632568 0.6644189953804016
v 0.4931890070438385 5.099999904632568 0.58125901222229
v 0.4931890070438385 5.099999904632568 0.58125901222229
v 0.548740029335022 5.099999904632568 0.6644189953804016
v 0.5821419954299927 5.099999904632568 0.6427080035209656
v 0.4931890070438385 5.099999904632568 0.58125901222229
v 0.5821419954299927 5.099999904632568 0.6427080035209656
v 0.5276439785957336 5.099999904632568 0.5588629841804504
v 0.5276439785957336 5.099999904632568 0.5588629841804504
v 0.5821419954299927 5.099999904632568 0.6427080035209656
v 0.6381120085716248 5.099999904632568 0.5590680241584778
v 0.5276439785957336 5.099999904632568 0.5588629841804504
v 0.6381120085716248 5.099999904632568 0.5590680241584778
v 0.6301659941673279 5.099999904632568 0.5487120151519775
v 0.548740029335022 5.099999904632568 0.6644189953804016
v 0.4648889899253845 5.099999904632568 0.7189229726791382
v 0.6364889740943909 5.099999904632568 0.7957820296287537
v 0.6364889740943909 5.099999904632568 0.7957820296287537
v 0.4648889899253845 5.099999904632568 0.7189229726791382
v 0.5533350110054016 5.099999904632568 0.8513280153274536
v 0.6364889740943909 5.099999904632568 0.7957820296287537
v 0.5533350110054016 5.099999904632568 0.8513280153274536
v 0.6605259776115417 5.099999904632568 0.8928560018539429
v 0.6605259776115417 5.099999904632568 0.8928560018539429
v 0.5533350110054016 5.099999904632568 0.8513280153274536
v 0.6484670042991638 5.099999904632568 0.8978509902954102
v 0.6484670042991638 5.099999904632568 0.8978509902954102
v 0.5533350110054016 5.099999904632568 0.8513280153274536
v 0.6381120085716248 5.099999904632568 0.905797004699707
v 0.6381120085716248 5.099999904632568 0.905797004699707
v 0.5533350110054016 5.099999904632568 0.8513280153274536
v 0.5366500020027161 5.099999904632568 0.8796610236167908
v 0.6381120085716248 5.099999904632568 0.905797004699707
v 0.5366500020027161 5.099999904632568 0.8796610236167908
v 0.6301659941673279 5.099999904632568 0.9161530137062073
v 0.6301659941673279 5.099999904632568 0.9161530137062073
v 0.5366500020027161 5.099999904632568 0.8796610236167908
v 0.5265390276908875 5.099999904632568 0.9109479784965515
v 0.6301659941673279 5.099999904632568 0.9161530137062073
v 0.5265390276908875 5.099999904632568 0.9109479784965515
v 0.6251710057258606 5.099999904632568 0.9282119870185852
v 0.6251710057258606 5.099999904632568 0.9282119870185852
v 0.5265390276908875 5.099999904632568 0.9109479784965515
v 0.5234879851341248 5.099999904632568 0.9436870217323303
v 0.6251710057258606 5.099999904632568 0.9282119870185852
v 0.5234879851341248 5.099999904632568 0.9436870217323303
v 0.6234670281410217 5.099999904632568 0.9411529898643494
v 0.6234670281410217 5.099999904632568 0.9411529898643494
v 0.5234879851341248 5.099999904632568 0.9436870217323303
v 0.6251710057258606 5.099999904632568 0.9540939927101135
v 0.6251710057258606 5.099999904632568 0.9540939927101135
v 0.5234879851341248 5.099999904632568 0.9436870217323303
v 0.5276439785957336 5.099999904632568 0.976302981376648
v 0.6251710057258606 5.099999904632568 0.9540939927101135
v 0.5276439785957336 5.099999904632568 0.976302981376648
v 0.6301659941673279 5.099999904632568 0.9661530256271362
v 0.6301659941673279 5.099999904632568 0.9661530256271362
v 0.5276439785957336 5.099999904632568 0.976302981376648
v 0.6381120085716248 5.099999904632568 0.9765080213546753
v 0.6381120085716248 5.099999904632568 0.9765080213546753
v 0.5276439785957336 5.099999904632568 0.976302981376648
v 0.5821419954299927 5.099999904632568 1.060148000717163
v 0.6381120085716248 5.099999904632568 0.9765080213546753
v 0.5821419954299927 5.099999904632568 1.060148000717163
v 0.6484670042991638 5.099999904632568 0.9844539761543274
v 0.6484670042991638 5.099999904632568 0.9844539761543274
v 0.5821419954299927 5.099999904632568 1.060148000717163
v 0.6605259776115417 5.099999904632568 0.9894490242004395
v 0.6605259776115417 5.099999904632568 0.9894490242004395
v 0.5821419954299927 5.099999904632568 1.060148000717163
v 0.6111180186271667 5.099999904632568 1.0775810480117798
v 0.6605259776115417 5.099999904632568 0.9894490242004395
v 0.6111180186271667 5.099999904632568 1.0775810480117798
v 0.6432620286941528 5.099999904632568 1.0880800485610962
v 0.5821419954299927 5.099999904632568 1.060148000717163
v 0.5276439785957336 5.099999904632568 0.976302981376648
v 0.4439080059528351 5.099999904632568 1.149999976158142
v 0.4439080059528351 5.099999904632568 1.149999976158142
v 0.5276439785957336 5.099999904632568 0.976302981376648
v 0.26041799783706665 5.099999904632568 1.149999976158142
v 0.4439080059528351 5.099999904632568 1.149999976158142
v 0.26041799783706665 5.099999904632568 1.149999976158142
v 0.3199999928474426 5.099999904632568 1.375
v 0.3199999928474426 5.099999904632568 1.375
v 0.26041799783706665 5.099999904632568 1.149999976158142
v 0.25999999046325684 5.099999904632568 1.149999976158142
v 0.3199999928474426 5.099999904632568 1.375
v 0.5099999904632568 5.099999904632568 1.375
v 0.4439080059528351 5.099999904632568 1.149999976158142
v 0.4439080059528351 5.099999904632568 1.149999976158142
v 0.5099999904632568 5.099999904632568 1.375
v 0.5699999928474426 5.099999904632568 1.149999976158142
v 0.6605259776115417 5.099999904632568 0.9894490242004395
v 0.6432620286941528 5.099999904632568 1.0880800485610962
v 0.6734669804573059 5.099999904632568 0.9911530017852783
v 0.6734669804573059 5.099999904632568 0.9911530017852783
v 0.6432620286941528 5.099999904632568 1.0880800485610962
v 0.676941990852356 5.099999904632568 1.0911120176315308
v 0.6734669804573059 5.099999904632568 0.9911530017852783
v 0.676941990852356 5.099999904632568 1.0911120176315308
v 0.710444986820221 5.099999904632568 1.0865230560302734
v 0.7528470158576965 5.099999904632568 1.149999976158142
v 0.793599009513855 5.099999904632568 1.0309770107269287
v 0.710444986820221 5.099999904632568 1.0865230560302734
v 0.710444986820221 5.099999904632568 1.0865230560302734
v 0.793599009513855 5.099999904632568 1.0309770107269287
v 0.6864079833030701 5.099999904632568 0.9894490242004395
v 0.710444986820221 5.099999904632568 1.0865230560302734
v 0.6864079833030701 5.099999904632568 0.9894490242004395
v 0.6734669804573059 5.099999904632568 0.9911530017852783
v 0.675000011920929 5.099999904632568 1.149999976158142
v 0.7350000143051147 5.099999904632568 1.375
v 0.7528470158576965 5.099999904632568 1.149999976158142
v 0.7528470158576965 5.099999904632568 1.149999976158142
v 0.7350000143051147 5.099999904632568 1.375
v 0.873104989528656 5.099999904632568 1.149999976158142
v 0.7528470158576965 5.099999904632568 1.149999976158142
v 0.873104989528656 5.099999904632568 1.149999976158142
v 0.793599009513855 5.099999904632568 1.0309770107269287
v 0.7350000143051147 5.099999904632568 1.375
v 0.925000011920929 5.099999904632568 1.375
v 0.873104989528656 5.099999904632568 1.149999976158142
v 0.873104989528656 5.099999904632568 1.149999976158142
v 0.925000011920929 5.099999904632568 1.375
v 0.925000011920929 5.099999904632568 1.149999976158142
v 0.925000011920929 5.099999904632568 1.149999976158142
v 0.925000011920929 5.099999904632568 1.375
v 0.9850000143051147 5.099999904632568 1.149999976158142
v 0.925000011920929 5.099999904632568 1.149999976158142
v 0.9850000143051147 5.099999904632568 1.149999976158142
v 0.925000011920929 5.099999904632568 0.8372899889945984
v 0.925000011920929 5.099999904632568 0.8372899889945984
v 0.9850000143051147 5.099999904632568 1.149999976158142
v 1.090000033378601 5.099999904632568 1.149999976158142
v 0.925000011920929 5.099999904632568 0.8372899889945984
v 1.090000033378601 5.099999904632568 1.149999976158142
v 0.925000011920929 5.099999904632568 0.7180219888687134
v 0.925000011920929 5.099999904632568 0.7180219888687134
v 1.090000033378601 5.099999904632568 1.149999976158142
v 0.925000011920929 5.099999904632568 0.5849909782409668
v 0.925000011920929 5.099999904632568 0.5849909782409668
v 1.090000033378601 5.099999904632568 1.149999976158142
v 0.925000011920929 5.099999904632568 0.30058199167251587
v 0.925000011920929 5.099999904632568 0.5849909782409668
v 0.925000011920929 5.099999904632568 0.30058199167251587
v 0.8495399951934814 5.099999904632568 0.4688990116119385
v 0.8495399951934814 5.099999904632568 0.4688990116119385
v 0.925000011920929 5.099999904632568 0.30058199167251587
v 0.8788859844207764 5.099999904632568 0.3305560052394867
v 0.8495399951934814 5.099999904632568 0.4688990116119385
v 0.8788859844207764 5.099999904632568 0.3305560052394867
v 0.795041024684906 5.099999904632568 0.3850550055503845
v 0.795041024684906 5.099999904632568 0.3850550055503845
v 0.8788859844207764 5.099999904632568 0.3305560052394867
v 0.7086179852485657 5.099999904632568 0.2520959973335266
v 0.7086179852485657 5.099999904632568 0.2520959973335266
v 0.8788859844207764 5.099999904632568 0.3305560052394867
v 0.7924619913101196 5.099999904632568 0.19759699702262878
v 0.7086179852485657 5.099999904632568 0.2520959973335266
v 0.7924619913101196 5.099999904632568 0.19759699702262878
v 0.6864079833030701 5.099999904632568 0.15456900000572205
v 0.6864079833030701 5.099999904632568 0.15456900000572205
v 0.7924619913101196 5.099999904632568 0.19759699702262878
v 0.6984670162200928 5.099999904632568 0.14957399666309357
v 0.6984670162200928 5.099999904632568 0.14957399666309357
v 0.7924619913101196 5.099999904632568 0.19759699702262878
v 0.7088220119476318 5.099999904632568 0.14162799715995789
v 0.7088220119476318 5.099999904632568 0.14162799715995789
v 0.7924619913101196 5.099999904632568 0.19759699702262878
v 0.8096989989280701 5.099999904632568 0.1690489947795868
v 0.7088220119476318 5.099999904632568 0.14162799715995789
v 0.8096989989280701 5.099999904632568 0.1690489947795868
v 0.7167680263519287 5.099999904632568 0.13127200305461884
v 0.7167680263519287 5.099999904632568 0.13127200305461884
v 0.8096989989280701 5.099999904632568 0.1690489947795868
v 0.8202019929885864 5.099999904632568 0.13739800453186035
v 0.7167680263519287 5.099999904632568 0.13127200305461884
v 0.8202019929885864 5.099999904632568 0.13739800453186035
v 0.721763014793396 5.099999904632568 0.11921299993991852
v 0.721763014793396 5.099999904632568 0.11921299993991852
v 0.8202019929885864 5.099999904632568 0.13739800453186035
v 0.8234530091285706 5.099999904632568 0.10420899838209152
v 0.721763014793396 5.099999904632568 0.11921299993991852
v 0.8234530091285706 5.099999904632568 0.10420899838209152
v 0.7234669923782349 5.099999904632568 0.10627199709415436
v 0.7234669923782349 5.099999904632568 0.10627199709415436
v 0.8234530091285706 5.099999904632568 0.10420899838209152
v 0.721763014793396 5.099999904632568 0.0933310016989708
v 0.721763014793396 5.099999904632568 0.0933310016989708
v 0.8234530091285706 5.099999904632568 0.10420899838209152
v 0.8192899823188782 5.099999904632568 0.07112199813127518
v 0.721763014793396 5.099999904632568 0.0933310016989708
v 0.8192899823188782 5.099999904632568 0.07112199813127518
v 0.7167680263519287 5.099999904632568 0.08127199858427048
v 0.7167680263519287 5.099999904632568 0.08127199858427048
v 0.8192899823188782 5.099999904632568 0.07112199813127518
v 0.7088220119476318 5.099999904632568 0.07091700285673141
v 0.7088220119476318 5.099999904632568 0.07091700285673141
v 0.8192899823188782 5.099999904632568 0.07112199813127518
v 0.7647910118103027 5.099999904632568 -0.012722999788820744
v 0.7088220119476318 5.099999904632568 0.07091700285673141
v 0.7647910118103027 5.099999904632568 -0.012722999788820744
v 0.6984670162200928 5.099999904632568 0.06297100335359573
v 0.6984670162200928 5.099999904632568 0.06297100335359573
v 0.7647910118103027 5.099999904632568 -0.012722999788820744
v 0.6864079833030701 5.099999904632568 0.057976000010967255
v 0.6864079833030701 5.099999904632568 0.057976000010967255
v 0.7647910118103027 5.099999904632568 -0.012722999788820744
v 0.7362430095672607 5.099999904632568 -0.029959000647068024
v 0.6864079833030701 5.099999904632568 0.057976000010967255
v 0.7362430095672607 5.099999904632568 -0.029959000647068024
v 0.7045930027961731 5.099999904632568 -0.040463000535964966
v 1.149999976158142 5.099999904632568 1.375
v 1.149999976158142 5.099999904632568 -0.7699999809265137
v 1.090000033378601 5.099999904632568 1.149999976158142
v 1.090000033378601 5.099999904632568 1.149999976158142
v 1.149999976158142 5.099999904632568 -0.7699999809265137
v 0.925000011920929 5.099999904632568 0.30058199167251587
v -1.8133519887924194 5.099999904632568 1.1561789512634277
v 0.07500000298023224 5.099999904632568 0.19710400700569153
v 1.149999976158142 5.099999904632568 -0.7699999809265137
v 1.149999976158142 5.099999904632568 -0.7699999809265137
v 0.07500000298023224 5.099999904632568 0.19710400700569153
v 0.10380800068378448 5.099999904632568 0.17837899923324585
v 1.149999976158142 5.099999904632568 -0.7699999809265137
v 0.10380800068378448 5.099999904632568 0.17837899923324585
v 0.18765899538993835 5.099999904632568 0.12387599796056747
v 0.18765899538993835 5.099999904632568 0.12387599796056747
v 0.10380800068378448 5.099999904632568 0.17837899923324585
v 0.24763299524784088 5.099999904632568 0.21365800499916077
v 0.24763299524784088 5.099999904632568 0.21365800499916077
v 0.10380800068378448 5.099999904632568 0.17837899923324585
v 0.16447900235652924 5.099999904632568 0.2692050039768219
v 0.24763299524784088 5.099999904632568 0.21365800499916077
v 0.16447900235652924 5.099999904632568 0.2692050039768219
v 0.27167001366615295 5.099999904632568 0.31073200702667236
v 0.27167001366615295 5.099999904632568 0.31073200702667236
v 0.16447900235652924 5.099999904632568 0.2692050039768219
v 0.25961101055145264 5.099999904632568 0.31572800874710083
v 0.25961101055145264 5.099999904632568 0.31572800874710083
v 0.16447900235652924 5.099999904632568 0.2692050039768219
v 0.24925599992275238 5.099999904632568 0.3236730098724365
v 0.24925599992275238 5.099999904632568 0.3236730098724365
v 0.16447900235652924 5.099999904632568 0.2692050039768219
v 0.1477939933538437 5.099999904632568 0.2975369989871979
v 0.24925599992275238 5.099999904632568 0.3236730098724365
v 0.1477939933538437 5.099999904632568 0.2975369989871979
v 0.2413100004196167 5.099999904632568 0.3340289890766144
v 0.2413100004196167 5.099999904632568 0.3340289890766144
v 0.1477939933538437 5.099999904632568 0.2975369989871979
v 0.13768300414085388 5.099999904632568 0.3288240134716034
v 0.2413100004196167 5.099999904632568 0.3340289890766144
v 0.13768300414085388 5.099999904632568 0.3288240134716034
v 0.23631499707698822 5.099999904632568 0.3460879921913147
v 0.23631499707698822 5.099999904632568 0.3460879921913147
v 0.13768300414085388 5.099999904632568 0.3288240134716034
v 0.13463200628757477 5.099999904632568 0.3615629971027374
v 0.23631499707698822 5.099999904632568 0.3460879921913147
v 0.13463200628757477 5.099999904632568 0.3615629971027374
v 0.23461100459098816 5.099999904632568 0.35902899503707886
v 0.23461100459098816 5.099999904632568 0.35902899503707886
v 0.13463200628757477 5.099999904632568 0.3615629971027374
v 0.23631499707698822 5.099999904632568 0.371969997882843
v 0.23631499707698822 5.099999904632568 0.371969997882843
v 0.13463200628757477 5.099999904632568 0.3615629971027374
v 0.13878799974918365 5.099999904632568 0.3941799998283386
v 0.23631499707698822 5.099999904632568 0.371969997882843
v 0.13878799974918365 5.099999904632568 0.3941799998283386
v 0.2413100004196167 5.099999904632568 0.38402900099754333
v 0.2413100004196167 5.099999904632568 0.38402900099754333
v 0.13878799974918365 5.099999904632568 0.3941799998283386
v 0.24925599992275238 5.099999904632568 0.3943839967250824
v 0.24925599992275238 5.099999904632568 0.3943839967250824
v 0.13878799974918365 5.099999904632568 0.3941799998283386
v 0.1932860016822815 5.099999904632568 0.4780240058898926
v 0.24925599992275238 5.099999904632568 0.3943839967250824
v 0.1932860016822815 5.099999904632568 0.4780240058898926
v 0.25961101055145264 5.099999904632568 0.4023300111293793
v 0.25961101055145264 5.099999904632568 0.4023300111293793
v 0.1932860016822815 5.099999904632568 0.4780240058898926
v 0.27167001366615295 5.099999904632568 0.40732499957084656
v 0.27167001366615295 5.099999904632568 0.40732499957084656
v 0.1932860016822815 5.099999904632568 0.4780240058898926
v 0.22226199507713318 5.099999904632568 0.4954569935798645
v 0.27167001366615295 5.099999904632568 0.40732499957084656
v 0.22226199507713318 5.099999904632568 0.4954569935798645
v 0.25440600514411926 5.099999904632568 0.5059559941291809
v -1.7549999952316284 5.099999904632568 1.375
v -1.565000057220459 5.099999904632568 1.375
v -1.8133519887924194 5.099999904632568 1.1561789512634277
v -1.8133519887924194 5.099999904632568 1.1561789512634277
v -1.565000057220459 5.099999904632568 1.375
v -1.5049999952316284 5.099999904632568 1.149999976158142
v -1.8133519887924194 5.099999904632568 1.1561789512634277
v -1.5049999952316284 5.099999904632568 1.149999976158142
v 0.07500000298023224 5.099999904632568 0.19710400700569153
v 0.07500000298023224 5.099999904632568 0.19710400700569153
v -1.5049999952316284 5.099999904632568 1.149999976158142
v -1.399999976158142 5.099999904632568 1.149999976158142
v 0.07500000298023224 5.099999904632568 0.19710400700569153
v -1.399999976158142 5.099999904632568 1.149999976158142
v -1.090000033378601 5.099999904632568 1.149999976158142
v -1.090000033378601 5.099999904632568 1.149999976158142
v -1.399999976158142 5.099999904632568 1.149999976158142
v -1.149999976158142 5.099999904632568 1.375
v -1.149999976158142 5.099999904632568 1.375
v -1.399999976158142 5.099999904632568 1.149999976158142
v -1.340000033378601 5.099999904632568 1.375
v 0.07500000298023224 5.099999904632568 0.19710400700569153
v -1.090000033378601 5.099999904632568 1.149999976158142
v 0.07500000298023224 5.099999904632568 0.4356420040130615
v 0.07500000298023224 5.099999904632568 0.4356420040130615
v -1.090000033378601 5.099999904632568 1.149999976158142
v -0.9850000143051147 5.099999904632568 1.149999976158142
v 0.07500000298023224 5.099999904632568 0.4356420040130615
v -0.9850000143051147 5.099999904632568 1.149999976158142
v 0.07500000298023224 5.099999904632568 0.5549100041389465
v 0.07500000298023224 5.099999904632568 0.5549100041389465
v -0.9850000143051147 5.099999904632568 1.149999976158142
v -0.675000011920929 5.099999904632568 1.149999976158142
v 0.07500000298023224 5.099999904632568 0.5549100041389465
v -0.675000011920929 5.099999904632568 1.149999976158142
v -0.5699999928474426 5.099999904632568 1.149999976158142
v -0.925000011920929 5.099999904632568 1.375
v -0.7350000143051147 5.099999904632568 1.375
v -0.9850000143051147 5.099999904632568 1.149999976158142
v -0.9850000143051147 5.099999904632568 1.149999976158142
v -0.7350000143051147 5.099999904632568 1.375
v -0.675000011920929 5.099999904632568 1.149999976158142
v -0.5099999904632568 5.099999904632568 1.375
v -0.3199999928474426 5.099999904632568 1.375
v -0.5699999928474426 5.099999904632568 1.149999976158142
v -0.5699999928474426 5.099999904632568 1.149999976158142
v -0.3199999928474426 5.099999904632568 1.375
v -0.25999999046325684 5.099999904632568 1.149999976158142
v -0.5699999928474426 5.099999904632568 1.149999976158142
v -0.25999999046325684 5.099999904632568 1.149999976158142
v 0.07500000298023224 5.099999904632568 0.853082001209259
v 0.07500000298023224 5.099999904632568 0.972350001335144
v -0.1550000011920929 5.099999904632568 1.149999976158142
v 0.07500000298023224 5.099999904632568 1.149999976158142
v 0.07500000298023224 5.099999904632568 1.149999976158142
v -0.1550000011920929 5.099999904632568 1.149999976158142
v -0.0949999988079071 5.099999904632568 1.375
v 0.07500000298023224 5.099999904632568 1.149999976158142
v -0.0949999988079071 5.099999904632568 1.375
v 0.0949999988079071 5.099999904632568 1.375
v 0.0949999988079071 5.099999904632568 1.375
v 0.1550000011920929 5.099999904632568 1.149999976158142
v 0.07500000298023224 5.099999904632568 1.149999976158142
v 0.07500000298023224 5.099999904632568 0.853082001209259
v 0.07500000298023224 5.099999904632568 0.5549100041389465
v -0.5699999928474426 5.099999904632568 1.149999976158142
v 0.07500000298023224 5.099999904632568 0.5549100041389465
v 0.1932860016822815 5.099999904632568 0.4780240058898926
v 0.07500000298023224 5.099999904632568 0.4356420040130615
v 0.07500000298023224 5.099999904632568 0.4356420040130615
v 0.1932860016822815 5.099999904632568 0.4780240058898926
v 0.13878799974918365 5.099999904632568 0.3941799998283386
v 0.27167001366615295 5.099999904632568 0.40732499957084656
v 0.25440600514411926 5.099999904632568 0.5059559941291809
v 0.2846109867095947 5.099999904632568 0.4090290069580078
v 0.2846109867095947 5.099999904632568 0.4090290069580078
v 0.25440600514411926 5.099999904632568 0.5059559941291809
v 0.2880859971046448 5.099999904632568 0.5089889764785767
v 0.2846109867095947 5.099999904632568 0.4090290069580078
v 0.2880859971046448 5.099999904632568 0.5089889764785767
v 0.32158800959587097 5.099999904632568 0.5044000148773193
v 0.40933799743652344 5.099999904632568 0.6357619762420654
v 0.4931890070438385 5.099999904632568 0.58125901222229
v 0.32158800959587097 5.099999904632568 0.5044000148773193
v 0.32158800959587097 5.099999904632568 0.5044000148773193
v 0.4931890070438385 5.099999904632568 0.58125901222229
v 0.4047420024871826 5.099999904632568 0.4488529860973358
v 0.32158800959587097 5.099999904632568 0.5044000148773193
v 0.4047420024871826 5.099999904632568 0.4488529860973358
v 0.2975519895553589 5.099999904632568 0.40732499957084656
v 0.2975519895553589 5.099999904632568 0.40732499957084656
v 0.4047420024871826 5.099999904632568 0.4488529860973358
v 0.3096109926700592 5.099999904632568 0.4023300111293793
v 0.3096109926700592 5.099999904632568 0.4023300111293793
v 0.4047420024871826 5.099999904632568 0.4488529860973358
v 0.31996598839759827 5.099999904632568 0.3943839967250824
v 0.31996598839759827 5.099999904632568 0.3943839967250824
v 0.4047420024871826 5.099999904632568 0.4488529860973358
v 0.42142701148986816 5.099999904632568 0.42052099108695984
v 0.31996598839759827 5.099999904632568 0.3943839967250824
v 0.42142701148986816 5.099999904632568 0.42052099108695984
v 0.32791200280189514 5.099999904632568 0.38402900099754333
v 0.32791200280189514 5.099999904632568 0.38402900099754333
v 0.42142701148986816 5.099999904632568 0.42052099108695984
v 0.4315379858016968 5.099999904632568 0.3892329931259155
v 0.32791200280189514 5.099999904632568 0.38402900099754333
v 0.4315379858016968 5.099999904632568 0.3892329931259155
v 0.3329069912433624 5.099999904632568 0.371969997882843
v 0.3329069912433624 5.099999904632568 0.371969997882843
v 0.4315379858016968 5.099999904632568 0.3892329931259155
v 0.4345889985561371 5.099999904632568 0.3564949929714203
v 0.3329069912433624 5.099999904632568 0.371969997882843
v 0.4345889985561371 5.099999904632568 0.3564949929714203
v 0.3346109986305237 5.099999904632568 0.35902899503707886
v 0.3346109986305237 5.099999904632568 0.35902899503707886
v 0.4345889985561371 5.099999904632568 0.3564949929714203
v 0.3329069912433624 5.099999904632568 0.3460879921913147
v 0.3329069912433624 5.099999904632568 0.3460879921913147
v 0.4345889985561371 5.099999904632568 0.3564949929714203
v 0.430433988571167 5.099999904632568 0.3238779902458191
v 0.3329069912433624 5.099999904632568 0.3460879921913147
v 0.430433988571167 5.099999904632568 0.3238779902458191
v 0.32791200280189514 5.099999904632568 0.3340289890766144
v 0.32791200280189514 5.099999904632568 0.3340289890766144
v 0.430433988571167 5.099999904632568 0.3238779902458191
v 0.31996598839759827 5.099999904632568 0.3236730098724365
v 0.31996598839759827 5.099999904632568 0.3236730098724365
v 0.430433988571167 5.099999904632568 0.3238779902458191
v 0.37593498826026917 5.099999904632568 0.24003399908542633
v 0.31996598839759827 5.099999904632568 0.3236730098724365
v 0.37593498826026917 5.099999904632568 0.24003399908542633
v 0.3096109926700592 5.099999904632568 0.31572800874710083
v 0.3096109926700592 5.099999904632568 0.31572800874710083
v 0.37593498826026917 5.099999904632568 0.24003399908542633
v 0.2975519895553589 5.099999904632568 0.31073200702667236
v 0.2975519895553589 5.099999904632568 0.31073200702667236
v 0.37593498826026917 5.099999904632568 0.24003399908542633
v 0.34696000814437866 5.099999904632568 0.2226009964942932
v 0.2975519895553589 5.099999904632568 0.31073200702667236
v 0.34696000814437866 5.099999904632568 0.2226009964942932
v 0.3148150146007538 5.099999904632568 0.21210099756717682
v 0.27202698588371277 5.099999904632568 0.6269980072975159
v 0.23597800731658936 5.099999904632568 0.6345710158348083
v 0.2846109867095947 5.099999904632568 0.7264689803123474
v 0.2846109867095947 5.099999904632568 0.7264689803123474
v 0.23597800731658936 5.099999904632568 0.6345710158348083
v 0.27167001366615295 5.099999904632568 0.728173017501831
v 0.27167001366615295 5.099999904632568 0.728173017501831
v 0.23597800731658936 5.099999904632568 0.6345710158348083
v 0.20286299288272858 5.099999904632568 0.6507019996643066
v 0.27167001366615295 5.099999904632568 0.728173017501831
v 0.20286299288272858 5.099999904632568 0.6507019996643066
v 0.25961101055145264 5.099999904632568 0.7331680059432983
v 0.25961101055145264 5.099999904632568 0.7331680059432983
v 0.20286299288272858 5.099999904632568 0.6507019996643066
v 0.17467699944972992 5.099999904632568 0.6744179725646973
v 0.25961101055145264 5.099999904632568 0.7331680059432983
v 0.17467699944972992 5.099999904632568 0.6744179725646973
v 0.1531199961900711 5.099999904632568 0.7042869925498962
v 0.13949300348758698 5.099999904632568 0.7385089993476868
v 0.2413100004196167 5.099999904632568 0.7514690160751343
v 0.1531199961900711 5.099999904632568 0.7042869925498962
v 0.1531199961900711 5.099999904632568 0.7042869925498962
v 0.2413100004196167 5.099999904632568 0.7514690160751343
v 0.24925599992275238 5.099999904632568 0.7411140203475952
v 0.1531199961900711 5.099999904632568 0.7042869925498962
v 0.24925599992275238 5.099999904632568 0.7411140203475952
v 0.25961101055145264 5.099999904632568 0.7331680059432983
v 0.2413100004196167 5.099999904632568 0.7514690160751343
v 0.13949300348758698 5.099999904632568 0.7385089993476868
v 0.23631499707698822 5.099999904632568 0.7635279893875122
v 0.23631499707698822 5.099999904632568 0.7635279893875122
v 0.13949300348758698 5.099999904632568 0.7385089993476868
v 0.13461799919605255 5.099999904632568 0.7750210165977478
v 0.23631499707698822 5.099999904632568 0.7635279893875122
v 0.13461799919605255 5.099999904632568 0.7750210165977478
v 0.23461100459098816 5.099999904632568 0.7764689922332764
v 0.23461100459098816 5.099999904632568 0.7764689922332764
v 0.13461799919605255 5.099999904632568 0.7750210165977478
v 0.23631499707698822 5.099999904632568 0.7894099950790405
v 0.23631499707698822 5.099999904632568 0.7894099950790405
v 0.13461799919605255 5.099999904632568 0.7750210165977478
v 0.13878799974918365 5.099999904632568 0.8116199970245361
v 0.23631499707698822 5.099999904632568 0.7894099950790405
v 0.13878799974918365 5.099999904632568 0.8116199970245361
v 0.2413100004196167 5.099999904632568 0.8014690279960632
v 0.2413100004196167 5.099999904632568 0.8014690279960632
v 0.13878799974918365 5.099999904632568 0.8116199970245361
v 0.24925599992275238 5.099999904632568 0.8118240237236023
v 0.24925599992275238 5.099999904632568 0.8118240237236023
v 0.13878799974918365 5.099999904632568 0.8116199970245361
v 0.1932860016822815 5.099999904632568 0.8954640030860901
v 0.13878799974918365 5.099999904632568 0.8116199970245361
v 0.07500000298023224 5.099999904632568 0.853082001209259
v 0.1932860016822815 5.099999904632568 0.8954640030860901
v 0.925000011920929 5.099999904632568 0.7180219888687134
v 0.7647910118103027 5.099999904632568 0.8221570253372192
v 0.925000011920929 5.099999904632568 0.8372899889945984
v 0.925000011920929 5.099999904632568 0.8372899889945984
v 0.7647910118103027 5.099999904632568 0.8221570253372192
v 0.8192899823188782 5.099999904632568 0.9060019850730896
v 0.8192899823188782 5.099999904632568 0.9060019850730896
v 0.7647910118103027 5.099999904632568 0.8221570253372192
v 0.7088220119476318 5.099999904632568 0.905797004699707
v 0.8192899823188782 5.099999904632568 0.9060019850730896
v 0.7088220119476318 5.099999904632568 0.905797004699707
v 0.7167680263519287 5.099999904632568 0.9161530137062073
v 0.7358160018920898 5.099999904632568 0.8047249913215637
v 0.6864079833030701 5.099999904632568 0.8928560018539429
v 0.7647910118103027 5.099999904632568 0.8221570253372192
v 0.7647910118103027 5.099999904632568 0.8221570253372192
v 0.6864079833030701 5.099999904632568 0.8928560018539429
v 0.6984670162200928 5.099999904632568 0.8978509902954102
v 0.7647910118103027 5.099999904632568 0.8221570253372192
v 0.6984670162200928 5.099999904632568 0.8978509902954102
v 0.7088220119476318 5.099999904632568 0.905797004699707
v 0.7358160018920898 5.099999904632568 0.8047249913215637
v 0.7036709785461426 5.099999904632568 0.7942249774932861
v 0.6864079833030701 5.099999904632568 0.8928560018539429
v 0.6864079833030701 5.099999904632568 0.8928560018539429
v 0.7036709785461426 5.099999904632568 0.7942249774932861
v 0.6734669804573059 5.099999904632568 0.8911529779434204
v 0.6734669804573059 5.099999904632568 0.8911529779434204
v 0.7036709785461426 5.099999904632568 0.7942249774932861
v 0.6699920296669006 5.099999904632568 0.7911930084228516
v 0.6734669804573059 5.099999904632568 0.8911529779434204
v 0.6699920296669006 5.099999904632568 0.7911930084228516
v 0.6364889740943909 5.099999904632568 0.7957820296287537
v 0.6138970255851746 5.099999904632568 0.6613770127296448
v 0.6605259776115417 5.099999904632568 0.5720090270042419
v 0.5821419954299927 5.099999904632568 0.6427080035209656
v 0.5821419954299927 5.099999904632568 0.6427080035209656
v 0.6605259776115417 5.099999904632568 0.5720090270042419
v 0.6484670042991638 5.099999904632568 0.5670139789581299
v 0.5821419954299927 5.099999904632568 0.6427080035209656
v 0.6484670042991638 5.099999904632568 0.5670139789581299
v 0.6381120085716248 5.099999904632568 0.5590680241584778
v 0.6605259776115417 5.099999904632568 0.5720090270042419
v 0.6138970255851746 5.099999904632568 0.6613770127296448
v 0.6734669804573059 5.099999904632568 0.5737119913101196
v 0.6734669804573059 5.099999904632568 0.5737119913101196
v 0.6138970255851746 5.099999904632568 0.6613770127296448
v 0.6492429971694946 5.099999904632568 0.6717439889907837
v 0.6734669804573059 5.099999904632568 0.5737119913101196
v 0.6492429971694946 5.099999904632568 0.6717439889907837
v 0.6860510110855103 5.099999904632568 0.6731839776039124
v 0.6860510110855103 5.099999904632568 0.6731839776039124
v 0.7220990061759949 5.099999904632568 0.6656100153923035
v 0.6734669804573059 5.099999904632568 0.5737119913101196
v 0.6734669804573059 5.099999904632568 0.5737119913101196
v 0.7220990061759949 5.099999904632568 0.6656100153923035
v 0.6864079833030701 5.099999904632568 0.5720090270042419
v 0.6864079833030701 5.099999904632568 0.5720090270042419
v 0.7220990061759949 5.099999904632568 0.6656100153923035
v 0.7552149891853333 5.099999904632568 0.6494789719581604
v 0.6864079833030701 5.099999904632568 0.5720090270042419
v 0.7552149891853333 5.099999904632568 0.6494789719581604
v 0.6984670162200928 5.099999904632568 0.5670139789581299
v 0.6984670162200928 5.099999904632568 0.5670139789581299
v 0.7552149891853333 5.099999904632568 0.6494789719581604
v 0.7834010124206543 5.099999904632568 0.625764012336731
v 0.6984670162200928 5.099999904632568 0.5670139789581299
v 0.7834010124206543 5.099999904632568 0.625764012336731
v 0.8049579858779907 5.099999904632568 0.5958939790725708
v 0.8185840249061584 5.099999904632568 0.5616719722747803
v 0.7167680263519287 5.099999904632568 0.5487120151519775
v 0.8049579858779907 5.099999904632568 0.5958939790725708
v 0.8049579858779907 5.099999904632568 0.5958939790725708
v 0.7167680263519287 5.099999904632568 0.5487120151519775
v 0.7088220119476318 5.099999904632568 0.5590680241584778
v 0.8049579858779907 5.099999904632568 0.5958939790725708
v 0.7088220119476318 5.099999904632568 0.5590680241584778
v 0.6984670162200928 5.099999904632568 0.5670139789581299
v 0.7167680263519287 5.099999904632568 0.5487120151519775
v 0.8185840249061584 5.099999904632568 0.5616719722747803
v 0.721763014793396 5.099999904632568 0.5366529822349548
v 0.721763014793396 5.099999904632568 0.5366529822349548
v 0.8185840249061584 5.099999904632568 0.5616719722747803
v 0.8234599828720093 5.099999904632568 0.5251610279083252
v 0.721763014793396 5.099999904632568 0.5366529822349548
v 0.8234599828720093 5.099999904632568 0.5251610279083252
v 0.7234669923782349 5.099999904632568 0.5237119793891907
v 0.7234669923782349 5.099999904632568 0.5237119793891907
v 0.8234599828720093 5.099999904632568 0.5251610279083252
v 0.721763014793396 5.099999904632568 0.5107719898223877
v 0.721763014793396 5.099999904632568 0.5107719898223877
v 0.8234599828720093 5.099999904632568 0.5251610279083252
v 0.8192899823188782 5.099999904632568 0.4885619878768921
v 0.721763014793396 5.099999904632568 0.5107719898223877
v 0.8192899823188782 5.099999904632568 0.4885619878768921
v 0.7167680263519287 5.099999904632568 0.4987120032310486
v 0.7167680263519287 5.099999904632568 0.4987120032310486
v 0.8192899823188782 5.099999904632568 0.4885619878768921
v 0.7088220119476318 5.099999904632568 0.4883570075035095
v 0.7088220119476318 5.099999904632568 0.4883570075035095
v 0.8192899823188782 5.099999904632568 0.4885619878768921
v 0.7647910118103027 5.099999904632568 0.40471699833869934
v 0.7088220119476318 5.099999904632568 0.4883570075035095
v 0.7647910118103027 5.099999904632568 0.40471699833869934
v 0.6984670162200928 5.099999904632568 0.48041099309921265
v 0.6984670162200928 5.099999904632568 0.48041099309921265
v 0.7647910118103027 5.099999904632568 0.40471699833869934
v 0.6864079833030701 5.099999904632568 0.47541600465774536
v 0.6864079833030701 5.099999904632568 0.47541600465774536
v 0.7647910118103027 5.099999904632568 0.40471699833869934
v 0.733036994934082 5.099999904632568 0.38604798913002014
v 0.6864079833030701 5.099999904632568 0.47541600465774536
v 0.733036994934082 5.099999904632568 0.38604798913002014
v 0.6734669804573059 5.099999904632568 0.4737119972705841
v 0.6734669804573059 5.099999904632568 0.4737119972705841
v 0.733036994934082 5.099999904632568 0.38604798913002014
v 0.6976900100708008 5.099999904632568 0.3756810128688812
v 0.6734669804573059 5.099999904632568 0.4737119972705841
v 0.6976900100708008 5.099999904632568 0.3756810128688812
v 0.6608830094337463 5.099999904632568 0.3742409944534302
v 0.8192899823188782 5.099999904632568 0.4885619878768921
v 0.8495399951934814 5.099999904632568 0.4688990116119385
v 0.7647910118103027 5.099999904632568 0.40471699833869934
v 0.7647910118103027 5.099999904632568 0.40471699833869934
v 0.8495399951934814 5.099999904632568 0.4688990116119385
v 0.795041024684906 5.099999904632568 0.3850550055503845
v 0.8192899823188782 5.099999904632568 0.07112199813127518
v 0.925000011920929 5.099999904632568 0.002409999957308173
v 0.7647910118103027 5.099999904632568 -0.012722999788820744
v 0.7647910118103027 5.099999904632568 -0.012722999788820744
v 0.925000011920929 5.099999904632568 0.002409999957308173
v 0.925000011920929 5.099999904632568 -0.11685799807310104
v 0.925000011920929 5.099999904632568 -0.11685799807310104
v 0.925000011920929 5.099999904632568 0.002409999957308173
v 1.149999976158142 5.099999904632568 -0.7699999809265137
v 0.925000011920929 5.099999904632568 -0.11685799807310104
v 1.149999976158142 5.099999904632568 -0.7699999809265137
v 0.925000011920929 5.099999904632568 -0.35539600253105164
v 0.925000011920929 5.099999904632568 -0.35539600253105164
v 1.149999976158142 5.099999904632568 -0.7699999809265137
v 0.5791419744491577 5.099999904632568 -0.13058799505233765
v 0.5791419744491577 5.099999904632568 -0.13058799505233765
v 1.149999976158142 5.099999904632568 -0.7699999809265137
v 0.49529799818992615 5.099999904632568 -0.07608900219202042
v 0.5791419744491577 5.099999904632568 -0.13058799505233765
v 0.49529799818992615 5.099999904632568 -0.07608900219202042
v 0.6383159756660461 5.099999904632568 -0.03955100104212761
v 0.6383159756660461 5.099999904632568 -0.03955100104212761
v 0.49529799818992615 5.099999904632568 -0.07608900219202042
v 0.554472029209137 5.099999904632568 0.014948000200092793
v 0.6383159756660461 5.099999904632568 -0.03955100104212761
v 0.554472029209137 5.099999904632568 0.014948000200092793
v 0.6605259776115417 5.099999904632568 0.057976000010967255
v 0.6605259776115417 5.099999904632568 0.057976000010967255
v 0.554472029209137 5.099999904632568 0.014948000200092793
v 0.6484670042991638 5.099999904632568 0.06297100335359573
v 0.6484670042991638 5.099999904632568 0.06297100335359573
v 0.554472029209137 5.099999904632568 0.014948000200092793
v 0.6381120085716248 5.099999904632568 0.07091700285673141
v 0.6381120085716248 5.099999904632568 0.07091700285673141
v 0.554472029209137 5.099999904632568 0.014948000200092793
v 0.5372350215911865 5.099999904632568 0.04349600151181221
v 0.6381120085716248 5.099999904632568 0.07091700285673141
v 0.5372350215911865 5.099999904632568 0.04349600151181221
v 0.6301659941673279 5.099999904632568 0.08127199858427048
v 0.6301659941673279 5.099999904632568 0.08127199858427048
v 0.5372350215911865 5.099999904632568 0.04349600151181221
v 0.5267320275306702 5.099999904632568 0.07514700293540955
v 0.6301659941673279 5.099999904632568 0.08127199858427048
v 0.5267320275306702 5.099999904632568 0.07514700293540955
v 0.6251710057258606 5.099999904632568 0.0933310016989708
v 0.6251710057258606 5.099999904632568 0.0933310016989708
v 0.5267320275306702 5.099999904632568 0.07514700293540955
v 0.523481011390686 5.099999904632568 0.10833600163459778
v 0.6251710057258606 5.099999904632568 0.0933310016989708
v 0.523481011390686 5.099999904632568 0.10833600163459778
v 0.6234670281410217 5.099999904632568 0.10627199709415436
v 0.6234670281410217 5.099999904632568 0.10627199709415436
v 0.523481011390686 5.099999904632568 0.10833600163459778
v 0.6251710057258606 5.099999904632568 0.11921299993991852
v 0.6251710057258606 5.099999904632568 0.11921299993991852
v 0.523481011390686 5.099999904632568 0.10833600163459778
v 0.5276439785957336 5.099999904632568 0.14142300188541412
v 0.6251710057258606 5.099999904632568 0.11921299993991852
v 0.5276439785957336 5.099999904632568 0.14142300188541412
v 0.6301659941673279 5.099999904632568 0.13127200305461884
v 0.6301659941673279 5.099999904632568 0.13127200305461884
v 0.5276439785957336 5.099999904632568 0.14142300188541412
v 0.6381120085716248 5.099999904632568 0.14162799715995789
v 0.6381120085716248 5.099999904632568 0.14162799715995789
v 0.5276439785957336 5.099999904632568 0.14142300188541412
v 0.5821419954299927 5.099999904632568 0.22526800632476807
v 0.6381120085716248 5.099999904632568 0.14162799715995789
v 0.5821419954299927 5.099999904632568 0.22526800632476807
v 0.6484670042991638 5.099999904632568 0.14957399666309357
v 0.6484670042991638 5.099999904632568 0.14957399666309357
v 0.5821419954299927 5.099999904632568 0.22526800632476807
v 0.6605259776115417 5.099999904632568 0.15456900000572205
v 0.6605259776115417 5.099999904632568 0.15456900000572205
v 0.5821419954299927 5.099999904632568 0.22526800632476807
v 0.6106899976730347 5.099999904632568 0.24250400066375732
v 0.6605259776115417 5.099999904632568 0.15456900000572205
v 0.6106899976730347 5.099999904632568 0.24250400066375732
v 0.6423410177230835 5.099999904632568 0.2530069947242737
v 0.925000011920929 5.099999904632568 0.002409999957308173
v 0.925000011920929 5.099999904632568 0.30058199167251587
v 1.149999976158142 5.099999904632568 -0.7699999809265137
v 0.18765899538993835 5.099999904632568 0.12387599796056747
v 0.49529799818992615 5.099999904632568 -0.07608900219202042
v 1.149999976158142 5.099999904632568 -0.7699999809265137
v 0.5276439785957336 5.099999904632568 0.14142300188541412
v 0.37593498826026917 5.099999904632568 0.24003399908542633
v 0.5821419954299927 5.099999904632568 0.22526800632476807
v 0.5821419954299927 5.099999904632568 0.22526800632476807
v 0.37593498826026917 5.099999904632568 0.24003399908542633
v 0.430433988571167 5.099999904632568 0.3238779902458191
v 0.2975519895553589 5.099999904632568 0.31073200702667236
v 0.3148150146007538 5.099999904632568 0.21210099756717682
v 0.2846109867095947 5.099999904632568 0.3090290129184723
v 0.2846109867095947 5.099999904632568 0.3090290129184723
v 0.3148150146007538 5.099999904632568 0.21210099756717682
v 0.28113600611686707 5.099999904632568 0.20906899869441986
v 0.2846109867095947 5.099999904632568 0.3090290129184723
v 0.28113600611686707 5.099999904632568 0.20906899869441986
v 0.24763299524784088 5.099999904632568 0.21365800499916077
v 0.6608830094337463 5.099999904632568 0.3742409944534302
v 0.6248340010643005 5.099999904632568 0.38181498646736145
v 0.6734669804573059 5.099999904632568 0.4737119972705841
v 0.6734669804573059 5.099999904632568 0.4737119972705841
v 0.6248340010643005 5.099999904632568 0.38181498646736145
v 0.6605259776115417 5.099999904632568 0.47541600465774536
v 0.6605259776115417 5.099999904632568 0.47541600465774536
v 0.6248340010643005 5.099999904632568 0.38181498646736145
v 0.5917189717292786 5.099999904632568 0.39794600009918213
v 0.6605259776115417 5.099999904632568 0.47541600465774536
v 0.5917189717292786 5.099999904632568 0.39794600009918213
v 0.6484670042991638 5.099999904632568 0.48041099309921265
v 0.6484670042991638 5.099999904632568 0.48041099309921265
v 0.5917189717292786 5.099999904632568 0.39794600009918213
v 0.5635330080986023 5.099999904632568 0.42166098952293396
v 0.6484670042991638 5.099999904632568 0.48041099309921265
v 0.5635330080986023 5.099999904632568 0.42166098952293396
v 0.5419759750366211 5.099999904632568 0.45153099298477173
v 0.528348982334137 5.099999904632568 0.48575299978256226
v 0.6301659941673279 5.099999904632568 0.4987120032310486
v 0.5419759750366211 5.099999904632568 0.45153099298477173
v 0.5419759750366211 5.099999904632568 0.45153099298477173
v 0.6301659941673279 5.099999904632568 0.4987120032310486
v 0.6381120085716248 5.099999904632568 0.4883570075035095
v 0.5419759750366211 5.099999904632568 0.45153099298477173
v 0.6381120085716248 5.099999904632568 0.4883570075035095
v 0.6484670042991638 5.099999904632568 0.48041099309921265
v 0.6301659941673279 5.099999904632568 0.4987120032310486
v 0.528348982334137 5.099999904632568 0.48575299978256226
v 0.6251710057258606 5.099999904632568 0.5107719898223877
v 0.6251710057258606 5.099999904632568 0.5107719898223877
v 0.528348982334137 5.099999904632568 0.48575299978256226
v 0.5234739780426025 5.099999904632568 0.5222640037536621
v 0.6251710057258606 5.099999904632568 0.5107719898223877
v 0.5234739780426025 5.099999904632568 0.5222640037536621
v 0.6234670281410217 5.099999904632568 0.5237119793891907
v 0.6234670281410217 5.099999904632568 0.5237119793891907
v 0.5234739780426025 5.099999904632568 0.5222640037536621
v 0.6251710057258606 5.099999904632568 0.5366529822349548
v 0.6251710057258606 5.099999904632568 0.5366529822349548
v 0.5234739780426025 5.099999904632568 0.5222640037536621
v 0.5276439785957336 5.099999904632568 0.5588629841804504
v 0.6251710057258606 5.099999904632568 0.5366529822349548
v 0.5276439785957336 5.099999904632568 0.5588629841804504
v 0.6301659941673279 5.099999904632568 0.5487120151519775
v 0.6605259776115417 5.099999904632568 0.15456900000572205
v 0.6423410177230835 5.099999904632568 0.2530069947242737
v 0.6734669804573059 5.099999904632568 0.15627199411392212
v 0.6734669804573059 5.099999904632568 0.15627199411392212
v 0.6423410177230835 5.099999904632568 0.2530069947242737
v 0.6755310297012329 5.099999904632568 0.2562580108642578
v 0.6734669804573059 5.099999904632568 0.15627199411392212
v 0.6755310297012329 5.099999904632568 0.2562580108642578
v 0.7086179852485657 5.099999904632568 0.2520959973335266
v 0.6864079833030701 5.099999904632568 0.057976000010967255
v 0.7045930027961731 5.099999904632568 -0.040463000535964966
v 0.6734669804573059 5.099999904632568 0.0562720000743866
v 0.6734669804573059 5.099999904632568 0.0562720000743866
v 0.7045930027961731 5.099999904632568 -0.040463000535964966
v 0.6714029908180237 5.099999904632568 -0.04371299967169762
v 0.6734669804573059 5.099999904632568 0.0562720000743866
v 0.6714029908180237 5.099999904632568 -0.04371299967169762
v 0.6383159756660461 5.099999904632568 -0.03955100104212761
v 0.6605259776115417 5.099999904632568 0.8928560018539429
v 0.6734669804573059 5.099999904632568 0.8911529779434204
v 0.6364889740943909 5.099999904632568 0.7957820296287537
v 0.7167680263519287 5.099999904632568 0.9161530137062073
v 0.721763014793396 5.099999904632568 0.9282119870185852
v 0.8192899823188782 5.099999904632568 0.9060019850730896
v 0.8192899823188782 5.099999904632568 0.9060019850730896
v 0.721763014793396 5.099999904632568 0.9282119870185852
v 0.8234459757804871 5.099999904632568 0.9386190176010132
v 0.8234459757804871 5.099999904632568 0.9386190176010132
v 0.721763014793396 5.099999904632568 0.9282119870185852
v 0.7234669923782349 5.099999904632568 0.9411529898643494
v 0.8234459757804871 5.099999904632568 0.9386190176010132
v 0.7234669923782349 5.099999904632568 0.9411529898643494
v 0.721763014793396 5.099999904632568 0.9540939927101135
v 0.8234459757804871 5.099999904632568 0.9386190176010132
v 0.721763014793396 5.099999904632568 0.9540939927101135
v 0.820393979549408 5.099999904632568 0.971356987953186
v 0.820393979549408 5.099999904632568 0.971356987953186
v 0.721763014793396 5.099999904632568 0.9540939927101135
v 0.7167680263519287 5.099999904632568 0.9661530256271362
v 0.820393979549408 5.099999904632568 0.971356987953186
v 0.7167680263519287 5.099999904632568 0.9661530256271362
v 0.8102830052375793 5.099999904632568 1.0026439428329468
v 0.8102830052375793 5.099999904632568 1.0026439428329468
v 0.7167680263519287 5.099999904632568 0.9661530256271362
v 0.7088220119476318 5.099999904632568 0.9765080213546753
v 0.8102830052375793 5.099999904632568 1.0026439428329468
v 0.7088220119476318 5.099999904632568 0.9765080213546753
v 0.793599009513855 5.099999904632568 1.0309770107269287
v 0.793599009513855 5.099999904632568 1.0309770107269287
v 0.7088220119476318 5.099999904632568 0.9765080213546753
v 0.6984670162200928 5.099999904632568 0.9844539761543274
v 0.793599009513855 5.099999904632568 1.0309770107269287
v 0.6984670162200928 5.099999904632568 0.9844539761543274
v 0.6864079833030701 5.099999904632568 0.9894490242004395
v 0.27167001366615295 5.099999904632568 0.31073200702667236
v 0.2846109867095947 5.099999904632568 0.3090290129184723
v 0.24763299524784088 5.099999904632568 0.21365800499916077
v 0.2975519895553589 5.099999904632568 0.40732499957084656
v 0.2846109867095947 5.099999904632568 0.4090290069580078
v 0.32158800959587097 5.099999904632568 0.5044000148773193
v 0.6605259776115417 5.099999904632568 0.057976000010967255
v 0.6734669804573059 5.099999904632568 0.0562720000743866
v 0.6383159756660461 5.099999904632568 -0.03955100104212761
v 0.6864079833030701 5.099999904632568 0.15456900000572205
v 0.6734669804573059 5.099999904632568 0.15627199411392212
v 0.7086179852485657 5.099999904632568 0.2520959973335266
v -3.059999942779541 5.650000095367432 1.149999976158142
v -3.1649999618530273 5.650000095367432 1.149999976158142
v -3 5.75 1.375
v -3 5.75 1.375
v -3.1649999618530273 5.650000095367432 1.149999976158142
v -3.2249999046325684 5.75 1.375
v -2.6449999809265137 5.650000095367432 1.149999976158142
v -2.75 5.650000095367432 1.149999976158142
v -2.5850000381469727 5.75 1.375
v -2.5850000381469727 5.75 1.375
v -2.75 5.650000095367432 1.149999976158142
v -2.809999942779541 5.75 1.375
v -2.2300000190734863 5.650000095367432 1.149999976158142
v -2.3350000381469727 5.650000095367432 1.149999976158142
v -2.1700000762939453 5.75 1.375
v -2.1700000762939453 5.75 1.375
v -2.3350000381469727 5.650000095367432 1.149999976158142
v -2.3949999809265137 5.75 1.375
v -1.815000057220459 5.650000095367432 1.149999976158142
v -1.9199999570846558 5.650000095367432 1.149999976158142
v -1.7549999952316284 5.75 1.375
v -1.7549999952316284 5.75 1.375
v -1.9199999570846558 5.650000095367432 1.149999976158142
v -1.9800000190734863 5.75 1.375
v -1.399999976158142 5.650000095367432 1.149999976158142
v -1.5049999952316284 5.650000095367432 1.149999976158142
v -1.340000033378601 5.75 1.375
v -1.340000033378601 5.75 1.375
v -1.5049999952316284 5.650000095367432 1.149999976158142
v -1.565000057220459 5.75 1.375
v -0.9850000143051147 5.650000095367432 1.149999976158142
v -1.090000033378601 5.650000095367432 1.149999976158142
v -0.925000011920929 5.75 1.375
v -0.925000011920929 5.75 1.375
v -1.090000033378601 5.650000095367432 1.149999976158142
v -1.149999976158142 5.75 1.375
v -0.5699999928474426 5.650000095367432 1.149999976158142
v -0.675000011920929 5.650000095367432 1.149999976158142
v -0.5099999904632568 5.75 1.375
v -0.5099999904632568 5.75 1.375
v -0.675000011920929 5.650000095367432 1.149999976158142
v -0.7350000143051147 5.75 1.375
v -0.1550000011920929 5.650000095367432 1.149999976158142
v -0.25999999046325684 5.650000095367432 1.149999976158142
v -0.0949999988079071 5.75 1.375
v -0.0949999988079071 5.75 1.375
v -0.25999999046325684 5.650000095367432 1.149999976158142
v -0.3199999928474426 5.75 1.375
v 0.25999999046325684 5.650000095367432 1.149999976158142
v 0.1550000011920929 5.650000095367432 1.149999976158142
v 0.3199999928474426 5.75 1.375
v 0.3199999928474426 5.75 1.375
v 0.1550000011920929 5.650000095367432 1.149999976158142
v 0.0949999988079071 5.75 1.375
v 0.675000011920929 5.650000095367432 1.149999976158142
v 0.5699999928474426 5.650000095367432 1.149999976158142
v 0.7350000143051147 5.75 1.375
v 0.7350000143051147 5.75 1.375
v 0.5699999928474426 5.650000095367432 1.149999976158142
v 0.5099999904632568 5.75 1.375
v 1.090000033378601 5.650000095367432 1.149999976158142
v 0.9850000143051147 5.650000095367432 1.149999976158142
v 1.149999976158142 5.75 1.375
v 1.149999976158142 5.75 1.375
v 0.9850000143051147 5.650000095367432 1.149999976158142
v 0.925000011920929 5.75 1.375
v 0.9850000143051147 5.650000095367432 1.149999976158142
v 1.090000033378601 5.650000095367432 1.149999976158142
v 0.9850000143051147 5.099999904632568 1.149999976158142
v 0.9850000143051147 5.099999904632568 1.149999976158142
v 1.090000033378601 5.650000095367432 1.149999976158142
v 1.090000033378601 5.099999904632568 1.149999976158142
v 0.925000011920929 5.75 1.375
v 0.9850000143051147 5.650000095367432 1.149999976158142
v 0.925000011920929 5.099999904632568 1.375
v 0.925000011920929 5.099999904632568 1.375
v 0.9850000143051147 5.650000095367432 1.149999976158142
v 0.9850000143051147 5.099999904632568 1.149999976158142
v 0.5099999904632568 5.75 1.375
v 0.5699999928474426 5.650000095367432 1.149999976158142
v 0.5099999904632568 5.099999904632568 1.375
v 0.5099999904632568 5.099999904632568 1.375
v 0.5699999928474426 5.650000095367432 1.149999976158142
v 0.5699999928474426 5.099999904632568 1.149999976158142
v 0.873104989528656 5.099999904632568 1.149999976158142
v 0.925000011920929 5.099999904632568 1.149999976158142
v 0.873104989528656 4.599999904632568 1.149999976158142
v 0.873104989528656 4.599999904632568 1.149999976158142
v 0.925000011920929 5.099999904632568 1.149999976158142
v 0.925000011920929 4.599999904632568 1.149999976158142
v 0.0949999988079071 5.75 1.375
v 0.1550000011920929 5.650000095367432 1.149999976158142
v 0.0949999988079071 5.099999904632568 1.375
v 0.0949999988079071 5.099999904632568 1.375
v 0.1550000011920929 5.650000095367432 1.149999976158142
v 0.1550000011920929 5.099999904632568 1.149999976158142
v -0.25999999046325684 5.650000095367432 1.149999976158142
v -0.1550000011920929 5.650000095367432 1.149999976158142
v -0.25999999046325684 5.099999904632568 1.149999976158142
v -0.25999999046325684 5.099999904632568 1.149999976158142
v -0.1550000011920929 5.650000095367432 1.149999976158142
v -0.1550000011920929 5.099999904632568 1.149999976158142
v -0.3199999928474426 5.75 1.375
v -0.25999999046325684 5.650000095367432 1.149999976158142
v -0.3199999928474426 5.099999904632568 1.375
v -0.3199999928474426 5.099999904632568 1.375
v -0.25999999046325684 5.650000095367432 1.149999976158142
v -0.25999999046325684 5.099999904632568 1.149999976158142
v -0.675000011920929 5.650000095367432 1.149999976158142
v -0.5699999928474426 5.650000095367432 1.149999976158142
v -0.675000011920929 5.099999904632568 1.149999976158142
v -0.675000011920929 5.099999904632568 1.149999976158142
v -0.5699999928474426 5.650000095367432 1.149999976158142
v -0.5699999928474426 5.099999904632568 1.149999976158142
v -0.7350000143051147 5.75 1.375
v -0.675000011920929 5.650000095367432 1.149999976158142
v -0.7350000143051147 5.099999904632568 1.375
v -0.7350000143051147 5.099999904632568 1.375
v -0.675000011920929 5.650000095367432 1.149999976158142
v -0.675000011920929 5.099999904632568 1.149999976158142
v -1.090000033378601 5.650000095367432 1.149999976158142
v -0.9850000143051147 5.650000095367432 1.149999976158142
v -1.090000033378601 5.099999904632568 1.149999976158142
v -1.090000033378601 5.099999904632568 1.149999976158142
v -0.9850000143051147 5.650000095367432 1.149999976158142
v -0.9850000143051147 5.099999904632568 1.149999976158142
v -1.149999976158142 5.75 1.375
v -1.090000033378601 5.650000095367432 1.149999976158142
v -1.149999976158142 5.099999904632568 1.375
v -1.149999976158142 5.099999904632568 1.375
v -1.090000033378601 5.650000095367432 1.149999976158142
v -1.090000033378601 5.099999904632568 1.149999976158142
v -1.5049999952316284 5.650000095367432 1.149999976158142
v -1.399999976158142 5.650000095367432 1.149999976158142
v -1.5049999952316284 5.099999904632568 1.149999976158142
v -1.5049999952316284 5.099999904632568 1.149999976158142
v -1.399999976158142 5.650000095367432 1.149999976158142
v -1.399999976158142 5.099999904632568 1.149999976158142
v -1.565000057220459 5.75 1.375
v -1.5049999952316284 5.650000095367432 1.149999976158142
v -1.565000057220459 5.099999904632568 1.375
v -1.565000057220459 5.099999904632568 1.375
v -1.5049999952316284 5.650000095367432 1.149999976158142
v -1.5049999952316284 5.099999904632568 1.149999976158142
v -1.9199999570846558 5.650000095367432 1.149999976158142
v -1.815000057220459 5.650000095367432 1.149999976158142
v -1.9199999570846558 5.099999904632568 1.149999976158142
v -1.9199999570846558 5.099999904632568 1.149999976158142
v -1.815000057220459 5.650000095367432 1.149999976158142
v -1.815000057220459 5.099999904632568 1.149999976158142
v -1.9800000190734863 5.099999904632568 1.375
v -1.9800000190734863 5.75 1.375
v -1.9443550109863281 5.099999904632568 1.2413309812545776
v -1.9443550109863281 5.099999904632568 1.2413309812545776
v -1.9800000190734863 5.75 1.375
v -1.9199999570846558 5.650000095367432 1.149999976158142
v -1.9443550109863281 5.099999904632568 1.2413309812545776
v -1.9199999570846558 5.650000095367432 1.149999976158142
v -1.9199999570846558 5.099999904632568 1.149999976158142
v -3.059999942779541 5.125 1.149999976158142
v -3.1649999618530273 5.125 1.149999976158142
v -3.059999942779541 5.650000095367432 1.149999976158142
v -3.059999942779541 5.650000095367432 1.149999976158142
v -3.1649999618530273 5.125 1.149999976158142
v -3.1649999618530273 5.650000095367432 1.149999976158142
v -3.2249999046325684 4.900000095367432 1.375
v -3.2249999046325684 5.75 1.375
v -3.1649999618530273 5.125 1.149999976158142
v -3.1649999618530273 5.125 1.149999976158142
v -3.2249999046325684 5.75 1.375
v -3.1649999618530273 5.650000095367432 1.149999976158142
v 1.149999976158142 5.75 1.375
v 0.925000011920929 5.75 1.375
v 1.149999976158142 5.75 1.6749999523162842
v 1.149999976158142 5.75 1.6749999523162842
v 0.925000011920929 5.75 1.375
v 0.7350000143051147 5.75 1.375
v 1.149999976158142 5.75 1.6749999523162842
v 0.7350000143051147 5.75 1.375
v 0.5099999904632568 5.75 1.375
v 0.5099999904632568 5.75 1.375
v 0.3199999928474426 5.75 1.375
v 1.149999976158142 5.75 1.6749999523162842
v 1.149999976158142 5.75 1.6749999523162842
v 0.3199999928474426 5.75 1.375
v 0.0949999988079071 5.75 1.375
v 1.149999976158142 5.75 1.6749999523162842
v 0.0949999988079071 5.75 1.375
v -0.0949999988079071 5.75 1.375
v -0.0949999988079071 5.75 1.375
v -0.3199999928474426 5.75 1.375
v 1.149999976158142 5.75 1.6749999523162842
v 1.149999976158142 5.75 1.6749999523162842
v -0.3199999928474426 5.75 1.375
v -0.5099999904632568 5.75 1.375
v 1.149999976158142 5.75 1.6749999523162842
v -0.5099999904632568 5.75 1.375
v -0.7350000143051147 5.75 1.375
v -0.7350000143051147 5.75 1.375
v -0.925000011920929 5.75 1.375
v 1.149999976158142 5.75 1.6749999523162842
v 1.149999976158142 5.75 1.6749999523162842
v -0.925000011920929 5.75 1.375
v -1.149999976158142 5.75 1.375
v 1.149999976158142 5.75 1.6749999523162842
v -1.149999976158142 5.75 1.375
v -1.340000033378601 5.75 1.375
v 1.149999976158142 5.75 1.6749999523162842
v -1.340000033378601 5.75 1.375
v -3.6500000953674316 5.75 1.6749999523162842
v -3.6500000953674316 5.75 1.6749999523162842
v -1.340000033378601 5.75 1.375
v -1.565000057220459 5.75 1.375
v -3.6500000953674316 5.75 1.6749999523162842
v -1.565000057220459 5.75 1.375
v -1.7549999952316284 5.75 1.375
v -1.7549999952316284 5.75 1.375
v -1.9800000190734863 5.75 1.375
v -3.6500000953674316 5.75 1.6749999523162842
v -3.6500000953674316 5.75 1.6749999523162842
v -1.9800000190734863 5.75 1.375
v -2.1700000762939453 5.75 1.375
v -3.6500000953674316 5.75 1.6749999523162842
v -2.1700000762939453 5.75 1.375
v -2.3949999809265137 5.75 1.375
v -2.3949999809265137 5.75 1.375
v -2.5850000381469727 5.75 1.375
v -3.6500000953674316 5.75 1.6749999523162842
v -3.6500000953674316 5.75 1.6749999523162842
v -2.5850000381469727 5.75 1.375
v -2.809999942779541 5.75 1.375
v -3.6500000953674316 5.75 1.6749999523162842
v -2.809999942779541 5.75 1.375
v -3 5.75 1.375
v -3 5.75 1.375
v -3.2249999046325684 5.75 1.375
v -3.6500000953674316 5.75 1.6749999523162842
v -3.6500000953674316 5.75 1.6749999523162842
v -3.2249999046325684 5.75 1.375
v -3.3499999046325684 5.75 1.375
v -3.6500000953674316 5.75 1.6749999523162842
v -3.3499999046325684 5.75 1.375
v -3.549999952316284 5.75 0.9750000238418579
v -3.549999952316284 5.75 0.9750000238418579
v -3.3499999046325684 5.75 1.375
v -3.450000047683716 5.75 0.9750000238418579
v -3.450000047683716 5.300000190734863 0.9750000238418579
v -3.549999952316284 5.300000190734863 0.9750000238418579
v -3.450000047683716 5.75 0.9750000238418579
v -3.450000047683716 5.75 0.9750000238418579
v -3.549999952316284 5.300000190734863 0.9750000238418579
v -3.549999952316284 5.75 0.9750000238418579
v -3.3499999046325684 4.900000095367432 1.375
v -3.450000047683716 5.300000190734863 0.9750000238418579
v -3.3499999046325684 5.75 1.375
v -3.3499999046325684 5.75 1.375
v -3.450000047683716 5.300000190734863 0.9750000238418579
v -3.450000047683716 5.75 0.9750000238418579
v -1.7549999952316284 5.75 1.375
v -1.7549999952316284 5.099999904632568 1.375
v -1.815000057220459 5.650000095367432 1.149999976158142
v -1.815000057220459 5.650000095367432 1.149999976158142
v -1.7549999952316284 5.099999904632568 1.375
v -1.8133519887924194 5.099999904632568 1.1561789512634277
v -1.815000057220459 5.650000095367432 1.149999976158142
v -1.8133519887924194 5.099999904632568 1.1561789512634277
v -1.815000057220459 5.099999904632568 1.149999976158142
v -1.340000033378601 5.75 1.375
v -1.340000033378601 5.099999904632568 1.375
v -1.399999976158142 5.650000095367432 1.149999976158142
v -1.399999976158142 5.650000095367432 1.149999976158142
v -1.340000033378601 5.099999904632568 1.375
v -1.399999976158142 5.099999904632568 1.149999976158142
v -0.925000011920929 5.75 1.375
v -0.925000011920929 5.099999904632568 1.375
v -0.9850000143051147 5.650000095367432 1.149999976158142
v -0.9850000143051147 5.650000095367432 1.149999976158142
v -0.925000011920929 5.099999904632568 1.375
v -0.9850000143051147 5.099999904632568 1.149999976158142
v -0.5099999904632568 5.75 1.375
v -0.5099999904632568 5.099999904632568 1.375
v -0.5699999928474426 5.650000095367432 1.149999976158142
v -0.5699999928474426 5.650000095367432 1.149999976158142
v -0.5099999904632568 5.099999904632568 1.375
v -0.5699999928474426 5.099999904632568 1.149999976158142
v -0.0949999988079071 5.75 1.375
v -0.0949999988079071 5.099999904632568 1.375
v -0.1550000011920929 5.650000095367432 1.149999976158142
v -0.1550000011920929 5.650000095367432 1.149999976158142
v -0.0949999988079071 5.099999904632568 1.375
v -0.1550000011920929 5.099999904632568 1.149999976158142
v 0.3199999928474426 5.75 1.375
v 0.3199999928474426 5.099999904632568 1.375
v 0.25999999046325684 5.650000095367432 1.149999976158142
v 0.25999999046325684 5.650000095367432 1.149999976158142
v 0.3199999928474426 5.099999904632568 1.375
v 0.25999999046325684 5.099999904632568 1.149999976158142
v 0.7350000143051147 5.75 1.375
v 0.7350000143051147 5.099999904632568 1.375
v 0.675000011920929 5.650000095367432 1.149999976158142
v 0.675000011920929 5.650000095367432 1.149999976158142
v 0.7350000143051147 5.099999904632568 1.375
v 0.675000011920929 5.099999904632568 1.149999976158142
v 0.7350000143051147 5.099999904632568 1.375
v 0.7350000143051147 5.75 1.375
v 0.925000011920929 5.099999904632568 1.375
v 0.925000011920929 5.099999904632568 1.375
v 0.7350000143051147 5.75 1.375
v 0.925000011920929 5.75 1.375
v 0.3199999928474426 5.099999904632568 1.375
v 0.3199999928474426 5.75 1.375
v 0.5099999904632568 5.099999904632568 1.375
v 0.5099999904632568 5.099999904632568 1.375
v 0.3199999928474426 5.75 1.375
v 0.5099999904632568 5.75 1.375
v -0.0949999988079071 5.099999904632568 1.375
v -0.0949999988079071 5.75 1.375
v 0.0949999988079071 5.099999904632568 1.375
v 0.0949999988079071 5.099999904632568 1.375
v -0.0949999988079071 5.75 1.375
v 0.0949999988079071 5.75 1.375
v -0.5099999904632568 5.099999904632568 1.375
v -0.5099999904632568 5.75 1.375
v -0.3199999928474426 5.099999904632568 1.375
v -0.3199999928474426 5.099999904632568 1.375
v -0.5099999904632568 5.75 1.375
v -0.3199999928474426 5.75 1.375
v -0.925000011920929 5.099999904632568 1.375
v -0.925000011920929 5.75 1.375
v -0.7350000143051147 5.099999904632568 1.375
v -0.7350000143051147 5.099999904632568 1.375
v -0.925000011920929 5.75 1.375
v -0.7350000143051147 5.75 1.375
v -1.340000033378601 5.099999904632568 1.375
v -1.340000033378601 5.75 1.375
v -1.149999976158142 5.099999904632568 1.375
v -1.149999976158142 5.099999904632568 1.375
v -1.340000033378601 5.75 1.375
v -1.149999976158142 5.75 1.375
v -1.7549999952316284 5.099999904632568 1.375
v -1.7549999952316284 5.75 1.375
v -1.565000057220459 5.099999904632568 1.375
v -1.565000057220459 5.099999904632568 1.375
v -1.7549999952316284 5.75 1.375
v -1.565000057220459 5.75 1.375
v -1.9443550109863281 5.099999904632568 1.2413309812545776
v -2.1500000953674316 5.099999904632568 1.375
v -1.9800000190734863 5.099999904632568 1.375
v 1.149999976158142 5.75 1.375
v 1.149999976158142 5.099999904632568 1.375
v 1.090000033378601 5.650000095367432 1.149999976158142
v 1.090000033378601 5.650000095367432 1.149999976158142
v 1.149999976158142 5.099999904632568 1.375
v 1.090000033378601 5.099999904632568 1.149999976158142
v 0.25 5.473508834838867 -3.154473066329956
v -0.15000000596046448 5.473508834838867 -3.154473066329956
v 0.25 5.599999904632568 -2.7750000953674316
v 0.25 5.599999904632568 -2.7750000953674316
v -0.15000000596046448 5.473508834838867 -3.154473066329956
v -0.15000000596046448 5.800000190734863 -2.174999952316284
v 0.25 5.599999904632568 -2.7750000953674316
v -0.15000000596046448 5.800000190734863 -2.174999952316284
v 1.149999976158142 5.800000190734863 -2.174999952316284
v 0.25 5.599999904632568 -2.7750000953674316
v 1.149999976158142 5.800000190734863 -2.174999952316284
v 0.8500000238418579 5.599999904632568 -2.7750000953674316
v 0.8500000238418579 5.599999904632568 -2.7750000953674316
v 1.149999976158142 5.800000190734863 -2.174999952316284
v 1.149999976158142 5.50513219833374 -3.0596048831939697
v 0.8500000238418579 5.599999904632568 -2.7750000953674316
v 1.149999976158142 5.50513219833374 -3.0596048831939697
v 0.8500000238418579 5.50513219833374 -3.0596048831939697
v -0.15000000596046448 5.800000190734863 -2.174999952316284
v -0.15000000596046448 5.369999885559082 -2.174999952316284
v 1.149999976158142 5.800000190734863 -2.174999952316284
v 1.149999976158142 5.800000190734863 -2.174999952316284
v -0.15000000596046448 5.369999885559082 -2.174999952316284
v 1.149999976158142 5.369999885559082 -2.174999952316284
v 1.149999976158142 5.019999980926514 1.6749999523162842
v 1.149999976158142 5.75 1.6749999523162842
v -3.6500000953674316 5.019999980926514 1.6749999523162842
v -3.6500000953674316 5.019999980926514 1.6749999523162842
v 1.149999976158142 5.75 1.6749999523162842
v -3.6500000953674316 5.75 1.6749999523162842
v 0.25 5.599999904632568 2.7750000953674316
v 0.25 4.699999809265137 2.7750000953674316
v 0.8500000238418579 5.599999904632568 2.7750000953674316
v 0.8500000238418579 5.599999904632568 2.7750000953674316
v 0.25 4.699999809265137 2.7750000953674316
v 0.8500000238418579 4.699999809265137 2.7750000953674316
v 1.149999976158142 5.800000190734863 2.174999952316284
v -0.15000000596046448 5.800000190734863 2.174999952316284
v 0.25 5.599999904632568 2.7750000953674316
v 0.25 5.599999904632568 2.7750000953674316
v -0.15000000596046448 5.800000190734863 2.174999952316284
v -0.15000000596046448 5.473508834838867 3.154473066329956
v 0.25 5.599999904632568 2.7750000953674316
v -0.15000000596046448 5.473508834838867 3.154473066329956
v 0.25 5.473508834838867 3.154473066329956
v 0.25 5.599999904632568 2.7750000953674316
v 0.8500000238418579 5.599999904632568 2.7750000953674316
v 1.149999976158142 5.800000190734863 2.174999952316284
v 1.149999976158142 5.800000190734863 2.174999952316284
v 0.8500000238418579 5.599999904632568 2.7750000953674316
v 1.149999976158142 5.50513219833374 3.0596048831939697
v 1.149999976158142 5.50513219833374 3.0596048831939697
v 0.8500000238418579 5.599999904632568 2.7750000953674316
v 0.8500000238418579 5.50513219833374 3.0596048831939697
v -0.15000000596046448 5.369999885559082 2.174999952316284
v -0.15000000596046448 5.800000190734863 2.174999952316284
v 1.149999976158142 5.369999885559082 2.174999952316284
v 1.149999976158142 5.369999885559082 2.174999952316284
v -0.15000000596046448 5.800000190734863 2.174999952316284
v 1.149999976158142 5.800000190734863 2.174999952316284
v 0.25 0.5 0.699999988079071
v 1.149999976158142 4.300000190734863 1.934999942779541
v 0.25 4.300000190734863 1.934999942779541
vt 0.05999999865889549 0.6054750084877014
vt 0 0.6054750084877014
vt 0.05999999865889549 0.6497719883918762
vt 0.05999999865889549 0.6497719883918762
vt 0 0.6054750084877014
vt 0 0.6497719883918762
vt 0.05999999865889549 0.6497719883918762
vt 0 0.6497719883918762
vt 0.05999999865889549 0.6940690279006958
vt 0.05999999865889549 0.6940690279006958
vt 0 0.6497719883918762
vt 0 0.6940690279006958
vt 0.05999999865889549 0.6940690279006958
vt 0 0.6940690279006958
vt 0.05999999865889549 0.7383660078048706
vt 0.05999999865889549 0.7383660078048706
vt 0 0.6940690279006958
vt 0 0.7383660078048706
vt 0.05999999865889549 0.7383660078048706
vt 0 0.7383660078048706
vt 0.05999999865889549 0.782662034034729
vt 0.05999999865889549 0.782662034034729
vt 0 0.7383660078048706
vt 0 0.782662034034729
vt 0.05999999865889549 0.782662034034729
vt 0 0.782662034034729
vt 0.05999999865889549 0.8269590139389038
vt 0.05999999865889549 0.8269590139389038
vt 0 0.782662034034729
vt 0 0.8269590139389038
vt 0.05999999865889549 0.8269590139389038
vt 0 0.8269590139389038
vt 0.05999999865889549 0.8712559938430786
vt 0.05999999865889549 0.8712559938430786
vt 0 0.8269590139389038
vt 0 0.8712559938430786
vt 0.05999999865889549 0.8712559938430786
vt 0 0.8712559938430786
vt 0.05999999865889549 0.9155529737472534
vt 0.05999999865889549 0.9155529737472534
vt 0 0.8712559938430786
vt 0 0.9155529737472534
vt 0.05999999865889549 0.9155529737472534
vt 0 0.9155529737472534
vt 0.05999999865889549 0.9598489999771118
vt 0.05999999865889549 0.9598489999771118
vt 0 0.9155529737472534
vt 0 0.9598489999771118
vt 0.05999999865889549 0.9598489999771118
vt 0 0.9598489999771118
vt 0.05999999865889549 1.0041459798812866
vt 0.05999999865889549 1.0041459798812866
vt 0 0.9598489999771118
vt 0 1.0041459798812866
vt 0.05999999865889549 1.0041459798812866
vt 0 1.0041459798812866
vt 0.05999999865889549 1.0484429597854614
vt 0.05999999865889549 1.0484429597854614
vt 0 1.0041459798812866
vt 0 1.0484429597854614
vt 0.05999999865889549 1.0484429597854614
vt 0 1.0484429597854614
vt 0.05999999865889549 1.0927389860153198
vt 0.05999999865889549 1.0927389860153198
vt 0 1.0484429597854614
vt 0 1.0927389860153198
vt 0.05999999865889549 1.0927389860153198
vt 0 1.0927389860153198
vt 0.05999999865889549 1.1370359659194946
vt 0.05999999865889549 1.1370359659194946
vt 0 1.0927389860153198
vt 0 1.1370359659194946
vt 0.05999999865889549 1.1370359659194946
vt 0 1.1370359659194946
vt 0.05999999865889549 1.181333065032959
vt 0.05999999865889549 1.181333065032959
vt 0 1.1370359659194946
vt 0 1.181333065032959
vt 0.05999999865889549 1.181333065032959
vt 0 1.181333065032959
vt 0.05999999865889549 1.2256300449371338
vt 0.05999999865889549 1.2256300449371338
vt 0 1.181333065032959
vt 0 1.2256300449371338
vt 0.05999999865889549 1.2256300449371338
vt 0 1.2256300449371338
vt 0.05999999865889549 1.2699260711669922
vt 0.05999999865889549 1.2699260711669922
vt 0 1.2256300449371338
vt 0 1.2699260711669922
vt 0.05999999865889549 1.2699260711669922
vt 0 1.2699260711669922
vt 0.05999999865889549 1.314223051071167
vt 0.05999999865889549 1.314223051071167
vt 0 1.2699260711669922
vt 0 1.314223051071167
vt 0.05999999865889549 1.314223051071167
vt 0 1.314223051071167
vt 0.05999999865889549 1.3585200309753418
vt 0.05999999865889549 1.3585200309753418
vt 0 1.314223051071167
vt 0 1.3585200309753418
vt 0.05999999865889549 1.3585200309753418
vt 0 1.3585200309753418
vt 0.05999999865889549 1.4028170108795166
vt 0.05999999865889549 1.4028170108795166
vt 0 1.3585200309753418
vt 0 1.4028170108795166
vt 0.05999999865889549 1.4028170108795166
vt 0 1.4028170108795166
vt 0.05999999865889549 1.447113037109375
vt 0.05999999865889549 1.447113037109375
vt 0 1.4028170108795166
vt 0 1.447113037109375
vt 0.05999999865889549 1.447113037109375
vt 0 1.447113037109375
vt 0.05999999865889549 1.4914100170135498
vt 0.05999999865889549 1.4914100170135498
vt 0 1.447113037109375
vt 0 1.4914100170135498
vt 0.05999999865889549 1.4914100170135498
vt 0 1.4914100170135498
vt 0.05999999865889549 1.5357069969177246
vt 0.05999999865889549 1.5357069969177246
vt 0 1.4914100170135498
vt 0 1.5357069969177246
vt 0 1
vt 0.18070900440216064 1
vt 0 0.9399999976158142
vt 0 0.9399999976158142
vt 0.18070900440216064 1
vt 0.18070900440216064 0.9399999976158142
vt -0.8659729957580566 1
vt -0.7869290113449097 1
vt -0.8659729957580566 0.9399999976158142
vt -0.8659729957580566 0.9399999976158142
vt -0.7869290113449097 1
vt -0.7869290113449097 0.9399999976158142
vt -0.7869290113449097 0.9399999976158142
vt -0.7869290113449097 1
vt -0.7126610279083252 1
vt -0.7869290113449097 0.9399999976158142
vt -0.7126610279083252 1
vt -0.7126610279083252 0.9399999976158142
vt -0.7126610279083252 0.9399999976158142
vt -0.7126610279083252 1
vt -0.6404899954795837 1
vt -0.7126610279083252 0.9399999976158142
vt -0.6404899954795837 1
vt -0.6404899954795837 0.9399999976158142
vt -0.6404899954795837 0.9399999976158142
vt -0.6404899954795837 1
vt -0.5680239796638489 1
vt -0.6404899954795837 0.9399999976158142
vt -0.5680239796638489 1
vt -0.5680239796638489 0.9399999976158142
vt -0.5680239796638489 0.9399999976158142
vt -0.5680239796638489 1
vt -0.4928329885005951 1
vt -0.5680239796638489 0.9399999976158142
vt -0.4928329885005951 1
vt -0.4928329885005951 0.9399999976158142
vt -0.4928329885005951 0.9399999976158142
vt -0.4928329885005951 1
vt -0.4126099944114685 1
vt -0.4928329885005951 0.9399999976158142
vt -0.4126099944114685 1
vt -0.4126099944114685 0.9399999976158142
vt -0.4126099944114685 0.9399999976158142
vt -0.4126099944114685 1
vt -0.33504098653793335 1
vt -0.4126099944114685 0.9399999976158142
vt -0.33504098653793335 1
vt -0.33504098653793335 0.9399999976158142
vt -0.33504098653793335 0.9399999976158142
vt -0.33504098653793335 1
vt -0.2615309953689575 1
vt -0.33504098653793335 0.9399999976158142
vt -0.2615309953689575 1
vt -0.2615309953689575 0.9399999976158142
vt -0.2615309953689575 0.9399999976158142
vt -0.2615309953689575 1
vt -0.18950699269771576 1
vt -0.2615309953689575 0.9399999976158142
vt -0.18950699269771576 1
vt -0.18950699269771576 0.9399999976158142
vt -0.18950699269771576 0.9399999976158142
vt -0.18950699269771576 1
vt -0.11659599840641022 1
vt -0.18950699269771576 0.9399999976158142
vt -0.11659599840641022 1
vt -0.11659599840641022 0.9399999976158142
vt -0.11659599840641022 0.9399999976158142
vt -0.11659599840641022 1
vt -0.04030799865722656 1
vt -0.11659599840641022 0.9399999976158142
vt -0.04030799865722656 1
vt -0.04030799865722656 0.9399999976158142
vt -0.04030799865722656 0.9399999976158142
vt -0.04030799865722656 1
vt 0.04030799865722656 1
vt -0.04030799865722656 0.9399999976158142
vt 0.04030799865722656 1
vt 0.04030799865722656 0.9399999976158142
vt 0.04030799865722656 0.9399999976158142
vt 0.04030799865722656 1
vt 0.11659599840641022 1
vt 0.04030799865722656 0.9399999976158142
vt 0.11659599840641022 1
vt 0.11659599840641022 0.9399999976158142
vt 0.11659599840641022 0.9399999976158142
vt 0.11659599840641022 1
vt 0.18950699269771576 1
vt 0.11659599840641022 0.9399999976158142
vt 0.18950699269771576 1
vt 0.18950699269771576 0.9399999976158142
vt 0.18950699269771576 0.9399999976158142
vt 0.18950699269771576 1
vt 0.2615309953689575 1
vt 0.18950699269771576 0.9399999976158142
vt 0.2615309953689575 1
vt 0.2615309953689575 0.9399999976158142
vt 0.2615309953689575 0.9399999976158142
vt 0.2615309953689575 1
vt 0.33504098653793335 1
vt 0.2615309953689575 0.9399999976158142
vt 0.33504098653793335 1
vt 0.33504098653793335 0.9399999976158142
vt 0.33504098653793335 0.9399999976158142
vt 0.33504098653793335 1
vt 0.4126099944114685 1
vt 0.33504098653793335 0.9399999976158142
vt 0.4126099944114685 1
vt 0.4126099944114685 0.9399999976158142
vt 0.4126099944114685 0.9399999976158142
vt 0.4126099944114685 1
vt 0.4928329885005951 1
vt 0.4126099944114685 0.9399999976158142
vt 0.4928329885005951 1
vt 0.4928329885005951 0.9399999976158142
vt 0.4928329885005951 0.9399999976158142
vt 0.4928329885005951 1
vt 0.5680239796638489 1
vt 0.4928329885005951 0.9399999976158142
vt 0.5680239796638489 1
vt 0.5680239796638489 0.9399999976158142
vt 0.5680239796638489 0.9399999976158142
vt 0.5680239796638489 1
vt 0.6404899954795837 1
vt 0.5680239796638489 0.9399999976158142
vt 0.6404899954795837 1
vt 0.6404899954795837 0.9399999976158142
vt 0.6404899954795837 0.9399999976158142
vt 0.6404899954795837 1
vt 0.7126610279083252 1
vt 0.6404899954795837 0.9399999976158142
vt 0.7126610279083252 1
vt 0.7126610279083252 0.9399999976158142
vt 0.7126610279083252 0.9399999976158142
vt 0.7126610279083252 1
vt 0.7869290113449097 1
vt 0.7126610279083252 0.9399999976158142
vt 0.7869290113449097 1
vt 0.7869290113449097 0.9399999976158142
vt 0.7869290113449097 0.9399999976158142
vt 0.7869290113449097 1
vt 0.8659729957580566 1
vt 0.7869290113449097 0.9399999976158142
vt 0.8659729957580566 1
vt 0.8659729957580566 0.9399999976158142
vt 0 1
vt 0.18070900440216064 1
vt 0 0.9399999976158142
vt 0 0.9399999976158142
vt 0.18070900440216064 1
vt 0.18070900440216064 0.9399999976158142
vt -0.0683239996433258 0.6592389941215515
vt -0.14586900174617767 0.6884210109710693
vt -0.06846799701452255 0.839946985244751
vt -0.06846799701452255 0.839946985244751
vt -0.14586900174617767 0.6884210109710693
vt -0.10628499835729599 0.8627740144729614
vt -0.10628499835729599 0.8627740144729614
vt -0.14586900174617767 0.6884210109710693
vt -0.21400700509548187 0.7374449968338013
vt -0.10628499835729599 0.8627740144729614
vt -0.21400700509548187 0.7374449968338013
vt -0.13696999847888947 0.8945479989051819
vt -0.13696999847888947 0.8945479989051819
vt -0.21400700509548187 0.7374449968338013
vt -0.2683449983596802 0.8031499981880188
vt -0.13696999847888947 0.8945479989051819
vt -0.2683449983596802 0.8031499981880188
vt -0.1584639996290207 0.9331389665603638
vt -0.1584639996290207 0.9331389665603638
vt -0.2683449983596802 0.8031499981880188
vt -0.3053790032863617 0.8812990188598633
vt -0.1584639996290207 0.9331389665603638
vt -0.3053790032863617 0.8812990188598633
vt -0.16932399570941925 0.9759550094604492
vt -0.16932399570941925 0.9759550094604492
vt -0.3053790032863617 0.8812990188598633
vt -0.322721004486084 0.966850996017456
vt -0.16932399570941925 0.9759550094604492
vt -0.322721004486084 0.966850996017456
vt -0.1688230037689209 1.0201239585876465
vt -0.1688230037689209 1.0201239585876465
vt -0.322721004486084 0.966850996017456
vt -0.31925201416015625 1.054291009902954
vt -0.1688230037689209 1.0201239585876465
vt -0.31925201416015625 1.054291009902954
vt -0.15699200332164764 1.0626829862594604
vt -0.15699200332164764 1.0626829862594604
vt -0.31925201416015625 1.054291009902954
vt -0.295195996761322 1.1379799842834473
vt -0.15699200332164764 1.0626829862594604
vt -0.295195996761322 1.1379799842834473
vt -0.13462699949741364 1.1007750034332275
vt -0.13462699949741364 1.1007750034332275
vt -0.295195996761322 1.1379799842834473
vt -0.2521040141582489 1.212520956993103
vt -0.13462699949741364 1.1007750034332275
vt -0.2521040141582489 1.212520956993103
vt -0.10322800278663635 1.1318440437316895
vt -0.10322800278663635 1.1318440437316895
vt -0.2521040141582489 1.212520956993103
vt -0.19275499880313873 1.2731070518493652
vt -0.10322800278663635 1.1318440437316895
vt -0.19275499880313873 1.2731070518493652
vt -0.06490200012922287 1.1538050174713135
vt -0.06490200012922287 1.1538050174713135
vt -0.19275499880313873 1.2731070518493652
vt -0.1209769994020462 1.315830945968628
vt -0.06490200012922287 1.1538050174713135
vt -0.1209769994020462 1.315830945968628
vt -0.022221000865101814 1.1651860475540161
vt -0.022221000865101814 1.1651860475540161
vt -0.1209769994020462 1.315830945968628
vt -0.04139700159430504 1.3379390239715576
vt -0.022221000865101814 1.1651860475540161
vt -0.04139700159430504 1.3379390239715576
vt 0.04085199907422066 1.3380050659179688
vt -0.022221000865101814 1.1651860475540161
vt 0.04085199907422066 1.3380050659179688
vt 0.02195099927484989 1.1652209758758545
vt 0.02195099927484989 1.1652209758758545
vt 0.04085199907422066 1.3380050659179688
vt 0.12046699970960617 1.3160240650177002
vt 0.02195099927484989 1.1652209758758545
vt 0.12046699970960617 1.3160240650177002
vt 0.0646509975194931 1.1539089679718018
vt 0.0646509975194931 1.1539089679718018
vt 0.12046699970960617 1.3160240650177002
vt 0.1923139989376068 1.2734140157699585
vt 0.0646509975194931 1.1539089679718018
vt 0.1923139989376068 1.2734140157699585
vt 0.10301200300455093 1.1320079565048218
vt 0.10301200300455093 1.1320079565048218
vt 0.1923139989376068 1.2734140157699585
vt 0.25175899267196655 1.2129219770431519
vt 0.10301200300455093 1.1320079565048218
vt 0.25175899267196655 1.2129219770431519
vt 0.13446000218391418 1.1009889841079712
vt 0.13446000218391418 1.1009889841079712
vt 0.25175899267196655 1.2129219770431519
vt 0.29496899247169495 1.138450026512146
vt 0.13446000218391418 1.1009889841079712
vt 0.29496899247169495 1.138450026512146
vt 0.1568859964609146 1.0629329681396484
vt 0.1568859964609146 1.0629329681396484
vt 0.29496899247169495 1.138450026512146
vt 0.31915900111198425 1.054800033569336
vt 0.1568859964609146 1.0629329681396484
vt 0.31915900111198425 1.054800033569336
vt 0.1687840074300766 1.0203930139541626
vt 0.1687840074300766 1.0203930139541626
vt 0.31915900111198425 1.054800033569336
vt 0.3227669894695282 0.967365026473999
vt 0.1687840074300766 1.0203930139541626
vt 0.3227669894695282 0.967365026473999
vt 0.16935600340366364 0.9762250185012817
vt 0.16935600340366364 0.9762250185012817
vt 0.3227669894695282 0.967365026473999
vt 0.30556198954582214 0.881784975528717
vt 0.16935600340366364 0.9762250185012817
vt 0.30556198954582214 0.881784975528717
vt 0.1585640013217926 0.9333909749984741
vt 0.1585640013217926 0.9333909749984741
vt 0.30556198954582214 0.881784975528717
vt 0.2686519920825958 0.8035780191421509
vt 0.1585640013217926 0.9333909749984741
vt 0.2686519920825958 0.8035780191421509
vt 0.13713200390338898 0.8947669863700867
vt 0.13713200390338898 0.8947669863700867
vt 0.2686519920825958 0.8035780191421509
vt 0.21441900730133057 0.7377870082855225
vt 0.13713200390338898 0.8947669863700867
vt 0.21441900730133057 0.7377870082855225
vt 0.10649699717760086 0.8629429936408997
vt 0.10649699717760086 0.8629429936408997
vt 0.21441900730133057 0.7377870082855225
vt 0.14635899662971497 0.6886540055274963
vt 0.10649699717760086 0.8629429936408997
vt 0.14635899662971497 0.6886540055274963
vt 0.06871599704027176 0.8400570154190063
vt 0.06871599704027176 0.8400570154190063
vt 0.14635899662971497 0.6886540055274963
vt 0.0688600018620491 0.6593480110168457
vt 0 1
vt 0.20956599712371826 1
vt 0 0.9399999976158142
vt 0 0.9399999976158142
vt 0.20956599712371826 1
vt 0.20956599712371826 0.9399999976158142
vt 0 1
vt 0.8387200236320496 1
vt 0 0.9399999976158142
vt 0 0.9399999976158142
vt 0.8387200236320496 1
vt 0.8387200236320496 0.9399999976158142
vt 0 1
vt 0.20956599712371826 1
vt 0 0.9399999976158142
vt 0 0.9399999976158142
vt 0.20956599712371826 1
vt 0.20956599712371826 0.9399999976158142
vt 0 1
vt 0.8387200236320496 1
vt 0 0.9399999976158142
vt 0 0.9399999976158142
vt 0.8387200236320496 1
vt 0.8387200236320496 0.9399999976158142
vt -0.4058910012245178 0.7901099920272827
vt -0.40605801343917847 0.9996770024299622
vt 0.40605801343917847 1.0003230571746826
vt 0.40605801343917847 1.0003230571746826
vt -0.40605801343917847 0.9996770024299622
vt 0.4058910012245178 1.2098900079727173
vt 0 1
vt 0.20956599712371826 1
vt 0 0.9399999976158142
vt 0 0.9399999976158142
vt 0.20956599712371826 1
vt 0.20956599712371826 0.9399999976158142
vt 0 1
vt 0.8387200236320496 1
vt 0 0.9399999976158142
vt 0 0.9399999976158142
vt 0.8387200236320496 1
vt 0.8387200236320496 0.9399999976158142
vt 0 1
vt 0.20956599712371826 1
vt 0 0.9399999976158142
vt 0 0.9399999976158142
vt 0.20956599712371826 1
vt 0.20956599712371826 0.9399999976158142
vt 0 1
vt 0.8387200236320496 1
vt 0 0.9399999976158142
vt 0 0.9399999976158142
vt 0.8387200236320496 1
vt 0.8387200236320496 0.9399999976158142
vt -0.4058910012245178 0.7901099920272827
vt -0.40605801343917847 0.9996770024299622
vt 0.40605801343917847 1.0003230571746826
vt 0.40605801343917847 1.0003230571746826
vt -0.40605801343917847 0.9996770024299622
vt 0.4058910012245178 1.2098900079727173
vt 0 1
vt 0.20956599712371826 1
vt 0 0.9399999976158142
vt 0 0.9399999976158142
vt 0.20956599712371826 1
vt 0.20956599712371826 0.9399999976158142
vt 0 1
vt 0.8387200236320496 1
vt 0 0.9399999976158142
vt 0 0.9399999976158142
vt 0.8387200236320496 1
vt 0.8387200236320496 0.9399999976158142
vt 0 1
vt 0.20956599712371826 1
vt 0 0.9399999976158142
vt 0 0.9399999976158142
vt 0.20956599712371826 1
vt 0.20956599712371826 0.9399999976158142
vt 0 1
vt 0.8387200236320496 1
vt 0 0.9399999976158142
vt 0 0.9399999976158142
vt 0.8387200236320496 1
vt 0.8387200236320496 0.9399999976158142
vt -0.4058910012245178 0.7901099920272827
vt -0.40605801343917847 0.9996770024299622
vt 0.40605801343917847 1.0003230571746826
vt 0.40605801343917847 1.0003230571746826
vt -0.40605801343917847 0.9996770024299622
vt 0.4058910012245178 1.2098900079727173
vt 0 1
vt 0.8387200236320496 1
vt 0 0.9399999976158142
vt 0 0.9399999976158142
vt 0.8387200236320496 1
vt 0.8387200236320496 0.9399999976158142
vt 0 1
vt 0.20956599712371826 1
vt 0 0.9399999976158142
vt 0 0.9399999976158142
vt 0.20956599712371826 1
vt 0.20956599712371826 0.9399999976158142
vt 0 1
vt 0.8387200236320496 1
vt 0 0.9399999976158142
vt 0 0.9399999976158142
vt 0.8387200236320496 1
vt 0.8387200236320496 0.9399999976158142
vt 0 1
vt 0.20956599712371826 1
vt 0 0.9399999976158142
vt 0 0.9399999976158142
vt 0.20956599712371826 1
vt 0.20956599712371826 0.9399999976158142
vt -0.4058910012245178 0.7901099920272827
vt -0.40605801343917847 0.9996770024299622
vt 0.40605801343917847 1.0003230571746826
vt 0.40605801343917847 1.0003230571746826
vt -0.40605801343917847 0.9996770024299622
vt 0.4058910012245178 1.2098900079727173
vt 0.14107899367809296 0.5
vt 0 0.5
vt 0.14107899367809296 1
vt 0.14107899367809296 1
vt 0 0.5
vt 0 1
vt 0.07607900351285934 0.5
vt 0 0.5
vt 0.07607900351285934 1
vt 0.07607900351285934 1
vt 0 0.5
vt 0 1
vt 0.10797099769115448 0.5
vt 0 0.5
vt 0.10797099769115448 1
vt 0.10797099769115448 1
vt 0 0.5
vt 0 1
vt 0.10922600328922272 0.5
vt 0 0.5
vt 0.10922600328922272 1
vt 0.10922600328922272 1
vt 0 0.5
vt 0 1
vt 0.14313599467277527 0.5
vt 0 0.5
vt 0.14313599467277527 1
vt 0.14313599467277527 1
vt 0 0.5
vt 0 1
vt 0.07633599638938904 0.5
vt 0 0.5
vt 0.07633599638938904 1
vt 0.07633599638938904 1
vt 0 0.5
vt 0 1
vt 0.1585790067911148 0.5
vt 0 0.5
vt 0.1585790067911148 1
vt 0.1585790067911148 1
vt 0 0.5
vt 0 1
vt 0.1585790067911148 0.5
vt 0 0.5
vt 0.1585790067911148 1
vt 0.1585790067911148 1
vt 0 0.5
vt 0 1
vt 0.03607900068163872 0.5
vt 0 0.5
vt 0.03607900068163872 1
vt 0.03607900068163872 1
vt 0 0.5
vt 0 1
vt 0.13846200704574585 0.5
vt 0 0.5
vt 0.13846200704574585 1
vt 0.13846200704574585 1
vt 0 0.5
vt 0 1
vt 0.054999999701976776 0.5
vt 0 0.5
vt 0.054999999701976776 1
vt 0.054999999701976776 1
vt 0 0.5
vt 0 1
vt 0.03607900068163872 0.5
vt 0 0.5
vt 0.03607900068163872 1
vt 0.03607900068163872 1
vt 0 0.5
vt 0 1
vt 0.10857900232076645 0.5
vt 0 0.5
vt 0.10857900232076645 1
vt 0.10857900232076645 1
vt 0 0.5
vt 0 1
vt 0.10857900232076645 0.5
vt 0 0.5
vt 0.10857900232076645 1
vt 0.10857900232076645 1
vt 0 0.5
vt 0 1
vt 0.1260789930820465 0.5
vt 0 0.5
vt 0.1260789930820465 1
vt 0.1260789930820465 1
vt 0 0.5
vt 0 1
vt 0.1910790055990219 0.5
vt 0 0.5
vt 0.1910790055990219 1
vt 0.1910790055990219 1
vt 0 0.5
vt 0 1
vt 0.14107899367809296 0.5
vt 0 0.5
vt 0.14107899367809296 1
vt 0.14107899367809296 1
vt 0 0.5
vt 0 1
vt 0.07607900351285934 0.5
vt 0 0.5
vt 0.07607900351285934 1
vt 0.07607900351285934 1
vt 0 0.5
vt 0 1
vt 0.1648699939250946 0.5
vt 0 0.5
vt 0.1648699939250946 1
vt 0.1648699939250946 1
vt 0 0.5
vt 0 1
vt 0.31871598958969116 0.5
vt 0 0.5
vt 0.31871598958969116 1
vt 0.31871598958969116 1
vt 0 0.5
vt 0 1
vt 0.18094000220298767 0.5
vt 0 0.5
vt 0.18094000220298767 1
vt 0.18094000220298767 1
vt 0 0.5
vt 0 1
vt 0.18094000220298767 0.5
vt 0 0.5
vt 0.18094000220298767 1
vt 0.18094000220298767 1
vt 0 0.5
vt 0 1
vt 0.1260789930820465 0.5
vt 0 0.5
vt 0.1260789930820465 1
vt 0.1260789930820465 1
vt 0 0.5
vt 0 1
vt 0.1910790055990219 0.5
vt 0 0.5
vt 0.1910790055990219 1
vt 0.1910790055990219 1
vt 0 0.5
vt 0 1
vt 0.1579750031232834 0.5
vt 0 0.5
vt 0.1579750031232834 1
vt 0.1579750031232834 1
vt 0 0.5
vt 0 1
vt 0.0398389995098114 0.5
vt 0 0.5
vt 0.0398389995098114 1
vt 0.0398389995098114 1
vt 0 0.5
vt 0 1
vt 0.04109400138258934 0.5
vt 0 0.5
vt 0.04109400138258934 1
vt 0.04109400138258934 1
vt 0 0.5
vt 0 1
vt 0.15922999382019043 0.5
vt 0 0.5
vt 0.15922999382019043 1
vt 0.15922999382019043 1
vt 0 0.5
vt 0 1
vt 0.1579750031232834 0.5
vt 0 0.5
vt 0.1579750031232834 1
vt 0.1579750031232834 1
vt 0 0.5
vt 0 1
vt 0.15922999382019043 0.5
vt 0 0.5
vt 0.15922999382019043 1
vt 0.15922999382019043 1
vt 0 0.5
vt 0 1
vt 0.04109400138258934 0.5
vt 0 0.5
vt 0.04109400138258934 1
vt 0.04109400138258934 1
vt 0 0.5
vt 0 1
vt 0.0398389995098114 0.5
vt 0 0.5
vt 0.0398389995098114 1
vt 0.0398389995098114 1
vt 0 0.5
vt 0 1
vt -0.6012830138206482 0.5
vt -1.0137829780578613 0.5
vt -0.6012830138206482 1
vt -0.6012830138206482 1
vt -1.0137829780578613 0.5
vt -1.0137829780578613 1
vt -0.13436700403690338 0.5
vt -0.5012829899787903 0.5
vt -0.13436700403690338 1
vt -0.13436700403690338 1
vt -0.5012829899787903 0.5
vt -0.5012829899787903 1
vt -0.034359000623226166 1
vt 0 1
vt -0.034359000623226166 0.5
vt -0.034359000623226166 0.5
vt 0 1
vt 0 0.5
vt -0.7143579721450806 0.5
vt -0.952895998954773 0.5
vt -0.7143579721450806 1
vt -0.7143579721450806 1
vt -0.952895998954773 0.5
vt -0.952895998954773 1
vt -0.17765000462532043 1
vt 0 1
vt -0.17765000462532043 0.5
vt -0.17765000462532043 0.5
vt 0 1
vt 0 0.5
vt -0.29691800475120544 0.5
vt -0.5950899720191956 0.5
vt -0.29691800475120544 1
vt -0.29691800475120544 1
vt -0.5950899720191956 0.5
vt -0.5950899720191956 1
vt 0.4928469955921173 0.3500000238418579
vt 0.4928469955921173 -0.1499999761581421
vt 0.41499999165534973 0.3500000238418579
vt 0.41499999165534973 0.3500000238418579
vt 0.4928469955921173 -0.1499999761581421
vt 0.3100000023841858 0.3500000238418579
vt 0.41499999165534973 0.3500000238418579
vt 0.3100000023841858 0.3500000238418579
vt 0.41499999165534973 0.8999999761581421
vt 0.41499999165534973 0.8999999761581421
vt 0.3100000023841858 0.3500000238418579
vt 0.3100000023841858 0.8999999761581421
vt 0.4928469955921173 -0.1499999761581421
vt 0.18390800058841705 -0.1499999761581421
vt 0.3100000023841858 0.3500000238418579
vt 0.3100000023841858 0.3500000238418579
vt 0.18390800058841705 -0.1499999761581421
vt 0.18390800058841705 0.3500000238418579
vt 0.0004180000105407089 0.3500000238418579
vt 0.0004180000105407089 -0.1499999761581421
vt 0 0.3500000238418579
vt 0 0.3500000238418579
vt 0.0004180000105407089 -0.1499999761581421
vt -0.10499999672174454 0.3500000238418579
vt 0 0.3500000238418579
vt -0.10499999672174454 0.3500000238418579
vt 0 0.8999999761581421
vt 0 0.8999999761581421
vt -0.10499999672174454 0.3500000238418579
vt -0.10499999672174454 0.8999999761581421
vt 0.0004180000105407089 -0.1499999761581421
vt -0.1850000023841858 -0.1499999761581421
vt -0.10499999672174454 0.3500000238418579
vt -0.10499999672174454 0.3500000238418579
vt -0.1850000023841858 -0.1499999761581421
vt -0.1850000023841858 0.3500000238418579
vt -0.5 1.2711000442504883
vt 0 1.2711000442504883
vt -0.5 1.2376830577850342
vt -0.5 1.2376830577850342
vt 0 1.2711000442504883
vt 0 1.2376830577850342
vt -0.5 1.2376830577850342
vt 0 1.2376830577850342
vt -0.5 1.2042659521102905
vt -0.5 1.2042659521102905
vt 0 1.2376830577850342
vt 0 1.2042659521102905
vt -0.5 1.2042659521102905
vt 0 1.2042659521102905
vt -0.5 1.1708489656448364
vt -0.5 1.1708489656448364
vt 0 1.2042659521102905
vt 0 1.1708489656448364
vt -0.5 1.1708489656448364
vt 0 1.1708489656448364
vt -0.5 1.1374319791793823
vt -0.5 1.1374319791793823
vt 0 1.1708489656448364
vt 0 1.1374319791793823
vt 0 0.9331660270690918
vt -0.5 0.9331660270690918
vt 0 0.9665830135345459
vt 0 0.9665830135345459
vt -0.5 0.9331660270690918
vt -0.5 0.9665830135345459
vt 0 0.9665830135345459
vt -0.5 0.9665830135345459
vt 0 1
vt 0 1
vt -0.5 0.9665830135345459
vt -0.5 1
vt 0 1
vt -0.5 1
vt 0 1.033416986465454
vt 0 1.033416986465454
vt -0.5 1
vt -0.5 1.033416986465454
vt 0 1.033416986465454
vt -0.5 1.033416986465454
vt 0 1.0668339729309082
vt 0 1.0668339729309082
vt -0.5 1.033416986465454
vt -0.5 1.0668339729309082
vt -0.5 0.7998610138893127
vt 0 0.7998610138893127
vt -0.5 0.7664439678192139
vt -0.5 0.7664439678192139
vt 0 0.7998610138893127
vt 0 0.7664439678192139
vt -0.5 0.7664439678192139
vt 0 0.7664439678192139
vt -0.5 0.7330269813537598
vt -0.5 0.7330269813537598
vt 0 0.7664439678192139
vt 0 0.7330269813537598
vt -0.5 0.7330269813537598
vt 0 0.7330269813537598
vt -0.5 0.6996099948883057
vt -0.5 0.6996099948883057
vt 0 0.7330269813537598
vt 0 0.6996099948883057
vt -0.5 0.6996099948883057
vt 0 0.6996099948883057
vt -0.5 0.6661930084228516
vt -0.5 0.6661930084228516
vt 0 0.6996099948883057
vt 0 0.6661930084228516
vt 0 0.9018120169639587
vt -0.5 0.9018120169639587
vt 0 0.9352290034294128
vt 0 0.9352290034294128
vt -0.5 0.9018120169639587
vt -0.5 0.9352290034294128
vt 0 0.9352290034294128
vt -0.5 0.9352290034294128
vt 0 0.9686470031738281
vt 0 0.9686470031738281
vt -0.5 0.9352290034294128
vt -0.5 0.9686470031738281
vt 0 0.9686470031738281
vt -0.5 0.9686470031738281
vt 0 1.0020639896392822
vt 0 1.0020639896392822
vt -0.5 0.9686470031738281
vt -0.5 1.0020639896392822
vt 0 1.0020639896392822
vt -0.5 1.0020639896392822
vt 0 1.0354809761047363
vt 0 1.0354809761047363
vt -0.5 1.0020639896392822
vt -0.5 1.0354809761047363
vt -0.23853699862957 1
vt 0 1
vt -0.23853699862957 0.5
vt -0.23853699862957 0.5
vt 0 1
vt 0 0.5
vt -1.1926859617233276 0.5
vt -1.5053960084915161 0.5
vt -1.1926859617233276 1
vt -1.1926859617233276 1
vt -1.5053960084915161 0.5
vt -1.5053960084915161 1
vt -0.9403870105743408 0.5
vt -1.0734169483184814 0.5
vt -0.9403870105743408 1
vt -0.9403870105743408 1
vt -1.0734169483184814 0.5
vt -1.0734169483184814 1
vt -0.5 1.0658930540084839
vt 0 1.0658930540084839
vt -0.5 1.0329469442367554
vt -0.5 1.0329469442367554
vt 0 1.0658930540084839
vt 0 1.0329469442367554
vt -0.5 1.0329469442367554
vt 0 1.0329469442367554
vt -0.5 1
vt -0.5 1
vt 0 1.0329469442367554
vt 0 1
vt -0.5 1
vt 0 1
vt -0.5 0.9670529961585999
vt -0.5 0.9670529961585999
vt 0 1
vt 0 0.9670529961585999
vt -0.5 0.9670529961585999
vt 0 0.9670529961585999
vt -0.5 0.9341070055961609
vt -0.5 0.9341070055961609
vt 0 0.9670529961585999
vt 0 0.9341070055961609
vt 0 1.1374319791793823
vt -0.5 1.1374319791793823
vt 0 1.1713190078735352
vt 0 1.1713190078735352
vt -0.5 1.1374319791793823
vt -0.5 1.1713190078735352
vt 0 1.1713190078735352
vt -0.5 1.1713190078735352
vt 0 1.2052069902420044
vt 0 1.2052069902420044
vt -0.5 1.1713190078735352
vt -0.5 1.2052069902420044
vt 0 1.2052069902420044
vt -0.5 1.2052069902420044
vt 0 1.2390949726104736
vt 0 1.2390949726104736
vt -0.5 1.2052069902420044
vt -0.5 1.2390949726104736
vt 0 1.2390949726104736
vt -0.5 1.2390949726104736
vt 0 1.2729820013046265
vt 0 1.2729820013046265
vt -0.5 1.2390949726104736
vt -0.5 1.2729820013046265
vt 0 0.9036939740180969
vt -0.5 0.9036939740180969
vt 0 0.9366409778594971
vt 0 0.9366409778594971
vt -0.5 0.9036939740180969
vt -0.5 0.9366409778594971
vt 0 0.9366409778594971
vt -0.5 0.9366409778594971
vt 0 0.9695879817008972
vt 0 0.9695879817008972
vt -0.5 0.9366409778594971
vt -0.5 0.9695879817008972
vt 0 0.9695879817008972
vt -0.5 0.9695879817008972
vt 0 1.002534031867981
vt 0 1.002534031867981
vt -0.5 0.9695879817008972
vt -0.5 1.002534031867981
vt 0 1.002534031867981
vt -0.5 1.002534031867981
vt 0 1.0354809761047363
vt 0 1.0354809761047363
vt -0.5 1.002534031867981
vt -0.5 1.0354809761047363
vt 0 0.6661930084228516
vt -0.5 0.6661930084228516
vt 0 0.7031220197677612
vt 0 0.7031220197677612
vt -0.5 0.6661930084228516
vt -0.5 0.7031220197677612
vt 0 0.7031220197677612
vt -0.5 0.7031220197677612
vt 0 0.7400499582290649
vt 0 0.7400499582290649
vt -0.5 0.7031220197677612
vt -0.5 0.7400499582290649
vt 0 0.7400499582290649
vt -0.5 0.7400499582290649
vt 0 0.7769789695739746
vt 0 0.7769789695739746
vt -0.5 0.7400499582290649
vt -0.5 0.7769789695739746
vt 0 0.7769789695739746
vt -0.5 0.7769789695739746
vt 0 0.8139079809188843
vt 0 0.8139079809188843
vt -0.5 0.7769789695739746
vt -0.5 0.8139079809188843
vt 0 0.8139079809188843
vt -0.5 0.8139079809188843
vt 0 0.850836992263794
vt 0 0.850836992263794
vt -0.5 0.8139079809188843
vt -0.5 0.850836992263794
vt 0 0.850836992263794
vt -0.5 0.850836992263794
vt 0 0.8877660036087036
vt 0 0.8877660036087036
vt -0.5 0.850836992263794
vt -0.5 0.8877660036087036
vt 0 0.8877660036087036
vt -0.5 0.8877660036087036
vt 0 0.9246940016746521
vt 0 0.9246940016746521
vt -0.5 0.8877660036087036
vt -0.5 0.9246940016746521
vt 0 0.9246940016746521
vt -0.5 0.9246940016746521
vt 0 0.9616230130195618
vt 0 0.9616230130195618
vt -0.5 0.9246940016746521
vt -0.5 0.9616230130195618
vt 0 0.9616230130195618
vt -0.5 0.9616230130195618
vt 0 0.9985520243644714
vt 0 0.9985520243644714
vt -0.5 0.9616230130195618
vt -0.5 0.9985520243644714
vt 0 0.9985520243644714
vt -0.5 0.9985520243644714
vt 0 1.0354809761047363
vt 0 1.0354809761047363
vt -0.5 0.9985520243644714
vt -0.5 1.0354809761047363
vt -0.5 1.1846439838409424
vt 0 1.1846439838409424
vt -0.5 1.1477149724960327
vt -0.5 1.1477149724960327
vt 0 1.1846439838409424
vt 0 1.1477149724960327
vt -0.5 1.1477149724960327
vt 0 1.1477149724960327
vt -0.5 1.110785961151123
vt -0.5 1.110785961151123
vt 0 1.1477149724960327
vt 0 1.110785961151123
vt -0.5 1.110785961151123
vt 0 1.110785961151123
vt -0.5 1.0738580226898193
vt -0.5 1.0738580226898193
vt 0 1.110785961151123
vt 0 1.0738580226898193
vt -0.5 1.0738580226898193
vt 0 1.0738580226898193
vt -0.5 1.0369290113449097
vt -0.5 1.0369290113449097
vt 0 1.0738580226898193
vt 0 1.0369290113449097
vt -0.5 1.0369290113449097
vt 0 1.0369290113449097
vt -0.5 1
vt -0.5 1
vt 0 1.0369290113449097
vt 0 1
vt -0.5 1
vt 0 1
vt -0.5 0.9630709886550903
vt -0.5 0.9630709886550903
vt 0 1
vt 0 0.9630709886550903
vt -0.5 0.9630709886550903
vt 0 0.9630709886550903
vt -0.5 0.9261419773101807
vt -0.5 0.9261419773101807
vt 0 0.9630709886550903
vt 0 0.9261419773101807
vt -0.5 0.9261419773101807
vt 0 0.9261419773101807
vt -0.5 0.8892139792442322
vt -0.5 0.8892139792442322
vt 0 0.9261419773101807
vt 0 0.8892139792442322
vt -0.5 0.8892139792442322
vt 0 0.8892139792442322
vt -0.5 0.8522850275039673
vt -0.5 0.8522850275039673
vt 0 0.8892139792442322
vt 0 0.8522850275039673
vt -0.5 0.8522850275039673
vt 0 0.8522850275039673
vt -0.5 0.8153560161590576
vt -0.5 0.8153560161590576
vt 0 0.8522850275039673
vt 0 0.8153560161590576
vt 0 0.8153560161590576
vt -0.5 0.8153560161590576
vt 0 0.8522850275039673
vt 0 0.8522850275039673
vt -0.5 0.8153560161590576
vt -0.5 0.8522850275039673
vt 0 0.8522850275039673
vt -0.5 0.8522850275039673
vt 0 0.8892139792442322
vt 0 0.8892139792442322
vt -0.5 0.8522850275039673
vt -0.5 0.8892139792442322
vt 0 0.8892139792442322
vt -0.5 0.8892139792442322
vt 0 0.9261419773101807
vt 0 0.9261419773101807
vt -0.5 0.8892139792442322
vt -0.5 0.9261419773101807
vt 0 0.9261419773101807
vt -0.5 0.9261419773101807
vt 0 0.9630709886550903
vt 0 0.9630709886550903
vt -0.5 0.9261419773101807
vt -0.5 0.9630709886550903
vt 0 0.9630709886550903
vt -0.5 0.9630709886550903
vt 0 1
vt 0 1
vt -0.5 0.9630709886550903
vt -0.5 1
vt 0 1
vt -0.5 1
vt 0 1.0369290113449097
vt 0 1.0369290113449097
vt -0.5 1
vt -0.5 1.0369290113449097
vt 0 1.0369290113449097
vt -0.5 1.0369290113449097
vt 0 1.0738580226898193
vt 0 1.0738580226898193
vt -0.5 1.0369290113449097
vt -0.5 1.0738580226898193
vt 0 1.0738580226898193
vt -0.5 1.0738580226898193
vt 0 1.110785961151123
vt 0 1.110785961151123
vt -0.5 1.0738580226898193
vt -0.5 1.110785961151123
vt 0 1.110785961151123
vt -0.5 1.110785961151123
vt 0 1.1477149724960327
vt 0 1.1477149724960327
vt -0.5 1.110785961151123
vt -0.5 1.1477149724960327
vt 0 1.1477149724960327
vt -0.5 1.1477149724960327
vt 0 1.1846439838409424
vt 0 1.1846439838409424
vt -0.5 1.1477149724960327
vt -0.5 1.1846439838409424
vt -0.5 1.0354809761047363
vt 0 1.0354809761047363
vt -0.5 0.9985520243644714
vt -0.5 0.9985520243644714
vt 0 1.0354809761047363
vt 0 0.9985520243644714
vt -0.5 0.9985520243644714
vt 0 0.9985520243644714
vt -0.5 0.9616230130195618
vt -0.5 0.9616230130195618
vt 0 0.9985520243644714
vt 0 0.9616230130195618
vt -0.5 0.9616230130195618
vt 0 0.9616230130195618
vt -0.5 0.9246940016746521
vt -0.5 0.9246940016746521
vt 0 0.9616230130195618
vt 0 0.9246940016746521
vt -0.5 0.9246940016746521
vt 0 0.9246940016746521
vt -0.5 0.8877660036087036
vt -0.5 0.8877660036087036
vt 0 0.9246940016746521
vt 0 0.8877660036087036
vt -0.5 0.8877660036087036
vt 0 0.8877660036087036
vt -0.5 0.850836992263794
vt -0.5 0.850836992263794
vt 0 0.8877660036087036
vt 0 0.850836992263794
vt -0.5 0.850836992263794
vt 0 0.850836992263794
vt -0.5 0.8139079809188843
vt -0.5 0.8139079809188843
vt 0 0.850836992263794
vt 0 0.8139079809188843
vt -0.5 0.8139079809188843
vt 0 0.8139079809188843
vt -0.5 0.7769789695739746
vt -0.5 0.7769789695739746
vt 0 0.8139079809188843
vt 0 0.7769789695739746
vt -0.5 0.7769789695739746
vt 0 0.7769789695739746
vt -0.5 0.7400499582290649
vt -0.5 0.7400499582290649
vt 0 0.7769789695739746
vt 0 0.7400499582290649
vt -0.5 0.7400499582290649
vt 0 0.7400499582290649
vt -0.5 0.7031220197677612
vt -0.5 0.7031220197677612
vt 0 0.7400499582290649
vt 0 0.7031220197677612
vt -0.5 0.7031220197677612
vt 0 0.7031220197677612
vt -0.5 0.6661930084228516
vt -0.5 0.6661930084228516
vt 0 0.7031220197677612
vt 0 0.6661930084228516
vt 0.34953999519348145 1.0715969800949097
vt 0.32346001267433167 1.12785804271698
vt 0.42500001192092896 1.1876890659332275
vt 0.42500001192092896 1.1876890659332275
vt 0.32346001267433167 1.12785804271698
vt 0.31858399510383606 1.164370059967041
vt 0.42500001192092896 1.1876890659332275
vt 0.31858399510383606 1.164370059967041
vt 0.3049579858779907 1.198591947555542
vt 0.34953999519348145 1.0715969800949097
vt 0.31929001212120056 1.0912599563598633
vt 0.32346001267433167 1.12785804271698
vt 0.42500001192092896 1.1876890659332275
vt 0.3049579858779907 1.198591947555542
vt 0.42500001192092896 1.3207199573516846
vt 0.42500001192092896 1.3207199573516846
vt 0.3049579858779907 1.198591947555542
vt 0.2834010124206543 1.2284619808197021
vt 0.42500001192092896 1.3207199573516846
vt 0.2834010124206543 1.2284619808197021
vt 0.25521498918533325 1.2521770000457764
vt 0.22209900617599487 1.2683080434799194
vt 0.23581600189208984 1.4074220657348633
vt 0.25521498918533325 1.2521770000457764
vt 0.25521498918533325 1.2521770000457764
vt 0.23581600189208984 1.4074220657348633
vt 0.26479101181030273 1.4248549938201904
vt 0.25521498918533325 1.2521770000457764
vt 0.26479101181030273 1.4248549938201904
vt 0.42500001192092896 1.3207199573516846
vt 0.23581600189208984 1.4074220657348633
vt 0.22209900617599487 1.2683080434799194
vt 0.20367099344730377 1.3969230651855469
vt 0.20367099344730377 1.3969230651855469
vt 0.22209900617599487 1.2683080434799194
vt 0.18605099618434906 1.2758820056915283
vt 0.20367099344730377 1.3969230651855469
vt 0.18605099618434906 1.2758820056915283
vt 0.16999199986457825 1.3938909769058228
vt 0.16999199986457825 1.3938909769058228
vt 0.18605099618434906 1.2758820056915283
vt 0.14924299716949463 1.2744410037994385
vt 0.16999199986457825 1.3938909769058228
vt 0.14924299716949463 1.2744410037994385
vt 0.13648900389671326 1.39847993850708
vt 0.13648900389671326 1.39847993850708
vt 0.14924299716949463 1.2744410037994385
vt 0.11389700323343277 1.2640739679336548
vt 0.13648900389671326 1.39847993850708
vt 0.11389700323343277 1.2640739679336548
vt 0.048739999532699585 1.2671170234680176
vt 0.048739999532699585 1.2671170234680176
vt 0.11389700323343277 1.2640739679336548
vt 0.08214200288057327 1.2454049587249756
vt 0.21044500172138214 1.6892210245132446
vt 0.17694200575351715 1.693809986114502
vt 0.25284698605537415 1.7526979446411133
vt 0.25284698605537415 1.7526979446411133
vt 0.17694200575351715 1.693809986114502
vt 0.14326199889183044 1.6907780170440674
vt 0.25284698605537415 1.7526979446411133
vt 0.14326199889183044 1.6907780170440674
vt -0.056092001497745514 1.7526979446411133
vt -0.056092001497745514 1.7526979446411133
vt 0.14326199889183044 1.6907780170440674
vt 0.11111799627542496 1.680279016494751
vt -0.056092001497745514 1.7526979446411133
vt 0.11111799627542496 1.680279016494751
vt 0.08214200288057327 1.6628460884094238
vt 0.13831600546836853 0.5631470084190369
vt 0.17140300571918488 0.5589840412139893
vt 0.0791419968008995 0.47210997343063354
vt 0.0791419968008995 0.47210997343063354
vt 0.17140300571918488 0.5589840412139893
vt 0.2045930027961731 0.5622349977493286
vt 0.0791419968008995 0.47210997343063354
vt 0.2045930027961731 0.5622349977493286
vt 0.42500001192092896 0.24730199575424194
vt 0.42500001192092896 0.24730199575424194
vt 0.2045930027961731 0.5622349977493286
vt 0.42500001192092896 0.48583900928497314
vt 0.42500001192092896 0.48583900928497314
vt 0.2045930027961731 0.5622349977493286
vt 0.23624299466609955 0.572737991809845
vt 0.42500001192092896 0.48583900928497314
vt 0.23624299466609955 0.572737991809845
vt 0.26479101181030273 0.5899749994277954
vt 0.26479101181030273 1.0074150562286377
vt 0.2950409948825836 0.9877529740333557
vt 0.23303699493408203 0.9887459874153137
vt 0.23303699493408203 0.9887459874153137
vt 0.2950409948825836 0.9877529740333557
vt 0.20861800014972687 0.8547930121421814
vt 0.23303699493408203 0.9887459874153137
vt 0.20861800014972687 0.8547930121421814
vt 0.1976899951696396 0.9783790111541748
vt 0.1976899951696396 0.9783790111541748
vt 0.20861800014972687 0.8547930121421814
vt 0.17553099989891052 0.858955979347229
vt 0.1976899951696396 0.9783790111541748
vt 0.17553099989891052 0.858955979347229
vt 0.16088299453258514 0.9769390225410461
vt 0.16088299453258514 0.9769390225410461
vt 0.17553099989891052 0.858955979347229
vt 0.1423410028219223 0.8557050228118896
vt 0.16088299453258514 0.9769390225410461
vt 0.1423410028219223 0.8557050228118896
vt 0.12483400106430054 0.984512984752655
vt 0.12483400106430054 0.984512984752655
vt 0.1423410028219223 0.8557050228118896
vt 0.11068999767303467 0.8452019691467285
vt 0.12483400106430054 0.984512984752655
vt 0.11068999767303467 0.8452019691467285
vt 0.09171900153160095 1.0006439685821533
vt 0.09171900153160095 1.0006439685821533
vt 0.11068999767303467 0.8452019691467285
vt 0.08214200288057327 0.8279650211334229
vt 0.09171900153160095 1.0006439685821533
vt 0.08214200288057327 0.8279650211334229
vt -0.06956599652767181 0.9265760183334351
vt -0.06956599652767181 0.9265760183334351
vt -0.06541100144386292 0.9591929912567139
vt 0.09171900153160095 1.0006439685821533
vt 0.09171900153160095 1.0006439685821533
vt -0.06541100144386292 0.9591929912567139
vt 0.0635330006480217 1.0243589878082275
vt 0.0635330006480217 1.0243589878082275
vt -0.06541100144386292 0.9591929912567139
vt -0.06846199929714203 0.9919310212135315
vt 0.0635330006480217 1.0243589878082275
vt -0.06846199929714203 0.9919310212135315
vt 0.04197600111365318 1.0542279481887817
vt 0.04197600111365318 1.0542279481887817
vt -0.06846199929714203 0.9919310212135315
vt -0.07857300341129303 1.023218035697937
vt 0.04197600111365318 1.0542279481887817
vt -0.07857300341129303 1.023218035697937
vt 0.028348999097943306 1.0884510278701782
vt 0.028348999097943306 1.0884510278701782
vt -0.07857300341129303 1.023218035697937
vt -0.09525799751281738 1.0515509843826294
vt 0.028348999097943306 1.0884510278701782
vt -0.09525799751281738 1.0515509843826294
vt 0.02347400039434433 1.1249619722366333
vt 0.02347400039434433 1.1249619722366333
vt -0.09525799751281738 1.0515509843826294
vt -0.006810999941080809 1.1839569807052612
vt 0.02347400039434433 1.1249619722366333
vt -0.006810999941080809 1.1839569807052612
vt 0.027643999084830284 1.1615610122680664
vt 0.42500001192092896 0.9032800197601318
vt 0.3202019929885864 0.7400959730148315
vt 0.37888601422309875 0.9332540035247803
vt 0.37888601422309875 0.9332540035247803
vt 0.3202019929885864 0.7400959730148315
vt 0.30969899892807007 0.7717469930648804
vt 0.37888601422309875 0.9332540035247803
vt 0.30969899892807007 0.7717469930648804
vt 0.29246199131011963 0.8002949953079224
vt 0.3202019929885864 0.7400959730148315
vt 0.42500001192092896 0.9032800197601318
vt 0.32345300912857056 0.7069070339202881
vt 0.32345300912857056 0.7069070339202881
vt 0.42500001192092896 0.9032800197601318
vt 0.42500001192092896 0.6051080226898193
vt 0.32345300912857056 0.7069070339202881
vt 0.42500001192092896 0.6051080226898193
vt 0.31929001212120056 0.6738190054893494
vt 0.293599009513855 1.6336749792099
vt 0.373104989528656 1.7526979446411133
vt 0.31028300523757935 1.605341911315918
vt 0.31028300523757935 1.605341911315918
vt 0.373104989528656 1.7526979446411133
vt 0.32039400935173035 1.5740549564361572
vt 0.32039400935173035 1.5740549564361572
vt 0.373104989528656 1.7526979446411133
vt 0.32344600558280945 1.541316032409668
vt 0.32344600558280945 1.541316032409668
vt 0.373104989528656 1.7526979446411133
vt 0.42500001192092896 1.4399880170822144
vt 0.32344600558280945 1.541316032409668
vt 0.42500001192092896 1.4399880170822144
vt 0.31929001212120056 1.5087000131607056
vt 0.373104989528656 1.7526979446411133
vt 0.42500001192092896 1.7526979446411133
vt 0.42500001192092896 1.4399880170822144
vt -0.2523669898509979 0.8163560032844543
vt -0.21886399388313293 0.8117669820785522
vt -0.31234100461006165 0.7265740036964417
vt -0.31234100461006165 0.7265740036964417
vt -0.21886399388313293 0.8117669820785522
vt -0.1851850003004074 0.8147990107536316
vt -0.31234100461006165 0.7265740036964417
vt -0.1851850003004074 0.8147990107536316
vt 0.026731999590992928 0.6778450012207031
vt 0.026731999590992928 0.6778450012207031
vt -0.1851850003004074 0.8147990107536316
vt 0.02348100021481514 0.7110339999198914
vt 0.02348100021481514 0.7110339999198914
vt -0.1851850003004074 0.8147990107536316
vt -0.15304000675678253 0.8252990245819092
vt 0.02348100021481514 0.7110339999198914
vt -0.15304000675678253 0.8252990245819092
vt 0.027643999084830284 0.7441209554672241
vt 0.027643999084830284 0.7441209554672241
vt -0.15304000675678253 0.8252990245819092
vt -0.12406499683856964 0.8427309989929199
vt -0.31234100461006165 0.7265740036964417
vt 0.026731999590992928 0.6778450012207031
vt -0.004701999947428703 0.5266090035438538
vt -0.004701999947428703 0.5266090035438538
vt 0.026731999590992928 0.6778450012207031
vt 0.03723499923944473 0.6461939811706543
vt -0.004701999947428703 0.5266090035438538
vt 0.03723499923944473 0.6461939811706543
vt 0.054471999406814575 0.6176459789276123
vt -0.33552101254463196 0.8719019889831543
vt -0.3961920142173767 0.7810770273208618
vt -0.3522059917449951 0.9002349972724915
vt -0.3522059917449951 0.9002349972724915
vt -0.3961920142173767 0.7810770273208618
vt -0.3623169958591461 0.931522011756897
vt -0.3623169958591461 0.931522011756897
vt -0.3961920142173767 0.7810770273208618
vt -0.42500001192092896 0.7998020052909851
vt -0.3623169958591461 0.931522011756897
vt -0.42500001192092896 0.7998020052909851
vt -0.3653680086135864 0.964260995388031
vt -0.3653680086135864 0.964260995388031
vt -0.42500001192092896 0.7998020052909851
vt -0.42500001192092896 1.0383390188217163
vt -0.3653680086135864 0.964260995388031
vt -0.42500001192092896 1.0383390188217163
vt -0.36121198534965515 0.9968770146369934
vt -0.3067139983177185 1.498162031173706
vt -0.42500001192092896 1.5750479698181152
vt -0.274958997964859 1.5168309211730957
vt -0.274958997964859 1.5168309211730957
vt -0.42500001192092896 1.5750479698181152
vt -0.23958200216293335 1.7526979446411133
vt -0.274958997964859 1.5168309211730957
vt -0.23958200216293335 1.7526979446411133
vt -0.23961299657821655 1.527198076248169
vt -0.23961299657821655 1.527198076248169
vt -0.23958200216293335 1.7526979446411133
vt -0.20280499756336212 1.5286380052566528
vt -0.20280499756336212 1.5286380052566528
vt -0.23958200216293335 1.7526979446411133
vt -0.1667570024728775 1.521064043045044
vt -0.1667570024728775 1.521064043045044
vt -0.23958200216293335 1.7526979446411133
vt 0.027643999084830284 1.5790009498596191
vt -0.1667570024728775 1.521064043045044
vt 0.027643999084830284 1.5790009498596191
vt -0.13364100456237793 1.5049329996109009
vt -0.13364100456237793 1.5049329996109009
vt 0.027643999084830284 1.5790009498596191
vt 0.02348800003528595 1.5463839769363403
vt -0.13364100456237793 1.5049329996109009
vt 0.02348800003528595 1.5463839769363403
vt -0.10545500367879868 1.4812179803848267
vt -0.10545500367879868 1.4812179803848267
vt 0.02348800003528595 1.5463839769363403
vt 0.026538999751210213 1.5136460065841675
vt -0.10545500367879868 1.4812179803848267
vt 0.026538999751210213 1.5136460065841675
vt -0.08389800041913986 1.4513490200042725
vt -0.08389800041913986 1.4513490200042725
vt 0.026538999751210213 1.5136460065841675
vt 0.036649998277425766 1.4823589324951172
vt -0.08389800041913986 1.4513490200042725
vt 0.036649998277425766 1.4823589324951172
vt -0.07027199864387512 1.417125940322876
vt -0.07027199864387512 1.417125940322876
vt 0.036649998277425766 1.4823589324951172
vt 0.053334999829530716 1.4540259838104248
vt -0.07027199864387512 1.417125940322876
vt 0.053334999829530716 1.4540259838104248
vt -0.06539600342512131 1.380614995956421
vt -0.06539600342512131 1.380614995956421
vt 0.053334999829530716 1.4540259838104248
vt -0.03511099889874458 1.321619987487793
vt -0.06539600342512131 1.380614995956421
vt -0.03511099889874458 1.321619987487793
vt -0.06956599652767181 1.3440159559249878
vt -0.42500001192092896 1.5750479698181152
vt -0.42500001192092896 1.7526979446411133
vt -0.23958200216293335 1.7526979446411133
vt -0.36121198534965515 1.4143179655075073
vt -0.36538198590278625 1.3777190446853638
vt -0.42500001192092896 1.455780029296875
vt -0.42500001192092896 1.455780029296875
vt -0.36538198590278625 1.3777190446853638
vt -0.3605070114135742 1.3412070274353027
vt -0.42500001192092896 1.455780029296875
vt -0.3605070114135742 1.3412070274353027
vt -0.42500001192092896 1.1576080322265625
vt -0.42500001192092896 1.1576080322265625
vt -0.3605070114135742 1.3412070274353027
vt -0.3468799889087677 1.3069850206375122
vt -0.42500001192092896 1.1576080322265625
vt -0.3468799889087677 1.3069850206375122
vt -0.3253229856491089 1.277114987373352
vt -0.3253229856491089 1.277114987373352
vt -0.29713699221611023 1.2533999681472778
vt -0.42500001192092896 1.1576080322265625
vt -0.42500001192092896 1.1576080322265625
vt -0.29713699221611023 1.2533999681472778
vt -0.3067139983177185 1.0807219743728638
vt -0.3067139983177185 1.0807219743728638
vt -0.29713699221611023 1.2533999681472778
vt -0.2777380049228668 1.0981550216674805
vt -0.2777380049228668 1.0981550216674805
vt -0.29713699221611023 1.2533999681472778
vt -0.26402199268341064 1.2372690439224243
vt -0.2777380049228668 1.0981550216674805
vt -0.26402199268341064 1.2372690439224243
vt -0.24559399485588074 1.1086540222167969
vt -0.24559399485588074 1.1086540222167969
vt -0.26402199268341064 1.2372690439224243
vt -0.22797299921512604 1.2296960353851318
vt -0.24559399485588074 1.1086540222167969
vt -0.22797299921512604 1.2296960353851318
vt -0.21191400289535522 1.1116859912872314
vt -0.21191400289535522 1.1116859912872314
vt -0.22797299921512604 1.2296960353851318
vt -0.1911659985780716 1.2311359643936157
vt -0.21191400289535522 1.1116859912872314
vt -0.1911659985780716 1.2311359643936157
vt -0.17841200530529022 1.1070970296859741
vt -0.17841200530529022 1.1070970296859741
vt -0.1911659985780716 1.2311359643936157
vt -0.15581899881362915 1.2415030002593994
vt -0.17841200530529022 1.1070970296859741
vt -0.15581899881362915 1.2415030002593994
vt -0.09066200256347656 1.2384600639343262
vt -0.09066200256347656 1.2384600639343262
vt -0.15581899881362915 1.2415030002593994
vt -0.12406499683856964 1.2601720094680786
vt -0.5 1.0354809761047363
vt 0 1.0354809761047363
vt -0.5 1.002534031867981
vt -0.5 1.002534031867981
vt 0 1.0354809761047363
vt 0 1.002534031867981
vt -0.5 1.002534031867981
vt 0 1.002534031867981
vt -0.5 0.9695879817008972
vt -0.5 0.9695879817008972
vt 0 1.002534031867981
vt 0 0.9695879817008972
vt -0.5 0.9695879817008972
vt 0 0.9695879817008972
vt -0.5 0.9366409778594971
vt -0.5 0.9366409778594971
vt 0 0.9695879817008972
vt 0 0.9366409778594971
vt -0.5 0.9366409778594971
vt 0 0.9366409778594971
vt -0.5 0.9036939740180969
vt -0.5 0.9036939740180969
vt 0 0.9366409778594971
vt 0 0.9036939740180969
vt 0 0.6661930084228516
vt -0.5 0.6661930084228516
vt 0 0.7000809907913208
vt 0 0.7000809907913208
vt -0.5 0.6661930084228516
vt -0.5 0.7000809907913208
vt 0 0.7000809907913208
vt -0.5 0.7000809907913208
vt 0 0.7339680194854736
vt 0 0.7339680194854736
vt -0.5 0.7000809907913208
vt -0.5 0.7339680194854736
vt 0 0.7339680194854736
vt -0.5 0.7339680194854736
vt 0 0.7678560018539429
vt 0 0.7678560018539429
vt -0.5 0.7339680194854736
vt -0.5 0.7678560018539429
vt 0 0.7678560018539429
vt -0.5 0.7678560018539429
vt 0 0.8017430305480957
vt 0 0.8017430305480957
vt -0.5 0.7678560018539429
vt -0.5 0.8017430305480957
vt -0.5 1.2729820013046265
vt 0 1.2729820013046265
vt -0.5 1.2390949726104736
vt -0.5 1.2390949726104736
vt 0 1.2729820013046265
vt 0 1.2390949726104736
vt -0.5 1.2390949726104736
vt 0 1.2390949726104736
vt -0.5 1.2052069902420044
vt -0.5 1.2052069902420044
vt 0 1.2390949726104736
vt 0 1.2052069902420044
vt -0.5 1.2052069902420044
vt 0 1.2052069902420044
vt -0.5 1.1713190078735352
vt -0.5 1.1713190078735352
vt 0 1.2052069902420044
vt 0 1.1713190078735352
vt -0.5 1.1713190078735352
vt 0 1.1713190078735352
vt -0.5 1.1374319791793823
vt -0.5 1.1374319791793823
vt 0 1.1713190078735352
vt 0 1.1374319791793823
vt 0 0.9341070055961609
vt -0.5 0.9341070055961609
vt 0 0.9670529961585999
vt 0 0.9670529961585999
vt -0.5 0.9341070055961609
vt -0.5 0.9670529961585999
vt 0 0.9670529961585999
vt -0.5 0.9670529961585999
vt 0 1
vt 0 1
vt -0.5 0.9670529961585999
vt -0.5 1
vt 0 1
vt -0.5 1
vt 0 1.0329469442367554
vt 0 1.0329469442367554
vt -0.5 1
vt -0.5 1.0329469442367554
vt 0 1.0329469442367554
vt -0.5 1.0329469442367554
vt 0 1.0658930540084839
vt 0 1.0658930540084839
vt -0.5 1.0329469442367554
vt -0.5 1.0658930540084839
vt -0.5 0.8017430305480957
vt 0 0.8017430305480957
vt -0.5 0.7678560018539429
vt -0.5 0.7678560018539429
vt 0 0.8017430305480957
vt 0 0.7678560018539429
vt -0.5 0.7678560018539429
vt 0 0.7678560018539429
vt -0.5 0.7339680194854736
vt -0.5 0.7339680194854736
vt 0 0.7678560018539429
vt 0 0.7339680194854736
vt -0.5 0.7339680194854736
vt 0 0.7339680194854736
vt -0.5 0.7000809907913208
vt -0.5 0.7000809907913208
vt 0 0.7339680194854736
vt 0 0.7000809907913208
vt -0.5 0.7000809907913208
vt 0 0.7000809907913208
vt -0.5 0.6661930084228516
vt -0.5 0.6661930084228516
vt 0 0.7000809907913208
vt 0 0.6661930084228516
vt 0.8199999928474426 1.1439900398254395
vt 0.5466669797897339 1.1439900398254395
vt 0.8199999928474426 1.1570799350738525
vt 0.8199999928474426 1.1570799350738525
vt 0.5466669797897339 1.1439900398254395
vt 0.5466669797897339 1.1570799350738525
vt 0.8199999928474426 0.8429200053215027
vt 0.5466669797897339 0.8429200053215027
vt 0.8199999928474426 0.8560100197792053
vt 0.8199999928474426 0.8560100197792053
vt 0.5466669797897339 0.8429200053215027
vt 0.5466669797897339 0.8560100197792053
vt 0.8199999928474426 0.8560100197792053
vt 0.5466669797897339 0.8560100197792053
vt 0.8199999928474426 0.8690999746322632
vt 0.8199999928474426 0.8690999746322632
vt 0.5466669797897339 0.8560100197792053
vt 0.5466669797897339 0.8690999746322632
vt 0.8199999928474426 0.8690999746322632
vt 0.5466669797897339 0.8690999746322632
vt 0.8199999928474426 0.8821899890899658
vt 0.8199999928474426 0.8821899890899658
vt 0.5466669797897339 0.8690999746322632
vt 0.5466669797897339 0.8821899890899658
vt 0.8199999928474426 0.8821899890899658
vt 0.5466669797897339 0.8821899890899658
vt 0.8199999928474426 0.8952800035476685
vt 0.8199999928474426 0.8952800035476685
vt 0.5466669797897339 0.8821899890899658
vt 0.5466669797897339 0.8952800035476685
vt 0.8199999928474426 0.8952800035476685
vt 0.5466669797897339 0.8952800035476685
vt 0.8199999928474426 0.9083700180053711
vt 0.8199999928474426 0.9083700180053711
vt 0.5466669797897339 0.8952800035476685
vt 0.5466669797897339 0.9083700180053711
vt 0.8199999928474426 0.9083700180053711
vt 0.5466669797897339 0.9083700180053711
vt 0.8199999928474426 0.9214600324630737
vt 0.8199999928474426 0.9214600324630737
vt 0.5466669797897339 0.9083700180053711
vt 0.5466669797897339 0.9214600324630737
vt 0.8199999928474426 0.9214600324630737
vt 0.5466669797897339 0.9214600324630737
vt 0.8199999928474426 0.9345499873161316
vt 0.8199999928474426 0.9345499873161316
vt 0.5466669797897339 0.9214600324630737
vt 0.5466669797897339 0.9345499873161316
vt 0.8199999928474426 0.9345499873161316
vt 0.5466669797897339 0.9345499873161316
vt 0.8199999928474426 0.9476400017738342
vt 0.8199999928474426 0.9476400017738342
vt 0.5466669797897339 0.9345499873161316
vt 0.5466669797897339 0.9476400017738342
vt 0.8199999928474426 0.9476400017738342
vt 0.5466669797897339 0.9476400017738342
vt 0.8199999928474426 0.9607300162315369
vt 0.8199999928474426 0.9607300162315369
vt 0.5466669797897339 0.9476400017738342
vt 0.5466669797897339 0.9607300162315369
vt 0.8199999928474426 0.9607300162315369
vt 0.5466669797897339 0.9607300162315369
vt 0.8199999928474426 0.9738199710845947
vt 0.8199999928474426 0.9738199710845947
vt 0.5466669797897339 0.9607300162315369
vt 0.5466669797897339 0.9738199710845947
vt 0.8199999928474426 0.9738199710845947
vt 0.5466669797897339 0.9738199710845947
vt 0.8199999928474426 0.9869099855422974
vt 0.8199999928474426 0.9869099855422974
vt 0.5466669797897339 0.9738199710845947
vt 0.5466669797897339 0.9869099855422974
vt 0.8199999928474426 0.9869099855422974
vt 0.5466669797897339 0.9869099855422974
vt 0.8199999928474426 1
vt 0.8199999928474426 1
vt 0.5466669797897339 0.9869099855422974
vt 0.5466669797897339 1
vt 0.8199999928474426 1
vt 0.5466669797897339 1
vt 0.8199999928474426 1.0130900144577026
vt 0.8199999928474426 1.0130900144577026
vt 0.5466669797897339 1
vt 0.5466669797897339 1.0130900144577026
vt 0.8199999928474426 1.0130900144577026
vt 0.5466669797897339 1.0130900144577026
vt 0.8199999928474426 1.0261800289154053
vt 0.8199999928474426 1.0261800289154053
vt 0.5466669797897339 1.0130900144577026
vt 0.5466669797897339 1.0261800289154053
vt 0.8199999928474426 1.0261800289154053
vt 0.5466669797897339 1.0261800289154053
vt 0.8199999928474426 1.039270043373108
vt 0.8199999928474426 1.039270043373108
vt 0.5466669797897339 1.0261800289154053
vt 0.5466669797897339 1.039270043373108
vt 0.8199999928474426 1.039270043373108
vt 0.5466669797897339 1.039270043373108
vt 0.8199999928474426 1.0523600578308105
vt 0.8199999928474426 1.0523600578308105
vt 0.5466669797897339 1.039270043373108
vt 0.5466669797897339 1.0523600578308105
vt 0.8199999928474426 1.0523600578308105
vt 0.5466669797897339 1.0523600578308105
vt 0.8199999928474426 1.0654499530792236
vt 0.8199999928474426 1.0654499530792236
vt 0.5466669797897339 1.0523600578308105
vt 0.5466669797897339 1.0654499530792236
vt 0.8199999928474426 1.0654499530792236
vt 0.5466669797897339 1.0654499530792236
vt 0.8199999928474426 1.0785399675369263
vt 0.8199999928474426 1.0785399675369263
vt 0.5466669797897339 1.0654499530792236
vt 0.5466669797897339 1.0785399675369263
vt 0.8199999928474426 1.0785399675369263
vt 0.5466669797897339 1.0785399675369263
vt 0.8199999928474426 1.091629981994629
vt 0.8199999928474426 1.091629981994629
vt 0.5466669797897339 1.0785399675369263
vt 0.5466669797897339 1.091629981994629
vt 0.8199999928474426 1.091629981994629
vt 0.5466669797897339 1.091629981994629
vt 0.8199999928474426 1.1047199964523315
vt 0.8199999928474426 1.1047199964523315
vt 0.5466669797897339 1.091629981994629
vt 0.5466669797897339 1.1047199964523315
vt 0.8199999928474426 1.1047199964523315
vt 0.5466669797897339 1.1047199964523315
vt 0.8199999928474426 1.1178100109100342
vt 0.8199999928474426 1.1178100109100342
vt 0.5466669797897339 1.1047199964523315
vt 0.5466669797897339 1.1178100109100342
vt 0.8199999928474426 1.1178100109100342
vt 0.5466669797897339 1.1178100109100342
vt 0.8199999928474426 1.1309000253677368
vt 0.8199999928474426 1.1309000253677368
vt 0.5466669797897339 1.1178100109100342
vt 0.5466669797897339 1.1309000253677368
vt 0.8199999928474426 1.1309000253677368
vt 0.5466669797897339 1.1309000253677368
vt 0.8199999928474426 1.1439900398254395
vt 0.8199999928474426 1.1439900398254395
vt 0.5466669797897339 1.1309000253677368
vt 0.5466669797897339 1.1439900398254395
vt 0 0.8560100197792053
vt 0.27333301305770874 0.8560100197792053
vt 0 0.8429200053215027
vt 0 0.8429200053215027
vt 0.27333301305770874 0.8560100197792053
vt 0.27333301305770874 0.8429200053215027
vt 0 1.1570799350738525
vt 0.27333301305770874 1.1570799350738525
vt 0 1.1439900398254395
vt 0 1.1439900398254395
vt 0.27333301305770874 1.1570799350738525
vt 0.27333301305770874 1.1439900398254395
vt 0 1.1439900398254395
vt 0.27333301305770874 1.1439900398254395
vt 0 1.1309000253677368
vt 0 1.1309000253677368
vt 0.27333301305770874 1.1439900398254395
vt 0.27333301305770874 1.1309000253677368
vt 0 1.1309000253677368
vt 0.27333301305770874 1.1309000253677368
vt 0 1.1178100109100342
vt 0 1.1178100109100342
vt 0.27333301305770874 1.1309000253677368
vt 0.27333301305770874 1.1178100109100342
vt 0 1.1178100109100342
vt 0.27333301305770874 1.1178100109100342
vt 0 1.1047199964523315
vt 0 1.1047199964523315
vt 0.27333301305770874 1.1178100109100342
vt 0.27333301305770874 1.1047199964523315
vt 0 1.1047199964523315
vt 0.27333301305770874 1.1047199964523315
vt 0 1.091629981994629
vt 0 1.091629981994629
vt 0.27333301305770874 1.1047199964523315
vt 0.27333301305770874 1.091629981994629
vt 0 1.091629981994629
vt 0.27333301305770874 1.091629981994629
vt 0 1.0785399675369263
vt 0 1.0785399675369263
vt 0.27333301305770874 1.091629981994629
vt 0.27333301305770874 1.0785399675369263
vt 0 1.0785399675369263
vt 0.27333301305770874 1.0785399675369263
vt 0 1.0654499530792236
vt 0 1.0654499530792236
vt 0.27333301305770874 1.0785399675369263
vt 0.27333301305770874 1.0654499530792236
vt 0 1.0654499530792236
vt 0.27333301305770874 1.0654499530792236
vt 0 1.0523600578308105
vt 0 1.0523600578308105
vt 0.27333301305770874 1.0654499530792236
vt 0.27333301305770874 1.0523600578308105
vt 0 1.0523600578308105
vt 0.27333301305770874 1.0523600578308105
vt 0 1.039270043373108
vt 0 1.039270043373108
vt 0.27333301305770874 1.0523600578308105
vt 0.27333301305770874 1.039270043373108
vt 0 1.039270043373108
vt 0.27333301305770874 1.039270043373108
vt 0 1.0261800289154053
vt 0 1.0261800289154053
vt 0.27333301305770874 1.039270043373108
vt 0.27333301305770874 1.0261800289154053
vt 0 1.0261800289154053
vt 0.27333301305770874 1.0261800289154053
vt 0 1.0130900144577026
vt 0 1.0130900144577026
vt 0.27333301305770874 1.0261800289154053
vt 0.27333301305770874 1.0130900144577026
vt 0 1.0130900144577026
vt 0.27333301305770874 1.0130900144577026
vt 0 1
vt 0 1
vt 0.27333301305770874 1.0130900144577026
vt 0.27333301305770874 1
vt 0 1
vt 0.27333301305770874 1
vt 0 0.9869099855422974
vt 0 0.9869099855422974
vt 0.27333301305770874 1
vt 0.27333301305770874 0.9869099855422974
vt 0 0.9869099855422974
vt 0.27333301305770874 0.9869099855422974
vt 0 0.9738199710845947
vt 0 0.9738199710845947
vt 0.27333301305770874 0.9869099855422974
vt 0.27333301305770874 0.9738199710845947
vt 0 0.9738199710845947
vt 0.27333301305770874 0.9738199710845947
vt 0 0.9607300162315369
vt 0 0.9607300162315369
vt 0.27333301305770874 0.9738199710845947
vt 0.27333301305770874 0.9607300162315369
vt 0 0.9607300162315369
vt 0.27333301305770874 0.9607300162315369
vt 0 0.9476400017738342
vt 0 0.9476400017738342
vt 0.27333301305770874 0.9607300162315369
vt 0.27333301305770874 0.9476400017738342
vt 0 0.9476400017738342
vt 0.27333301305770874 0.9476400017738342
vt 0 0.9345499873161316
vt 0 0.9345499873161316
vt 0.27333301305770874 0.9476400017738342
vt 0.27333301305770874 0.9345499873161316
vt 0 0.9345499873161316
vt 0.27333301305770874 0.9345499873161316
vt 0 0.9214600324630737
vt 0 0.9214600324630737
vt 0.27333301305770874 0.9345499873161316
vt 0.27333301305770874 0.9214600324630737
vt 0 0.9214600324630737
vt 0.27333301305770874 0.9214600324630737
vt 0 0.9083700180053711
vt 0 0.9083700180053711
vt 0.27333301305770874 0.9214600324630737
vt 0.27333301305770874 0.9083700180053711
vt 0 0.9083700180053711
vt 0.27333301305770874 0.9083700180053711
vt 0 0.8952800035476685
vt 0 0.8952800035476685
vt 0.27333301305770874 0.9083700180053711
vt 0.27333301305770874 0.8952800035476685
vt 0 0.8952800035476685
vt 0.27333301305770874 0.8952800035476685
vt 0 0.8821899890899658
vt 0 0.8821899890899658
vt 0.27333301305770874 0.8952800035476685
vt 0.27333301305770874 0.8821899890899658
vt 0 0.8821899890899658
vt 0.27333301305770874 0.8821899890899658
vt 0 0.8690999746322632
vt 0 0.8690999746322632
vt 0.27333301305770874 0.8821899890899658
vt 0.27333301305770874 0.8690999746322632
vt 0 0.8690999746322632
vt 0.27333301305770874 0.8690999746322632
vt 0 0.8560100197792053
vt 0 0.8560100197792053
vt 0.27333301305770874 0.8690999746322632
vt 0.27333301305770874 0.8560100197792053
vt 0.5466669797897339 0.8429200053215027
vt 0.27333301305770874 0.8429200053215027
vt 0.5466669797897339 0.8560100197792053
vt 0.5466669797897339 0.8560100197792053
vt 0.27333301305770874 0.8429200053215027
vt 0.27333301305770874 0.8560100197792053
vt 0.5466669797897339 0.8560100197792053
vt 0.27333301305770874 0.8560100197792053
vt 0.5466669797897339 0.8690999746322632
vt 0.5466669797897339 0.8690999746322632
vt 0.27333301305770874 0.8560100197792053
vt 0.27333301305770874 0.8690999746322632
vt 0.5466669797897339 0.8690999746322632
vt 0.27333301305770874 0.8690999746322632
vt 0.5466669797897339 0.8821899890899658
vt 0.5466669797897339 0.8821899890899658
vt 0.27333301305770874 0.8690999746322632
vt 0.27333301305770874 0.8821899890899658
vt 0.5466669797897339 0.8821899890899658
vt 0.27333301305770874 0.8821899890899658
vt 0.5466669797897339 0.8952800035476685
vt 0.5466669797897339 0.8952800035476685
vt 0.27333301305770874 0.8821899890899658
vt 0.27333301305770874 0.8952800035476685
vt 0.5466669797897339 0.8952800035476685
vt 0.27333301305770874 0.8952800035476685
vt 0.5466669797897339 0.9083700180053711
vt 0.5466669797897339 0.9083700180053711
vt 0.27333301305770874 0.8952800035476685
vt 0.27333301305770874 0.9083700180053711
vt 0.5466669797897339 0.9083700180053711
vt 0.27333301305770874 0.9083700180053711
vt 0.5466669797897339 0.9214600324630737
vt 0.5466669797897339 0.9214600324630737
vt 0.27333301305770874 0.9083700180053711
vt 0.27333301305770874 0.9214600324630737
vt 0.5466669797897339 0.9214600324630737
vt 0.27333301305770874 0.9214600324630737
vt 0.5466669797897339 0.9345499873161316
vt 0.5466669797897339 0.9345499873161316
vt 0.27333301305770874 0.9214600324630737
vt 0.27333301305770874 0.9345499873161316
vt 0.5466669797897339 0.9345499873161316
vt 0.27333301305770874 0.9345499873161316
vt 0.5466669797897339 0.9476400017738342
vt 0.5466669797897339 0.9476400017738342
vt 0.27333301305770874 0.9345499873161316
vt 0.27333301305770874 0.9476400017738342
vt 0.5466669797897339 0.9476400017738342
vt 0.27333301305770874 0.9476400017738342
vt 0.5466669797897339 0.9607300162315369
vt 0.5466669797897339 0.9607300162315369
vt 0.27333301305770874 0.9476400017738342
vt 0.27333301305770874 0.9607300162315369
vt 0.5466669797897339 0.9607300162315369
vt 0.27333301305770874 0.9607300162315369
vt 0.5466669797897339 0.9738199710845947
vt 0.5466669797897339 0.9738199710845947
vt 0.27333301305770874 0.9607300162315369
vt 0.27333301305770874 0.9738199710845947
vt 0.5466669797897339 0.9738199710845947
vt 0.27333301305770874 0.9738199710845947
vt 0.5466669797897339 0.9869099855422974
vt 0.5466669797897339 0.9869099855422974
vt 0.27333301305770874 0.9738199710845947
vt 0.27333301305770874 0.9869099855422974
vt 0.5466669797897339 0.9869099855422974
vt 0.27333301305770874 0.9869099855422974
vt 0.5466669797897339 1
vt 0.5466669797897339 1
vt 0.27333301305770874 0.9869099855422974
vt 0.27333301305770874 1
vt 0.5466669797897339 1
vt 0.27333301305770874 1
vt 0.5466669797897339 1.0130900144577026
vt 0.5466669797897339 1.0130900144577026
vt 0.27333301305770874 1
vt 0.27333301305770874 1.0130900144577026
vt 0.5466669797897339 1.0130900144577026
vt 0.27333301305770874 1.0130900144577026
vt 0.5466669797897339 1.0261800289154053
vt 0.5466669797897339 1.0261800289154053
vt 0.27333301305770874 1.0130900144577026
vt 0.27333301305770874 1.0261800289154053
vt 0.5466669797897339 1.0261800289154053
vt 0.27333301305770874 1.0261800289154053
vt 0.5466669797897339 1.039270043373108
vt 0.5466669797897339 1.039270043373108
vt 0.27333301305770874 1.0261800289154053
vt 0.27333301305770874 1.039270043373108
vt 0.5466669797897339 1.039270043373108
vt 0.27333301305770874 1.039270043373108
vt 0.5466669797897339 1.0523600578308105
vt 0.5466669797897339 1.0523600578308105
vt 0.27333301305770874 1.039270043373108
vt 0.27333301305770874 1.0523600578308105
vt 0.5466669797897339 1.0523600578308105
vt 0.27333301305770874 1.0523600578308105
vt 0.5466669797897339 1.0654499530792236
vt 0.5466669797897339 1.0654499530792236
vt 0.27333301305770874 1.0523600578308105
vt 0.27333301305770874 1.0654499530792236
vt 0.5466669797897339 1.0654499530792236
vt 0.27333301305770874 1.0654499530792236
vt 0.5466669797897339 1.0785399675369263
vt 0.5466669797897339 1.0785399675369263
vt 0.27333301305770874 1.0654499530792236
vt 0.27333301305770874 1.0785399675369263
vt 0.5466669797897339 1.0785399675369263
vt 0.27333301305770874 1.0785399675369263
vt 0.5466669797897339 1.091629981994629
vt 0.5466669797897339 1.091629981994629
vt 0.27333301305770874 1.0785399675369263
vt 0.27333301305770874 1.091629981994629
vt 0.5466669797897339 1.091629981994629
vt 0.27333301305770874 1.091629981994629
vt 0.5466669797897339 1.1047199964523315
vt 0.5466669797897339 1.1047199964523315
vt 0.27333301305770874 1.091629981994629
vt 0.27333301305770874 1.1047199964523315
vt 0.5466669797897339 1.1047199964523315
vt 0.27333301305770874 1.1047199964523315
vt 0.5466669797897339 1.1178100109100342
vt 0.5466669797897339 1.1178100109100342
vt 0.27333301305770874 1.1047199964523315
vt 0.27333301305770874 1.1178100109100342
vt 0.5466669797897339 1.1178100109100342
vt 0.27333301305770874 1.1178100109100342
vt 0.5466669797897339 1.1309000253677368
vt 0.5466669797897339 1.1309000253677368
vt 0.27333301305770874 1.1178100109100342
vt 0.27333301305770874 1.1309000253677368
vt 0.5466669797897339 1.1309000253677368
vt 0.27333301305770874 1.1309000253677368
vt 0.5466669797897339 1.1439900398254395
vt 0.5466669797897339 1.1439900398254395
vt 0.27333301305770874 1.1309000253677368
vt 0.27333301305770874 1.1439900398254395
vt 0.5466669797897339 1.1439900398254395
vt 0.27333301305770874 1.1439900398254395
vt 0.5466669797897339 1.1570799350738525
vt 0.5466669797897339 1.1570799350738525
vt 0.27333301305770874 1.1439900398254395
vt 0.27333301305770874 1.1570799350738525
vt 0.8199999928474426 1.1439900398254395
vt 0.5466669797897339 1.1439900398254395
vt 0.8199999928474426 1.1570799350738525
vt 0.8199999928474426 1.1570799350738525
vt 0.5466669797897339 1.1439900398254395
vt 0.5466669797897339 1.1570799350738525
vt 0.8199999928474426 0.8429200053215027
vt 0.5466669797897339 0.8429200053215027
vt 0.8199999928474426 0.8560100197792053
vt 0.8199999928474426 0.8560100197792053
vt 0.5466669797897339 0.8429200053215027
vt 0.5466669797897339 0.8560100197792053
vt 0.8199999928474426 0.8560100197792053
vt 0.5466669797897339 0.8560100197792053
vt 0.8199999928474426 0.8690999746322632
vt 0.8199999928474426 0.8690999746322632
vt 0.5466669797897339 0.8560100197792053
vt 0.5466669797897339 0.8690999746322632
vt 0.8199999928474426 0.8690999746322632
vt 0.5466669797897339 0.8690999746322632
vt 0.8199999928474426 0.8821899890899658
vt 0.8199999928474426 0.8821899890899658
vt 0.5466669797897339 0.8690999746322632
vt 0.5466669797897339 0.8821899890899658
vt 0.8199999928474426 0.8821899890899658
vt 0.5466669797897339 0.8821899890899658
vt 0.8199999928474426 0.8952800035476685
vt 0.8199999928474426 0.8952800035476685
vt 0.5466669797897339 0.8821899890899658
vt 0.5466669797897339 0.8952800035476685
vt 0.8199999928474426 0.8952800035476685
vt 0.5466669797897339 0.8952800035476685
vt 0.8199999928474426 0.9083700180053711
vt 0.8199999928474426 0.9083700180053711
vt 0.5466669797897339 0.8952800035476685
vt 0.5466669797897339 0.9083700180053711
vt 0.8199999928474426 0.9083700180053711
vt 0.5466669797897339 0.9083700180053711
vt 0.8199999928474426 0.9214600324630737
vt 0.8199999928474426 0.9214600324630737
vt 0.5466669797897339 0.9083700180053711
vt 0.5466669797897339 0.9214600324630737
vt 0.8199999928474426 0.9214600324630737
vt 0.5466669797897339 0.9214600324630737
vt 0.8199999928474426 0.9345499873161316
vt 0.8199999928474426 0.9345499873161316
vt 0.5466669797897339 0.9214600324630737
vt 0.5466669797897339 0.9345499873161316
vt 0.8199999928474426 0.9345499873161316
vt 0.5466669797897339 0.9345499873161316
vt 0.8199999928474426 0.9476400017738342
vt 0.8199999928474426 0.9476400017738342
vt 0.5466669797897339 0.9345499873161316
vt 0.5466669797897339 0.9476400017738342
vt 0.8199999928474426 0.9476400017738342
vt 0.5466669797897339 0.9476400017738342
vt 0.8199999928474426 0.9607300162315369
vt 0.8199999928474426 0.9607300162315369
vt 0.5466669797897339 0.9476400017738342
vt 0.5466669797897339 0.9607300162315369
vt 0.8199999928474426 0.9607300162315369
vt 0.5466669797897339 0.9607300162315369
vt 0.8199999928474426 0.9738199710845947
vt 0.8199999928474426 0.9738199710845947
vt 0.5466669797897339 0.9607300162315369
vt 0.5466669797897339 0.9738199710845947
vt 0.8199999928474426 0.9738199710845947
vt 0.5466669797897339 0.9738199710845947
vt 0.8199999928474426 0.9869099855422974
vt 0.8199999928474426 0.9869099855422974
vt 0.5466669797897339 0.9738199710845947
vt 0.5466669797897339 0.9869099855422974
vt 0.8199999928474426 0.9869099855422974
vt 0.5466669797897339 0.9869099855422974
vt 0.8199999928474426 1
vt 0.8199999928474426 1
vt 0.5466669797897339 0.9869099855422974
vt 0.5466669797897339 1
vt 0.8199999928474426 1
vt 0.5466669797897339 1
vt 0.8199999928474426 1.0130900144577026
vt 0.8199999928474426 1.0130900144577026
vt 0.5466669797897339 1
vt 0.5466669797897339 1.0130900144577026
vt 0.8199999928474426 1.0130900144577026
vt 0.5466669797897339 1.0130900144577026
vt 0.8199999928474426 1.0261800289154053
vt 0.8199999928474426 1.0261800289154053
vt 0.5466669797897339 1.0130900144577026
vt 0.5466669797897339 1.0261800289154053
vt 0.8199999928474426 1.0261800289154053
vt 0.5466669797897339 1.0261800289154053
vt 0.8199999928474426 1.039270043373108
vt 0.8199999928474426 1.039270043373108
vt 0.5466669797897339 1.0261800289154053
vt 0.5466669797897339 1.039270043373108
vt 0.8199999928474426 1.039270043373108
vt 0.5466669797897339 1.039270043373108
vt 0.8199999928474426 1.0523600578308105
vt 0.8199999928474426 1.0523600578308105
vt 0.5466669797897339 1.039270043373108
vt 0.5466669797897339 1.0523600578308105
vt 0.8199999928474426 1.0523600578308105
vt 0.5466669797897339 1.0523600578308105
vt 0.8199999928474426 1.0654499530792236
vt 0.8199999928474426 1.0654499530792236
vt 0.5466669797897339 1.0523600578308105
vt 0.5466669797897339 1.0654499530792236
vt 0.8199999928474426 1.0654499530792236
vt 0.5466669797897339 1.0654499530792236
vt 0.8199999928474426 1.0785399675369263
vt 0.8199999928474426 1.0785399675369263
vt 0.5466669797897339 1.0654499530792236
vt 0.5466669797897339 1.0785399675369263
vt 0.8199999928474426 1.0785399675369263
vt 0.5466669797897339 1.0785399675369263
vt 0.8199999928474426 1.091629981994629
vt 0.8199999928474426 1.091629981994629
vt 0.5466669797897339 1.0785399675369263
vt 0.5466669797897339 1.091629981994629
vt 0.8199999928474426 1.091629981994629
vt 0.5466669797897339 1.091629981994629
vt 0.8199999928474426 1.1047199964523315
vt 0.8199999928474426 1.1047199964523315
vt 0.5466669797897339 1.091629981994629
vt 0.5466669797897339 1.1047199964523315
vt 0.8199999928474426 1.1047199964523315
vt 0.5466669797897339 1.1047199964523315
vt 0.8199999928474426 1.1178100109100342
vt 0.8199999928474426 1.1178100109100342
vt 0.5466669797897339 1.1047199964523315
vt 0.5466669797897339 1.1178100109100342
vt 0.8199999928474426 1.1178100109100342
vt 0.5466669797897339 1.1178100109100342
vt 0.8199999928474426 1.1309000253677368
vt 0.8199999928474426 1.1309000253677368
vt 0.5466669797897339 1.1178100109100342
vt 0.5466669797897339 1.1309000253677368
vt 0.8199999928474426 1.1309000253677368
vt 0.5466669797897339 1.1309000253677368
vt 0.8199999928474426 1.1439900398254395
vt 0.8199999928474426 1.1439900398254395
vt 0.5466669797897339 1.1309000253677368
vt 0.5466669797897339 1.1439900398254395
vt 0 0.8560100197792053
vt 0.27333301305770874 0.8560100197792053
vt 0 0.8429200053215027
vt 0 0.8429200053215027
vt 0.27333301305770874 0.8560100197792053
vt 0.27333301305770874 0.8429200053215027
vt 0 1.1570799350738525
vt 0.27333301305770874 1.1570799350738525
vt 0 1.1439900398254395
vt 0 1.1439900398254395
vt 0.27333301305770874 1.1570799350738525
vt 0.27333301305770874 1.1439900398254395
vt 0 1.1439900398254395
vt 0.27333301305770874 1.1439900398254395
vt 0 1.1309000253677368
vt 0 1.1309000253677368
vt 0.27333301305770874 1.1439900398254395
vt 0.27333301305770874 1.1309000253677368
vt 0 1.1309000253677368
vt 0.27333301305770874 1.1309000253677368
vt 0 1.1178100109100342
vt 0 1.1178100109100342
vt 0.27333301305770874 1.1309000253677368
vt 0.27333301305770874 1.1178100109100342
vt 0 1.1178100109100342
vt 0.27333301305770874 1.1178100109100342
vt 0 1.1047199964523315
vt 0 1.1047199964523315
vt 0.27333301305770874 1.1178100109100342
vt 0.27333301305770874 1.1047199964523315
vt 0 1.1047199964523315
vt 0.27333301305770874 1.1047199964523315
vt 0 1.091629981994629
vt 0 1.091629981994629
vt 0.27333301305770874 1.1047199964523315
vt 0.27333301305770874 1.091629981994629
vt 0 1.091629981994629
vt 0.27333301305770874 1.091629981994629
vt 0 1.0785399675369263
vt 0 1.0785399675369263
vt 0.27333301305770874 1.091629981994629
vt 0.27333301305770874 1.0785399675369263
vt 0 1.0785399675369263
vt 0.27333301305770874 1.0785399675369263
vt 0 1.0654499530792236
vt 0 1.0654499530792236
vt 0.27333301305770874 1.0785399675369263
vt 0.27333301305770874 1.0654499530792236
vt 0 1.0654499530792236
vt 0.27333301305770874 1.0654499530792236
vt 0 1.0523600578308105
vt 0 1.0523600578308105
vt 0.27333301305770874 1.0654499530792236
vt 0.27333301305770874 1.0523600578308105
vt 0 1.0523600578308105
vt 0.27333301305770874 1.0523600578308105
vt 0 1.039270043373108
vt 0 1.039270043373108
vt 0.27333301305770874 1.0523600578308105
vt 0.27333301305770874 1.039270043373108
vt 0 1.039270043373108
vt 0.27333301305770874 1.039270043373108
vt 0 1.0261800289154053
vt 0 1.0261800289154053
vt 0.27333301305770874 1.039270043373108
vt 0.27333301305770874 1.0261800289154053
vt 0 1.0261800289154053
vt 0.27333301305770874 1.0261800289154053
vt 0 1.0130900144577026
vt 0 1.0130900144577026
vt 0.27333301305770874 1.0261800289154053
vt 0.27333301305770874 1.0130900144577026
vt 0 1.0130900144577026
vt 0.27333301305770874 1.0130900144577026
vt 0 1
vt 0 1
vt 0.27333301305770874 1.0130900144577026
vt 0.27333301305770874 1
vt 0 1
vt 0.27333301305770874 1
vt 0 0.9869099855422974
vt 0 0.9869099855422974
vt 0.27333301305770874 1
vt 0.27333301305770874 0.9869099855422974
vt 0 0.9869099855422974
vt 0.27333301305770874 0.9869099855422974
vt 0 0.9738199710845947
vt 0 0.9738199710845947
vt 0.27333301305770874 0.9869099855422974
vt 0.27333301305770874 0.9738199710845947
vt 0 0.9738199710845947
vt 0.27333301305770874 0.9738199710845947
vt 0 0.9607300162315369
vt 0 0.9607300162315369
vt 0.27333301305770874 0.9738199710845947
vt 0.27333301305770874 0.9607300162315369
vt 0 0.9607300162315369
vt 0.27333301305770874 0.9607300162315369
vt 0 0.9476400017738342
vt 0 0.9476400017738342
vt 0.27333301305770874 0.9607300162315369
vt 0.27333301305770874 0.9476400017738342
vt 0 0.9476400017738342
vt 0.27333301305770874 0.9476400017738342
vt 0 0.9345499873161316
vt 0 0.9345499873161316
vt 0.27333301305770874 0.9476400017738342
vt 0.27333301305770874 0.9345499873161316
vt 0 0.9345499873161316
vt 0.27333301305770874 0.9345499873161316
vt 0 0.9214600324630737
vt 0 0.9214600324630737
vt 0.27333301305770874 0.9345499873161316
vt 0.27333301305770874 0.9214600324630737
vt 0 0.9214600324630737
vt 0.27333301305770874 0.9214600324630737
vt 0 0.9083700180053711
vt 0 0.9083700180053711
vt 0.27333301305770874 0.9214600324630737
vt 0.27333301305770874 0.9083700180053711
vt 0 0.9083700180053711
vt 0.27333301305770874 0.9083700180053711
vt 0 0.8952800035476685
vt 0 0.8952800035476685
vt 0.27333301305770874 0.9083700180053711
vt 0.27333301305770874 0.8952800035476685
vt 0 0.8952800035476685
vt 0.27333301305770874 0.8952800035476685
vt 0 0.8821899890899658
vt 0 0.8821899890899658
vt 0.27333301305770874 0.8952800035476685
vt 0.27333301305770874 0.8821899890899658
vt 0 0.8821899890899658
vt 0.27333301305770874 0.8821899890899658
vt 0 0.8690999746322632
vt 0 0.8690999746322632
vt 0.27333301305770874 0.8821899890899658
vt 0.27333301305770874 0.8690999746322632
vt 0 0.8690999746322632
vt 0.27333301305770874 0.8690999746322632
vt 0 0.8560100197792053
vt 0 0.8560100197792053
vt 0.27333301305770874 0.8690999746322632
vt 0.27333301305770874 0.8560100197792053
vt 0.5466669797897339 0.8429200053215027
vt 0.27333301305770874 0.8429200053215027
vt 0.5466669797897339 0.8560100197792053
vt 0.5466669797897339 0.8560100197792053
vt 0.27333301305770874 0.8429200053215027
vt 0.27333301305770874 0.8560100197792053
vt 0.5466669797897339 0.8560100197792053
vt 0.27333301305770874 0.8560100197792053
vt 0.5466669797897339 0.8690999746322632
vt 0.5466669797897339 0.8690999746322632
vt 0.27333301305770874 0.8560100197792053
vt 0.27333301305770874 0.8690999746322632
vt 0.5466669797897339 0.8690999746322632
vt 0.27333301305770874 0.8690999746322632
vt 0.5466669797897339 0.8821899890899658
vt 0.5466669797897339 0.8821899890899658
vt 0.27333301305770874 0.8690999746322632
vt 0.27333301305770874 0.8821899890899658
vt 0.5466669797897339 0.8821899890899658
vt 0.27333301305770874 0.8821899890899658
vt 0.5466669797897339 0.8952800035476685
vt 0.5466669797897339 0.8952800035476685
vt 0.27333301305770874 0.8821899890899658
vt 0.27333301305770874 0.8952800035476685
vt 0.5466669797897339 0.8952800035476685
vt 0.27333301305770874 0.8952800035476685
vt 0.5466669797897339 0.9083700180053711
vt 0.5466669797897339 0.9083700180053711
vt 0.27333301305770874 0.8952800035476685
vt 0.27333301305770874 0.9083700180053711
vt 0.5466669797897339 0.9083700180053711
vt 0.27333301305770874 0.9083700180053711
vt 0.5466669797897339 0.9214600324630737
vt 0.5466669797897339 0.9214600324630737
vt 0.27333301305770874 0.9083700180053711
vt 0.27333301305770874 0.9214600324630737
vt 0.5466669797897339 0.9214600324630737
vt 0.27333301305770874 0.9214600324630737
vt 0.5466669797897339 0.9345499873161316
vt 0.5466669797897339 0.9345499873161316
vt 0.27333301305770874 0.9214600324630737
vt 0.27333301305770874 0.9345499873161316
vt 0.5466669797897339 0.9345499873161316
vt 0.27333301305770874 0.9345499873161316
vt 0.5466669797897339 0.9476400017738342
vt 0.5466669797897339 0.9476400017738342
vt 0.27333301305770874 0.9345499873161316
vt 0.27333301305770874 0.9476400017738342
vt 0.5466669797897339 0.9476400017738342
vt 0.27333301305770874 0.9476400017738342
vt 0.5466669797897339 0.9607300162315369
vt 0.5466669797897339 0.9607300162315369
vt 0.27333301305770874 0.9476400017738342
vt 0.27333301305770874 0.9607300162315369
vt 0.5466669797897339 0.9607300162315369
vt 0.27333301305770874 0.9607300162315369
vt 0.5466669797897339 0.9738199710845947
vt 0.5466669797897339 0.9738199710845947
vt 0.27333301305770874 0.9607300162315369
vt 0.27333301305770874 0.9738199710845947
vt 0.5466669797897339 0.9738199710845947
vt 0.27333301305770874 0.9738199710845947
vt 0.5466669797897339 0.9869099855422974
vt 0.5466669797897339 0.9869099855422974
vt 0.27333301305770874 0.9738199710845947
vt 0.27333301305770874 0.9869099855422974
vt 0.5466669797897339 0.9869099855422974
vt 0.27333301305770874 0.9869099855422974
vt 0.5466669797897339 1
vt 0.5466669797897339 1
vt 0.27333301305770874 0.9869099855422974
vt 0.27333301305770874 1
vt 0.5466669797897339 1
vt 0.27333301305770874 1
vt 0.5466669797897339 1.0130900144577026
vt 0.5466669797897339 1.0130900144577026
vt 0.27333301305770874 1
vt 0.27333301305770874 1.0130900144577026
vt 0.5466669797897339 1.0130900144577026
vt 0.27333301305770874 1.0130900144577026
vt 0.5466669797897339 1.0261800289154053
vt 0.5466669797897339 1.0261800289154053
vt 0.27333301305770874 1.0130900144577026
vt 0.27333301305770874 1.0261800289154053
vt 0.5466669797897339 1.0261800289154053
vt 0.27333301305770874 1.0261800289154053
vt 0.5466669797897339 1.039270043373108
vt 0.5466669797897339 1.039270043373108
vt 0.27333301305770874 1.0261800289154053
vt 0.27333301305770874 1.039270043373108
vt 0.5466669797897339 1.039270043373108
vt 0.27333301305770874 1.039270043373108
vt 0.5466669797897339 1.0523600578308105
vt 0.5466669797897339 1.0523600578308105
vt 0.27333301305770874 1.039270043373108
vt 0.27333301305770874 1.0523600578308105
vt 0.5466669797897339 1.0523600578308105
vt 0.27333301305770874 1.0523600578308105
vt 0.5466669797897339 1.0654499530792236
vt 0.5466669797897339 1.0654499530792236
vt 0.27333301305770874 1.0523600578308105
vt 0.27333301305770874 1.0654499530792236
vt 0.5466669797897339 1.0654499530792236
vt 0.27333301305770874 1.0654499530792236
vt 0.5466669797897339 1.0785399675369263
vt 0.5466669797897339 1.0785399675369263
vt 0.27333301305770874 1.0654499530792236
vt 0.27333301305770874 1.0785399675369263
vt 0.5466669797897339 1.0785399675369263
vt 0.27333301305770874 1.0785399675369263
vt 0.5466669797897339 1.091629981994629
vt 0.5466669797897339 1.091629981994629
vt 0.27333301305770874 1.0785399675369263
vt 0.27333301305770874 1.091629981994629
vt 0.5466669797897339 1.091629981994629
vt 0.27333301305770874 1.091629981994629
vt 0.5466669797897339 1.1047199964523315
vt 0.5466669797897339 1.1047199964523315
vt 0.27333301305770874 1.091629981994629
vt 0.27333301305770874 1.1047199964523315
vt 0.5466669797897339 1.1047199964523315
vt 0.27333301305770874 1.1047199964523315
vt 0.5466669797897339 1.1178100109100342
vt 0.5466669797897339 1.1178100109100342
vt 0.27333301305770874 1.1047199964523315
vt 0.27333301305770874 1.1178100109100342
vt 0.5466669797897339 1.1178100109100342
vt 0.27333301305770874 1.1178100109100342
vt 0.5466669797897339 1.1309000253677368
vt 0.5466669797897339 1.1309000253677368
vt 0.27333301305770874 1.1178100109100342
vt 0.27333301305770874 1.1309000253677368
vt 0.5466669797897339 1.1309000253677368
vt 0.27333301305770874 1.1309000253677368
vt 0.5466669797897339 1.1439900398254395
vt 0.5466669797897339 1.1439900398254395
vt 0.27333301305770874 1.1309000253677368
vt 0.27333301305770874 1.1439900398254395
vt 0.5466669797897339 1.1439900398254395
vt 0.27333301305770874 1.1439900398254395
vt 0.5466669797897339 1.1570799350738525
vt 0.5466669797897339 1.1570799350738525
vt 0.27333301305770874 1.1439900398254395
vt 0.27333301305770874 1.1570799350738525
vt 0.8199999928474426 1.1439900398254395
vt 0.5466669797897339 1.1439900398254395
vt 0.8199999928474426 1.1570799350738525
vt 0.8199999928474426 1.1570799350738525
vt 0.5466669797897339 1.1439900398254395
vt 0.5466669797897339 1.1570799350738525
vt 0.8199999928474426 0.8429200053215027
vt 0.5466669797897339 0.8429200053215027
vt 0.8199999928474426 0.8560100197792053
vt 0.8199999928474426 0.8560100197792053
vt 0.5466669797897339 0.8429200053215027
vt 0.5466669797897339 0.8560100197792053
vt 0.8199999928474426 0.8560100197792053
vt 0.5466669797897339 0.8560100197792053
vt 0.8199999928474426 0.8690999746322632
vt 0.8199999928474426 0.8690999746322632
vt 0.5466669797897339 0.8560100197792053
vt 0.5466669797897339 0.8690999746322632
vt 0.8199999928474426 0.8690999746322632
vt 0.5466669797897339 0.8690999746322632
vt 0.8199999928474426 0.8821899890899658
vt 0.8199999928474426 0.8821899890899658
vt 0.5466669797897339 0.8690999746322632
vt 0.5466669797897339 0.8821899890899658
vt 0.8199999928474426 0.8821899890899658
vt 0.5466669797897339 0.8821899890899658
vt 0.8199999928474426 0.8952800035476685
vt 0.8199999928474426 0.8952800035476685
vt 0.5466669797897339 0.8821899890899658
vt 0.5466669797897339 0.8952800035476685
vt 0.8199999928474426 0.8952800035476685
vt 0.5466669797897339 0.8952800035476685
vt 0.8199999928474426 0.9083700180053711
vt 0.8199999928474426 0.9083700180053711
vt 0.5466669797897339 0.8952800035476685
vt 0.5466669797897339 0.9083700180053711
vt 0.8199999928474426 0.9083700180053711
vt 0.5466669797897339 0.9083700180053711
vt 0.8199999928474426 0.9214600324630737
vt 0.8199999928474426 0.9214600324630737
vt 0.5466669797897339 0.9083700180053711
vt 0.5466669797897339 0.9214600324630737
vt 0.8199999928474426 0.9214600324630737
vt 0.5466669797897339 0.9214600324630737
vt 0.8199999928474426 0.9345499873161316
vt 0.8199999928474426 0.9345499873161316
vt 0.5466669797897339 0.9214600324630737
vt 0.5466669797897339 0.9345499873161316
vt 0.8199999928474426 0.9345499873161316
vt 0.5466669797897339 0.9345499873161316
vt 0.8199999928474426 0.9476400017738342
vt 0.8199999928474426 0.9476400017738342
vt 0.5466669797897339 0.9345499873161316
vt 0.5466669797897339 0.9476400017738342
vt 0.8199999928474426 0.9476400017738342
vt 0.5466669797897339 0.9476400017738342
vt 0.8199999928474426 0.9607300162315369
vt 0.8199999928474426 0.9607300162315369
vt 0.5466669797897339 0.9476400017738342
vt 0.5466669797897339 0.9607300162315369
vt 0.8199999928474426 0.9607300162315369
vt 0.5466669797897339 0.9607300162315369
vt 0.8199999928474426 0.9738199710845947
vt 0.8199999928474426 0.9738199710845947
vt 0.5466669797897339 0.9607300162315369
vt 0.5466669797897339 0.9738199710845947
vt 0.8199999928474426 0.9738199710845947
vt 0.5466669797897339 0.9738199710845947
vt 0.8199999928474426 0.9869099855422974
vt 0.8199999928474426 0.9869099855422974
vt 0.5466669797897339 0.9738199710845947
vt 0.5466669797897339 0.9869099855422974
vt 0.8199999928474426 0.9869099855422974
vt 0.5466669797897339 0.9869099855422974
vt 0.8199999928474426 1
vt 0.8199999928474426 1
vt 0.5466669797897339 0.9869099855422974
vt 0.5466669797897339 1
vt 0.8199999928474426 1
vt 0.5466669797897339 1
vt 0.8199999928474426 1.0130900144577026
vt 0.8199999928474426 1.0130900144577026
vt 0.5466669797897339 1
vt 0.5466669797897339 1.0130900144577026
vt 0.8199999928474426 1.0130900144577026
vt 0.5466669797897339 1.0130900144577026
vt 0.8199999928474426 1.0261800289154053
vt 0.8199999928474426 1.0261800289154053
vt 0.5466669797897339 1.0130900144577026
vt 0.5466669797897339 1.0261800289154053
vt 0.8199999928474426 1.0261800289154053
vt 0.5466669797897339 1.0261800289154053
vt 0.8199999928474426 1.039270043373108
vt 0.8199999928474426 1.039270043373108
vt 0.5466669797897339 1.0261800289154053
vt 0.5466669797897339 1.039270043373108
vt 0.8199999928474426 1.039270043373108
vt 0.5466669797897339 1.039270043373108
vt 0.8199999928474426 1.0523600578308105
vt 0.8199999928474426 1.0523600578308105
vt 0.5466669797897339 1.039270043373108
vt 0.5466669797897339 1.0523600578308105
vt 0.8199999928474426 1.0523600578308105
vt 0.5466669797897339 1.0523600578308105
vt 0.8199999928474426 1.0654499530792236
vt 0.8199999928474426 1.0654499530792236
vt 0.5466669797897339 1.0523600578308105
vt 0.5466669797897339 1.0654499530792236
vt 0.8199999928474426 1.0654499530792236
vt 0.5466669797897339 1.0654499530792236
vt 0.8199999928474426 1.0785399675369263
vt 0.8199999928474426 1.0785399675369263
vt 0.5466669797897339 1.0654499530792236
vt 0.5466669797897339 1.0785399675369263
vt 0.8199999928474426 1.0785399675369263
vt 0.5466669797897339 1.0785399675369263
vt 0.8199999928474426 1.091629981994629
vt 0.8199999928474426 1.091629981994629
vt 0.5466669797897339 1.0785399675369263
vt 0.5466669797897339 1.091629981994629
vt 0.8199999928474426 1.091629981994629
vt 0.5466669797897339 1.091629981994629
vt 0.8199999928474426 1.1047199964523315
vt 0.8199999928474426 1.1047199964523315
vt 0.5466669797897339 1.091629981994629
vt 0.5466669797897339 1.1047199964523315
vt 0.8199999928474426 1.1047199964523315
vt 0.5466669797897339 1.1047199964523315
vt 0.8199999928474426 1.1178100109100342
vt 0.8199999928474426 1.1178100109100342
vt 0.5466669797897339 1.1047199964523315
vt 0.5466669797897339 1.1178100109100342
vt 0.8199999928474426 1.1178100109100342
vt 0.5466669797897339 1.1178100109100342
vt 0.8199999928474426 1.1309000253677368
vt 0.8199999928474426 1.1309000253677368
vt 0.5466669797897339 1.1178100109100342
vt 0.5466669797897339 1.1309000253677368
vt 0.8199999928474426 1.1309000253677368
vt 0.5466669797897339 1.1309000253677368
vt 0.8199999928474426 1.1439900398254395
vt 0.8199999928474426 1.1439900398254395
vt 0.5466669797897339 1.1309000253677368
vt 0.5466669797897339 1.1439900398254395
vt 0 0.8560100197792053
vt 0.27333301305770874 0.8560100197792053
vt 0 0.8429200053215027
vt 0 0.8429200053215027
vt 0.27333301305770874 0.8560100197792053
vt 0.27333301305770874 0.8429200053215027
vt 0 1.1570799350738525
vt 0.27333301305770874 1.1570799350738525
vt 0 1.1439900398254395
vt 0 1.1439900398254395
vt 0.27333301305770874 1.1570799350738525
vt 0.27333301305770874 1.1439900398254395
vt 0 1.1439900398254395
vt 0.27333301305770874 1.1439900398254395
vt 0 1.1309000253677368
vt 0 1.1309000253677368
vt 0.27333301305770874 1.1439900398254395
vt 0.27333301305770874 1.1309000253677368
vt 0 1.1309000253677368
vt 0.27333301305770874 1.1309000253677368
vt 0 1.1178100109100342
vt 0 1.1178100109100342
vt 0.27333301305770874 1.1309000253677368
vt 0.27333301305770874 1.1178100109100342
vt 0 1.1178100109100342
vt 0.27333301305770874 1.1178100109100342
vt 0 1.1047199964523315
vt 0 1.1047199964523315
vt 0.27333301305770874 1.1178100109100342
vt 0.27333301305770874 1.1047199964523315
vt 0 1.1047199964523315
vt 0.27333301305770874 1.1047199964523315
vt 0 1.091629981994629
vt 0 1.091629981994629
vt 0.27333301305770874 1.1047199964523315
vt 0.27333301305770874 1.091629981994629
vt 0 1.091629981994629
vt 0.27333301305770874 1.091629981994629
vt 0 1.0785399675369263
vt 0 1.0785399675369263
vt 0.27333301305770874 1.091629981994629
vt 0.27333301305770874 1.0785399675369263
vt 0 1.0785399675369263
vt 0.27333301305770874 1.0785399675369263
vt 0 1.0654499530792236
vt 0 1.0654499530792236
vt 0.27333301305770874 1.0785399675369263
vt 0.27333301305770874 1.0654499530792236
vt 0 1.0654499530792236
vt 0.27333301305770874 1.0654499530792236
vt 0 1.0523600578308105
vt 0 1.0523600578308105
vt 0.27333301305770874 1.0654499530792236
vt 0.27333301305770874 1.0523600578308105
vt 0 1.0523600578308105
vt 0.27333301305770874 1.0523600578308105
vt 0 1.039270043373108
vt 0 1.039270043373108
vt 0.27333301305770874 1.0523600578308105
vt 0.27333301305770874 1.039270043373108
vt 0 1.039270043373108
vt 0.27333301305770874 1.039270043373108
vt 0 1.0261800289154053
vt 0 1.0261800289154053
vt 0.27333301305770874 1.039270043373108
vt 0.27333301305770874 1.0261800289154053
vt 0 1.0261800289154053
vt 0.27333301305770874 1.0261800289154053
vt 0 1.0130900144577026
vt 0 1.0130900144577026
vt 0.27333301305770874 1.0261800289154053
vt 0.27333301305770874 1.0130900144577026
vt 0 1.0130900144577026
vt 0.27333301305770874 1.0130900144577026
vt 0 1
vt 0 1
vt 0.27333301305770874 1.0130900144577026
vt 0.27333301305770874 1
vt 0 1
vt 0.27333301305770874 1
vt 0 0.9869099855422974
vt 0 0.9869099855422974
vt 0.27333301305770874 1
vt 0.27333301305770874 0.9869099855422974
vt 0 0.9869099855422974
vt 0.27333301305770874 0.9869099855422974
vt 0 0.9738199710845947
vt 0 0.9738199710845947
vt 0.27333301305770874 0.9869099855422974
vt 0.27333301305770874 0.9738199710845947
vt 0 0.9738199710845947
vt 0.27333301305770874 0.9738199710845947
vt 0 0.9607300162315369
vt 0 0.9607300162315369
vt 0.27333301305770874 0.9738199710845947
vt 0.27333301305770874 0.9607300162315369
vt 0 0.9607300162315369
vt 0.27333301305770874 0.9607300162315369
vt 0 0.9476400017738342
vt 0 0.9476400017738342
vt 0.27333301305770874 0.9607300162315369
vt 0.27333301305770874 0.9476400017738342
vt 0 0.9476400017738342
vt 0.27333301305770874 0.9476400017738342
vt 0 0.9345499873161316
vt 0 0.9345499873161316
vt 0.27333301305770874 0.9476400017738342
vt 0.27333301305770874 0.9345499873161316
vt 0 0.9345499873161316
vt 0.27333301305770874 0.9345499873161316
vt 0 0.9214600324630737
vt 0 0.9214600324630737
vt 0.27333301305770874 0.9345499873161316
vt 0.27333301305770874 0.9214600324630737
vt 0 0.9214600324630737
vt 0.27333301305770874 0.9214600324630737
vt 0 0.9083700180053711
vt 0 0.9083700180053711
vt 0.27333301305770874 0.9214600324630737
vt 0.27333301305770874 0.9083700180053711
vt 0 0.9083700180053711
vt 0.27333301305770874 0.9083700180053711
vt 0 0.8952800035476685
vt 0 0.8952800035476685
vt 0.27333301305770874 0.9083700180053711
vt 0.27333301305770874 0.8952800035476685
vt 0 0.8952800035476685
vt 0.27333301305770874 0.8952800035476685
vt 0 0.8821899890899658
vt 0 0.8821899890899658
vt 0.27333301305770874 0.8952800035476685
vt 0.27333301305770874 0.8821899890899658
vt 0 0.8821899890899658
vt 0.27333301305770874 0.8821899890899658
vt 0 0.8690999746322632
vt 0 0.8690999746322632
vt 0.27333301305770874 0.8821899890899658
vt 0.27333301305770874 0.8690999746322632
vt 0 0.8690999746322632
vt 0.27333301305770874 0.8690999746322632
vt 0 0.8560100197792053
vt 0 0.8560100197792053
vt 0.27333301305770874 0.8690999746322632
vt 0.27333301305770874 0.8560100197792053
vt 0.5466669797897339 0.8429200053215027
vt 0.27333301305770874 0.8429200053215027
vt 0.5466669797897339 0.8560100197792053
vt 0.5466669797897339 0.8560100197792053
vt 0.27333301305770874 0.8429200053215027
vt 0.27333301305770874 0.8560100197792053
vt 0.5466669797897339 0.8560100197792053
vt 0.27333301305770874 0.8560100197792053
vt 0.5466669797897339 0.8690999746322632
vt 0.5466669797897339 0.8690999746322632
vt 0.27333301305770874 0.8560100197792053
vt 0.27333301305770874 0.8690999746322632
vt 0.5466669797897339 0.8690999746322632
vt 0.27333301305770874 0.8690999746322632
vt 0.5466669797897339 0.8821899890899658
vt 0.5466669797897339 0.8821899890899658
vt 0.27333301305770874 0.8690999746322632
vt 0.27333301305770874 0.8821899890899658
vt 0.5466669797897339 0.8821899890899658
vt 0.27333301305770874 0.8821899890899658
vt 0.5466669797897339 0.8952800035476685
vt 0.5466669797897339 0.8952800035476685
vt 0.27333301305770874 0.8821899890899658
vt 0.27333301305770874 0.8952800035476685
vt 0.5466669797897339 0.8952800035476685
vt 0.27333301305770874 0.8952800035476685
vt 0.5466669797897339 0.9083700180053711
vt 0.5466669797897339 0.9083700180053711
vt 0.27333301305770874 0.8952800035476685
vt 0.27333301305770874 0.9083700180053711
vt 0.5466669797897339 0.9083700180053711
vt 0.27333301305770874 0.9083700180053711
vt 0.5466669797897339 0.9214600324630737
vt 0.5466669797897339 0.9214600324630737
vt 0.27333301305770874 0.9083700180053711
vt 0.27333301305770874 0.9214600324630737
vt 0.5466669797897339 0.9214600324630737
vt 0.27333301305770874 0.9214600324630737
vt 0.5466669797897339 0.9345499873161316
vt 0.5466669797897339 0.9345499873161316
vt 0.27333301305770874 0.9214600324630737
vt 0.27333301305770874 0.9345499873161316
vt 0.5466669797897339 0.9345499873161316
vt 0.27333301305770874 0.9345499873161316
vt 0.5466669797897339 0.9476400017738342
vt 0.5466669797897339 0.9476400017738342
vt 0.27333301305770874 0.9345499873161316
vt 0.27333301305770874 0.9476400017738342
vt 0.5466669797897339 0.9476400017738342
vt 0.27333301305770874 0.9476400017738342
vt 0.5466669797897339 0.9607300162315369
vt 0.5466669797897339 0.9607300162315369
vt 0.27333301305770874 0.9476400017738342
vt 0.27333301305770874 0.9607300162315369
vt 0.5466669797897339 0.9607300162315369
vt 0.27333301305770874 0.9607300162315369
vt 0.5466669797897339 0.9738199710845947
vt 0.5466669797897339 0.9738199710845947
vt 0.27333301305770874 0.9607300162315369
vt 0.27333301305770874 0.9738199710845947
vt 0.5466669797897339 0.9738199710845947
vt 0.27333301305770874 0.9738199710845947
vt 0.5466669797897339 0.9869099855422974
vt 0.5466669797897339 0.9869099855422974
vt 0.27333301305770874 0.9738199710845947
vt 0.27333301305770874 0.9869099855422974
vt 0.5466669797897339 0.9869099855422974
vt 0.27333301305770874 0.9869099855422974
vt 0.5466669797897339 1
vt 0.5466669797897339 1
vt 0.27333301305770874 0.9869099855422974
vt 0.27333301305770874 1
vt 0.5466669797897339 1
vt 0.27333301305770874 1
vt 0.5466669797897339 1.0130900144577026
vt 0.5466669797897339 1.0130900144577026
vt 0.27333301305770874 1
vt 0.27333301305770874 1.0130900144577026
vt 0.5466669797897339 1.0130900144577026
vt 0.27333301305770874 1.0130900144577026
vt 0.5466669797897339 1.0261800289154053
vt 0.5466669797897339 1.0261800289154053
vt 0.27333301305770874 1.0130900144577026
vt 0.27333301305770874 1.0261800289154053
vt 0.5466669797897339 1.0261800289154053
vt 0.27333301305770874 1.0261800289154053
vt 0.5466669797897339 1.039270043373108
vt 0.5466669797897339 1.039270043373108
vt 0.27333301305770874 1.0261800289154053
vt 0.27333301305770874 1.039270043373108
vt 0.5466669797897339 1.039270043373108
vt 0.27333301305770874 1.039270043373108
vt 0.5466669797897339 1.0523600578308105
vt 0.5466669797897339 1.0523600578308105
vt 0.27333301305770874 1.039270043373108
vt 0.27333301305770874 1.0523600578308105
vt 0.5466669797897339 1.0523600578308105
vt 0.27333301305770874 1.0523600578308105
vt 0.5466669797897339 1.0654499530792236
vt 0.5466669797897339 1.0654499530792236
vt 0.27333301305770874 1.0523600578308105
vt 0.27333301305770874 1.0654499530792236
vt 0.5466669797897339 1.0654499530792236
vt 0.27333301305770874 1.0654499530792236
vt 0.5466669797897339 1.0785399675369263
vt 0.5466669797897339 1.0785399675369263
vt 0.27333301305770874 1.0654499530792236
vt 0.27333301305770874 1.0785399675369263
vt 0.5466669797897339 1.0785399675369263
vt 0.27333301305770874 1.0785399675369263
vt 0.5466669797897339 1.091629981994629
vt 0.5466669797897339 1.091629981994629
vt 0.27333301305770874 1.0785399675369263
vt 0.27333301305770874 1.091629981994629
vt 0.5466669797897339 1.091629981994629
vt 0.27333301305770874 1.091629981994629
vt 0.5466669797897339 1.1047199964523315
vt 0.5466669797897339 1.1047199964523315
vt 0.27333301305770874 1.091629981994629
vt 0.27333301305770874 1.1047199964523315
vt 0.5466669797897339 1.1047199964523315
vt 0.27333301305770874 1.1047199964523315
vt 0.5466669797897339 1.1178100109100342
vt 0.5466669797897339 1.1178100109100342
vt 0.27333301305770874 1.1047199964523315
vt 0.27333301305770874 1.1178100109100342
vt 0.5466669797897339 1.1178100109100342
vt 0.27333301305770874 1.1178100109100342
vt 0.5466669797897339 1.1309000253677368
vt 0.5466669797897339 1.1309000253677368
vt 0.27333301305770874 1.1178100109100342
vt 0.27333301305770874 1.1309000253677368
vt 0.5466669797897339 1.1309000253677368
vt 0.27333301305770874 1.1309000253677368
vt 0.5466669797897339 1.1439900398254395
vt 0.5466669797897339 1.1439900398254395
vt 0.27333301305770874 1.1309000253677368
vt 0.27333301305770874 1.1439900398254395
vt 0.5466669797897339 1.1439900398254395
vt 0.27333301305770874 1.1439900398254395
vt 0.5466669797897339 1.1570799350738525
vt 0.5466669797897339 1.1570799350738525
vt 0.27333301305770874 1.1439900398254395
vt 0.27333301305770874 1.1570799350738525
vt 0.8199999928474426 1.1439900398254395
vt 0.5466669797897339 1.1439900398254395
vt 0.8199999928474426 1.1570799350738525
vt 0.8199999928474426 1.1570799350738525
vt 0.5466669797897339 1.1439900398254395
vt 0.5466669797897339 1.1570799350738525
vt 0.8199999928474426 0.8429200053215027
vt 0.5466669797897339 0.8429200053215027
vt 0.8199999928474426 0.8560100197792053
vt 0.8199999928474426 0.8560100197792053
vt 0.5466669797897339 0.8429200053215027
vt 0.5466669797897339 0.8560100197792053
vt 0.8199999928474426 0.8560100197792053
vt 0.5466669797897339 0.8560100197792053
vt 0.8199999928474426 0.8690999746322632
vt 0.8199999928474426 0.8690999746322632
vt 0.5466669797897339 0.8560100197792053
vt 0.5466669797897339 0.8690999746322632
vt 0.8199999928474426 0.8690999746322632
vt 0.5466669797897339 0.8690999746322632
vt 0.8199999928474426 0.8821899890899658
vt 0.8199999928474426 0.8821899890899658
vt 0.5466669797897339 0.8690999746322632
vt 0.5466669797897339 0.8821899890899658
vt 0.8199999928474426 0.8821899890899658
vt 0.5466669797897339 0.8821899890899658
vt 0.8199999928474426 0.8952800035476685
vt 0.8199999928474426 0.8952800035476685
vt 0.5466669797897339 0.8821899890899658
vt 0.5466669797897339 0.8952800035476685
vt 0.8199999928474426 0.8952800035476685
vt 0.5466669797897339 0.8952800035476685
vt 0.8199999928474426 0.9083700180053711
vt 0.8199999928474426 0.9083700180053711
vt 0.5466669797897339 0.8952800035476685
vt 0.5466669797897339 0.9083700180053711
vt 0.8199999928474426 0.9083700180053711
vt 0.5466669797897339 0.9083700180053711
vt 0.8199999928474426 0.9214600324630737
vt 0.8199999928474426 0.9214600324630737
vt 0.5466669797897339 0.9083700180053711
vt 0.5466669797897339 0.9214600324630737
vt 0.8199999928474426 0.9214600324630737
vt 0.5466669797897339 0.9214600324630737
vt 0.8199999928474426 0.9345499873161316
vt 0.8199999928474426 0.9345499873161316
vt 0.5466669797897339 0.9214600324630737
vt 0.5466669797897339 0.9345499873161316
vt 0.8199999928474426 0.9345499873161316
vt 0.5466669797897339 0.9345499873161316
vt 0.8199999928474426 0.9476400017738342
vt 0.8199999928474426 0.9476400017738342
vt 0.5466669797897339 0.9345499873161316
vt 0.5466669797897339 0.9476400017738342
vt 0.8199999928474426 0.9476400017738342
vt 0.5466669797897339 0.9476400017738342
vt 0.8199999928474426 0.9607300162315369
vt 0.8199999928474426 0.9607300162315369
vt 0.5466669797897339 0.9476400017738342
vt 0.5466669797897339 0.9607300162315369
vt 0.8199999928474426 0.9607300162315369
vt 0.5466669797897339 0.9607300162315369
vt 0.8199999928474426 0.9738199710845947
vt 0.8199999928474426 0.9738199710845947
vt 0.5466669797897339 0.9607300162315369
vt 0.5466669797897339 0.9738199710845947
vt 0.8199999928474426 0.9738199710845947
vt 0.5466669797897339 0.9738199710845947
vt 0.8199999928474426 0.9869099855422974
vt 0.8199999928474426 0.9869099855422974
vt 0.5466669797897339 0.9738199710845947
vt 0.5466669797897339 0.9869099855422974
vt 0.8199999928474426 0.9869099855422974
vt 0.5466669797897339 0.9869099855422974
vt 0.8199999928474426 1
vt 0.8199999928474426 1
vt 0.5466669797897339 0.9869099855422974
vt 0.5466669797897339 1
vt 0.8199999928474426 1
vt 0.5466669797897339 1
vt 0.8199999928474426 1.0130900144577026
vt 0.8199999928474426 1.0130900144577026
vt 0.5466669797897339 1
vt 0.5466669797897339 1.0130900144577026
vt 0.8199999928474426 1.0130900144577026
vt 0.5466669797897339 1.0130900144577026
vt 0.8199999928474426 1.0261800289154053
vt 0.8199999928474426 1.0261800289154053
vt 0.5466669797897339 1.0130900144577026
vt 0.5466669797897339 1.0261800289154053
vt 0.8199999928474426 1.0261800289154053
vt 0.5466669797897339 1.0261800289154053
vt 0.8199999928474426 1.039270043373108
vt 0.8199999928474426 1.039270043373108
vt 0.5466669797897339 1.0261800289154053
vt 0.5466669797897339 1.039270043373108
vt 0.8199999928474426 1.039270043373108
vt 0.5466669797897339 1.039270043373108
vt 0.8199999928474426 1.0523600578308105
vt 0.8199999928474426 1.0523600578308105
vt 0.5466669797897339 1.039270043373108
vt 0.5466669797897339 1.0523600578308105
vt 0.8199999928474426 1.0523600578308105
vt 0.5466669797897339 1.0523600578308105
vt 0.8199999928474426 1.0654499530792236
vt 0.8199999928474426 1.0654499530792236
vt 0.5466669797897339 1.0523600578308105
vt 0.5466669797897339 1.0654499530792236
vt 0.8199999928474426 1.0654499530792236
vt 0.5466669797897339 1.0654499530792236
vt 0.8199999928474426 1.0785399675369263
vt 0.8199999928474426 1.0785399675369263
vt 0.5466669797897339 1.0654499530792236
vt 0.5466669797897339 1.0785399675369263
vt 0.8199999928474426 1.0785399675369263
vt 0.5466669797897339 1.0785399675369263
vt 0.8199999928474426 1.091629981994629
vt 0.8199999928474426 1.091629981994629
vt 0.5466669797897339 1.0785399675369263
vt 0.5466669797897339 1.091629981994629
vt 0.8199999928474426 1.091629981994629
vt 0.5466669797897339 1.091629981994629
vt 0.8199999928474426 1.1047199964523315
vt 0.8199999928474426 1.1047199964523315
vt 0.5466669797897339 1.091629981994629
vt 0.5466669797897339 1.1047199964523315
vt 0.8199999928474426 1.1047199964523315
vt 0.5466669797897339 1.1047199964523315
vt 0.8199999928474426 1.1178100109100342
vt 0.8199999928474426 1.1178100109100342
vt 0.5466669797897339 1.1047199964523315
vt 0.5466669797897339 1.1178100109100342
vt 0.8199999928474426 1.1178100109100342
vt 0.5466669797897339 1.1178100109100342
vt 0.8199999928474426 1.1309000253677368
vt 0.8199999928474426 1.1309000253677368
vt 0.5466669797897339 1.1178100109100342
vt 0.5466669797897339 1.1309000253677368
vt 0.8199999928474426 1.1309000253677368
vt 0.5466669797897339 1.1309000253677368
vt 0.8199999928474426 1.1439900398254395
vt 0.8199999928474426 1.1439900398254395
vt 0.5466669797897339 1.1309000253677368
vt 0.5466669797897339 1.1439900398254395
vt 0 0.8560100197792053
vt 0.27333301305770874 0.8560100197792053
vt 0 0.8429200053215027
vt 0 0.8429200053215027
vt 0.27333301305770874 0.8560100197792053
vt 0.27333301305770874 0.8429200053215027
vt 0 1.1570799350738525
vt 0.27333301305770874 1.1570799350738525
vt 0 1.1439900398254395
vt 0 1.1439900398254395
vt 0.27333301305770874 1.1570799350738525
vt 0.27333301305770874 1.1439900398254395
vt 0 1.1439900398254395
vt 0.27333301305770874 1.1439900398254395
vt 0 1.1309000253677368
vt 0 1.1309000253677368
vt 0.27333301305770874 1.1439900398254395
vt 0.27333301305770874 1.1309000253677368
vt 0 1.1309000253677368
vt 0.27333301305770874 1.1309000253677368
vt 0 1.1178100109100342
vt 0 1.1178100109100342
vt 0.27333301305770874 1.1309000253677368
vt 0.27333301305770874 1.1178100109100342
vt 0 1.1178100109100342
vt 0.27333301305770874 1.1178100109100342
vt 0 1.1047199964523315
vt 0 1.1047199964523315
vt 0.27333301305770874 1.1178100109100342
vt 0.27333301305770874 1.1047199964523315
vt 0 1.1047199964523315
vt 0.27333301305770874 1.1047199964523315
vt 0 1.091629981994629
vt 0 1.091629981994629
vt 0.27333301305770874 1.1047199964523315
vt 0.27333301305770874 1.091629981994629
vt 0 1.091629981994629
vt 0.27333301305770874 1.091629981994629
vt 0 1.0785399675369263
vt 0 1.0785399675369263
vt 0.27333301305770874 1.091629981994629
vt 0.27333301305770874 1.0785399675369263
vt 0 1.0785399675369263
vt 0.27333301305770874 1.0785399675369263
vt 0 1.0654499530792236
vt 0 1.0654499530792236
vt 0.27333301305770874 1.0785399675369263
vt 0.27333301305770874 1.0654499530792236
vt 0 1.0654499530792236
vt 0.27333301305770874 1.0654499530792236
vt 0 1.0523600578308105
vt 0 1.0523600578308105
vt 0.27333301305770874 1.0654499530792236
vt 0.27333301305770874 1.0523600578308105
vt 0 1.0523600578308105
vt 0.27333301305770874 1.0523600578308105
vt 0 1.039270043373108
vt 0 1.039270043373108
vt 0.27333301305770874 1.0523600578308105
vt 0.27333301305770874 1.039270043373108
vt 0 1.039270043373108
vt 0.27333301305770874 1.039270043373108
vt 0 1.0261800289154053
vt 0 1.0261800289154053
vt 0.27333301305770874 1.039270043373108
vt 0.27333301305770874 1.0261800289154053
vt 0 1.0261800289154053
vt 0.27333301305770874 1.0261800289154053
vt 0 1.0130900144577026
vt 0 1.0130900144577026
vt 0.27333301305770874 1.0261800289154053
vt 0.27333301305770874 1.0130900144577026
vt 0 1.0130900144577026
vt 0.27333301305770874 1.0130900144577026
vt 0 1
vt 0 1
vt 0.27333301305770874 1.0130900144577026
vt 0.27333301305770874 1
vt 0 1
vt 0.27333301305770874 1
vt 0 0.9869099855422974
vt 0 0.9869099855422974
vt 0.27333301305770874 1
vt 0.27333301305770874 0.9869099855422974
vt 0 0.9869099855422974
vt 0.27333301305770874 0.9869099855422974
vt 0 0.9738199710845947
vt 0 0.9738199710845947
vt 0.27333301305770874 0.9869099855422974
vt 0.27333301305770874 0.9738199710845947
vt 0 0.9738199710845947
vt 0.27333301305770874 0.9738199710845947
vt 0 0.9607300162315369
vt 0 0.9607300162315369
vt 0.27333301305770874 0.9738199710845947
vt 0.27333301305770874 0.9607300162315369
vt 0 0.9607300162315369
vt 0.27333301305770874 0.9607300162315369
vt 0 0.9476400017738342
vt 0 0.9476400017738342
vt 0.27333301305770874 0.9607300162315369
vt 0.27333301305770874 0.9476400017738342
vt 0 0.9476400017738342
vt 0.27333301305770874 0.9476400017738342
vt 0 0.9345499873161316
vt 0 0.9345499873161316
vt 0.27333301305770874 0.9476400017738342
vt 0.27333301305770874 0.9345499873161316
vt 0 0.9345499873161316
vt 0.27333301305770874 0.9345499873161316
vt 0 0.9214600324630737
vt 0 0.9214600324630737
vt 0.27333301305770874 0.9345499873161316
vt 0.27333301305770874 0.9214600324630737
vt 0 0.9214600324630737
vt 0.27333301305770874 0.9214600324630737
vt 0 0.9083700180053711
vt 0 0.9083700180053711
vt 0.27333301305770874 0.9214600324630737
vt 0.27333301305770874 0.9083700180053711
vt 0 0.9083700180053711
vt 0.27333301305770874 0.9083700180053711
vt 0 0.8952800035476685
vt 0 0.8952800035476685
vt 0.27333301305770874 0.9083700180053711
vt 0.27333301305770874 0.8952800035476685
vt 0 0.8952800035476685
vt 0.27333301305770874 0.8952800035476685
vt 0 0.8821899890899658
vt 0 0.8821899890899658
vt 0.27333301305770874 0.8952800035476685
vt 0.27333301305770874 0.8821899890899658
vt 0 0.8821899890899658
vt 0.27333301305770874 0.8821899890899658
vt 0 0.8690999746322632
vt 0 0.8690999746322632
vt 0.27333301305770874 0.8821899890899658
vt 0.27333301305770874 0.8690999746322632
vt 0 0.8690999746322632
vt 0.27333301305770874 0.8690999746322632
vt 0 0.8560100197792053
vt 0 0.8560100197792053
vt 0.27333301305770874 0.8690999746322632
vt 0.27333301305770874 0.8560100197792053
vt 0.5466669797897339 0.8429200053215027
vt 0.27333301305770874 0.8429200053215027
vt 0.5466669797897339 0.8560100197792053
vt 0.5466669797897339 0.8560100197792053
vt 0.27333301305770874 0.8429200053215027
vt 0.27333301305770874 0.8560100197792053
vt 0.5466669797897339 0.8560100197792053
vt 0.27333301305770874 0.8560100197792053
vt 0.5466669797897339 0.8690999746322632
vt 0.5466669797897339 0.8690999746322632
vt 0.27333301305770874 0.8560100197792053
vt 0.27333301305770874 0.8690999746322632
vt 0.5466669797897339 0.8690999746322632
vt 0.27333301305770874 0.8690999746322632
vt 0.5466669797897339 0.8821899890899658
vt 0.5466669797897339 0.8821899890899658
vt 0.27333301305770874 0.8690999746322632
vt 0.27333301305770874 0.8821899890899658
vt 0.5466669797897339 0.8821899890899658
vt 0.27333301305770874 0.8821899890899658
vt 0.5466669797897339 0.8952800035476685
vt 0.5466669797897339 0.8952800035476685
vt 0.27333301305770874 0.8821899890899658
vt 0.27333301305770874 0.8952800035476685
vt 0.5466669797897339 0.8952800035476685
vt 0.27333301305770874 0.8952800035476685
vt 0.5466669797897339 0.9083700180053711
vt 0.5466669797897339 0.9083700180053711
vt 0.27333301305770874 0.8952800035476685
vt 0.27333301305770874 0.9083700180053711
vt 0.5466669797897339 0.9083700180053711
vt 0.27333301305770874 0.9083700180053711
vt 0.5466669797897339 0.9214600324630737
vt 0.5466669797897339 0.9214600324630737
vt 0.27333301305770874 0.9083700180053711
vt 0.27333301305770874 0.9214600324630737
vt 0.5466669797897339 0.9214600324630737
vt 0.27333301305770874 0.9214600324630737
vt 0.5466669797897339 0.9345499873161316
vt 0.5466669797897339 0.9345499873161316
vt 0.27333301305770874 0.9214600324630737
vt 0.27333301305770874 0.9345499873161316
vt 0.5466669797897339 0.9345499873161316
vt 0.27333301305770874 0.9345499873161316
vt 0.5466669797897339 0.9476400017738342
vt 0.5466669797897339 0.9476400017738342
vt 0.27333301305770874 0.9345499873161316
vt 0.27333301305770874 0.9476400017738342
vt 0.5466669797897339 0.9476400017738342
vt 0.27333301305770874 0.9476400017738342
vt 0.5466669797897339 0.9607300162315369
vt 0.5466669797897339 0.9607300162315369
vt 0.27333301305770874 0.9476400017738342
vt 0.27333301305770874 0.9607300162315369
vt 0.5466669797897339 0.9607300162315369
vt 0.27333301305770874 0.9607300162315369
vt 0.5466669797897339 0.9738199710845947
vt 0.5466669797897339 0.9738199710845947
vt 0.27333301305770874 0.9607300162315369
vt 0.27333301305770874 0.9738199710845947
vt 0.5466669797897339 0.9738199710845947
vt 0.27333301305770874 0.9738199710845947
vt 0.5466669797897339 0.9869099855422974
vt 0.5466669797897339 0.9869099855422974
vt 0.27333301305770874 0.9738199710845947
vt 0.27333301305770874 0.9869099855422974
vt 0.5466669797897339 0.9869099855422974
vt 0.27333301305770874 0.9869099855422974
vt 0.5466669797897339 1
vt 0.5466669797897339 1
vt 0.27333301305770874 0.9869099855422974
vt 0.27333301305770874 1
vt 0.5466669797897339 1
vt 0.27333301305770874 1
vt 0.5466669797897339 1.0130900144577026
vt 0.5466669797897339 1.0130900144577026
vt 0.27333301305770874 1
vt 0.27333301305770874 1.0130900144577026
vt 0.5466669797897339 1.0130900144577026
vt 0.27333301305770874 1.0130900144577026
vt 0.5466669797897339 1.0261800289154053
vt 0.5466669797897339 1.0261800289154053
vt 0.27333301305770874 1.0130900144577026
vt 0.27333301305770874 1.0261800289154053
vt 0.5466669797897339 1.0261800289154053
vt 0.27333301305770874 1.0261800289154053
vt 0.5466669797897339 1.039270043373108
vt 0.5466669797897339 1.039270043373108
vt 0.27333301305770874 1.0261800289154053
vt 0.27333301305770874 1.039270043373108
vt 0.5466669797897339 1.039270043373108
vt 0.27333301305770874 1.039270043373108
vt 0.5466669797897339 1.0523600578308105
vt 0.5466669797897339 1.0523600578308105
vt 0.27333301305770874 1.039270043373108
vt 0.27333301305770874 1.0523600578308105
vt 0.5466669797897339 1.0523600578308105
vt 0.27333301305770874 1.0523600578308105
vt 0.5466669797897339 1.0654499530792236
vt 0.5466669797897339 1.0654499530792236
vt 0.27333301305770874 1.0523600578308105
vt 0.27333301305770874 1.0654499530792236
vt 0.5466669797897339 1.0654499530792236
vt 0.27333301305770874 1.0654499530792236
vt 0.5466669797897339 1.0785399675369263
vt 0.5466669797897339 1.0785399675369263
vt 0.27333301305770874 1.0654499530792236
vt 0.27333301305770874 1.0785399675369263
vt 0.5466669797897339 1.0785399675369263
vt 0.27333301305770874 1.0785399675369263
vt 0.5466669797897339 1.091629981994629
vt 0.5466669797897339 1.091629981994629
vt 0.27333301305770874 1.0785399675369263
vt 0.27333301305770874 1.091629981994629
vt 0.5466669797897339 1.091629981994629
vt 0.27333301305770874 1.091629981994629
vt 0.5466669797897339 1.1047199964523315
vt 0.5466669797897339 1.1047199964523315
vt 0.27333301305770874 1.091629981994629
vt 0.27333301305770874 1.1047199964523315
vt 0.5466669797897339 1.1047199964523315
vt 0.27333301305770874 1.1047199964523315
vt 0.5466669797897339 1.1178100109100342
vt 0.5466669797897339 1.1178100109100342
vt 0.27333301305770874 1.1047199964523315
vt 0.27333301305770874 1.1178100109100342
vt 0.5466669797897339 1.1178100109100342
vt 0.27333301305770874 1.1178100109100342
vt 0.5466669797897339 1.1309000253677368
vt 0.5466669797897339 1.1309000253677368
vt 0.27333301305770874 1.1178100109100342
vt 0.27333301305770874 1.1309000253677368
vt 0.5466669797897339 1.1309000253677368
vt 0.27333301305770874 1.1309000253677368
vt 0.5466669797897339 1.1439900398254395
vt 0.5466669797897339 1.1439900398254395
vt 0.27333301305770874 1.1309000253677368
vt 0.27333301305770874 1.1439900398254395
vt 0.5466669797897339 1.1439900398254395
vt 0.27333301305770874 1.1439900398254395
vt 0.5466669797897339 1.1570799350738525
vt 0.5466669797897339 1.1570799350738525
vt 0.27333301305770874 1.1439900398254395
vt 0.27333301305770874 1.1570799350738525
vt 0.8199999928474426 1.1439900398254395
vt 0.5466669797897339 1.1439900398254395
vt 0.8199999928474426 1.1570799350738525
vt 0.8199999928474426 1.1570799350738525
vt 0.5466669797897339 1.1439900398254395
vt 0.5466669797897339 1.1570799350738525
vt 0.8199999928474426 0.8429200053215027
vt 0.5466669797897339 0.8429200053215027
vt 0.8199999928474426 0.8560100197792053
vt 0.8199999928474426 0.8560100197792053
vt 0.5466669797897339 0.8429200053215027
vt 0.5466669797897339 0.8560100197792053
vt 0.8199999928474426 0.8560100197792053
vt 0.5466669797897339 0.8560100197792053
vt 0.8199999928474426 0.8690999746322632
vt 0.8199999928474426 0.8690999746322632
vt 0.5466669797897339 0.8560100197792053
vt 0.5466669797897339 0.8690999746322632
vt 0.8199999928474426 0.8690999746322632
vt 0.5466669797897339 0.8690999746322632
vt 0.8199999928474426 0.8821899890899658
vt 0.8199999928474426 0.8821899890899658
vt 0.5466669797897339 0.8690999746322632
vt 0.5466669797897339 0.8821899890899658
vt 0.8199999928474426 0.8821899890899658
vt 0.5466669797897339 0.8821899890899658
vt 0.8199999928474426 0.8952800035476685
vt 0.8199999928474426 0.8952800035476685
vt 0.5466669797897339 0.8821899890899658
vt 0.5466669797897339 0.8952800035476685
vt 0.8199999928474426 0.8952800035476685
vt 0.5466669797897339 0.8952800035476685
vt 0.8199999928474426 0.9083700180053711
vt 0.8199999928474426 0.9083700180053711
vt 0.5466669797897339 0.8952800035476685
vt 0.5466669797897339 0.9083700180053711
vt 0.8199999928474426 0.9083700180053711
vt 0.5466669797897339 0.9083700180053711
vt 0.8199999928474426 0.9214600324630737
vt 0.8199999928474426 0.9214600324630737
vt 0.5466669797897339 0.9083700180053711
vt 0.5466669797897339 0.9214600324630737
vt 0.8199999928474426 0.9214600324630737
vt 0.5466669797897339 0.9214600324630737
vt 0.8199999928474426 0.9345499873161316
vt 0.8199999928474426 0.9345499873161316
vt 0.5466669797897339 0.9214600324630737
vt 0.5466669797897339 0.9345499873161316
vt 0.8199999928474426 0.9345499873161316
vt 0.5466669797897339 0.9345499873161316
vt 0.8199999928474426 0.9476400017738342
vt 0.8199999928474426 0.9476400017738342
vt 0.5466669797897339 0.9345499873161316
vt 0.5466669797897339 0.9476400017738342
vt 0.8199999928474426 0.9476400017738342
vt 0.5466669797897339 0.9476400017738342
vt 0.8199999928474426 0.9607300162315369
vt 0.8199999928474426 0.9607300162315369
vt 0.5466669797897339 0.9476400017738342
vt 0.5466669797897339 0.9607300162315369
vt 0.8199999928474426 0.9607300162315369
vt 0.5466669797897339 0.9607300162315369
vt 0.8199999928474426 0.9738199710845947
vt 0.8199999928474426 0.9738199710845947
vt 0.5466669797897339 0.9607300162315369
vt 0.5466669797897339 0.9738199710845947
vt 0.8199999928474426 0.9738199710845947
vt 0.5466669797897339 0.9738199710845947
vt 0.8199999928474426 0.9869099855422974
vt 0.8199999928474426 0.9869099855422974
vt 0.5466669797897339 0.9738199710845947
vt 0.5466669797897339 0.9869099855422974
vt 0.8199999928474426 0.9869099855422974
vt 0.5466669797897339 0.9869099855422974
vt 0.8199999928474426 1
vt 0.8199999928474426 1
vt 0.5466669797897339 0.9869099855422974
vt 0.5466669797897339 1
vt 0.8199999928474426 1
vt 0.5466669797897339 1
vt 0.8199999928474426 1.0130900144577026
vt 0.8199999928474426 1.0130900144577026
vt 0.5466669797897339 1
vt 0.5466669797897339 1.0130900144577026
vt 0.8199999928474426 1.0130900144577026
vt 0.5466669797897339 1.0130900144577026
vt 0.8199999928474426 1.0261800289154053
vt 0.8199999928474426 1.0261800289154053
vt 0.5466669797897339 1.0130900144577026
vt 0.5466669797897339 1.0261800289154053
vt 0.8199999928474426 1.0261800289154053
vt 0.5466669797897339 1.0261800289154053
vt 0.8199999928474426 1.039270043373108
vt 0.8199999928474426 1.039270043373108
vt 0.5466669797897339 1.0261800289154053
vt 0.5466669797897339 1.039270043373108
vt 0.8199999928474426 1.039270043373108
vt 0.5466669797897339 1.039270043373108
vt 0.8199999928474426 1.0523600578308105
vt 0.8199999928474426 1.0523600578308105
vt 0.5466669797897339 1.039270043373108
vt 0.5466669797897339 1.0523600578308105
vt 0.8199999928474426 1.0523600578308105
vt 0.5466669797897339 1.0523600578308105
vt 0.8199999928474426 1.0654499530792236
vt 0.8199999928474426 1.0654499530792236
vt 0.5466669797897339 1.0523600578308105
vt 0.5466669797897339 1.0654499530792236
vt 0.8199999928474426 1.0654499530792236
vt 0.5466669797897339 1.0654499530792236
vt 0.8199999928474426 1.0785399675369263
vt 0.8199999928474426 1.0785399675369263
vt 0.5466669797897339 1.0654499530792236
vt 0.5466669797897339 1.0785399675369263
vt 0.8199999928474426 1.0785399675369263
vt 0.5466669797897339 1.0785399675369263
vt 0.8199999928474426 1.091629981994629
vt 0.8199999928474426 1.091629981994629
vt 0.5466669797897339 1.0785399675369263
vt 0.5466669797897339 1.091629981994629
vt 0.8199999928474426 1.091629981994629
vt 0.5466669797897339 1.091629981994629
vt 0.8199999928474426 1.1047199964523315
vt 0.8199999928474426 1.1047199964523315
vt 0.5466669797897339 1.091629981994629
vt 0.5466669797897339 1.1047199964523315
vt 0.8199999928474426 1.1047199964523315
vt 0.5466669797897339 1.1047199964523315
vt 0.8199999928474426 1.1178100109100342
vt 0.8199999928474426 1.1178100109100342
vt 0.5466669797897339 1.1047199964523315
vt 0.5466669797897339 1.1178100109100342
vt 0.8199999928474426 1.1178100109100342
vt 0.5466669797897339 1.1178100109100342
vt 0.8199999928474426 1.1309000253677368
vt 0.8199999928474426 1.1309000253677368
vt 0.5466669797897339 1.1178100109100342
vt 0.5466669797897339 1.1309000253677368
vt 0.8199999928474426 1.1309000253677368
vt 0.5466669797897339 1.1309000253677368
vt 0.8199999928474426 1.1439900398254395
vt 0.8199999928474426 1.1439900398254395
vt 0.5466669797897339 1.1309000253677368
vt 0.5466669797897339 1.1439900398254395
vt 0 0.8560100197792053
vt 0.27333301305770874 0.8560100197792053
vt 0 0.8429200053215027
vt 0 0.8429200053215027
vt 0.27333301305770874 0.8560100197792053
vt 0.27333301305770874 0.8429200053215027
vt 0 1.1570799350738525
vt 0.27333301305770874 1.1570799350738525
vt 0 1.1439900398254395
vt 0 1.1439900398254395
vt 0.27333301305770874 1.1570799350738525
vt 0.27333301305770874 1.1439900398254395
vt 0 1.1439900398254395
vt 0.27333301305770874 1.1439900398254395
vt 0 1.1309000253677368
vt 0 1.1309000253677368
vt 0.27333301305770874 1.1439900398254395
vt 0.27333301305770874 1.1309000253677368
vt 0 1.1309000253677368
vt 0.27333301305770874 1.1309000253677368
vt 0 1.1178100109100342
vt 0 1.1178100109100342
vt 0.27333301305770874 1.1309000253677368
vt 0.27333301305770874 1.1178100109100342
vt 0 1.1178100109100342
vt 0.27333301305770874 1.1178100109100342
vt 0 1.1047199964523315
vt 0 1.1047199964523315
vt 0.27333301305770874 1.1178100109100342
vt 0.27333301305770874 1.1047199964523315
vt 0 1.1047199964523315
vt 0.27333301305770874 1.1047199964523315
vt 0 1.091629981994629
vt 0 1.091629981994629
vt 0.27333301305770874 1.1047199964523315
vt 0.27333301305770874 1.091629981994629
vt 0 1.091629981994629
vt 0.27333301305770874 1.091629981994629
vt 0 1.0785399675369263
vt 0 1.0785399675369263
vt 0.27333301305770874 1.091629981994629
vt 0.27333301305770874 1.0785399675369263
vt 0 1.0785399675369263
vt 0.27333301305770874 1.0785399675369263
vt 0 1.0654499530792236
vt 0 1.0654499530792236
vt 0.27333301305770874 1.0785399675369263
vt 0.27333301305770874 1.0654499530792236
vt 0 1.0654499530792236
vt 0.27333301305770874 1.0654499530792236
vt 0 1.0523600578308105
vt 0 1.0523600578308105
vt 0.27333301305770874 1.0654499530792236
vt 0.27333301305770874 1.0523600578308105
vt 0 1.0523600578308105
vt 0.27333301305770874 1.0523600578308105
vt 0 1.039270043373108
vt 0 1.039270043373108
vt 0.27333301305770874 1.0523600578308105
vt 0.27333301305770874 1.039270043373108
vt 0 1.039270043373108
vt 0.27333301305770874 1.039270043373108
vt 0 1.0261800289154053
vt 0 1.0261800289154053
vt 0.27333301305770874 1.039270043373108
vt 0.27333301305770874 1.0261800289154053
vt 0 1.0261800289154053
vt 0.27333301305770874 1.0261800289154053
vt 0 1.0130900144577026
vt 0 1.0130900144577026
vt 0.27333301305770874 1.0261800289154053
vt 0.27333301305770874 1.0130900144577026
vt 0 1.0130900144577026
vt 0.27333301305770874 1.0130900144577026
vt 0 1
vt 0 1
vt 0.27333301305770874 1.0130900144577026
vt 0.27333301305770874 1
vt 0 1
vt 0.27333301305770874 1
vt 0 0.9869099855422974
vt 0 0.9869099855422974
vt 0.27333301305770874 1
vt 0.27333301305770874 0.9869099855422974
vt 0 0.9869099855422974
vt 0.27333301305770874 0.9869099855422974
vt 0 0.9738199710845947
vt 0 0.9738199710845947
vt 0.27333301305770874 0.9869099855422974
vt 0.27333301305770874 0.9738199710845947
vt 0 0.9738199710845947
vt 0.27333301305770874 0.9738199710845947
vt 0 0.9607300162315369
vt 0 0.9607300162315369
vt 0.27333301305770874 0.9738199710845947
vt 0.27333301305770874 0.9607300162315369
vt 0 0.9607300162315369
vt 0.27333301305770874 0.9607300162315369
vt 0 0.9476400017738342
vt 0 0.9476400017738342
vt 0.27333301305770874 0.9607300162315369
vt 0.27333301305770874 0.9476400017738342
vt 0 0.9476400017738342
vt 0.27333301305770874 0.9476400017738342
vt 0 0.9345499873161316
vt 0 0.9345499873161316
vt 0.27333301305770874 0.9476400017738342
vt 0.27333301305770874 0.9345499873161316
vt 0 0.9345499873161316
vt 0.27333301305770874 0.9345499873161316
vt 0 0.9214600324630737
vt 0 0.9214600324630737
vt 0.27333301305770874 0.9345499873161316
vt 0.27333301305770874 0.9214600324630737
vt 0 0.9214600324630737
vt 0.27333301305770874 0.9214600324630737
vt 0 0.9083700180053711
vt 0 0.9083700180053711
vt 0.27333301305770874 0.9214600324630737
vt 0.27333301305770874 0.9083700180053711
vt 0 0.9083700180053711
vt 0.27333301305770874 0.9083700180053711
vt 0 0.8952800035476685
vt 0 0.8952800035476685
vt 0.27333301305770874 0.9083700180053711
vt 0.27333301305770874 0.8952800035476685
vt 0 0.8952800035476685
vt 0.27333301305770874 0.8952800035476685
vt 0 0.8821899890899658
vt 0 0.8821899890899658
vt 0.27333301305770874 0.8952800035476685
vt 0.27333301305770874 0.8821899890899658
vt 0 0.8821899890899658
vt 0.27333301305770874 0.8821899890899658
vt 0 0.8690999746322632
vt 0 0.8690999746322632
vt 0.27333301305770874 0.8821899890899658
vt 0.27333301305770874 0.8690999746322632
vt 0 0.8690999746322632
vt 0.27333301305770874 0.8690999746322632
vt 0 0.8560100197792053
vt 0 0.8560100197792053
vt 0.27333301305770874 0.8690999746322632
vt 0.27333301305770874 0.8560100197792053
vt 0.5466669797897339 0.8429200053215027
vt 0.27333301305770874 0.8429200053215027
vt 0.5466669797897339 0.8560100197792053
vt 0.5466669797897339 0.8560100197792053
vt 0.27333301305770874 0.8429200053215027
vt 0.27333301305770874 0.8560100197792053
vt 0.5466669797897339 0.8560100197792053
vt 0.27333301305770874 0.8560100197792053
vt 0.5466669797897339 0.8690999746322632
vt 0.5466669797897339 0.8690999746322632
vt 0.27333301305770874 0.8560100197792053
vt 0.27333301305770874 0.8690999746322632
vt 0.5466669797897339 0.8690999746322632
vt 0.27333301305770874 0.8690999746322632
vt 0.5466669797897339 0.8821899890899658
vt 0.5466669797897339 0.8821899890899658
vt 0.27333301305770874 0.8690999746322632
vt 0.27333301305770874 0.8821899890899658
vt 0.5466669797897339 0.8821899890899658
vt 0.27333301305770874 0.8821899890899658
vt 0.5466669797897339 0.8952800035476685
vt 0.5466669797897339 0.8952800035476685
vt 0.27333301305770874 0.8821899890899658
vt 0.27333301305770874 0.8952800035476685
vt 0.5466669797897339 0.8952800035476685
vt 0.27333301305770874 0.8952800035476685
vt 0.5466669797897339 0.9083700180053711
vt 0.5466669797897339 0.9083700180053711
vt 0.27333301305770874 0.8952800035476685
vt 0.27333301305770874 0.9083700180053711
vt 0.5466669797897339 0.9083700180053711
vt 0.27333301305770874 0.9083700180053711
vt 0.5466669797897339 0.9214600324630737
vt 0.5466669797897339 0.9214600324630737
vt 0.27333301305770874 0.9083700180053711
vt 0.27333301305770874 0.9214600324630737
vt 0.5466669797897339 0.9214600324630737
vt 0.27333301305770874 0.9214600324630737
vt 0.5466669797897339 0.9345499873161316
vt 0.5466669797897339 0.9345499873161316
vt 0.27333301305770874 0.9214600324630737
vt 0.27333301305770874 0.9345499873161316
vt 0.5466669797897339 0.9345499873161316
vt 0.27333301305770874 0.9345499873161316
vt 0.5466669797897339 0.9476400017738342
vt 0.5466669797897339 0.9476400017738342
vt 0.27333301305770874 0.9345499873161316
vt 0.27333301305770874 0.9476400017738342
vt 0.5466669797897339 0.9476400017738342
vt 0.27333301305770874 0.9476400017738342
vt 0.5466669797897339 0.9607300162315369
vt 0.5466669797897339 0.9607300162315369
vt 0.27333301305770874 0.9476400017738342
vt 0.27333301305770874 0.9607300162315369
vt 0.5466669797897339 0.9607300162315369
vt 0.27333301305770874 0.9607300162315369
vt 0.5466669797897339 0.9738199710845947
vt 0.5466669797897339 0.9738199710845947
vt 0.27333301305770874 0.9607300162315369
vt 0.27333301305770874 0.9738199710845947
vt 0.5466669797897339 0.9738199710845947
vt 0.27333301305770874 0.9738199710845947
vt 0.5466669797897339 0.9869099855422974
vt 0.5466669797897339 0.9869099855422974
vt 0.27333301305770874 0.9738199710845947
vt 0.27333301305770874 0.9869099855422974
vt 0.5466669797897339 0.9869099855422974
vt 0.27333301305770874 0.9869099855422974
vt 0.5466669797897339 1
vt 0.5466669797897339 1
vt 0.27333301305770874 0.9869099855422974
vt 0.27333301305770874 1
vt 0.5466669797897339 1
vt 0.27333301305770874 1
vt 0.5466669797897339 1.0130900144577026
vt 0.5466669797897339 1.0130900144577026
vt 0.27333301305770874 1
vt 0.27333301305770874 1.0130900144577026
vt 0.5466669797897339 1.0130900144577026
vt 0.27333301305770874 1.0130900144577026
vt 0.5466669797897339 1.0261800289154053
vt 0.5466669797897339 1.0261800289154053
vt 0.27333301305770874 1.0130900144577026
vt 0.27333301305770874 1.0261800289154053
vt 0.5466669797897339 1.0261800289154053
vt 0.27333301305770874 1.0261800289154053
vt 0.5466669797897339 1.039270043373108
vt 0.5466669797897339 1.039270043373108
vt 0.27333301305770874 1.0261800289154053
vt 0.27333301305770874 1.039270043373108
vt 0.5466669797897339 1.039270043373108
vt 0.27333301305770874 1.039270043373108
vt 0.5466669797897339 1.0523600578308105
vt 0.5466669797897339 1.0523600578308105
vt 0.27333301305770874 1.039270043373108
vt 0.27333301305770874 1.0523600578308105
vt 0.5466669797897339 1.0523600578308105
vt 0.27333301305770874 1.0523600578308105
vt 0.5466669797897339 1.0654499530792236
vt 0.5466669797897339 1.0654499530792236
vt 0.27333301305770874 1.0523600578308105
vt 0.27333301305770874 1.0654499530792236
vt 0.5466669797897339 1.0654499530792236
vt 0.27333301305770874 1.0654499530792236
vt 0.5466669797897339 1.0785399675369263
vt 0.5466669797897339 1.0785399675369263
vt 0.27333301305770874 1.0654499530792236
vt 0.27333301305770874 1.0785399675369263
vt 0.5466669797897339 1.0785399675369263
vt 0.27333301305770874 1.0785399675369263
vt 0.5466669797897339 1.091629981994629
vt 0.5466669797897339 1.091629981994629
vt 0.27333301305770874 1.0785399675369263
vt 0.27333301305770874 1.091629981994629
vt 0.5466669797897339 1.091629981994629
vt 0.27333301305770874 1.091629981994629
vt 0.5466669797897339 1.1047199964523315
vt 0.5466669797897339 1.1047199964523315
vt 0.27333301305770874 1.091629981994629
vt 0.27333301305770874 1.1047199964523315
vt 0.5466669797897339 1.1047199964523315
vt 0.27333301305770874 1.1047199964523315
vt 0.5466669797897339 1.1178100109100342
vt 0.5466669797897339 1.1178100109100342
vt 0.27333301305770874 1.1047199964523315
vt 0.27333301305770874 1.1178100109100342
vt 0.5466669797897339 1.1178100109100342
vt 0.27333301305770874 1.1178100109100342
vt 0.5466669797897339 1.1309000253677368
vt 0.5466669797897339 1.1309000253677368
vt 0.27333301305770874 1.1178100109100342
vt 0.27333301305770874 1.1309000253677368
vt 0.5466669797897339 1.1309000253677368
vt 0.27333301305770874 1.1309000253677368
vt 0.5466669797897339 1.1439900398254395
vt 0.5466669797897339 1.1439900398254395
vt 0.27333301305770874 1.1309000253677368
vt 0.27333301305770874 1.1439900398254395
vt 0.5466669797897339 1.1439900398254395
vt 0.27333301305770874 1.1439900398254395
vt 0.5466669797897339 1.1570799350738525
vt 0.5466669797897339 1.1570799350738525
vt 0.27333301305770874 1.1439900398254395
vt 0.27333301305770874 1.1570799350738525
vt -0.6559770107269287 1
vt -0.357805997133255 1
vt -0.6559770107269287 0.5
vt -0.6559770107269287 0.5
vt -0.357805997133255 1
vt -0.357805997133255 0.5
vt 1.9525619745254517 -0.04999995231628418
vt -1.9525619745254517 -1.2850000858306885
vt -1.932008981704712 -1.0682029724121094
vt -1.932008981704712 -1.0682029724121094
vt -1.9525619745254517 -1.2850000858306885
vt -1.9525619745254517 2.5850000381469727
vt -1.932008981704712 -1.0682029724121094
vt -1.9525619745254517 2.5850000381469727
vt -1.932008981704712 2.3682031631469727
vt -1.932008981704712 2.3682031631469727
vt -1.9525619745254517 2.5850000381469727
vt 1.9525619745254517 1.350000023841858
vt -1.932008981704712 2.3682031631469727
vt 1.9525619745254517 1.350000023841858
vt 2.4663949012756348 0.9772030115127563
vt 2.4663949012756348 0.9772030115127563
vt 1.9525619745254517 1.350000023841858
vt 2.4663949012756348 1.5865110158920288
vt 2.4663949012756348 1.5865110158920288
vt 1.9525619745254517 1.350000023841858
vt 1.9525619745254517 1.7490110397338867
vt -1.932008981704712 -1.0682029724121094
vt 2.4663949012756348 0.3227970004081726
vt 1.9525619745254517 -0.04999995231628418
vt 1.9525619745254517 -0.04999995231628418
vt 2.4663949012756348 0.3227970004081726
vt 2.4663949012756348 -0.2865109443664551
vt 1.9525619745254517 -0.04999995231628418
vt 2.4663949012756348 -0.2865109443664551
vt 1.9525619745254517 -0.449010968208313
vt -0.5702630281448364 2.718203067779541
vt -0.14846700429916382 1.1062719821929932
vt -0.5702630281448364 -0.7182029485702515
vt -0.5702630281448364 -0.7182029485702515
vt -0.14846700429916382 1.1062719821929932
vt -0.14676299691200256 1.093330979347229
vt -0.5702630281448364 -0.7182029485702515
vt -0.14676299691200256 1.093330979347229
vt -0.14176799356937408 1.081272006034851
vt 0.574999988079071 2.718203067779541
vt -0.0855259969830513 1.9894490242004395
vt -0.5702630281448364 2.718203067779541
vt -0.5702630281448364 2.718203067779541
vt -0.0855259969830513 1.9894490242004395
vt -0.09846699982881546 1.9911530017852783
vt -0.5702630281448364 2.718203067779541
vt -0.09846699982881546 1.9911530017852783
vt -0.11140800267457962 1.9894490242004395
vt 0.574999988079071 -0.7182029485702515
vt 0.3403890132904053 1.3590290546417236
vt 0.574999988079071 2.718203067779541
vt 0.574999988079071 2.718203067779541
vt 0.3403890132904053 1.3590290546417236
vt 0.3403890132904053 1.7764689922332764
vt 0.574999988079071 2.718203067779541
vt 0.3403890132904053 1.7764689922332764
vt 0.338685005903244 1.7894099950790405
vt -0.5702630281448364 -0.7182029485702515
vt -0.07346700131893158 1.0629709959030151
vt 0.574999988079071 -0.7182029485702515
vt 0.574999988079071 -0.7182029485702515
vt -0.07346700131893158 1.0629709959030151
vt -0.06311199814081192 1.070917010307312
vt 0.574999988079071 -0.7182029485702515
vt -0.06311199814081192 1.070917010307312
vt -0.05516599863767624 1.081272006034851
vt -0.05017099902033806 1.1192129850387573
vt 0.24038900434970856 1.3590290546417236
vt -0.0484669990837574 1.1062719821929932
vt -0.0484669990837574 1.1062719821929932
vt 0.24038900434970856 1.3590290546417236
vt 0.24209299683570862 1.34608793258667
vt -0.0484669990837574 1.1062719821929932
vt 0.24209299683570862 1.34608793258667
vt 0.2470880001783371 1.334028959274292
vt -0.05516599863767624 1.1312719583511353
vt -0.05516599863767624 1.4987120628356934
vt -0.05017099902033806 1.1192129850387573
vt -0.05017099902033806 1.1192129850387573
vt -0.05516599863767624 1.4987120628356934
vt -0.05017099902033806 1.5107719898223877
vt -0.05017099902033806 1.1192129850387573
vt -0.05017099902033806 1.5107719898223877
vt 0.24038900434970856 1.3590290546417236
vt 0.24038900434970856 1.3590290546417236
vt -0.05017099902033806 1.5107719898223877
vt -0.0484669990837574 1.523711919784546
vt 0.24038900434970856 1.3590290546417236
vt -0.0484669990837574 1.523711919784546
vt 0.24209299683570862 1.3719699382781982
vt 0.24209299683570862 1.3719699382781982
vt -0.0484669990837574 1.523711919784546
vt 0.24209299683570862 1.7635279893875122
vt 0.24209299683570862 1.3719699382781982
vt 0.24209299683570862 1.7635279893875122
vt 0.2470880001783371 1.7514690160751343
vt -0.05516599863767624 1.4987120628356934
vt -0.05516599863767624 1.1312719583511353
vt -0.06311199814081192 1.4883570671081543
vt -0.06311199814081192 1.4883570671081543
vt -0.05516599863767624 1.1312719583511353
vt -0.06311199814081192 1.1416280269622803
vt -0.06311199814081192 1.4883570671081543
vt -0.06311199814081192 1.1416280269622803
vt -0.07346700131893158 1.4804110527038574
vt -0.07346700131893158 1.4804110527038574
vt -0.06311199814081192 1.1416280269622803
vt -0.07346700131893158 1.1495740413665771
vt -0.07346700131893158 1.4804110527038574
vt -0.07346700131893158 1.1495740413665771
vt -0.0855259969830513 1.4754159450531006
vt -0.0855259969830513 1.4754159450531006
vt -0.07346700131893158 1.1495740413665771
vt -0.0855259969830513 1.1545690298080444
vt -0.0855259969830513 1.4754159450531006
vt -0.0855259969830513 1.1545690298080444
vt -0.09846699982881546 1.4737119674682617
vt -0.09846699982881546 1.4737119674682617
vt -0.0855259969830513 1.1545690298080444
vt -0.09846699982881546 1.1562719345092773
vt -0.09846699982881546 1.4737119674682617
vt -0.09846699982881546 1.1562719345092773
vt -0.11140800267457962 1.4754159450531006
vt -0.11140800267457962 1.4754159450531006
vt -0.09846699982881546 1.1562719345092773
vt -0.11140800267457962 1.1545690298080444
vt -0.11140800267457962 1.4754159450531006
vt -0.11140800267457962 1.1545690298080444
vt -0.12346699833869934 1.4804110527038574
vt -0.12346699833869934 1.4804110527038574
vt -0.11140800267457962 1.1545690298080444
vt -0.12346699833869934 1.1495740413665771
vt -0.12346699833869934 1.4804110527038574
vt -0.12346699833869934 1.1495740413665771
vt -0.1338219940662384 1.4883570671081543
vt -0.1338219940662384 1.4883570671081543
vt -0.12346699833869934 1.1495740413665771
vt -0.1338219940662384 1.1416280269622803
vt -0.1338219940662384 1.4883570671081543
vt -0.1338219940662384 1.1416280269622803
vt -0.14176799356937408 1.4987120628356934
vt -0.14176799356937408 1.4987120628356934
vt -0.1338219940662384 1.1416280269622803
vt -0.14176799356937408 1.1312719583511353
vt -0.14176799356937408 1.4987120628356934
vt -0.14176799356937408 1.1312719583511353
vt -0.14676299691200256 1.5107719898223877
vt -0.14676299691200256 1.5107719898223877
vt -0.14176799356937408 1.1312719583511353
vt -0.14676299691200256 1.1192129850387573
vt -0.14676299691200256 1.5107719898223877
vt -0.14676299691200256 1.1192129850387573
vt -0.14846700429916382 1.1062719821929932
vt -0.14176799356937408 1.081272006034851
vt -0.1338219940662384 1.070917010307312
vt -0.5702630281448364 -0.7182029485702515
vt -0.5702630281448364 -0.7182029485702515
vt -0.1338219940662384 1.070917010307312
vt -0.12346699833869934 1.0629709959030151
vt -0.5702630281448364 -0.7182029485702515
vt -0.12346699833869934 1.0629709959030151
vt -0.11140800267457962 1.0579760074615479
vt -0.11140800267457962 1.0579760074615479
vt -0.09846699982881546 1.056272029876709
vt -0.5702630281448364 -0.7182029485702515
vt -0.5702630281448364 -0.7182029485702515
vt -0.09846699982881546 1.056272029876709
vt -0.0855259969830513 1.0579760074615479
vt -0.5702630281448364 -0.7182029485702515
vt -0.0855259969830513 1.0579760074615479
vt -0.07346700131893158 1.0629709959030151
vt 0.574999988079071 -0.7182029485702515
vt -0.05516599863767624 1.081272006034851
vt 0.26538899540901184 1.315727949142456
vt 0.26538899540901184 1.315727949142456
vt -0.05516599863767624 1.081272006034851
vt -0.05017099902033806 1.093330979347229
vt 0.26538899540901184 1.315727949142456
vt -0.05017099902033806 1.093330979347229
vt 0.2550339996814728 1.3236730098724365
vt 0.2550339996814728 1.3236730098724365
vt -0.05017099902033806 1.093330979347229
vt 0.2470880001783371 1.334028959274292
vt 0.2470880001783371 1.334028959274292
vt -0.05017099902033806 1.093330979347229
vt -0.0484669990837574 1.1062719821929932
vt 0.3403890132904053 1.7764689922332764
vt 0.3403890132904053 1.3590290546417236
vt 0.338685005903244 1.7635279893875122
vt 0.338685005903244 1.7635279893875122
vt 0.3403890132904053 1.3590290546417236
vt 0.338685005903244 1.3719699382781982
vt 0.338685005903244 1.7635279893875122
vt 0.338685005903244 1.3719699382781982
vt 0.33368998765945435 1.3840290307998657
vt 0.338685005903244 1.7635279893875122
vt 0.33368998765945435 1.3840290307998657
vt 0.33368998765945435 1.7514690160751343
vt 0.33368998765945435 1.7514690160751343
vt 0.33368998765945435 1.3840290307998657
vt 0.32574400305747986 1.3943840265274048
vt 0.33368998765945435 1.7514690160751343
vt 0.32574400305747986 1.3943840265274048
vt 0.32574400305747986 1.7411140203475952
vt 0.32574400305747986 1.7411140203475952
vt 0.32574400305747986 1.3943840265274048
vt 0.3153890073299408 1.4023300409317017
vt 0.32574400305747986 1.7411140203475952
vt 0.3153890073299408 1.4023300409317017
vt 0.3153890073299408 1.7331680059432983
vt 0.3153890073299408 1.7331680059432983
vt 0.3153890073299408 1.4023300409317017
vt 0.3033300042152405 1.407325029373169
vt 0.3153890073299408 1.7331680059432983
vt 0.3033300042152405 1.407325029373169
vt 0.3033300042152405 1.728173017501831
vt 0.3033300042152405 1.728173017501831
vt 0.3033300042152405 1.407325029373169
vt 0.2903890013694763 1.4090290069580078
vt 0.3033300042152405 1.728173017501831
vt 0.2903890013694763 1.4090290069580078
vt 0.2903890013694763 1.7264690399169922
vt 0.2903890013694763 1.7264690399169922
vt 0.2903890013694763 1.4090290069580078
vt 0.27744799852371216 1.407325029373169
vt 0.2903890013694763 1.7264690399169922
vt 0.27744799852371216 1.407325029373169
vt 0.27744799852371216 1.728173017501831
vt 0.27744799852371216 1.728173017501831
vt 0.27744799852371216 1.407325029373169
vt 0.26538899540901184 1.4023300409317017
vt 0.27744799852371216 1.728173017501831
vt 0.26538899540901184 1.4023300409317017
vt 0.26538899540901184 1.7331680059432983
vt 0.26538899540901184 1.7331680059432983
vt 0.26538899540901184 1.4023300409317017
vt 0.2550339996814728 1.3943840265274048
vt 0.26538899540901184 1.7331680059432983
vt 0.2550339996814728 1.3943840265274048
vt 0.2550339996814728 1.7411140203475952
vt 0.2550339996814728 1.7411140203475952
vt 0.2550339996814728 1.3943840265274048
vt 0.2470880001783371 1.3840290307998657
vt 0.2550339996814728 1.7411140203475952
vt 0.2470880001783371 1.3840290307998657
vt 0.2470880001783371 1.7514690160751343
vt 0.2470880001783371 1.7514690160751343
vt 0.2470880001783371 1.3840290307998657
vt 0.24209299683570862 1.3719699382781982
vt 0.26538899540901184 1.315727949142456
vt 0.27744799852371216 1.3107320070266724
vt 0.574999988079071 -0.7182029485702515
vt 0.574999988079071 -0.7182029485702515
vt 0.27744799852371216 1.3107320070266724
vt 0.2903890013694763 1.30902898311615
vt 0.574999988079071 -0.7182029485702515
vt 0.2903890013694763 1.30902898311615
vt 0.3033300042152405 1.3107320070266724
vt 0.3033300042152405 1.3107320070266724
vt 0.3153890073299408 1.315727949142456
vt 0.574999988079071 -0.7182029485702515
vt 0.574999988079071 -0.7182029485702515
vt 0.3153890073299408 1.315727949142456
vt 0.32574400305747986 1.3236730098724365
vt 0.574999988079071 -0.7182029485702515
vt 0.32574400305747986 1.3236730098724365
vt 0.33368998765945435 1.334028959274292
vt 0.33368998765945435 1.334028959274292
vt 0.338685005903244 1.34608793258667
vt 0.574999988079071 -0.7182029485702515
vt 0.574999988079071 -0.7182029485702515
vt 0.338685005903244 1.34608793258667
vt 0.3403890132904053 1.3590290546417236
vt -0.05017099902033806 1.9540939331054688
vt 0.24209299683570862 1.7894099950790405
vt -0.0484669990837574 1.9411530494689941
vt -0.0484669990837574 1.9411530494689941
vt 0.24209299683570862 1.7894099950790405
vt 0.24038900434970856 1.7764689922332764
vt -0.0484669990837574 1.9411530494689941
vt 0.24038900434970856 1.7764689922332764
vt -0.05017099902033806 1.9282119274139404
vt -0.05017099902033806 1.9282119274139404
vt 0.24038900434970856 1.7764689922332764
vt -0.05017099902033806 1.5366530418395996
vt -0.05017099902033806 1.9282119274139404
vt -0.05017099902033806 1.5366530418395996
vt -0.05516599863767624 1.9161529541015625
vt -0.05516599863767624 1.9161529541015625
vt -0.05017099902033806 1.5366530418395996
vt -0.05516599863767624 1.5487120151519775
vt -0.05516599863767624 1.9161529541015625
vt -0.05516599863767624 1.5487120151519775
vt -0.06311199814081192 1.905797004699707
vt -0.06311199814081192 1.905797004699707
vt -0.05516599863767624 1.5487120151519775
vt -0.06311199814081192 1.559067964553833
vt -0.06311199814081192 1.905797004699707
vt -0.06311199814081192 1.559067964553833
vt -0.07346700131893158 1.8978509902954102
vt -0.07346700131893158 1.8978509902954102
vt -0.06311199814081192 1.559067964553833
vt -0.07346700131893158 1.5670139789581299
vt -0.07346700131893158 1.8978509902954102
vt -0.07346700131893158 1.5670139789581299
vt -0.0855259969830513 1.8928560018539429
vt -0.0855259969830513 1.8928560018539429
vt -0.07346700131893158 1.5670139789581299
vt -0.0855259969830513 1.5720090866088867
vt -0.0855259969830513 1.8928560018539429
vt -0.0855259969830513 1.5720090866088867
vt -0.09846699982881546 1.8911529779434204
vt -0.09846699982881546 1.8911529779434204
vt -0.0855259969830513 1.5720090866088867
vt -0.09846699982881546 1.5737119913101196
vt -0.09846699982881546 1.8911529779434204
vt -0.09846699982881546 1.5737119913101196
vt -0.11140800267457962 1.8928560018539429
vt -0.11140800267457962 1.8928560018539429
vt -0.09846699982881546 1.5737119913101196
vt -0.11140800267457962 1.5720090866088867
vt -0.11140800267457962 1.8928560018539429
vt -0.11140800267457962 1.5720090866088867
vt -0.12346699833869934 1.8978509902954102
vt -0.12346699833869934 1.8978509902954102
vt -0.11140800267457962 1.5720090866088867
vt -0.12346699833869934 1.5670139789581299
vt -0.12346699833869934 1.8978509902954102
vt -0.12346699833869934 1.5670139789581299
vt -0.1338219940662384 1.905797004699707
vt -0.1338219940662384 1.905797004699707
vt -0.12346699833869934 1.5670139789581299
vt -0.1338219940662384 1.559067964553833
vt -0.1338219940662384 1.905797004699707
vt -0.1338219940662384 1.559067964553833
vt -0.14176799356937408 1.9161529541015625
vt -0.14176799356937408 1.9161529541015625
vt -0.1338219940662384 1.559067964553833
vt -0.14176799356937408 1.5487120151519775
vt -0.14176799356937408 1.9161529541015625
vt -0.14176799356937408 1.5487120151519775
vt -0.14676299691200256 1.5366530418395996
vt -0.05516599863767624 1.9661530256271362
vt 0.2550339996814728 1.811824083328247
vt -0.05017099902033806 1.9540939331054688
vt -0.05017099902033806 1.9540939331054688
vt 0.2550339996814728 1.811824083328247
vt 0.2470880001783371 1.801469087600708
vt -0.05017099902033806 1.9540939331054688
vt 0.2470880001783371 1.801469087600708
vt 0.24209299683570862 1.7894099950790405
vt -0.06311199814081192 1.9765080213546753
vt 0.574999988079071 2.718203067779541
vt -0.05516599863767624 1.9661530256271362
vt -0.05516599863767624 1.9661530256271362
vt 0.574999988079071 2.718203067779541
vt 0.26538899540901184 1.8197699785232544
vt -0.05516599863767624 1.9661530256271362
vt 0.26538899540901184 1.8197699785232544
vt 0.2550339996814728 1.811824083328247
vt -0.06311199814081192 1.9765080213546753
vt -0.07346700131893158 1.9844539165496826
vt 0.574999988079071 2.718203067779541
vt 0.574999988079071 2.718203067779541
vt -0.07346700131893158 1.9844539165496826
vt -0.0855259969830513 1.9894490242004395
vt -0.11140800267457962 1.9894490242004395
vt -0.12346699833869934 1.9844539165496826
vt -0.5702630281448364 2.718203067779541
vt -0.5702630281448364 2.718203067779541
vt -0.12346699833869934 1.9844539165496826
vt -0.1338219940662384 1.9765080213546753
vt -0.5702630281448364 2.718203067779541
vt -0.1338219940662384 1.9765080213546753
vt -0.14176799356937408 1.9661530256271362
vt -0.14176799356937408 1.9661530256271362
vt -0.14676299691200256 1.9540939331054688
vt -0.5702630281448364 2.718203067779541
vt -0.5702630281448364 2.718203067779541
vt -0.14676299691200256 1.9540939331054688
vt -0.14846700429916382 1.9411530494689941
vt -0.5702630281448364 2.718203067779541
vt -0.14846700429916382 1.9411530494689941
vt -0.14846700429916382 1.523711919784546
vt -0.14846700429916382 1.523711919784546
vt -0.14846700429916382 1.9411530494689941
vt -0.14676299691200256 1.9282119274139404
vt -0.14846700429916382 1.523711919784546
vt -0.14676299691200256 1.9282119274139404
vt -0.14676299691200256 1.5366530418395996
vt -0.14676299691200256 1.5366530418395996
vt -0.14676299691200256 1.9282119274139404
vt -0.14176799356937408 1.9161529541015625
vt 0.24209299683570862 1.7635279893875122
vt -0.0484669990837574 1.523711919784546
vt 0.24038900434970856 1.7764689922332764
vt 0.24038900434970856 1.7764689922332764
vt -0.0484669990837574 1.523711919784546
vt -0.05017099902033806 1.5366530418395996
vt -0.5702630281448364 2.718203067779541
vt -0.14846700429916382 1.523711919784546
vt -0.14846700429916382 1.1062719821929932
vt -0.14846700429916382 1.1062719821929932
vt -0.14846700429916382 1.523711919784546
vt -0.14676299691200256 1.5107719898223877
vt 0.338685005903244 1.7894099950790405
vt 0.33368998765945435 1.801469087600708
vt 0.574999988079071 2.718203067779541
vt 0.574999988079071 2.718203067779541
vt 0.33368998765945435 1.801469087600708
vt 0.32574400305747986 1.811824083328247
vt 0.574999988079071 2.718203067779541
vt 0.32574400305747986 1.811824083328247
vt 0.3153890073299408 1.8197699785232544
vt 0.3153890073299408 1.8197699785232544
vt 0.3033300042152405 1.8247649669647217
vt 0.574999988079071 2.718203067779541
vt 0.574999988079071 2.718203067779541
vt 0.3033300042152405 1.8247649669647217
vt 0.2903890013694763 1.8264689445495605
vt 0.574999988079071 2.718203067779541
vt 0.2903890013694763 1.8264689445495605
vt 0.27744799852371216 1.8247649669647217
vt 0.27744799852371216 1.8247649669647217
vt 0.26538899540901184 1.8197699785232544
vt 0.574999988079071 2.718203067779541
vt 3.974621057510376 0.9952629804611206
vt 3.974621057510376 -0.1499999761581421
vt -0.5257440209388733 -0.018421053886413574
vt -0.5257440209388733 -0.018421053886413574
vt 3.974621057510376 -0.1499999761581421
vt -0.5257440209388733 -0.1499999761581421
vt -1.9800000190734863 2.718203067779541
vt -1.613737940788269 1.3680139780044556
vt -1.9800000190734863 -0.7182029485702515
vt -1.9800000190734863 -0.7182029485702515
vt -1.613737940788269 1.3680139780044556
vt -1.6129690408706665 0.40258097648620605
vt -1.9800000190734863 -0.7182029485702515
vt -1.6129690408706665 0.40258097648620605
vt -1.6128029823303223 0.1930149793624878
vt 2.299999952316284 1.3272030353546143
vt -0.8021550178527832 2.0377931594848633
vt -1.9800000190734863 2.718203067779541
vt -1.9800000190734863 2.718203067779541
vt -0.8021550178527832 2.0377931594848633
vt -1.6141040325164795 1.8275799751281738
vt -1.9800000190734863 2.718203067779541
vt -1.6141040325164795 1.8275799751281738
vt -1.6139370203018188 1.6180139780044556
vt 2.299999952316284 0.6727969646453857
vt -0.8010200262069702 0.612794041633606
vt 2.299999952316284 1.3272030353546143
vt 2.299999952316284 1.3272030353546143
vt -0.8010200262069702 0.612794041633606
vt -0.8846110105514526 0.9599339962005615
vt 2.299999952316284 1.3272030353546143
vt -0.8846110105514526 0.9599339962005615
vt -0.8882189989089966 1.047368049621582
vt -1.9800000190734863 -0.7182029485702515
vt -0.8006539940834045 0.15322798490524292
vt 2.299999952316284 0.6727969646453857
vt 2.299999952316284 0.6727969646453857
vt -0.8006539940834045 0.15322798490524292
vt -0.8008210062980652 0.3627939820289612
vt 2.299999952316284 0.6727969646453857
vt -0.8008210062980652 0.3627939820289612
vt -0.8008530139923096 0.40322697162628174
vt -0.8008530139923096 0.40322697162628174
vt -0.8008210062980652 0.3627939820289612
vt -1.6128029823303223 0.1930149793624878
vt -1.6128029823303223 0.1930149793624878
vt -0.8008210062980652 0.3627939820289612
vt -1.6127699613571167 0.15258097648620605
vt -1.6128029823303223 0.1930149793624878
vt -1.6127699613571167 0.15258097648620605
vt -1.9800000190734863 -0.7182029485702515
vt -1.9800000190734863 -0.7182029485702515
vt -1.6127699613571167 0.15258097648620605
vt -1.612602949142456 -0.05698502063751221
vt -1.9800000190734863 -0.7182029485702515
vt -1.612602949142456 -0.05698502063751221
vt -0.8006539940834045 0.15322798490524292
vt -1.3136630058288574 0.8553420305252075
vt -1.1386610269546509 0.8326250314712524
vt -1.2758450508117676 0.8325160145759583
vt -1.2758450508117676 0.8325160145759583
vt -1.1386610269546509 0.8326250314712524
vt -1.1385170221328735 0.6519160270690918
vt -1.2758450508117676 0.8325160145759583
vt -1.1385170221328735 0.6519160270690918
vt -1.2757019996643066 0.6518070101737976
vt -1.2757019996643066 0.6518070101737976
vt -1.1385170221328735 0.6519160270690918
vt -1.6129690408706665 0.40258097648620605
vt -1.2757019996643066 0.6518070101737976
vt -1.6129690408706665 0.40258097648620605
vt -1.3532459735870361 0.6809890270233154
vt -1.3532459735870361 0.6809890270233154
vt -1.6129690408706665 0.40258097648620605
vt -1.4213850498199463 0.7300139665603638
vt -1.4213850498199463 0.7300139665603638
vt -1.6129690408706665 0.40258097648620605
vt -1.4757230281829834 0.7957190275192261
vt -1.4757230281829834 0.7957190275192261
vt -1.6129690408706665 0.40258097648620605
vt -1.5127569437026978 0.8738670349121094
vt -1.5127569437026978 0.8738670349121094
vt -1.6129690408706665 0.40258097648620605
vt -1.5300990343093872 0.9594200253486633
vt -1.5300990343093872 0.9594200253486633
vt -1.6129690408706665 0.40258097648620605
vt -1.613737940788269 1.3680139780044556
vt -1.5300990343093872 0.9594200253486633
vt -1.613737940788269 1.3680139780044556
vt -1.5266300439834595 1.0468599796295166
vt -1.5266300439834595 1.0468599796295166
vt -1.613737940788269 1.3680139780044556
vt -1.502573013305664 1.1305480003356934
vt -1.502573013305664 1.1305480003356934
vt -1.613737940788269 1.3680139780044556
vt -1.459481954574585 1.2050889730453491
vt -1.459481954574585 1.2050889730453491
vt -1.613737940788269 1.3680139780044556
vt -1.4001330137252808 1.2656750679016113
vt -1.4001330137252808 1.2656750679016113
vt -1.613737940788269 1.3680139780044556
vt -1.328354001045227 1.30840003490448
vt -1.328354001045227 1.30840003490448
vt -1.613737940788269 1.3680139780044556
vt -1.2487750053405762 1.3305070400238037
vt -1.2487750053405762 1.3305070400238037
vt -1.613737940788269 1.3680139780044556
vt -0.8017889857292175 1.5782270431518555
vt -1.2487750053405762 1.3305070400238037
vt -0.8017889857292175 1.5782270431518555
vt -1.1665250062942505 1.3305729627609253
vt -1.1665250062942505 1.3305729627609253
vt -0.8017889857292175 1.5782270431518555
vt -1.0869109630584717 1.3085919618606567
vt -1.0869109630584717 1.3085919618606567
vt -0.8017889857292175 1.5782270431518555
vt -1.015064001083374 1.2659820318222046
vt -1.015064001083374 1.2659820318222046
vt -0.8017889857292175 1.5782270431518555
vt -0.9556189775466919 1.205489993095398
vt -0.9556189775466919 1.205489993095398
vt -0.8017889857292175 1.5782270431518555
vt -0.9124079942703247 1.131018042564392
vt -0.9124079942703247 1.131018042564392
vt -0.8017889857292175 1.5782270431518555
vt -0.8882189989089966 1.047368049621582
vt -0.8882189989089966 1.047368049621582
vt -0.8017889857292175 1.5782270431518555
vt 2.299999952316284 1.3272030353546143
vt -1.1386610269546509 0.8326250314712524
vt -1.3136630058288574 0.8553420305252075
vt -1.1008809804916382 0.8555120229721069
vt -1.1008809804916382 0.8555120229721069
vt -1.3136630058288574 0.8553420305252075
vt -1.3443479537963867 0.8871170282363892
vt -1.1008809804916382 0.8555120229721069
vt -1.3443479537963867 0.8871170282363892
vt -1.0702459812164307 0.8873350024223328
vt -1.0702459812164307 0.8873350024223328
vt -1.3443479537963867 0.8871170282363892
vt -1.3658419847488403 0.9257069826126099
vt -1.0702459812164307 0.8873350024223328
vt -1.3658419847488403 0.9257069826126099
vt -1.048814058303833 0.9259589910507202
vt -1.048814058303833 0.9259589910507202
vt -1.3658419847488403 0.9257069826126099
vt -1.3767019510269165 0.9685230255126953
vt -1.048814058303833 0.9259589910507202
vt -1.3767019510269165 0.9685230255126953
vt -1.0380209684371948 0.9687929749488831
vt -1.0380209684371948 0.9687929749488831
vt -1.3767019510269165 0.9685230255126953
vt -1.3761999607086182 1.0126930475234985
vt -1.0380209684371948 0.9687929749488831
vt -1.3761999607086182 1.0126930475234985
vt -1.0385940074920654 1.012961983680725
vt -1.0385940074920654 1.012961983680725
vt -1.3761999607086182 1.0126930475234985
vt -1.3643699884414673 1.0552510023117065
vt -1.0385940074920654 1.012961983680725
vt -1.3643699884414673 1.0552510023117065
vt -1.0504920482635498 1.0555009841918945
vt -1.0504920482635498 1.0555009841918945
vt -1.3643699884414673 1.0552510023117065
vt -1.3420050144195557 1.0933430194854736
vt -1.0504920482635498 1.0555009841918945
vt -1.3420050144195557 1.0933430194854736
vt -1.0729180574417114 1.0935570001602173
vt -1.0729180574417114 1.0935570001602173
vt -1.3420050144195557 1.0933430194854736
vt -1.3106060028076172 1.1244120597839355
vt -1.0729180574417114 1.0935570001602173
vt -1.3106060028076172 1.1244120597839355
vt -1.1043659448623657 1.1245759725570679
vt -1.1043659448623657 1.1245759725570679
vt -1.3106060028076172 1.1244120597839355
vt -1.272279977798462 1.146373987197876
vt -1.1043659448623657 1.1245759725570679
vt -1.272279977798462 1.146373987197876
vt -1.142727017402649 1.1464769840240479
vt -1.142727017402649 1.1464769840240479
vt -1.272279977798462 1.146373987197876
vt -1.2295989990234375 1.1577539443969727
vt -1.142727017402649 1.1464769840240479
vt -1.2295989990234375 1.1577539443969727
vt -1.1854259967803955 1.1577889919281006
vt -1.6129690408706665 0.40258097648620605
vt -1.1385170221328735 0.6519160270690918
vt -0.8010200262069702 0.612794041633606
vt -0.8010200262069702 0.612794041633606
vt -1.1385170221328735 0.6519160270690918
vt -1.061018943786621 0.6812219619750977
vt -0.8010200262069702 0.612794041633606
vt -1.061018943786621 0.6812219619750977
vt -0.9929590225219727 0.7303550243377686
vt -0.9929590225219727 0.7303550243377686
vt -0.9387249946594238 0.796146035194397
vt -0.8010200262069702 0.612794041633606
vt -0.8010200262069702 0.612794041633606
vt -0.9387249946594238 0.796146035194397
vt -0.9018160104751587 0.8743529915809631
vt -0.8010200262069702 0.612794041633606
vt -0.9018160104751587 0.8743529915809631
vt -0.8846110105514526 0.9599339962005615
vt -0.8008530139923096 0.40322697162628174
vt -0.8010200262069702 0.612794041633606
vt 2.299999952316284 0.6727969646453857
vt -0.8021550178527832 2.0377931594848633
vt 2.299999952316284 1.3272030353546143
vt -0.8019880056381226 1.8282270431518555
vt -0.8019880056381226 1.8282270431518555
vt 2.299999952316284 1.3272030353546143
vt -0.8019559979438782 1.7877929210662842
vt -0.8019880056381226 1.8282270431518555
vt -0.8019559979438782 1.7877929210662842
vt -1.6139370203018188 1.6180139780044556
vt -1.6139370203018188 1.6180139780044556
vt -0.8019559979438782 1.7877929210662842
vt -1.6139049530029297 1.5775799751281738
vt -1.6139370203018188 1.6180139780044556
vt -1.6139049530029297 1.5775799751281738
vt -1.9800000190734863 2.718203067779541
vt -1.9800000190734863 2.718203067779541
vt -1.6139049530029297 1.5775799751281738
vt -1.613737940788269 1.3680139780044556
vt -0.8017889857292175 1.5782270431518555
vt -0.8019559979438782 1.7877929210662842
vt 2.299999952316284 1.3272030353546143
vt 0.15000000596046448 1
vt 0 1
vt 0.15000000596046448 2.299999952316284
vt 0.15000000596046448 2.299999952316284
vt 0 1
vt 0 2.299999952316284
vt -0.565684974193573 -0.06500005722045898
vt -0.565684974193573 0.1600000262260437
vt -0.24748699367046356 -0.004999995231628418
vt -0.24748699367046356 -0.004999995231628418
vt -0.565684974193573 0.1600000262260437
vt -0.24748699367046356 0.10000002384185791
vt -0.24748699367046356 0.5149999856948853
vt -0.24748699367046356 0.4100000262260437
vt -0.565684974193573 0.574999988079071
vt -0.565684974193573 0.574999988079071
vt -0.24748699367046356 0.4100000262260437
vt -0.565684974193573 0.3500000238418579
vt 0 0.8999999761581421
vt 0 0.800000011920929
vt -0.565684974193573 0.9571430087089539
vt -0.565684974193573 0.9571430087089539
vt 0 0.800000011920929
vt -0.565684974193573 0.699999988079071
vt -0.565684974193573 -0.48000001907348633
vt -0.565684974193573 -0.2549999952316284
vt -0.24748699367046356 -0.41999995708465576
vt -0.24748699367046356 -0.41999995708465576
vt -0.565684974193573 -0.2549999952316284
vt -0.24748699367046356 -0.315000057220459
vt 0 0.1499999761581421
vt -0.23286299407482147 0.375
vt 0 1
vt 0 1
vt -0.23286299407482147 0.375
vt -0.23286299407482147 0.8999999761581421
vt 0 0.375
vt -0.10499999672174454 0.375
vt 0 0.8999999761581421
vt 0 0.8999999761581421
vt -0.10499999672174454 0.375
vt -0.10499999672174454 0.8999999761581421
vt -0.23286299407482147 0.1499999761581421
vt -0.23286299407482147 1
vt 0 0.375
vt 0 0.375
vt -0.23286299407482147 1
vt 0 0.8999999761581421
vt 0 0.6464470028877258
vt -0.44999998807907104 0.6464470028877258
vt 0 1.353553056716919
vt 0 1.353553056716919
vt -0.44999998807907104 0.6464470028877258
vt -0.8500000238418579 1.0505080223083496
vt 0 1.353553056716919
vt -0.8500000238418579 1.0505080223083496
vt -0.7300000190734863 1.353553056716919
vt -0.7300000190734863 1.353553056716919
vt -0.8500000238418579 1.0505080223083496
vt -0.8500000238418579 1.2323349714279175
vt 0 0.1499999761581421
vt -0.23286299407482147 0.375
vt 0 1
vt 0 1
vt -0.23286299407482147 0.375
vt -0.23286299407482147 0.8999999761581421
vt 0 0.375
vt -0.10499999672174454 0.375
vt 0 0.8999999761581421
vt 0 0.8999999761581421
vt -0.10499999672174454 0.375
vt -0.10499999672174454 0.8999999761581421
vt -0.23286299407482147 0.1499999761581421
vt -0.23286299407482147 1
vt 0 0.375
vt 0 0.375
vt -0.23286299407482147 1
vt 0 0.8999999761581421
vt 0 0.1499999761581421
vt -0.23286299407482147 0.375
vt 0 1
vt 0 1
vt -0.23286299407482147 0.375
vt -0.23286299407482147 0.8999999761581421
vt -0.8500000238418579 -2.5450000762939453
vt 0 -2.5450000762939453
vt -0.8500000238418579 -2.734999895095825
vt -0.8500000238418579 -2.734999895095825
vt 0 -2.5450000762939453
vt 0 -2.734999895095825
vt -0.8500000238418579 -2.9600000381469727
vt 0 -2.9600000381469727
vt -0.8500000238418579 -3.1500000953674316
vt -0.8500000238418579 -3.1500000953674316
vt 0 -2.9600000381469727
vt 0 -3.1500000953674316
vt 0 -3.5
vt -0.8500000238418579 -3.5
vt 0 -3.375
vt 0 -3.375
vt -0.8500000238418579 -3.5
vt -0.8500000238418579 -3.375
vt 0 -2.299999952316284
vt 0 -2.319999933242798
vt -0.20000000298023224 -2.299999952316284
vt -0.20000000298023224 -2.299999952316284
vt 0 -2.319999933242798
vt -0.8500000238418579 -2.319999933242798
vt -0.20000000298023224 -2.299999952316284
vt -0.8500000238418579 -2.319999933242798
vt -0.8500000238418579 -2.130000114440918
vt -0.8500000238418579 -2.130000114440918
vt -0.20000000298023224 -2.130000114440918
vt -0.20000000298023224 -2.299999952316284
vt 0 1
vt 0.2828429937362671 1
vt 0 -0.2999999523162842
vt 0 -0.2999999523162842
vt 0.2828429937362671 1
vt 0.2828429937362671 -0.2999999523162842
vt -0.27000001072883606 1
vt 0 1
vt -0.27000001072883606 -0.2999999523162842
vt -0.27000001072883606 -0.2999999523162842
vt 0 1
vt 0 -0.2999999523162842
vt 0 1
vt 0.2828429937362671 1
vt 0 -0.2999999523162842
vt 0 -0.2999999523162842
vt 0.2828429937362671 1
vt 0.2828429937362671 -0.2999999523162842
vt -0.6499999761581421 1.7999999523162842
vt 0.6499999761581421 0.9549999833106995
vt -0.6499999761581421 0.19999998807907104
vt -0.6499999761581421 0.19999998807907104
vt 0.6499999761581421 0.9549999833106995
vt 0.6499999761581421 0.19999998807907104
vt -0.14000000059604645 2.299999952316284
vt 0 2.299999952316284
vt -0.14000000059604645 1
vt -0.14000000059604645 1
vt 0 2.299999952316284
vt 0 1
vt -1.600000023841858 -0.934999942779541
vt -2.0199999809265137 -0.5249999761581421
vt -1.600000023841858 2.934999942779541
vt -1.600000023841858 2.934999942779541
vt -2.0199999809265137 -0.5249999761581421
vt -2.1600000858306885 0.23000001907348633
vt -1.600000023841858 2.934999942779541
vt -2.1600000858306885 0.23000001907348633
vt -2.0199999809265137 2.5250000953674316
vt -2.0199999809265137 2.5250000953674316
vt -2.1600000858306885 0.23000001907348633
vt -2.1700000762939453 2.5250000953674316
vt -2.1700000762939453 2.5250000953674316
vt -2.1600000858306885 0.23000001907348633
vt -2.4000000953674316 2.375
vt -2.1700000762939453 2.5250000953674316
vt -2.4000000953674316 2.375
vt -2.319999933242798 2.674999952316284
vt -2.319999933242798 2.674999952316284
vt -2.4000000953674316 2.375
vt -3.049999952316284 2.674999952316284
vt -3.049999952316284 2.674999952316284
vt -2.4000000953674316 2.375
vt -3.049999952316284 2.375
vt -2.0199999809265137 -0.5249999761581421
vt -1.600000023841858 -0.934999942779541
vt -2.0199999809265137 -0.712082028388977
vt -2.0199999809265137 -0.712082028388977
vt -1.600000023841858 -0.934999942779541
vt -1.600000023841858 -1.363976001739502
vt -2.0199999809265137 -0.712082028388977
vt -1.600000023841858 -1.363976001739502
vt -1.7795170545578003 -2.0596048831939697
vt -2.8051319122314453 -2.0596048831939697
vt -2.200000047683716 -1.375
vt -1.7795170545578003 -2.0596048831939697
vt -1.7795170545578003 -2.0596048831939697
vt -2.200000047683716 -1.375
vt -2.106458902359009 -0.8849999904632568
vt -1.7795170545578003 -2.0596048831939697
vt -2.106458902359009 -0.8849999904632568
vt -2.0199999809265137 -0.712082028388977
vt -3.0999999046325684 -1.1749999523162842
vt -2.6700000762939453 -1.1749999523162842
vt -2.8051319122314453 -2.0596048831939697
vt -2.8051319122314453 -2.0596048831939697
vt -2.6700000762939453 -1.1749999523162842
vt -2.4700000286102295 -1.375
vt -2.8051319122314453 -2.0596048831939697
vt -2.4700000286102295 -1.375
vt -2.200000047683716 -1.375
vt -2.200000047683716 -1.375
vt -2.200000047683716 -0.8849999904632568
vt -2.106458902359009 -0.8849999904632568
vt -2.0199999809265137 -0.5249999761581421
vt -2.1600000858306885 -0.5249999761581421
vt -2.1600000858306885 0.23000001907348633
vt -2.1600000858306885 0.23000001907348633
vt -2.4000000953674316 0.23000001907348633
vt -2.4000000953674316 2.375
vt -2.0199999809265137 2.5250000953674316
vt -2.0199999809265137 2.7120819091796875
vt -1.600000023841858 2.934999942779541
vt -1.600000023841858 2.934999942779541
vt -2.0199999809265137 2.7120819091796875
vt -1.600000023841858 3.363976001739502
vt -1.600000023841858 3.363976001739502
vt -2.0199999809265137 2.7120819091796875
vt -1.7795170545578003 4.059604644775391
vt -1.7795170545578003 4.059604644775391
vt -2.0199999809265137 2.7120819091796875
vt -2.106458902359009 2.884999990463257
vt -1.7795170545578003 4.059604644775391
vt -2.106458902359009 2.884999990463257
vt -2.200000047683716 3.375
vt -2.200000047683716 3.375
vt -2.106458902359009 2.884999990463257
vt -2.200000047683716 2.884999990463257
vt -1.7795170545578003 4.059604644775391
vt -2.200000047683716 3.375
vt -2.8051319122314453 4.059604644775391
vt -2.8051319122314453 4.059604644775391
vt -2.200000047683716 3.375
vt -2.4700000286102295 3.375
vt -2.8051319122314453 4.059604644775391
vt -2.4700000286102295 3.375
vt -2.6700000762939453 3.174999952316284
vt -2.6700000762939453 3.174999952316284
vt -3.0999999046325684 3.174999952316284
vt -2.8051319122314453 4.059604644775391
vt -0.16970600187778473 -3.7828569412231445
vt -0.16970600187778473 -0.2999999523162842
vt 0 -3.8000001907348633
vt 0 -3.8000001907348633
vt -0.16970600187778473 -0.2999999523162842
vt 0 1
vt 0 1
vt -0.16970600187778473 -0.2999999523162842
vt -0.21213200688362122 1
vt -0.21213200688362122 1
vt -0.16970600187778473 -0.2999999523162842
vt -0.21213200688362122 -0.2999999523162842
vt -1.600000023841858 -0.2999999523162842
vt -0.11999999731779099 -0.2999999523162842
vt -0.30000001192092896 -2.299999952316284
vt -0.30000001192092896 -2.299999952316284
vt -0.11999999731779099 -0.2999999523162842
vt -0.11999999731779099 -3.7828569412231445
vt -0.30000001192092896 -2.299999952316284
vt -0.11999999731779099 -3.7828569412231445
vt -0.30000001192092896 -2.319999933242798
vt -0.30000001192092896 -2.319999933242798
vt -0.11999999731779099 -3.7828569412231445
vt -0.30000001192092896 -2.5450000762939453
vt -0.30000001192092896 -2.5450000762939453
vt -0.11999999731779099 -3.7828569412231445
vt -0.30000001192092896 -2.734999895095825
vt -0.30000001192092896 -2.734999895095825
vt -0.11999999731779099 -3.7828569412231445
vt -0.30000001192092896 -2.9600000381469727
vt -0.30000001192092896 -2.9600000381469727
vt -0.11999999731779099 -3.7828569412231445
vt -0.30000001192092896 -3.1500000953674316
vt -0.30000001192092896 -3.1500000953674316
vt -0.11999999731779099 -3.7828569412231445
vt -0.30000001192092896 -3.375
vt -0.30000001192092896 -3.375
vt -0.11999999731779099 -3.7828569412231445
vt -0.30000001192092896 -3.5
vt -0.30000001192092896 -3.5
vt -0.11999999731779099 -3.7828569412231445
vt -0.30000001192092896 -3.757143020629883
vt 0 -2.8743228912353516
vt 0.32499998807907104 -1.3759539127349854
vt 0.11842100322246552 -3.40006685256958
vt 0.11842100322246552 -3.40006685256958
vt 0.32499998807907104 -1.3759539127349854
vt 0.32499998807907104 -1.6388258934020996
vt 0.11842100322246552 -3.40006685256958
vt 0.32499998807907104 -1.6388258934020996
vt 0.32499998807907104 -1.901698112487793
vt 0.32499998807907104 -1.901698112487793
vt 0.32499998807907104 -1.6388258934020996
vt 0.4000000059604645 -1.822835922241211
vt 0.4000000059604645 -1.822835922241211
vt 0.32499998807907104 -1.6388258934020996
vt 0.4000000059604645 -1.7176868915557861
vt 0 1
vt 0.32499998807907104 -0.8502110242843628
vt 0 -2.8743228912353516
vt 0 -2.8743228912353516
vt 0.32499998807907104 -0.8502110242843628
vt 0.32499998807907104 -1.113081932067871
vt 0 -2.8743228912353516
vt 0.32499998807907104 -1.113081932067871
vt 0.32499998807907104 -1.3759539127349854
vt 0.32499998807907104 -1.3759539127349854
vt 0.32499998807907104 -1.113081932067871
vt 0.4000000059604645 -1.2970929145812988
vt 0.4000000059604645 -1.2970929145812988
vt 0.32499998807907104 -1.113081932067871
vt 0.4000000059604645 -1.191943883895874
vt 0 1
vt 0.4000000059604645 1
vt 0.32499998807907104 -0.8502110242843628
vt 0.32499998807907104 -0.8502110242843628
vt 0.4000000059604645 1
vt 0.4000000059604645 -0.7713489532470703
vt 0.4000000059604645 -0.9290720224380493
vt 0.4000000059604645 -1.0342209339141846
vt 0.32499998807907104 -0.8502110242843628
vt 0.32499998807907104 -0.8502110242843628
vt 0.4000000059604645 -1.0342209339141846
vt 0.32499998807907104 -1.113081932067871
vt 0.4000000059604645 -1.4548161029815674
vt 0.4000000059604645 -1.5599639415740967
vt 0.32499998807907104 -1.3759539127349854
vt 0.32499998807907104 -1.3759539127349854
vt 0.4000000059604645 -1.5599639415740967
vt 0.32499998807907104 -1.6388258934020996
vt 0.4000000059604645 -1.9805591106414795
vt 0.4000000059604645 -2.085707902908325
vt 0.32499998807907104 -1.901698112487793
vt 0.32499998807907104 -1.901698112487793
vt 0.4000000059604645 -2.085707902908325
vt 0.32499998807907104 -2.1645689010620117
vt 0.32499998807907104 -1.901698112487793
vt 0.32499998807907104 -2.1645689010620117
vt 0.11842100322246552 -3.40006685256958
vt 0.11842100322246552 -3.40006685256958
vt 0.32499998807907104 -2.1645689010620117
vt 0.32499998807907104 -2.427440881729126
vt 0.11842100322246552 -3.40006685256958
vt 0.32499998807907104 -2.427440881729126
vt 0.32499998807907104 -2.6903131008148193
vt 0.32499998807907104 -2.6903131008148193
vt 0.32499998807907104 -2.427440881729126
vt 0.4000000059604645 -2.6114509105682373
vt 0.4000000059604645 -2.6114509105682373
vt 0.32499998807907104 -2.427440881729126
vt 0.4000000059604645 -2.506303071975708
vt 0.4000000059604645 -2.2434310913085938
vt 0.4000000059604645 -2.3485798835754395
vt 0.32499998807907104 -2.1645689010620117
vt 0.32499998807907104 -2.1645689010620117
vt 0.4000000059604645 -2.3485798835754395
vt 0.32499998807907104 -2.427440881729126
vt 0.11842100322246552 -3.40006685256958
vt 0.32499998807907104 -2.6903131008148193
vt 0.32499998807907104 -2.9531850814819336
vt 0.32499998807907104 -2.9531850814819336
vt 0.32499998807907104 -2.6903131008148193
vt 0.4000000059604645 -2.769174098968506
vt 0.32499998807907104 -2.9531850814819336
vt 0.4000000059604645 -2.769174098968506
vt 0.4000000059604645 -2.8743228912353516
vt 0.11842100322246552 -3.40006685256958
vt 0.32499998807907104 -2.9531850814819336
vt 0.32499998807907104 -3.2160558700561523
vt 0.32499998807907104 -3.2160558700561523
vt 0.32499998807907104 -2.9531850814819336
vt 0.4000000059604645 -3.032045841217041
vt 0.32499998807907104 -3.2160558700561523
vt 0.4000000059604645 -3.032045841217041
vt 0.4000000059604645 -3.137195110321045
vt 0.4000000059604645 -3.2949180603027344
vt 0.4000000059604645 -3.40006685256958
vt 0.32499998807907104 -3.2160558700561523
vt 0.32499998807907104 -3.2160558700561523
vt 0.4000000059604645 -3.40006685256958
vt 0.11842100322246552 -3.40006685256958
vt -0.37279701232910156 -0.018421053886413574
vt 0.2365110069513321 -0.018421053886413574
vt -0.37279701232910156 -0.1499999761581421
vt -0.37279701232910156 -0.1499999761581421
vt 0.2365110069513321 -0.018421053886413574
vt 0.2365110069513321 -0.2999999523162842
vt -0.37279701232910156 -0.1499999761581421
vt 0.2365110069513321 -0.2999999523162842
vt -1.636510968208313 -0.2999999523162842
vt -0.37279701232910156 -0.1499999761581421
vt -1.636510968208313 -0.2999999523162842
vt -1.0272029638290405 -0.1499999761581421
vt -1.0272029638290405 -0.1499999761581421
vt -1.636510968208313 -0.2999999523162842
vt -1.636510968208313 -0.018421053886413574
vt -1.0272029638290405 -0.1499999761581421
vt -1.636510968208313 -0.018421053886413574
vt -1.0272029638290405 -0.018421053886413574
vt 0 -1.1854619979858398
vt 0 -3.1234850883483887
vt -0.10606600344181061 -1.1610870361328125
vt -0.10606600344181061 -1.1610870361328125
vt 0 -3.1234850883483887
vt -0.10606600344181061 -3.147860050201416
vt -0.10606600344181061 -3.1722350120544434
vt -0.10606600344181061 -1.1367120742797852
vt 0 -3.147860050201416
vt 0 -3.147860050201416
vt -0.10606600344181061 -1.1367120742797852
vt 0 -1.1610870361328125
vt -0.11842100322246552 -3.40006685256958
vt -0.32499998807907104 -1.3759539127349854
vt 0 -2.8743228912353516
vt 0 -2.8743228912353516
vt -0.32499998807907104 -1.3759539127349854
vt -0.32499998807907104 -1.113081932067871
vt 0 -2.8743228912353516
vt -0.32499998807907104 -1.113081932067871
vt -0.32499998807907104 -0.8502110242843628
vt -0.32499998807907104 -0.8502110242843628
vt -0.32499998807907104 -1.113081932067871
vt -0.4000000059604645 -1.0342209339141846
vt -0.32499998807907104 -0.8502110242843628
vt -0.4000000059604645 -1.0342209339141846
vt -0.4000000059604645 -0.9290720224380493
vt -0.4000000059604645 -3.40006685256958
vt -0.32499998807907104 -3.2160558700561523
vt -0.11842100322246552 -3.40006685256958
vt -0.11842100322246552 -3.40006685256958
vt -0.32499998807907104 -3.2160558700561523
vt -0.32499998807907104 -2.9531850814819336
vt -0.11842100322246552 -3.40006685256958
vt -0.32499998807907104 -2.9531850814819336
vt -0.32499998807907104 -2.6903131008148193
vt -0.32499998807907104 -2.6903131008148193
vt -0.32499998807907104 -2.9531850814819336
vt -0.4000000059604645 -2.8743228912353516
vt -0.32499998807907104 -2.6903131008148193
vt -0.4000000059604645 -2.8743228912353516
vt -0.4000000059604645 -2.769174098968506
vt -0.4000000059604645 -3.40006685256958
vt -0.4000000059604645 -3.2949180603027344
vt -0.32499998807907104 -3.2160558700561523
vt -0.4000000059604645 -3.137195110321045
vt -0.4000000059604645 -3.032045841217041
vt -0.32499998807907104 -3.2160558700561523
vt -0.32499998807907104 -3.2160558700561523
vt -0.4000000059604645 -3.032045841217041
vt -0.32499998807907104 -2.9531850814819336
vt -0.11842100322246552 -3.40006685256958
vt -0.32499998807907104 -2.6903131008148193
vt -0.32499998807907104 -2.427440881729126
vt -0.32499998807907104 -2.427440881729126
vt -0.32499998807907104 -2.6903131008148193
vt -0.4000000059604645 -2.6114509105682373
vt -0.32499998807907104 -2.427440881729126
vt -0.4000000059604645 -2.6114509105682373
vt -0.4000000059604645 -2.506303071975708
vt -0.11842100322246552 -3.40006685256958
vt -0.32499998807907104 -2.427440881729126
vt -0.32499998807907104 -2.1645689010620117
vt -0.32499998807907104 -2.1645689010620117
vt -0.32499998807907104 -2.427440881729126
vt -0.4000000059604645 -2.3485798835754395
vt -0.32499998807907104 -2.1645689010620117
vt -0.4000000059604645 -2.3485798835754395
vt -0.4000000059604645 -2.2434310913085938
vt -0.11842100322246552 -3.40006685256958
vt -0.32499998807907104 -2.1645689010620117
vt -0.32499998807907104 -1.901698112487793
vt -0.32499998807907104 -1.901698112487793
vt -0.32499998807907104 -2.1645689010620117
vt -0.4000000059604645 -2.085707902908325
vt -0.32499998807907104 -1.901698112487793
vt -0.4000000059604645 -2.085707902908325
vt -0.4000000059604645 -1.9805591106414795
vt -0.11842100322246552 -3.40006685256958
vt -0.32499998807907104 -1.901698112487793
vt -0.32499998807907104 -1.6388258934020996
vt -0.32499998807907104 -1.6388258934020996
vt -0.32499998807907104 -1.901698112487793
vt -0.4000000059604645 -1.822835922241211
vt -0.32499998807907104 -1.6388258934020996
vt -0.4000000059604645 -1.822835922241211
vt -0.4000000059604645 -1.7176868915557861
vt -0.11842100322246552 -3.40006685256958
vt -0.32499998807907104 -1.6388258934020996
vt -0.32499998807907104 -1.3759539127349854
vt -0.32499998807907104 -1.3759539127349854
vt -0.32499998807907104 -1.6388258934020996
vt -0.4000000059604645 -1.5599639415740967
vt -0.32499998807907104 -1.3759539127349854
vt -0.4000000059604645 -1.5599639415740967
vt -0.4000000059604645 -1.4548161029815674
vt -0.32499998807907104 -1.3759539127349854
vt -0.4000000059604645 -1.2970929145812988
vt -0.32499998807907104 -1.113081932067871
vt -0.32499998807907104 -1.113081932067871
vt -0.4000000059604645 -1.2970929145812988
vt -0.4000000059604645 -1.191943883895874
vt -0.4000000059604645 -0.7713489532470703
vt -0.4000000059604645 1
vt -0.32499998807907104 -0.8502110242843628
vt -0.32499998807907104 -0.8502110242843628
vt -0.4000000059604645 1
vt 0 1
vt -0.32499998807907104 -0.8502110242843628
vt 0 1
vt 0 -2.8743228912353516
vt -2.450000047683716 2.017760992050171
vt -2.3499999046325684 2.0502610206604004
vt -2.450000047683716 -0.0177609920501709
vt -2.450000047683716 -0.0177609920501709
vt -2.3499999046325684 2.0502610206604004
vt -2.3499999046325684 -0.05026102066040039
vt -0.10606600344181061 -3.229109764099121
vt -0.10606600344181061 -1.0798370838165283
vt 0 -3.2047348022460938
vt 0 -3.2047348022460938
vt -0.10606600344181061 -1.0798370838165283
vt 0 -1.1042120456695557
vt -0.10606600344181061 -3.2534852027893066
vt -0.10606600344181061 -1.0554618835449219
vt 0 -3.229109764099121
vt 0 -3.229109764099121
vt -0.10606600344181061 -1.0554618835449219
vt 0 -1.0798370838165283
vt -2.200000047683716 2.099010944366455
vt -2.0999999046325684 2.1315109729766846
vt -2.200000047683716 -0.09901094436645508
vt -2.200000047683716 -0.09901094436645508
vt -2.0999999046325684 2.1315109729766846
vt -2.0999999046325684 -0.13151097297668457
vt -2.5999999046325684 0.030988991260528564
vt -2.700000047683716 0.06348901987075806
vt -2.5999999046325684 1.9690110683441162
vt -2.5999999046325684 1.9690110683441162
vt -2.700000047683716 0.06348901987075806
vt -2.700000047683716 1.9365110397338867
vt 0.02102999947965145 0.9952629804611206
vt 4.521393775939941 -0.018421053886413574
vt 0.02102999947965145 -0.1499999761581421
vt 0.02102999947965145 -0.1499999761581421
vt 4.521393775939941 -0.018421053886413574
vt 4.521393775939941 -0.1499999761581421
vt 1.683912992477417 -4.93717622756958
vt 4.057201862335205 -1.7227210998535156
vt 2.062448024749756 -5.063354969024658
vt 2.062448024749756 -5.063354969024658
vt 4.057201862335205 -1.7227210998535156
vt 4.363673210144043 -1.9465060234069824
vt 4.363673210144043 -1.9465060234069824
vt 4.057201862335205 -1.7227210998535156
vt 4.464163780212402 -1.858375072479248
vt 4.363673210144043 -1.9465060234069824
vt 4.464163780212402 -1.858375072479248
vt 5.247623920440674 -2.00777006149292
vt 5.247623920440674 -2.00777006149292
vt 4.464163780212402 -1.858375072479248
vt 4.980587005615234 -1.6088790893554688
vt 5.247623920440674 -2.00777006149292
vt 4.980587005615234 -1.6088790893554688
vt 5.5851922035217285 -0.9950640201568604
vt 5.5851922035217285 -0.9950640201568604
vt 4.980587005615234 -1.6088790893554688
vt 5.265192031860352 -0.7550640106201172
vt 4.464163780212402 -1.858375072479248
vt 4.557113170623779 -1.579529047012329
vt 4.980587005615234 -1.6088790893554688
vt -0.02277900092303753 -4.368278980255127
vt 0.00634999992325902 -0.4940650463104248
vt 0.355756014585495 -4.494456768035889
vt 0.355756014585495 -4.494456768035889
vt 0.00634999992325902 -0.4940650463104248
vt 0.38579800724983215 -0.4989199638366699
vt 0.38579800724983215 -0.4989199638366699
vt 0.00634999992325902 -0.4940650463104248
vt -0.021164000034332275 -0.3632659912109375
vt -0.021164000034332275 -0.3632659912109375
vt 0.00634999992325902 -0.4940650463104248
vt -0.2846049964427948 0.1461849808692932
vt -0.021164000034332275 -0.3632659912109375
vt -0.2846049964427948 0.1461849808692932
vt 0.07178399711847305 -0.08441996574401855
vt 0.00634999992325902 -0.4940650463104248
vt -0.7375689744949341 -0.01270604133605957
vt -0.2846049964427948 0.1461849808692932
vt -0.2846049964427948 0.1461849808692932
vt -0.7375689744949341 -0.01270604133605957
vt -0.4000000059604645 1
vt -0.2846049964427948 0.1461849808692932
vt -0.4000000059604645 1
vt 0 1
vt 0.27000001072883606 -0.2999999523162842
vt 0 -0.2999999523162842
vt 0.27000001072883606 1
vt 0.27000001072883606 1
vt 0 -0.2999999523162842
vt 0 1
vt -0.18708199262619019 2.299999952316284
vt 0 2.299999952316284
vt -0.18708199262619019 1
vt -0.18708199262619019 1
vt 0 2.299999952316284
vt 0 1
vt -0.19332799315452576 2.299999952316284
vt 0 2.299999952316284
vt -0.19332799315452576 1
vt -0.19332799315452576 1
vt 0 2.299999952316284
vt 0 1
vt -0.09354099631309509 2.299999952316284
vt 0 2.299999952316284
vt -0.09354099631309509 1
vt -0.09354099631309509 1
vt 0 2.299999952316284
vt 0 1
vt 2.1600000858306885 -0.5249999761581421
vt 2.0199999809265137 -0.5249999761581421
vt 2.1600000858306885 1.0750000476837158
vt 2.1600000858306885 1.0750000476837158
vt 2.0199999809265137 -0.5249999761581421
vt 1.4846129417419434 -1.296510934829712
vt 2.1600000858306885 1.0750000476837158
vt 1.4846129417419434 -1.296510934829712
vt -0.20000000298023224 2.7490110397338867
vt -0.20000000298023224 2.7490110397338867
vt 1.4846129417419434 -1.296510934829712
vt -0.20000000298023224 -0.7490110397338867
vt 2.0199999809265137 -0.5249999761581421
vt 2.0199999809265137 -0.712082028388977
vt 1.4846129417419434 -1.296510934829712
vt 1.4846129417419434 -1.296510934829712
vt 2.0199999809265137 -0.712082028388977
vt 2.106458902359009 -0.8849999904632568
vt 1.4846129417419434 -1.296510934829712
vt 2.106458902359009 -0.8849999904632568
vt 2.200000047683716 -1.375
vt 2.200000047683716 -1.375
vt 2.106458902359009 -0.8849999904632568
vt 2.200000047683716 -0.8849999904632568
vt 2.4700000286102295 -1.375
vt 2.7735090255737305 -2.154473066329956
vt 2.200000047683716 -1.375
vt 2.200000047683716 -1.375
vt 2.7735090255737305 -2.154473066329956
vt 1.7060229778289795 -2.154473066329956
vt 2.200000047683716 -1.375
vt 1.7060229778289795 -2.154473066329956
vt 1.4846129417419434 -1.296510934829712
vt 2.4700000286102295 -1.375
vt 2.6700000762939453 -1.1749999523162842
vt 2.7735090255737305 -2.154473066329956
vt 2.7735090255737305 -2.154473066329956
vt 2.6700000762939453 -1.1749999523162842
vt 3.0999999046325684 -1.1749999523162842
vt -0.20000000298023224 2.7490110397338867
vt 1.4846129417419434 3.296510934829712
vt 2.1600000858306885 1.0750000476837158
vt 2.1600000858306885 1.0750000476837158
vt 1.4846129417419434 3.296510934829712
vt 2.0199999809265137 2.5250000953674316
vt 2.1600000858306885 1.0750000476837158
vt 2.0199999809265137 2.5250000953674316
vt 2.1700000762939453 2.5250000953674316
vt 1.7060229778289795 4.154473304748535
vt 2.200000047683716 3.375
vt 1.4846129417419434 3.296510934829712
vt 1.4846129417419434 3.296510934829712
vt 2.200000047683716 3.375
vt 2.106458902359009 2.884999990463257
vt 1.4846129417419434 3.296510934829712
vt 2.106458902359009 2.884999990463257
vt 2.0199999809265137 2.7120819091796875
vt 1.7060229778289795 4.154473304748535
vt 2.7735090255737305 4.154473304748535
vt 2.200000047683716 3.375
vt 2.200000047683716 3.375
vt 2.7735090255737305 4.154473304748535
vt 2.4700000286102295 3.375
vt 2.4700000286102295 3.375
vt 2.7735090255737305 4.154473304748535
vt 2.6700000762939453 3.174999952316284
vt 2.6700000762939453 3.174999952316284
vt 2.7735090255737305 4.154473304748535
vt 3.0999999046325684 3.174999952316284
vt 2.200000047683716 3.375
vt 2.200000047683716 2.884999990463257
vt 2.106458902359009 2.884999990463257
vt 2.0199999809265137 2.7120819091796875
vt 2.0199999809265137 2.5250000953674316
vt 1.4846129417419434 3.296510934829712
vt 2.200000047683716 2.554999828338623
vt 2.200000047683716 1.0750000476837158
vt 2.1700000762939453 2.5250000953674316
vt 2.1700000762939453 2.5250000953674316
vt 2.200000047683716 1.0750000476837158
vt 2.1600000858306885 1.0750000476837158
vt -0.11500000208616257 1
vt 0.375 1
vt -0.11500000208616257 -0.2999999523162842
vt -0.11500000208616257 -0.2999999523162842
vt 0.375 1
vt 0.375 -0.2999999523162842
vt 0.18708199262619019 1
vt 0 1
vt 0.18708199262619019 2.299999952316284
vt 0.18708199262619019 2.299999952316284
vt 0 1
vt 0 2.299999952316284
vt 0.19332799315452576 1
vt 0 1
vt 0.19332799315452576 2.299999952316284
vt 0.19332799315452576 2.299999952316284
vt 0 1
vt 0 2.299999952316284
vt 0.09354099631309509 1
vt 0 1
vt 0.09354099631309509 2.299999952316284
vt 0.09354099631309509 2.299999952316284
vt 0 1
vt 0 2.299999952316284
vt -3.884999990463257 -0.2999999523162842
vt -4.375 -0.2999999523162842
vt -3.884999990463257 1
vt -3.884999990463257 1
vt -4.375 -0.2999999523162842
vt -4.375 1
vt 0.10606600344181061 2.4054620265960693
vt 0 2.4298369884490967
vt 0.10606600344181061 5.90348482131958
vt 0.10606600344181061 5.90348482131958
vt 0 2.4298369884490967
vt 0 5.879109859466553
vt 0 5.854734897613525
vt 0.10606600344181061 5.879109859466553
vt 0 2.454211950302124
vt 0 2.454211950302124
vt 0.10606600344181061 5.879109859466553
vt 0.10606600344181061 2.4298369884490967
vt 0.10606600344181061 2.4867119789123535
vt 0 2.511086940765381
vt 0.10606600344181061 5.822235107421875
vt 0.10606600344181061 5.822235107421875
vt 0 2.511086940765381
vt 0 5.797860145568848
vt 0 5.77348518371582
vt 0.10606600344181061 5.797860145568848
vt 0 2.535461902618408
vt 0 2.535461902618408
vt 0.10606600344181061 5.797860145568848
vt 0.10606600344181061 2.511086940765381
vt 0.10606600344181061 2.567962169647217
vt 0 2.592337131500244
vt 0.10606600344181061 5.740984916687012
vt 0.10606600344181061 5.740984916687012
vt 0 2.592337131500244
vt 0 5.716609954833984
vt 0 5.692234992980957
vt 0.10606600344181061 5.716609954833984
vt 0 2.6167120933532715
vt 0 2.6167120933532715
vt 0.10606600344181061 5.716609954833984
vt 0.10606600344181061 2.592337131500244
vt 0.10606600344181061 2.649211883544922
vt 0 2.673586845397949
vt 0.10606600344181061 5.659735202789307
vt 0.10606600344181061 5.659735202789307
vt 0 2.673586845397949
vt 0 5.635359764099121
vt 0 5.610984802246094
vt 0.10606600344181061 5.635359764099121
vt 0 2.6979620456695557
vt 0 2.6979620456695557
vt 0.10606600344181061 5.635359764099121
vt 0.10606600344181061 2.673586845397949
vt 0.10606600344181061 2.730462074279785
vt 0 2.7548370361328125
vt 0.10606600344181061 5.578485012054443
vt 0.10606600344181061 5.578485012054443
vt 0 2.7548370361328125
vt 0 5.554110050201416
vt 0 5.529735088348389
vt 0.10606600344181061 5.554110050201416
vt 0 2.77921199798584
vt 0 2.77921199798584
vt 0.10606600344181061 5.554110050201416
vt 0.10606600344181061 2.7548370361328125
vt 0.10606600344181061 2.8117120265960693
vt 0 2.8360869884490967
vt 0.10606600344181061 5.49723482131958
vt 0.10606600344181061 5.49723482131958
vt 0 2.8360869884490967
vt 0 5.472859859466553
vt 0 5.448484897613525
vt 0.10606600344181061 5.472859859466553
vt 0 2.860461950302124
vt 0 2.860461950302124
vt 0.10606600344181061 5.472859859466553
vt 0.10606600344181061 2.8360869884490967
vt 0.10606600344181061 2.8929619789123535
vt 0 2.917336940765381
vt 0.10606600344181061 5.415985107421875
vt 0.10606600344181061 5.415985107421875
vt 0 2.917336940765381
vt 0 5.391610145568848
vt 0 5.36723518371582
vt 0.10606600344181061 5.391610145568848
vt 0 2.941711902618408
vt 0 2.941711902618408
vt 0.10606600344181061 5.391610145568848
vt 0.10606600344181061 2.917336940765381
vt -1.850000023841858 -0.2127610445022583
vt -1.9500000476837158 -0.1802610158920288
vt -1.850000023841858 2.2127609252929688
vt -1.850000023841858 2.2127609252929688
vt -1.9500000476837158 -0.1802610158920288
vt -1.9500000476837158 2.1802611351013184
vt -1.600000023841858 -0.2940109968185425
vt -1.7000000476837158 -0.261510968208313
vt -1.600000023841858 2.294011116027832
vt -1.600000023841858 2.294011116027832
vt -1.7000000476837158 -0.261510968208313
vt -1.7000000476837158 2.2615108489990234
vt -1.350000023841858 -0.37526094913482666
vt -1.4500000476837158 -0.3427610397338867
vt -1.350000023841858 2.375260829925537
vt -1.350000023841858 2.375260829925537
vt -1.4500000476837158 -0.3427610397338867
vt -1.4500000476837158 2.3427610397338867
vt -1.100000023841858 -0.4565110206604004
vt -1.2000000476837158 -0.4240109920501709
vt -1.100000023841858 2.4565110206604004
vt -1.100000023841858 2.4565110206604004
vt -1.2000000476837158 -0.4240109920501709
vt -1.2000000476837158 2.424010992050171
vt -0.8500000238418579 -0.5377609729766846
vt -0.949999988079071 -0.5052609443664551
vt -0.8500000238418579 2.5377609729766846
vt -0.8500000238418579 2.5377609729766846
vt -0.949999988079071 -0.5052609443664551
vt -0.949999988079071 2.505260944366455
vt -0.6000000238418579 -0.6190110445022583
vt -0.699999988079071 -0.5865110158920288
vt -0.6000000238418579 2.6190109252929688
vt -0.6000000238418579 2.6190109252929688
vt -0.699999988079071 -0.5865110158920288
vt -0.699999988079071 2.5865111351013184
vt -0.3499999940395355 -0.7002609968185425
vt -0.44999998807907104 -0.667760968208313
vt -0.3499999940395355 2.700261116027832
vt -0.3499999940395355 2.700261116027832
vt -0.44999998807907104 -0.667760968208313
vt -0.44999998807907104 2.6677608489990234
vt 0.10606600344181061 2.998587131500244
vt 0 3.0229620933532715
vt 0.10606600344181061 5.310359954833984
vt 0.10606600344181061 5.310359954833984
vt 0 3.0229620933532715
vt 0 5.285984992980957
vt 0.10606600344181061 2.974212169647217
vt 0 2.998587131500244
vt 0.10606600344181061 5.334734916687012
vt 0.10606600344181061 5.334734916687012
vt 0 2.998587131500244
vt 0 5.310359954833984
vt 0.30000001192092896 0.28158098459243774
vt 0 0.28158098459243774
vt 0.30000001192092896 1
vt 0.30000001192092896 1
vt 0 0.28158098459243774
vt 0 1
vt 0 0.699999988079071
vt 0.29392901062965393 0.699999988079071
vt 0 0.10000002384185791
vt 0 0.10000002384185791
vt 0.29392901062965393 0.699999988079071
vt 0.29392901062965393 0.10000002384185791
vt 0.42897599935531616 1
vt 0.42897599935531616 0.699999988079071
vt 0 1
vt 0 1
vt 0.42897599935531616 0.699999988079071
vt 0 0.10000002384185791
vt 0 0.10000002384185791
vt 0.42897599935531616 0.699999988079071
vt 0.42897599935531616 0.10000002384185791
vt 0.3717840015888214 -0.08441996574401855
vt 0.2788360118865967 -0.3632659912109375
vt 0.015394999645650387 0.1461849808692932
vt 0.015394999645650387 0.1461849808692932
vt 0.2788360118865967 -0.3632659912109375
vt -0.3243280053138733 0.02701699733734131
vt 0.015394999645650387 0.1461849808692932
vt -0.3243280053138733 0.02701699733734131
vt 0 1
vt 0 1
vt 0.30000001192092896 1
vt 0.015394999645650387 0.1461849808692932
vt 0.8999999761581421 0.9757050275802612
vt 0.30000001192092896 0.9757050275802612
vt 0.8999999761581421 1.4001950025558472
vt 0.8999999761581421 1.4001950025558472
vt 0.30000001192092896 0.9757050275802612
vt 0.30000001192092896 1.4001950025558472
vt -0.42897599935531616 0.10000002384185791
vt -0.42897599935531616 0.699999988079071
vt 0 0.10000002384185791
vt 0 0.10000002384185791
vt -0.42897599935531616 0.699999988079071
vt 0 1
vt 0 1
vt -0.42897599935531616 0.699999988079071
vt -0.42897599935531616 1
vt -0.29392901062965393 0.699999988079071
vt 0 0.699999988079071
vt -0.29392901062965393 0.10000002384185791
vt -0.29392901062965393 0.10000002384185791
vt 0 0.699999988079071
vt 0 0.10000002384185791
vt 0.30000001192092896 1.0242949724197388
vt 0.8999999761581421 1.0242949724197388
vt 0.30000001192092896 0.5998049974441528
vt 0.30000001192092896 0.5998049974441528
vt 0.8999999761581421 1.0242949724197388
vt 0.8999999761581421 0.5998049974441528
vt -0.3717840015888214 -0.08441996574401855
vt -0.015394999645650387 0.1461849808692932
vt -0.2788360118865967 -0.3632659912109375
vt -0.2788360118865967 -0.3632659912109375
vt -0.015394999645650387 0.1461849808692932
vt 0.3243280053138733 0.02701699733734131
vt 0.3243280053138733 0.02701699733734131
vt -0.015394999645650387 0.1461849808692932
vt 0 1
vt 0 1
vt -0.015394999645650387 0.1461849808692932
vt -0.30000001192092896 1
vt 0 1
vt 0.4000000059604645 1
vt 0 0.11392897367477417
vt 0 0.11392897367477417
vt 0.4000000059604645 1
vt 0.4000000059604645 0.11392897367477417
vt 0 1
vt 0.4000000059604645 1
vt 0 -0.06748604774475098
vt 0 -0.06748604774475098
vt 0.4000000059604645 1
vt 0.4000000059604645 -0.06748604774475098
vt 0 1
vt 0.30000001192092896 1
vt 0 -0.025614023208618164
vt 0 -0.025614023208618164
vt 0.30000001192092896 1
vt 0.30000001192092896 -0.025614023208618164
vt 0 0.28158098459243774
vt -0.30000001192092896 0.28158098459243774
vt 0 1
vt 0 1
vt -0.30000001192092896 0.28158098459243774
vt -0.30000001192092896 1
vt -0.30000001192092896 1
vt 0 1
vt -0.30000001192092896 -0.025614023208618164
vt -0.30000001192092896 -0.025614023208618164
vt 0 1
vt 0 -0.025614023208618164
vt 0 0.10000002384185791
vt -3.9956510066986084 0.10000002384185791
vt -3.9956510066986084 1
vt -0.4000000059604645 1
vt 0 1
vt -0.4000000059604645 0.11392897367477417
vt -0.4000000059604645 0.11392897367477417
vt 0 1
vt 0 0.11392897367477417
vt -0.4000000059604645 1
vt 0 1
vt -0.4000000059604645 -0.06748604774475098
vt -0.4000000059604645 -0.06748604774475098
vt 0 1
vt 0 -0.06748604774475098
vt 0.20000000298023224 0.699999988079071
vt 1.100000023841858 0.699999988079071
vt 0.20000000298023224 0.10000002384185791
vt 0.20000000298023224 0.10000002384185791
vt 1.100000023841858 0.699999988079071
vt 1.100000023841858 0.10000002384185791
vt 0.05786199867725372 1.4608800411224365
vt 0.03350700065493584 1.3695499897003174
vt -0.07314100116491318 1.375728964805603
vt -0.07314100116491318 1.375728964805603
vt 0.03350700065493584 1.3695499897003174
vt -0.071492999792099 1.3695499897003174
vt 2.3853719234466553 0.800000011920929
vt 2.140101909637451 0.800000011920929
vt 2.3853719234466553 1
vt 2.3853719234466553 1
vt 2.140101909637451 0.800000011920929
vt 1.9838570356369019 0.800000011920929
vt 2.3853719234466553 1
vt 1.9838570356369019 0.800000011920929
vt 0 1
vt 0 1
vt 1.9838570356369019 0.800000011920929
vt -1.5504920482635498 0.800000011920929
vt 0 1
vt -1.5504920482635498 0.800000011920929
vt -1.5504920482635498 1.0399999618530273
vt -1.5504920482635498 1.0399999618530273
vt 0 1.0399999618530273
vt 0 1
vt 1.2932859659194946 1.170464038848877
vt 1.1749999523162842 1.128082036972046
vt 1.1749999523162842 1.2473499774932861
vt 1.1749999523162842 1.2473499774932861
vt 1.1749999523162842 1.128082036972046
vt 0.8399999737739563 1.4249999523162842
vt 1.1749999523162842 1.2473499774932861
vt 0.8399999737739563 1.4249999523162842
vt 0.9449999928474426 1.4249999523162842
vt 1.3250410556793213 1.1891330480575562
vt 1.3716700077056885 1.0997650623321533
vt 1.2932859659194946 1.170464038848877
vt 1.2932859659194946 1.170464038848877
vt 1.3716700077056885 1.0997650623321533
vt 1.3596110343933105 1.0947699546813965
vt 1.2932859659194946 1.170464038848877
vt 1.3596110343933105 1.0947699546813965
vt 1.3492560386657715 1.0868239402770996
vt 1.3716700077056885 1.0997650623321533
vt 1.3250410556793213 1.1891330480575562
vt 1.3846110105514526 1.1014690399169922
vt 1.3846110105514526 1.1014690399169922
vt 1.3250410556793213 1.1891330480575562
vt 1.3603869676589966 1.1994999647140503
vt 1.3846110105514526 1.1014690399169922
vt 1.3603869676589966 1.1994999647140503
vt 1.3971949815750122 1.2009400129318237
vt 1.3971949815750122 1.2009400129318237
vt 1.4332430362701416 1.1933660507202148
vt 1.3846110105514526 1.1014690399169922
vt 1.3846110105514526 1.1014690399169922
vt 1.4332430362701416 1.1933660507202148
vt 1.3975520133972168 1.0997650623321533
vt 1.3975520133972168 1.0997650623321533
vt 1.4332430362701416 1.1933660507202148
vt 1.46635901927948 1.1772350072860718
vt 1.3975520133972168 1.0997650623321533
vt 1.46635901927948 1.1772350072860718
vt 1.4096109867095947 1.0947699546813965
vt 1.4096109867095947 1.0947699546813965
vt 1.46635901927948 1.1772350072860718
vt 1.4945449829101562 1.1535199880599976
vt 1.4096109867095947 1.0947699546813965
vt 1.4945449829101562 1.1535199880599976
vt 1.5161019563674927 1.1236510276794434
vt 1.5297280550003052 1.0894279479980469
vt 1.4279119968414307 1.0764689445495605
vt 1.5161019563674927 1.1236510276794434
vt 1.5161019563674927 1.1236510276794434
vt 1.4279119968414307 1.0764689445495605
vt 1.4199659824371338 1.0868239402770996
vt 1.5161019563674927 1.1236510276794434
vt 1.4199659824371338 1.0868239402770996
vt 1.4096109867095947 1.0947699546813965
vt 1.4279119968414307 1.0764689445495605
vt 1.5297280550003052 1.0894279479980469
vt 1.432906985282898 1.0644099712371826
vt 1.432906985282898 1.0644099712371826
vt 1.5297280550003052 1.0894279479980469
vt 1.5346039533615112 1.0529170036315918
vt 1.432906985282898 1.0644099712371826
vt 1.5346039533615112 1.0529170036315918
vt 1.4346109628677368 1.0514689683914185
vt 1.4346109628677368 1.0514689683914185
vt 1.5346039533615112 1.0529170036315918
vt 1.432906985282898 1.0385279655456543
vt 1.432906985282898 1.0385279655456543
vt 1.5346039533615112 1.0529170036315918
vt 1.530434012413025 1.0163179636001587
vt 1.432906985282898 1.0385279655456543
vt 1.530434012413025 1.0163179636001587
vt 1.4279119968414307 1.0264689922332764
vt 1.4279119968414307 1.0264689922332764
vt 1.530434012413025 1.0163179636001587
vt 1.4199659824371338 1.0161139965057373
vt 1.4199659824371338 1.0161139965057373
vt 1.530434012413025 1.0163179636001587
vt 1.4759349822998047 0.9324740171432495
vt 1.4199659824371338 1.0161139965057373
vt 1.4759349822998047 0.9324740171432495
vt 1.4096109867095947 1.0081679821014404
vt 1.4096109867095947 1.0081679821014404
vt 1.4759349822998047 0.9324740171432495
vt 1.3975520133972168 1.0031729936599731
vt 1.3975520133972168 1.0031729936599731
vt 1.4759349822998047 0.9324740171432495
vt 1.444180965423584 0.9138050079345703
vt 1.3975520133972168 1.0031729936599731
vt 1.444180965423584 0.9138050079345703
vt 1.3846110105514526 1.0014690160751343
vt 1.3846110105514526 1.0014690160751343
vt 1.444180965423584 0.9138050079345703
vt 1.4088339805603027 0.9034379720687866
vt 1.3846110105514526 1.0014690160751343
vt 1.4088339805603027 0.9034379720687866
vt 1.372027039527893 0.901997983455658
vt 1.530434012413025 1.0163179636001587
vt 1.5648889541625977 0.993923008441925
vt 1.4759349822998047 0.9324740171432495
vt 1.4759349822998047 0.9324740171432495
vt 1.5648889541625977 0.993923008441925
vt 1.5093380212783813 0.9107620120048523
vt 1.5093380212783813 0.9107620120048523
vt 1.5648889541625977 0.993923008441925
vt 1.6487400531768799 0.9394190311431885
vt 1.5093380212783813 0.9107620120048523
vt 1.6487400531768799 0.9394190311431885
vt 1.593189001083374 0.8562589883804321
vt 1.593189001083374 0.8562589883804321
vt 1.6487400531768799 0.9394190311431885
vt 1.6821420192718506 0.9177079796791077
vt 1.593189001083374 0.8562589883804321
vt 1.6821420192718506 0.9177079796791077
vt 1.6276439428329468 0.8338630199432373
vt 1.6276439428329468 0.8338630199432373
vt 1.6821420192718506 0.9177079796791077
vt 1.738111972808838 0.8340680003166199
vt 1.6276439428329468 0.8338630199432373
vt 1.738111972808838 0.8340680003166199
vt 1.730165958404541 0.8237119913101196
vt 1.6487400531768799 0.9394190311431885
vt 1.5648889541625977 0.993923008441925
vt 1.7364890575408936 1.070781946182251
vt 1.7364890575408936 1.070781946182251
vt 1.5648889541625977 0.993923008441925
vt 1.6533349752426147 1.1263279914855957
vt 1.7364890575408936 1.070781946182251
vt 1.6533349752426147 1.1263279914855957
vt 1.7605259418487549 1.167855978012085
vt 1.7605259418487549 1.167855978012085
vt 1.6533349752426147 1.1263279914855957
vt 1.748466968536377 1.1728509664535522
vt 1.748466968536377 1.1728509664535522
vt 1.6533349752426147 1.1263279914855957
vt 1.738111972808838 1.1807969808578491
vt 1.738111972808838 1.1807969808578491
vt 1.6533349752426147 1.1263279914855957
vt 1.6366499662399292 1.154660940170288
vt 1.738111972808838 1.1807969808578491
vt 1.6366499662399292 1.154660940170288
vt 1.730165958404541 1.1911530494689941
vt 1.730165958404541 1.1911530494689941
vt 1.6366499662399292 1.154660940170288
vt 1.6265389919281006 1.1859480142593384
vt 1.730165958404541 1.1911530494689941
vt 1.6265389919281006 1.1859480142593384
vt 1.7251709699630737 1.203212022781372
vt 1.7251709699630737 1.203212022781372
vt 1.6265389919281006 1.1859480142593384
vt 1.623487949371338 1.2186870574951172
vt 1.7251709699630737 1.203212022781372
vt 1.623487949371338 1.2186870574951172
vt 1.7234669923782349 1.2161530256271362
vt 1.7234669923782349 1.2161530256271362
vt 1.623487949371338 1.2186870574951172
vt 1.7251709699630737 1.2290940284729004
vt 1.7251709699630737 1.2290940284729004
vt 1.623487949371338 1.2186870574951172
vt 1.6276439428329468 1.25130295753479
vt 1.7251709699630737 1.2290940284729004
vt 1.6276439428329468 1.25130295753479
vt 1.730165958404541 1.2411530017852783
vt 1.730165958404541 1.2411530017852783
vt 1.6276439428329468 1.25130295753479
vt 1.738111972808838 1.2515079975128174
vt 1.738111972808838 1.2515079975128174
vt 1.6276439428329468 1.25130295753479
vt 1.6821420192718506 1.3351479768753052
vt 1.738111972808838 1.2515079975128174
vt 1.6821420192718506 1.3351479768753052
vt 1.748466968536377 1.2594540119171143
vt 1.748466968536377 1.2594540119171143
vt 1.6821420192718506 1.3351479768753052
vt 1.7605259418487549 1.2644490003585815
vt 1.7605259418487549 1.2644490003585815
vt 1.6821420192718506 1.3351479768753052
vt 1.7111179828643799 1.3525810241699219
vt 1.7605259418487549 1.2644490003585815
vt 1.7111179828643799 1.3525810241699219
vt 1.7432620525360107 1.3630800247192383
vt 1.6821420192718506 1.3351479768753052
vt 1.6276439428329468 1.25130295753479
vt 1.5439079999923706 1.4249999523162842
vt 1.5439079999923706 1.4249999523162842
vt 1.6276439428329468 1.25130295753479
vt 1.3604179620742798 1.4249999523162842
vt 1.5439079999923706 1.4249999523162842
vt 1.3604179620742798 1.4249999523162842
vt 1.4199999570846558 1.649999976158142
vt 1.4199999570846558 1.649999976158142
vt 1.3604179620742798 1.4249999523162842
vt 1.3600000143051147 1.4249999523162842
vt 1.4199999570846558 1.649999976158142
vt 1.6100000143051147 1.649999976158142
vt 1.5439079999923706 1.4249999523162842
vt 1.5439079999923706 1.4249999523162842
vt 1.6100000143051147 1.649999976158142
vt 1.6699999570846558 1.4249999523162842
vt 1.7605259418487549 1.2644490003585815
vt 1.7432620525360107 1.3630800247192383
vt 1.773466944694519 1.2661529779434204
vt 1.773466944694519 1.2661529779434204
vt 1.7432620525360107 1.3630800247192383
vt 1.7769420146942139 1.3661119937896729
vt 1.773466944694519 1.2661529779434204
vt 1.7769420146942139 1.3661119937896729
vt 1.810444951057434 1.3615230321884155
vt 1.8528469800949097 1.4249999523162842
vt 1.893599033355713 1.3059769868850708
vt 1.810444951057434 1.3615230321884155
vt 1.810444951057434 1.3615230321884155
vt 1.893599033355713 1.3059769868850708
vt 1.7864079475402832 1.2644490003585815
vt 1.810444951057434 1.3615230321884155
vt 1.7864079475402832 1.2644490003585815
vt 1.773466944694519 1.2661529779434204
vt 1.774999976158142 1.4249999523162842
vt 1.8350000381469727 1.649999976158142
vt 1.8528469800949097 1.4249999523162842
vt 1.8528469800949097 1.4249999523162842
vt 1.8350000381469727 1.649999976158142
vt 1.9731049537658691 1.4249999523162842
vt 1.8528469800949097 1.4249999523162842
vt 1.9731049537658691 1.4249999523162842
vt 1.893599033355713 1.3059769868850708
vt 1.8350000381469727 1.649999976158142
vt 2.0250000953674316 1.649999976158142
vt 1.9731049537658691 1.4249999523162842
vt 1.9731049537658691 1.4249999523162842
vt 2.0250000953674316 1.649999976158142
vt 2.0250000953674316 1.4249999523162842
vt 2.0250000953674316 1.4249999523162842
vt 2.0250000953674316 1.649999976158142
vt 2.0850000381469727 1.4249999523162842
vt 2.0250000953674316 1.4249999523162842
vt 2.0850000381469727 1.4249999523162842
vt 2.0250000953674316 1.1122900247573853
vt 2.0250000953674316 1.1122900247573853
vt 2.0850000381469727 1.4249999523162842
vt 2.190000057220459 1.4249999523162842
vt 2.0250000953674316 1.1122900247573853
vt 2.190000057220459 1.4249999523162842
vt 2.0250000953674316 0.9930220246315002
vt 2.0250000953674316 0.9930220246315002
vt 2.190000057220459 1.4249999523162842
vt 2.0250000953674316 0.8599910140037537
vt 2.0250000953674316 0.8599910140037537
vt 2.190000057220459 1.4249999523162842
vt 2.0250000953674316 0.5755820274353027
vt 2.0250000953674316 0.8599910140037537
vt 2.0250000953674316 0.5755820274353027
vt 1.9495400190353394 0.7438989877700806
vt 1.9495400190353394 0.7438989877700806
vt 2.0250000953674316 0.5755820274353027
vt 1.9788860082626343 0.6055560111999512
vt 1.9495400190353394 0.7438989877700806
vt 1.9788860082626343 0.6055560111999512
vt 1.8950409889221191 0.6600550413131714
vt 1.8950409889221191 0.6600550413131714
vt 1.9788860082626343 0.6055560111999512
vt 1.8086179494857788 0.5270960330963135
vt 1.8086179494857788 0.5270960330963135
vt 1.9788860082626343 0.6055560111999512
vt 1.8924620151519775 0.47259700298309326
vt 1.8086179494857788 0.5270960330963135
vt 1.8924620151519775 0.47259700298309326
vt 1.7864079475402832 0.4295690059661865
vt 1.7864079475402832 0.4295690059661865
vt 1.8924620151519775 0.47259700298309326
vt 1.7984670400619507 0.42457401752471924
vt 1.7984670400619507 0.42457401752471924
vt 1.8924620151519775 0.47259700298309326
vt 1.8088220357894897 0.41662800312042236
vt 1.8088220357894897 0.41662800312042236
vt 1.8924620151519775 0.47259700298309326
vt 1.9096989631652832 0.44404900074005127
vt 1.8088220357894897 0.41662800312042236
vt 1.9096989631652832 0.44404900074005127
vt 1.8167680501937866 0.4062719941139221
vt 1.8167680501937866 0.4062719941139221
vt 1.9096989631652832 0.44404900074005127
vt 1.9202020168304443 0.41239798069000244
vt 1.8167680501937866 0.4062719941139221
vt 1.9202020168304443 0.41239798069000244
vt 1.821763038635254 0.3942130208015442
vt 1.821763038635254 0.3942130208015442
vt 1.9202020168304443 0.41239798069000244
vt 1.9234529733657837 0.3792089819908142
vt 1.821763038635254 0.3942130208015442
vt 1.9234529733657837 0.3792089819908142
vt 1.8234670162200928 0.38127201795578003
vt 1.8234670162200928 0.38127201795578003
vt 1.9234529733657837 0.3792089819908142
vt 1.821763038635254 0.36833101511001587
vt 1.821763038635254 0.36833101511001587
vt 1.9234529733657837 0.3792089819908142
vt 1.9192899465560913 0.34612202644348145
vt 1.821763038635254 0.36833101511001587
vt 1.9192899465560913 0.34612202644348145
vt 1.8167680501937866 0.35627198219299316
vt 1.8167680501937866 0.35627198219299316
vt 1.9192899465560913 0.34612202644348145
vt 1.8088220357894897 0.3459169864654541
vt 1.8088220357894897 0.3459169864654541
vt 1.9192899465560913 0.34612202644348145
vt 1.8647910356521606 0.2622770071029663
vt 1.8088220357894897 0.3459169864654541
vt 1.8647910356521606 0.2622770071029663
vt 1.7984670400619507 0.3379709720611572
vt 1.7984670400619507 0.3379709720611572
vt 1.8647910356521606 0.2622770071029663
vt 1.7864079475402832 0.33297598361968994
vt 1.7864079475402832 0.33297598361968994
vt 1.8647910356521606 0.2622770071029663
vt 1.8362430334091187 0.24504101276397705
vt 1.7864079475402832 0.33297598361968994
vt 1.8362430334091187 0.24504101276397705
vt 1.8045929670333862 0.2345370054244995
vt 2.25 1.649999976158142
vt 2.25 -0.4950000047683716
vt 2.190000057220459 1.4249999523162842
vt 2.190000057220459 1.4249999523162842
vt 2.25 -0.4950000047683716
vt 2.0250000953674316 0.5755820274353027
vt -0.7133520245552063 1.4311790466308594
vt 1.1749999523162842 0.472104012966156
vt 2.25 -0.4950000047683716
vt 2.25 -0.4950000047683716
vt 1.1749999523162842 0.472104012966156
vt 1.2038079500198364 0.45337897539138794
vt 2.25 -0.4950000047683716
vt 1.2038079500198364 0.45337897539138794
vt 1.2876590490341187 0.39887601137161255
vt 1.2876590490341187 0.39887601137161255
vt 1.2038079500198364 0.45337897539138794
vt 1.3476330041885376 0.48865801095962524
vt 1.3476330041885376 0.48865801095962524
vt 1.2038079500198364 0.45337897539138794
vt 1.2644790410995483 0.5442050099372864
vt 1.3476330041885376 0.48865801095962524
vt 1.2644790410995483 0.5442050099372864
vt 1.3716700077056885 0.5857319831848145
vt 1.3716700077056885 0.5857319831848145
vt 1.2644790410995483 0.5442050099372864
vt 1.3596110343933105 0.5907280445098877
vt 1.3596110343933105 0.5907280445098877
vt 1.2644790410995483 0.5442050099372864
vt 1.3492560386657715 0.5986729860305786
vt 1.3492560386657715 0.5986729860305786
vt 1.2644790410995483 0.5442050099372864
vt 1.2477940320968628 0.5725370049476624
vt 1.3492560386657715 0.5986729860305786
vt 1.2477940320968628 0.5725370049476624
vt 1.3413100242614746 0.6090289950370789
vt 1.3413100242614746 0.6090289950370789
vt 1.2477940320968628 0.5725370049476624
vt 1.2376830577850342 0.6038240194320679
vt 1.3413100242614746 0.6090289950370789
vt 1.2376830577850342 0.6038240194320679
vt 1.3363150358200073 0.6210880279541016
vt 1.3363150358200073 0.6210880279541016
vt 1.2376830577850342 0.6038240194320679
vt 1.2346320152282715 0.6365630030632019
vt 1.3363150358200073 0.6210880279541016
vt 1.2346320152282715 0.6365630030632019
vt 1.3346110582351685 0.6340290307998657
vt 1.3346110582351685 0.6340290307998657
vt 1.2346320152282715 0.6365630030632019
vt 1.3363150358200073 0.6469700336456299
vt 1.3363150358200073 0.6469700336456299
vt 1.2346320152282715 0.6365630030632019
vt 1.2387880086898804 0.6691800355911255
vt 1.3363150358200073 0.6469700336456299
vt 1.2387880086898804 0.6691800355911255
vt 1.3413100242614746 0.6590290069580078
vt 1.3413100242614746 0.6590290069580078
vt 1.2387880086898804 0.6691800355911255
vt 1.3492560386657715 0.6693840026855469
vt 1.3492560386657715 0.6693840026855469
vt 1.2387880086898804 0.6691800355911255
vt 1.2932859659194946 0.7530239820480347
vt 1.3492560386657715 0.6693840026855469
vt 1.2932859659194946 0.7530239820480347
vt 1.3596110343933105 0.6773300170898438
vt 1.3596110343933105 0.6773300170898438
vt 1.2932859659194946 0.7530239820480347
vt 1.3716700077056885 0.682325005531311
vt 1.3716700077056885 0.682325005531311
vt 1.2932859659194946 0.7530239820480347
vt 1.3222620487213135 0.7704570293426514
vt 1.3716700077056885 0.682325005531311
vt 1.3222620487213135 0.7704570293426514
vt 1.3544059991836548 0.7809560298919678
vt -0.6549999713897705 1.649999976158142
vt -0.4650000035762787 1.649999976158142
vt -0.7133520245552063 1.4311790466308594
vt -0.7133520245552063 1.4311790466308594
vt -0.4650000035762787 1.649999976158142
vt -0.4050000011920929 1.4249999523162842
vt -0.7133520245552063 1.4311790466308594
vt -0.4050000011920929 1.4249999523162842
vt 1.1749999523162842 0.472104012966156
vt 1.1749999523162842 0.472104012966156
vt -0.4050000011920929 1.4249999523162842
vt -0.30000001192092896 1.4249999523162842
vt 1.1749999523162842 0.472104012966156
vt -0.30000001192092896 1.4249999523162842
vt 0.009999999776482582 1.4249999523162842
vt 0.009999999776482582 1.4249999523162842
vt -0.30000001192092896 1.4249999523162842
vt -0.05000000074505806 1.649999976158142
vt -0.05000000074505806 1.649999976158142
vt -0.30000001192092896 1.4249999523162842
vt -0.23999999463558197 1.649999976158142
vt 1.1749999523162842 0.472104012966156
vt 0.009999999776482582 1.4249999523162842
vt 1.1749999523162842 0.7106419801712036
vt 1.1749999523162842 0.7106419801712036
vt 0.009999999776482582 1.4249999523162842
vt 0.11500000208616257 1.4249999523162842
vt 1.1749999523162842 0.7106419801712036
vt 0.11500000208616257 1.4249999523162842
vt 1.1749999523162842 0.8299099802970886
vt 1.1749999523162842 0.8299099802970886
vt 0.11500000208616257 1.4249999523162842
vt 0.42500001192092896 1.4249999523162842
vt 1.1749999523162842 0.8299099802970886
vt 0.42500001192092896 1.4249999523162842
vt 0.5299999713897705 1.4249999523162842
vt 0.17499999701976776 1.649999976158142
vt 0.36500000953674316 1.649999976158142
vt 0.11500000208616257 1.4249999523162842
vt 0.11500000208616257 1.4249999523162842
vt 0.36500000953674316 1.649999976158142
vt 0.42500001192092896 1.4249999523162842
vt 0.5899999737739563 1.649999976158142
vt 0.7799999713897705 1.649999976158142
vt 0.5299999713897705 1.4249999523162842
vt 0.5299999713897705 1.4249999523162842
vt 0.7799999713897705 1.649999976158142
vt 0.8399999737739563 1.4249999523162842
vt 0.5299999713897705 1.4249999523162842
vt 0.8399999737739563 1.4249999523162842
vt 1.1749999523162842 1.128082036972046
vt 1.1749999523162842 1.2473499774932861
vt 0.9449999928474426 1.4249999523162842
vt 1.1749999523162842 1.4249999523162842
vt 1.1749999523162842 1.4249999523162842
vt 0.9449999928474426 1.4249999523162842
vt 1.0049999952316284 1.649999976158142
vt 1.1749999523162842 1.4249999523162842
vt 1.0049999952316284 1.649999976158142
vt 1.1950000524520874 1.649999976158142
vt 1.1950000524520874 1.649999976158142
vt 1.2549999952316284 1.4249999523162842
vt 1.1749999523162842 1.4249999523162842
vt 1.1749999523162842 1.128082036972046
vt 1.1749999523162842 0.8299099802970886
vt 0.5299999713897705 1.4249999523162842
vt 1.1749999523162842 0.8299099802970886
vt 1.2932859659194946 0.7530239820480347
vt 1.1749999523162842 0.7106419801712036
vt 1.1749999523162842 0.7106419801712036
vt 1.2932859659194946 0.7530239820480347
vt 1.2387880086898804 0.6691800355911255
vt 1.3716700077056885 0.682325005531311
vt 1.3544059991836548 0.7809560298919678
vt 1.3846110105514526 0.6840289831161499
vt 1.3846110105514526 0.6840289831161499
vt 1.3544059991836548 0.7809560298919678
vt 1.388085961341858 0.7839890122413635
vt 1.3846110105514526 0.6840289831161499
vt 1.388085961341858 0.7839890122413635
vt 1.4215879440307617 0.7793999910354614
vt 1.5093380212783813 0.9107620120048523
vt 1.593189001083374 0.8562589883804321
vt 1.4215879440307617 0.7793999910354614
vt 1.4215879440307617 0.7793999910354614
vt 1.593189001083374 0.8562589883804321
vt 1.5047420263290405 0.7238529920578003
vt 1.4215879440307617 0.7793999910354614
vt 1.5047420263290405 0.7238529920578003
vt 1.3975520133972168 0.682325005531311
vt 1.3975520133972168 0.682325005531311
vt 1.5047420263290405 0.7238529920578003
vt 1.4096109867095947 0.6773300170898438
vt 1.4096109867095947 0.6773300170898438
vt 1.5047420263290405 0.7238529920578003
vt 1.4199659824371338 0.6693840026855469
vt 1.4199659824371338 0.6693840026855469
vt 1.5047420263290405 0.7238529920578003
vt 1.521427035331726 0.6955209970474243
vt 1.4199659824371338 0.6693840026855469
vt 1.521427035331726 0.6955209970474243
vt 1.4279119968414307 0.6590290069580078
vt 1.4279119968414307 0.6590290069580078
vt 1.521427035331726 0.6955209970474243
vt 1.5315380096435547 0.6642329692840576
vt 1.4279119968414307 0.6590290069580078
vt 1.5315380096435547 0.6642329692840576
vt 1.432906985282898 0.6469700336456299
vt 1.432906985282898 0.6469700336456299
vt 1.5315380096435547 0.6642329692840576
vt 1.5345890522003174 0.6314949989318848
vt 1.432906985282898 0.6469700336456299
vt 1.5345890522003174 0.6314949989318848
vt 1.4346109628677368 0.6340290307998657
vt 1.4346109628677368 0.6340290307998657
vt 1.5345890522003174 0.6314949989318848
vt 1.432906985282898 0.6210880279541016
vt 1.432906985282898 0.6210880279541016
vt 1.5345890522003174 0.6314949989318848
vt 1.530434012413025 0.598878026008606
vt 1.432906985282898 0.6210880279541016
vt 1.530434012413025 0.598878026008606
vt 1.4279119968414307 0.6090289950370789
vt 1.4279119968414307 0.6090289950370789
vt 1.530434012413025 0.598878026008606
vt 1.4199659824371338 0.5986729860305786
vt 1.4199659824371338 0.5986729860305786
vt 1.530434012413025 0.598878026008606
vt 1.4759349822998047 0.5150339603424072
vt 1.4199659824371338 0.5986729860305786
vt 1.4759349822998047 0.5150339603424072
vt 1.4096109867095947 0.5907280445098877
vt 1.4096109867095947 0.5907280445098877
vt 1.4759349822998047 0.5150339603424072
vt 1.3975520133972168 0.5857319831848145
vt 1.3975520133972168 0.5857319831848145
vt 1.4759349822998047 0.5150339603424072
vt 1.4469599723815918 0.4976009726524353
vt 1.3975520133972168 0.5857319831848145
vt 1.4469599723815918 0.4976009726524353
vt 1.4148149490356445 0.4871010184288025
vt 1.372027039527893 0.901997983455658
vt 1.3359780311584473 0.9095709919929504
vt 1.3846110105514526 1.0014690160751343
vt 1.3846110105514526 1.0014690160751343
vt 1.3359780311584473 0.9095709919929504
vt 1.3716700077056885 1.0031729936599731
vt 1.3716700077056885 1.0031729936599731
vt 1.3359780311584473 0.9095709919929504
vt 1.3028630018234253 0.9257019758224487
vt 1.3716700077056885 1.0031729936599731
vt 1.3028630018234253 0.9257019758224487
vt 1.3596110343933105 1.0081679821014404
vt 1.3596110343933105 1.0081679821014404
vt 1.3028630018234253 0.9257019758224487
vt 1.274677038192749 0.9494180083274841
vt 1.3596110343933105 1.0081679821014404
vt 1.274677038192749 0.9494180083274841
vt 1.253119945526123 0.9792870283126831
vt 1.2394930124282837 1.0135090351104736
vt 1.3413100242614746 1.0264689922332764
vt 1.253119945526123 0.9792870283126831
vt 1.253119945526123 0.9792870283126831
vt 1.3413100242614746 1.0264689922332764
vt 1.3492560386657715 1.0161139965057373
vt 1.253119945526123 0.9792870283126831
vt 1.3492560386657715 1.0161139965057373
vt 1.3596110343933105 1.0081679821014404
vt 1.3413100242614746 1.0264689922332764
vt 1.2394930124282837 1.0135090351104736
vt 1.3363150358200073 1.0385279655456543
vt 1.3363150358200073 1.0385279655456543
vt 1.2394930124282837 1.0135090351104736
vt 1.2346179485321045 1.0500210523605347
vt 1.3363150358200073 1.0385279655456543
vt 1.2346179485321045 1.0500210523605347
vt 1.3346110582351685 1.0514689683914185
vt 1.3346110582351685 1.0514689683914185
vt 1.2346179485321045 1.0500210523605347
vt 1.3363150358200073 1.0644099712371826
vt 1.3363150358200073 1.0644099712371826
vt 1.2346179485321045 1.0500210523605347
vt 1.2387880086898804 1.0866199731826782
vt 1.3363150358200073 1.0644099712371826
vt 1.2387880086898804 1.0866199731826782
vt 1.3413100242614746 1.0764689445495605
vt 1.3413100242614746 1.0764689445495605
vt 1.2387880086898804 1.0866199731826782
vt 1.3492560386657715 1.0868239402770996
vt 1.3492560386657715 1.0868239402770996
vt 1.2387880086898804 1.0866199731826782
vt 1.2932859659194946 1.170464038848877
vt 1.2387880086898804 1.0866199731826782
vt 1.1749999523162842 1.128082036972046
vt 1.2932859659194946 1.170464038848877
vt 2.0250000953674316 0.9930220246315002
vt 1.8647910356521606 1.0971570014953613
vt 2.0250000953674316 1.1122900247573853
vt 2.0250000953674316 1.1122900247573853
vt 1.8647910356521606 1.0971570014953613
vt 1.9192899465560913 1.1810020208358765
vt 1.9192899465560913 1.1810020208358765
vt 1.8647910356521606 1.0971570014953613
vt 1.8088220357894897 1.1807969808578491
vt 1.9192899465560913 1.1810020208358765
vt 1.8088220357894897 1.1807969808578491
vt 1.8167680501937866 1.1911530494689941
vt 1.8358160257339478 1.0797250270843506
vt 1.7864079475402832 1.167855978012085
vt 1.8647910356521606 1.0971570014953613
vt 1.8647910356521606 1.0971570014953613
vt 1.7864079475402832 1.167855978012085
vt 1.7984670400619507 1.1728509664535522
vt 1.8647910356521606 1.0971570014953613
vt 1.7984670400619507 1.1728509664535522
vt 1.8088220357894897 1.1807969808578491
vt 1.8358160257339478 1.0797250270843506
vt 1.8036710023880005 1.0692249536514282
vt 1.7864079475402832 1.167855978012085
vt 1.7864079475402832 1.167855978012085
vt 1.8036710023880005 1.0692249536514282
vt 1.773466944694519 1.1661529541015625
vt 1.773466944694519 1.1661529541015625
vt 1.8036710023880005 1.0692249536514282
vt 1.7699919939041138 1.0661929845809937
vt 1.773466944694519 1.1661529541015625
vt 1.7699919939041138 1.0661929845809937
vt 1.7364890575408936 1.070781946182251
vt 1.7138969898223877 0.9363769888877869
vt 1.7605259418487549 0.847009003162384
vt 1.6821420192718506 0.9177079796791077
vt 1.6821420192718506 0.9177079796791077
vt 1.7605259418487549 0.847009003162384
vt 1.748466968536377 0.8420140147209167
vt 1.6821420192718506 0.9177079796791077
vt 1.748466968536377 0.8420140147209167
vt 1.738111972808838 0.8340680003166199
vt 1.7605259418487549 0.847009003162384
vt 1.7138969898223877 0.9363769888877869
vt 1.773466944694519 0.8487119674682617
vt 1.773466944694519 0.8487119674682617
vt 1.7138969898223877 0.9363769888877869
vt 1.7492430210113525 0.9467440247535706
vt 1.773466944694519 0.8487119674682617
vt 1.7492430210113525 0.9467440247535706
vt 1.7860510349273682 0.9481840133666992
vt 1.7860510349273682 0.9481840133666992
vt 1.822098970413208 0.9406099915504456
vt 1.773466944694519 0.8487119674682617
vt 1.773466944694519 0.8487119674682617
vt 1.822098970413208 0.9406099915504456
vt 1.7864079475402832 0.847009003162384
vt 1.7864079475402832 0.847009003162384
vt 1.822098970413208 0.9406099915504456
vt 1.8552149534225464 0.9244790077209473
vt 1.7864079475402832 0.847009003162384
vt 1.8552149534225464 0.9244790077209473
vt 1.7984670400619507 0.8420140147209167
vt 1.7984670400619507 0.8420140147209167
vt 1.8552149534225464 0.9244790077209473
vt 1.8834010362625122 0.900763988494873
vt 1.7984670400619507 0.8420140147209167
vt 1.8834010362625122 0.900763988494873
vt 1.9049580097198486 0.8708940148353577
vt 1.9185839891433716 0.8366720080375671
vt 1.8167680501937866 0.8237119913101196
vt 1.9049580097198486 0.8708940148353577
vt 1.9049580097198486 0.8708940148353577
vt 1.8167680501937866 0.8237119913101196
vt 1.8088220357894897 0.8340680003166199
vt 1.9049580097198486 0.8708940148353577
vt 1.8088220357894897 0.8340680003166199
vt 1.7984670400619507 0.8420140147209167
vt 1.8167680501937866 0.8237119913101196
vt 1.9185839891433716 0.8366720080375671
vt 1.821763038635254 0.8116530179977417
vt 1.821763038635254 0.8116530179977417
vt 1.9185839891433716 0.8366720080375671
vt 1.9234600067138672 0.8001610040664673
vt 1.821763038635254 0.8116530179977417
vt 1.9234600067138672 0.8001610040664673
vt 1.8234670162200928 0.7987120151519775
vt 1.8234670162200928 0.7987120151519775
vt 1.9234600067138672 0.8001610040664673
vt 1.821763038635254 0.7857719659805298
vt 1.821763038635254 0.7857719659805298
vt 1.9234600067138672 0.8001610040664673
vt 1.9192899465560913 0.7635619640350342
vt 1.821763038635254 0.7857719659805298
vt 1.9192899465560913 0.7635619640350342
vt 1.8167680501937866 0.7737119793891907
vt 1.8167680501937866 0.7737119793891907
vt 1.9192899465560913 0.7635619640350342
vt 1.8088220357894897 0.7633569836616516
vt 1.8088220357894897 0.7633569836616516
vt 1.9192899465560913 0.7635619640350342
vt 1.8647910356521606 0.6797170042991638
vt 1.8088220357894897 0.7633569836616516
vt 1.8647910356521606 0.6797170042991638
vt 1.7984670400619507 0.7554110288619995
vt 1.7984670400619507 0.7554110288619995
vt 1.8647910356521606 0.6797170042991638
vt 1.7864079475402832 0.7504159808158875
vt 1.7864079475402832 0.7504159808158875
vt 1.8647910356521606 0.6797170042991638
vt 1.83303701877594 0.6610479950904846
vt 1.7864079475402832 0.7504159808158875
vt 1.83303701877594 0.6610479950904846
vt 1.773466944694519 0.7487120032310486
vt 1.773466944694519 0.7487120032310486
vt 1.83303701877594 0.6610479950904846
vt 1.7976900339126587 0.6506810188293457
vt 1.773466944694519 0.7487120032310486
vt 1.7976900339126587 0.6506810188293457
vt 1.7608829736709595 0.6492409706115723
vt 1.9192899465560913 0.7635619640350342
vt 1.9495400190353394 0.7438989877700806
vt 1.8647910356521606 0.6797170042991638
vt 1.8647910356521606 0.6797170042991638
vt 1.9495400190353394 0.7438989877700806
vt 1.8950409889221191 0.6600550413131714
vt 1.9192899465560913 0.34612202644348145
vt 2.0250000953674316 0.27740997076034546
vt 1.8647910356521606 0.2622770071029663
vt 1.8647910356521606 0.2622770071029663
vt 2.0250000953674316 0.27740997076034546
vt 2.0250000953674316 0.15814197063446045
vt 2.0250000953674316 0.15814197063446045
vt 2.0250000953674316 0.27740997076034546
vt 2.25 -0.4950000047683716
vt 2.0250000953674316 0.15814197063446045
vt 2.25 -0.4950000047683716
vt 2.0250000953674316 -0.08039605617523193
vt 2.0250000953674316 -0.08039605617523193
vt 2.25 -0.4950000047683716
vt 1.6791419982910156 0.14441198110580444
vt 1.6791419982910156 0.14441198110580444
vt 2.25 -0.4950000047683716
vt 1.5952980518341064 0.19891101121902466
vt 1.6791419982910156 0.14441198110580444
vt 1.5952980518341064 0.19891101121902466
vt 1.7383160591125488 0.23544901609420776
vt 1.7383160591125488 0.23544901609420776
vt 1.5952980518341064 0.19891101121902466
vt 1.65447199344635 0.2899479866027832
vt 1.7383160591125488 0.23544901609420776
vt 1.65447199344635 0.2899479866027832
vt 1.7605259418487549 0.33297598361968994
vt 1.7605259418487549 0.33297598361968994
vt 1.65447199344635 0.2899479866027832
vt 1.748466968536377 0.3379709720611572
vt 1.748466968536377 0.3379709720611572
vt 1.65447199344635 0.2899479866027832
vt 1.738111972808838 0.3459169864654541
vt 1.738111972808838 0.3459169864654541
vt 1.65447199344635 0.2899479866027832
vt 1.6372350454330444 0.3184959888458252
vt 1.738111972808838 0.3459169864654541
vt 1.6372350454330444 0.3184959888458252
vt 1.730165958404541 0.35627198219299316
vt 1.730165958404541 0.35627198219299316
vt 1.6372350454330444 0.3184959888458252
vt 1.6267319917678833 0.350147008895874
vt 1.730165958404541 0.35627198219299316
vt 1.6267319917678833 0.350147008895874
vt 1.7251709699630737 0.36833101511001587
vt 1.7251709699630737 0.36833101511001587
vt 1.6267319917678833 0.350147008895874
vt 1.623481035232544 0.38333600759506226
vt 1.7251709699630737 0.36833101511001587
vt 1.623481035232544 0.38333600759506226
vt 1.7234669923782349 0.38127201795578003
vt 1.7234669923782349 0.38127201795578003
vt 1.623481035232544 0.38333600759506226
vt 1.7251709699630737 0.3942130208015442
vt 1.7251709699630737 0.3942130208015442
vt 1.623481035232544 0.38333600759506226
vt 1.6276439428329468 0.4164230227470398
vt 1.7251709699630737 0.3942130208015442
vt 1.6276439428329468 0.4164230227470398
vt 1.730165958404541 0.4062719941139221
vt 1.730165958404541 0.4062719941139221
vt 1.6276439428329468 0.4164230227470398
vt 1.738111972808838 0.41662800312042236
vt 1.738111972808838 0.41662800312042236
vt 1.6276439428329468 0.4164230227470398
vt 1.6821420192718506 0.5002679824829102
vt 1.738111972808838 0.41662800312042236
vt 1.6821420192718506 0.5002679824829102
vt 1.748466968536377 0.42457401752471924
vt 1.748466968536377 0.42457401752471924
vt 1.6821420192718506 0.5002679824829102
vt 1.7605259418487549 0.4295690059661865
vt 1.7605259418487549 0.4295690059661865
vt 1.6821420192718506 0.5002679824829102
vt 1.7106900215148926 0.5175039768218994
vt 1.7605259418487549 0.4295690059661865
vt 1.7106900215148926 0.5175039768218994
vt 1.7423410415649414 0.5280070304870605
vt 2.0250000953674316 0.27740997076034546
vt 2.0250000953674316 0.5755820274353027
vt 2.25 -0.4950000047683716
vt 1.2876590490341187 0.39887601137161255
vt 1.5952980518341064 0.19891101121902466
vt 2.25 -0.4950000047683716
vt 1.6276439428329468 0.4164230227470398
vt 1.4759349822998047 0.5150339603424072
vt 1.6821420192718506 0.5002679824829102
vt 1.6821420192718506 0.5002679824829102
vt 1.4759349822998047 0.5150339603424072
vt 1.530434012413025 0.598878026008606
vt 1.3975520133972168 0.5857319831848145
vt 1.4148149490356445 0.4871010184288025
vt 1.3846110105514526 0.584028959274292
vt 1.3846110105514526 0.584028959274292
vt 1.4148149490356445 0.4871010184288025
vt 1.3811359405517578 0.48406898975372314
vt 1.3846110105514526 0.584028959274292
vt 1.3811359405517578 0.48406898975372314
vt 1.3476330041885376 0.48865801095962524
vt 1.7608829736709595 0.6492409706115723
vt 1.7248339653015137 0.6568149924278259
vt 1.773466944694519 0.7487120032310486
vt 1.773466944694519 0.7487120032310486
vt 1.7248339653015137 0.6568149924278259
vt 1.7605259418487549 0.7504159808158875
vt 1.7605259418487549 0.7504159808158875
vt 1.7248339653015137 0.6568149924278259
vt 1.6917190551757812 0.6729459762573242
vt 1.7605259418487549 0.7504159808158875
vt 1.6917190551757812 0.6729459762573242
vt 1.748466968536377 0.7554110288619995
vt 1.748466968536377 0.7554110288619995
vt 1.6917190551757812 0.6729459762573242
vt 1.6635329723358154 0.6966609954833984
vt 1.748466968536377 0.7554110288619995
vt 1.6635329723358154 0.6966609954833984
vt 1.641975998878479 0.7265310287475586
vt 1.62834894657135 0.7607530355453491
vt 1.730165958404541 0.7737119793891907
vt 1.641975998878479 0.7265310287475586
vt 1.641975998878479 0.7265310287475586
vt 1.730165958404541 0.7737119793891907
vt 1.738111972808838 0.7633569836616516
vt 1.641975998878479 0.7265310287475586
vt 1.738111972808838 0.7633569836616516
vt 1.748466968536377 0.7554110288619995
vt 1.730165958404541 0.7737119793891907
vt 1.62834894657135 0.7607530355453491
vt 1.7251709699630737 0.7857719659805298
vt 1.7251709699630737 0.7857719659805298
vt 1.62834894657135 0.7607530355453491
vt 1.6234740018844604 0.7972639799118042
vt 1.7251709699630737 0.7857719659805298
vt 1.6234740018844604 0.7972639799118042
vt 1.7234669923782349 0.7987120151519775
vt 1.7234669923782349 0.7987120151519775
vt 1.6234740018844604 0.7972639799118042
vt 1.7251709699630737 0.8116530179977417
vt 1.7251709699630737 0.8116530179977417
vt 1.6234740018844604 0.7972639799118042
vt 1.6276439428329468 0.8338630199432373
vt 1.7251709699630737 0.8116530179977417
vt 1.6276439428329468 0.8338630199432373
vt 1.730165958404541 0.8237119913101196
vt 1.7605259418487549 0.4295690059661865
vt 1.7423410415649414 0.5280070304870605
vt 1.773466944694519 0.4312719702720642
vt 1.773466944694519 0.4312719702720642
vt 1.7423410415649414 0.5280070304870605
vt 1.7755310535430908 0.5312579870223999
vt 1.773466944694519 0.4312719702720642
vt 1.7755310535430908 0.5312579870223999
vt 1.8086179494857788 0.5270960330963135
vt 1.7864079475402832 0.33297598361968994
vt 1.8045929670333862 0.2345370054244995
vt 1.773466944694519 0.3312720060348511
vt 1.773466944694519 0.3312720060348511
vt 1.8045929670333862 0.2345370054244995
vt 1.7714029550552368 0.23128700256347656
vt 1.773466944694519 0.3312720060348511
vt 1.7714029550552368 0.23128700256347656
vt 1.7383160591125488 0.23544901609420776
vt 1.7605259418487549 1.167855978012085
vt 1.773466944694519 1.1661529541015625
vt 1.7364890575408936 1.070781946182251
vt 1.8167680501937866 1.1911530494689941
vt 1.821763038635254 1.203212022781372
vt 1.9192899465560913 1.1810020208358765
vt 1.9192899465560913 1.1810020208358765
vt 1.821763038635254 1.203212022781372
vt 1.9234460592269897 1.2136189937591553
vt 1.9234460592269897 1.2136189937591553
vt 1.821763038635254 1.203212022781372
vt 1.8234670162200928 1.2161530256271362
vt 1.9234460592269897 1.2136189937591553
vt 1.8234670162200928 1.2161530256271362
vt 1.821763038635254 1.2290940284729004
vt 1.9234460592269897 1.2136189937591553
vt 1.821763038635254 1.2290940284729004
vt 1.920393943786621 1.2463569641113281
vt 1.920393943786621 1.2463569641113281
vt 1.821763038635254 1.2290940284729004
vt 1.8167680501937866 1.2411530017852783
vt 1.920393943786621 1.2463569641113281
vt 1.8167680501937866 1.2411530017852783
vt 1.9102829694747925 1.2776440382003784
vt 1.9102829694747925 1.2776440382003784
vt 1.8167680501937866 1.2411530017852783
vt 1.8088220357894897 1.2515079975128174
vt 1.9102829694747925 1.2776440382003784
vt 1.8088220357894897 1.2515079975128174
vt 1.893599033355713 1.3059769868850708
vt 1.893599033355713 1.3059769868850708
vt 1.8088220357894897 1.2515079975128174
vt 1.7984670400619507 1.2594540119171143
vt 1.893599033355713 1.3059769868850708
vt 1.7984670400619507 1.2594540119171143
vt 1.7864079475402832 1.2644490003585815
vt 1.3716700077056885 0.5857319831848145
vt 1.3846110105514526 0.584028959274292
vt 1.3476330041885376 0.48865801095962524
vt 1.3975520133972168 0.682325005531311
vt 1.3846110105514526 0.6840289831161499
vt 1.4215879440307617 0.7793999910354614
vt 1.7605259418487549 0.33297598361968994
vt 1.773466944694519 0.3312720060348511
vt 1.7383160591125488 0.23544901609420776
vt 1.7864079475402832 0.4295690059661865
vt 1.773466944694519 0.4312719702720642
vt 1.8086179494857788 0.5270960330963135
vt 0.24622100591659546 -3.2100000381469727
vt 0.24622100591659546 -3.315000057220459
vt 0 -3.1500000953674316
vt 0 -3.1500000953674316
vt 0.24622100591659546 -3.315000057220459
vt 0 -3.375
vt 0.24622100591659546 -2.7950000762939453
vt 0.24622100591659546 -2.9000000953674316
vt 0 -2.734999895095825
vt 0 -2.734999895095825
vt 0.24622100591659546 -2.9000000953674316
vt 0 -2.9600000381469727
vt 0.24622100591659546 -2.380000114440918
vt 0.24622100591659546 -2.484999895095825
vt 0 -2.319999933242798
vt 0 -2.319999933242798
vt 0.24622100591659546 -2.484999895095825
vt 0 -2.5450000762939453
vt 0.24622100591659546 -1.9649999141693115
vt 0.24622100591659546 -2.069999933242798
vt 0 -1.9049999713897705
vt 0 -1.9049999713897705
vt 0.24622100591659546 -2.069999933242798
vt 0 -2.130000114440918
vt 0.24622100591659546 -1.5499999523162842
vt 0.24622100591659546 -1.6549999713897705
vt 0 -1.4900000095367432
vt 0 -1.4900000095367432
vt 0.24622100591659546 -1.6549999713897705
vt 0 -1.7149999141693115
vt 0.24622100591659546 -1.1349999904632568
vt 0.24622100591659546 -1.2400000095367432
vt 0 -1.0750000476837158
vt 0 -1.0750000476837158
vt 0.24622100591659546 -1.2400000095367432
vt 0 -1.2999999523162842
vt 0.24622100591659546 -0.7200000286102295
vt 0.24622100591659546 -0.8250000476837158
vt 0 -0.6599999666213989
vt 0 -0.6599999666213989
vt 0.24622100591659546 -0.8250000476837158
vt 0 -0.8849999904632568
vt 0.24622100591659546 -0.3049999475479126
vt 0.24622100591659546 -0.4099999666213989
vt 0 -0.24500000476837158
vt 0 -0.24500000476837158
vt 0.24622100591659546 -0.4099999666213989
vt 0 -0.4700000286102295
vt 0.24622100591659546 0.11000001430511475
vt 0.24622100591659546 0.004999995231628418
vt 0 0.17000001668930054
vt 0 0.17000001668930054
vt 0.24622100591659546 0.004999995231628418
vt 0 -0.0549999475479126
vt 0.24622100591659546 0.5249999761581421
vt 0.24622100591659546 0.42000001668930054
vt 0 0.5850000381469727
vt 0 0.5850000381469727
vt 0.24622100591659546 0.42000001668930054
vt 0 0.36000001430511475
vt 0.24622100591659546 0.9399999976158142
vt 0.24622100591659546 0.8349999785423279
vt 0 1
vt 0 1
vt 0.24622100591659546 0.8349999785423279
vt 0 0.7749999761581421
vt -0.10499999672174454 0.8999999761581421
vt 0 0.8999999761581421
vt -0.10499999672174454 0.3500000238418579
vt -0.10499999672174454 0.3500000238418579
vt 0 0.8999999761581421
vt 0 0.3500000238418579
vt -0.23286299407482147 1
vt 0 0.8999999761581421
vt -0.23286299407482147 0.3500000238418579
vt -0.23286299407482147 0.3500000238418579
vt 0 0.8999999761581421
vt 0 0.3500000238418579
vt -0.23286299407482147 1
vt 0 0.8999999761581421
vt -0.23286299407482147 0.3500000238418579
vt -0.23286299407482147 0.3500000238418579
vt 0 0.8999999761581421
vt 0 0.3500000238418579
vt 0.6131049990653992 0.3500000238418579
vt 0.6650000214576721 0.3500000238418579
vt 0.6131049990653992 -0.1499999761581421
vt 0.6131049990653992 -0.1499999761581421
vt 0.6650000214576721 0.3500000238418579
vt 0.6650000214576721 -0.1499999761581421
vt -0.23286299407482147 1
vt 0 0.8999999761581421
vt -0.23286299407482147 0.3500000238418579
vt -0.23286299407482147 0.3500000238418579
vt 0 0.8999999761581421
vt 0 0.3500000238418579
vt -0.10499999672174454 0.8999999761581421
vt 0 0.8999999761581421
vt -0.10499999672174454 0.3500000238418579
vt -0.10499999672174454 0.3500000238418579
vt 0 0.8999999761581421
vt 0 0.3500000238418579
vt -0.23286299407482147 1
vt 0 0.8999999761581421
vt -0.23286299407482147 0.3500000238418579
vt -0.23286299407482147 0.3500000238418579
vt 0 0.8999999761581421
vt 0 0.3500000238418579
vt -0.10499999672174454 0.8999999761581421
vt 0 0.8999999761581421
vt -0.10499999672174454 0.3500000238418579
vt -0.10499999672174454 0.3500000238418579
vt 0 0.8999999761581421
vt 0 0.3500000238418579
vt -0.23286299407482147 1
vt 0 0.8999999761581421
vt -0.23286299407482147 0.3500000238418579
vt -0.23286299407482147 0.3500000238418579
vt 0 0.8999999761581421
vt 0 0.3500000238418579
vt -0.10499999672174454 0.8999999761581421
vt 0 0.8999999761581421
vt -0.10499999672174454 0.3500000238418579
vt -0.10499999672174454 0.3500000238418579
vt 0 0.8999999761581421
vt 0 0.3500000238418579
vt -0.23286299407482147 1
vt 0 0.8999999761581421
vt -0.23286299407482147 0.3500000238418579
vt -0.23286299407482147 0.3500000238418579
vt 0 0.8999999761581421
vt 0 0.3500000238418579
vt -0.10499999672174454 0.8999999761581421
vt 0 0.8999999761581421
vt -0.10499999672174454 0.3500000238418579
vt -0.10499999672174454 0.3500000238418579
vt 0 0.8999999761581421
vt 0 0.3500000238418579
vt -0.23286299407482147 1
vt 0 0.8999999761581421
vt -0.23286299407482147 0.3500000238418579
vt -0.23286299407482147 0.3500000238418579
vt 0 0.8999999761581421
vt 0 0.3500000238418579
vt -0.10499999672174454 0.8999999761581421
vt 0 0.8999999761581421
vt -0.10499999672174454 0.3500000238418579
vt -0.10499999672174454 0.3500000238418579
vt 0 0.8999999761581421
vt 0 0.3500000238418579
vt -0.23286299407482147 0.3500000238418579
vt -0.23286299407482147 1
vt -0.09452199935913086 0.3500000238418579
vt -0.09452199935913086 0.3500000238418579
vt -0.23286299407482147 1
vt 0 0.8999999761581421
vt -0.09452199935913086 0.3500000238418579
vt 0 0.8999999761581421
vt 0 0.3500000238418579
vt 0 0.375
vt -0.10499999672174454 0.375
vt 0 0.8999999761581421
vt 0 0.8999999761581421
vt -0.10499999672174454 0.375
vt -0.10499999672174454 0.8999999761581421
vt -0.23286299407482147 0.1499999761581421
vt -0.23286299407482147 1
vt 0 0.375
vt 0 0.375
vt -0.23286299407482147 1
vt 0 0.8999999761581421
vt 0 1
vt 0 0.7749999761581421
vt -0.30000001192092896 1
vt -0.30000001192092896 1
vt 0 0.7749999761581421
vt 0 0.5850000381469727
vt -0.30000001192092896 1
vt 0 0.5850000381469727
vt 0 0.36000001430511475
vt 0 0.36000001430511475
vt 0 0.17000001668930054
vt -0.30000001192092896 1
vt -0.30000001192092896 1
vt 0 0.17000001668930054
vt 0 -0.0549999475479126
vt -0.30000001192092896 1
vt 0 -0.0549999475479126
vt 0 -0.24500000476837158
vt 0 -0.24500000476837158
vt 0 -0.4700000286102295
vt -0.30000001192092896 1
vt -0.30000001192092896 1
vt 0 -0.4700000286102295
vt 0 -0.6599999666213989
vt -0.30000001192092896 1
vt 0 -0.6599999666213989
vt 0 -0.8849999904632568
vt 0 -0.8849999904632568
vt 0 -1.0750000476837158
vt -0.30000001192092896 1
vt -0.30000001192092896 1
vt 0 -1.0750000476837158
vt 0 -1.2999999523162842
vt -0.30000001192092896 1
vt 0 -1.2999999523162842
vt 0 -1.4900000095367432
vt -0.30000001192092896 1
vt 0 -1.4900000095367432
vt -0.30000001192092896 -3.8000001907348633
vt -0.30000001192092896 -3.8000001907348633
vt 0 -1.4900000095367432
vt 0 -1.7149999141693115
vt -0.30000001192092896 -3.8000001907348633
vt 0 -1.7149999141693115
vt 0 -1.9049999713897705
vt 0 -1.9049999713897705
vt 0 -2.130000114440918
vt -0.30000001192092896 -3.8000001907348633
vt -0.30000001192092896 -3.8000001907348633
vt 0 -2.130000114440918
vt 0 -2.319999933242798
vt -0.30000001192092896 -3.8000001907348633
vt 0 -2.319999933242798
vt 0 -2.5450000762939453
vt 0 -2.5450000762939453
vt 0 -2.734999895095825
vt -0.30000001192092896 -3.8000001907348633
vt -0.30000001192092896 -3.8000001907348633
vt 0 -2.734999895095825
vt 0 -2.9600000381469727
vt -0.30000001192092896 -3.8000001907348633
vt 0 -2.9600000381469727
vt 0 -3.1500000953674316
vt 0 -3.1500000953674316
vt 0 -3.375
vt -0.30000001192092896 -3.8000001907348633
vt -0.30000001192092896 -3.8000001907348633
vt 0 -3.375
vt 0 -3.5
vt -0.30000001192092896 -3.8000001907348633
vt 0 -3.5
vt 0.4000000059604645 -3.6999998092651367
vt 0.4000000059604645 -3.6999998092651367
vt 0 -3.5
vt 0.4000000059604645 -3.5999999046325684
vt -0.10000000149011612 0.550000011920929
vt -0.20000000298023224 0.550000011920929
vt -0.10000000149011612 1
vt -0.10000000149011612 1
vt -0.20000000298023224 0.550000011920929
vt -0.20000000298023224 1
vt 0.8500000238418579 1.2061550617218018
vt 0.44999998807907104 0.793844997882843
vt 0 1.2061550617218018
vt 0 1.2061550617218018
vt 0.44999998807907104 0.793844997882843
vt 0 0.793844997882843
vt 0 1
vt 0 0.3500000238418579
vt -0.23286299407482147 0.8999999761581421
vt -0.23286299407482147 0.8999999761581421
vt 0 0.3500000238418579
vt -0.22646799683570862 0.3500000238418579
vt -0.23286299407482147 0.8999999761581421
vt -0.22646799683570862 0.3500000238418579
vt -0.23286299407482147 0.3500000238418579
vt 0 1
vt 0 0.3500000238418579
vt -0.23286299407482147 0.8999999761581421
vt -0.23286299407482147 0.8999999761581421
vt 0 0.3500000238418579
vt -0.23286299407482147 0.3500000238418579
vt 0 1
vt 0 0.3500000238418579
vt -0.23286299407482147 0.8999999761581421
vt -0.23286299407482147 0.8999999761581421
vt 0 0.3500000238418579
vt -0.23286299407482147 0.3500000238418579
vt 0 1
vt 0 0.3500000238418579
vt -0.23286299407482147 0.8999999761581421
vt -0.23286299407482147 0.8999999761581421
vt 0 0.3500000238418579
vt -0.23286299407482147 0.3500000238418579
vt 0 1
vt 0 0.3500000238418579
vt -0.23286299407482147 0.8999999761581421
vt -0.23286299407482147 0.8999999761581421
vt 0 0.3500000238418579
vt -0.23286299407482147 0.3500000238418579
vt 0 1
vt 0 0.3500000238418579
vt -0.23286299407482147 0.8999999761581421
vt -0.23286299407482147 0.8999999761581421
vt 0 0.3500000238418579
vt -0.23286299407482147 0.3500000238418579
vt 0 1
vt 0 0.3500000238418579
vt -0.23286299407482147 0.8999999761581421
vt -0.23286299407482147 0.8999999761581421
vt 0 0.3500000238418579
vt -0.23286299407482147 0.3500000238418579
vt -0.20000000298023224 0.5850000381469727
vt -0.8500000238418579 0.5850000381469727
vt -0.20000000298023224 0.7749999761581421
vt -0.20000000298023224 0.7749999761581421
vt -0.8500000238418579 0.5850000381469727
vt -0.8500000238418579 0.7749999761581421
vt -0.20000000298023224 0.17000001668930054
vt -0.8500000238418579 0.17000001668930054
vt -0.20000000298023224 0.36000001430511475
vt -0.20000000298023224 0.36000001430511475
vt -0.8500000238418579 0.17000001668930054
vt -0.8500000238418579 0.36000001430511475
vt -0.20000000298023224 -0.24500000476837158
vt -0.8500000238418579 -0.24500000476837158
vt -0.20000000298023224 -0.0549999475479126
vt -0.20000000298023224 -0.0549999475479126
vt -0.8500000238418579 -0.24500000476837158
vt -0.8500000238418579 -0.0549999475479126
vt -0.20000000298023224 -0.6599999666213989
vt -0.8500000238418579 -0.6599999666213989
vt -0.20000000298023224 -0.4700000286102295
vt -0.20000000298023224 -0.4700000286102295
vt -0.8500000238418579 -0.6599999666213989
vt -0.8500000238418579 -0.4700000286102295
vt -0.20000000298023224 -1.0750000476837158
vt -0.8500000238418579 -1.0750000476837158
vt -0.20000000298023224 -0.8849999904632568
vt -0.20000000298023224 -0.8849999904632568
vt -0.8500000238418579 -1.0750000476837158
vt -0.8500000238418579 -0.8849999904632568
vt -0.20000000298023224 -1.4900000095367432
vt -0.8500000238418579 -1.4900000095367432
vt -0.20000000298023224 -1.2999999523162842
vt -0.20000000298023224 -1.2999999523162842
vt -0.8500000238418579 -1.4900000095367432
vt -0.8500000238418579 -1.2999999523162842
vt -0.20000000298023224 -1.9049999713897705
vt -0.8500000238418579 -1.9049999713897705
vt -0.20000000298023224 -1.7149999141693115
vt -0.20000000298023224 -1.7149999141693115
vt -0.8500000238418579 -1.9049999713897705
vt -0.8500000238418579 -1.7149999141693115
vt -0.8443549871444702 1.5163309574127197
vt -1.0499999523162842 1.649999976158142
vt -0.8799999952316284 1.649999976158142
vt 0 1
vt 0 0.3500000238418579
vt -0.23286299407482147 0.8999999761581421
vt -0.23286299407482147 0.8999999761581421
vt 0 0.3500000238418579
vt -0.23286299407482147 0.3500000238418579
vt -0.8999999761581421 0.28377199172973633
vt -1.2999999523162842 0.28377199172973633
vt -0.8999999761581421 0.6837719678878784
vt -0.8999999761581421 0.6837719678878784
vt -1.2999999523162842 0.28377199172973633
vt -1.2999999523162842 1.3162280321121216
vt -0.8999999761581421 0.6837719678878784
vt -1.2999999523162842 1.3162280321121216
vt 0 1.3162280321121216
vt -0.8999999761581421 0.6837719678878784
vt 0 1.3162280321121216
vt -0.30000001192092896 0.6837719678878784
vt -0.30000001192092896 0.6837719678878784
vt 0 1.3162280321121216
vt 0 0.38377201557159424
vt -0.30000001192092896 0.6837719678878784
vt 0 0.38377201557159424
vt -0.30000001192092896 0.38377201557159424
vt 0.4000000059604645 -0.2999999523162842
vt -0.029999999329447746 -0.2999999523162842
vt 0.4000000059604645 1
vt 0.4000000059604645 1
vt -0.029999999329447746 -0.2999999523162842
vt -0.029999999329447746 1
vt -0.7300000190734863 1
vt 0 1
vt -0.7300000190734863 -3.8000001907348633
vt -0.7300000190734863 -3.8000001907348633
vt 0 1
vt 0 -3.8000001907348633
vt -0.20000000298023224 0.10000002384185791
vt -1.100000023841858 0.10000002384185791
vt -0.20000000298023224 0.699999988079071
vt -0.20000000298023224 0.699999988079071
vt -1.100000023841858 0.10000002384185791
vt -1.100000023841858 0.699999988079071
vt 0 0.6837719678878784
vt -1.2999999523162842 0.6837719678878784
vt -0.8999999761581421 1.3162280321121216
vt -0.8999999761581421 1.3162280321121216
vt -1.2999999523162842 0.6837719678878784
vt -1.2999999523162842 1.7162280082702637
vt -0.8999999761581421 1.3162280321121216
vt -1.2999999523162842 1.7162280082702637
vt -0.8999999761581421 1.7162280082702637
vt -0.8999999761581421 1.3162280321121216
vt -0.30000001192092896 1.3162280321121216
vt 0 0.6837719678878784
vt 0 0.6837719678878784
vt -0.30000001192092896 1.3162280321121216
vt 0 1.6162279844284058
vt 0 1.6162279844284058
vt -0.30000001192092896 1.3162280321121216
vt -0.30000001192092896 1.6162279844284058
vt 0.029999999329447746 -0.2999999523162842
vt -0.4000000059604645 -0.2999999523162842
vt 0.029999999329447746 1
vt 0.029999999329447746 1
vt -0.4000000059604645 -0.2999999523162842
vt -0.4000000059604645 1
vt -4.2059478759765625 0.10000002384185791
vt -0.21029700338840485 1
vt -0.21029700338840485 0.10000002384185791
vn 0 0.40297906035743913 0.9152091984423207
vn 0 0.40297906035743913 0.9152091984423207
vn 0 0.6245409937493359 0.7809920275691629
vn 0 0.6245409937493359 0.7809920275691629
vn 0 0.40297906035743913 0.9152091984423207
vn 0 0.6245409937493359 0.7809920275691629
vn 0 0.6245409937493359 0.7809920275691629
vn 0 0.6245409937493359 0.7809920275691629
vn 0 0.8041931501023598 0.5943680487109341
vn 0 0.8041931501023598 0.5943680487109341
vn 0 0.6245409937493359 0.7809920275691629
vn 0 0.8041931501023598 0.5943680487109341
vn 0 0.8041931501023598 0.5943680487109341
vn 0 0.8041931501023598 0.5943680487109341
vn 0 0.9298811631287264 0.3678600582536339
vn 0 0.9298811631287264 0.3678600582536339
vn 0 0.8041931501023598 0.5943680487109341
vn 0 0.9298811631287264 0.3678600582536339
vn 0 0.9298811631287264 0.3678600582536339
vn 0 0.9298811631287264 0.3678600582536339
vn 0 0.9931710866298425 0.11666701625780068
vn 0 0.9931710866298425 0.11666701625780068
vn 0 0.9298811631287264 0.3678600582536339
vn 0 0.9931710866298425 0.11666701625780068
vn 0 0.9931710866298425 0.11666701625780068
vn 0 0.9931710866298425 0.11666701625780068
vn 0 0.9898156733768331 -0.1423549533299302
vn 0 0.9898156733768331 -0.1423549533299302
vn 0 0.9931710866298425 0.11666701625780068
vn 0 0.9898156733768331 -0.1423549533299302
vn 0 0.9898156733768331 -0.1423549533299302
vn 0 0.9898156733768331 -0.1423549533299302
vn 0 0.9200401652502086 -0.39182406042300266
vn 0 0.9200401652502086 -0.39182406042300266
vn 0 0.9898156733768331 -0.1423549533299302
vn 0 0.9200401652502086 -0.39182406042300266
vn 0 0.9200401652502086 -0.39182406042300266
vn 0 0.9200401652502086 -0.39182406042300266
vn 0 0.7885270831799123 -0.6150000317819339
vn 0 0.7885270831799123 -0.6150000317819339
vn 0 0.9200401652502086 -0.39182406042300266
vn 0 0.7885270831799123 -0.6150000317819339
vn 0 0.7885270831799123 -0.6150000317819339
vn 0 0.7885270831799123 -0.6150000317819339
vn 0 0.6041008873128261 -0.7969078478392945
vn 0 0.6041008873128261 -0.7969078478392945
vn 0 0.7885270831799123 -0.6150000317819339
vn 0 0.6041008873128261 -0.7969078478392945
vn 0 0.6041008873128261 -0.7969078478392945
vn 0 0.6041008873128261 -0.7969078478392945
vn 0 0.37913684482648574 -0.9253406145279788
vn 0 0.37913684482648574 -0.9253406145279788
vn 0 0.6041008873128261 -0.7969078478392945
vn 0 0.37913684482648574 -0.9253406145279788
vn 0 0.37913684482648574 -0.9253406145279788
vn 0 0.37913684482648574 -0.9253406145279788
vn 0 0.12873204562833895 -0.9916794141396418
vn 0 0.12873204562833895 -0.9916794141396418
vn 0 0.37913684482648574 -0.9253406145279788
vn 0 0.12873204562833895 -0.9916794141396418
vn 0 0.12873204562833895 -0.9916794141396418
vn 0 0.12873204562833895 -0.9916794141396418
vn 0 -0.1303110151661396 -0.9914731662159951
vn 0 -0.1303110151661396 -0.9914731662159951
vn 0 0.12873204562833895 -0.9916794141396418
vn 0 -0.1303110151661396 -0.9914731662159951
vn 0 -0.1303110151661396 -0.9914731662159951
vn 0 -0.1303110151661396 -0.9914731662159951
vn 0 -0.38060985896821903 -0.9247357110310992
vn 0 -0.38060985896821903 -0.9247357110310992
vn 0 -0.1303110151661396 -0.9914731662159951
vn 0 -0.38060985896821903 -0.9247357110310992
vn 0 -0.38060985896821903 -0.9247357110310992
vn 0 -0.38060985896821903 -0.9247357110310992
vn 0 -0.6053689666400968 -0.7959449819108739
vn 0 -0.6053689666400968 -0.7959449819108739
vn 0 -0.38060985896821903 -0.9247357110310992
vn 0 -0.6053689666400968 -0.7959449819108739
vn 0 -0.6053689666400968 -0.7959449819108739
vn 0 -0.6053689666400968 -0.7959449819108739
vn 0 -0.7895050700960435 -0.6137440380913216
vn 0 -0.7895050700960435 -0.6137440380913216
vn 0 -0.6053689666400968 -0.7959449819108739
vn 0 -0.7895050700960435 -0.6137440380913216
vn 0 -0.7895050700960435 -0.6137440380913216
vn 0 -0.7895050700960435 -0.6137440380913216
vn 0 -0.9206631215907545 -0.3903580619671735
vn 0 -0.9206631215907545 -0.3903580619671735
vn 0 -0.7895050700960435 -0.6137440380913216
vn 0 -0.9206631215907545 -0.3903580619671735
vn 0 -0.9206631215907545 -0.3903580619671735
vn 0 -0.9206631215907545 -0.3903580619671735
vn 0 -0.9900411848648027 -0.14077802481743257
vn 0 -0.9900411848648027 -0.14077802481743257
vn 0 -0.9206631215907545 -0.3903580619671735
vn 0 -0.9900411848648027 -0.14077802481743257
vn 0 -0.9900411848648027 -0.14077802481743257
vn 0 -0.9900411848648027 -0.14077802481743257
vn 0 -0.9929839751074795 0.1182489965274484
vn 0 -0.9929839751074795 0.1182489965274484
vn 0 -0.9900411848648027 -0.14077802481743257
vn 0 -0.9929839751074795 0.1182489965274484
vn 0 -0.9929839751074795 0.1182489965274484
vn 0 -0.9929839751074795 0.1182489965274484
vn 0 -0.929293951081268 0.36934097049172043
vn 0 -0.929293951081268 0.36934097049172043
vn 0 -0.9929839751074795 0.1182489965274484
vn 0 -0.929293951081268 0.36934097049172043
vn 0 -0.929293951081268 0.36934097049172043
vn 0 -0.929293951081268 0.36934097049172043
vn 0 -0.8032453651165734 0.5956482883537422
vn 0 -0.8032453651165734 0.5956482883537422
vn 0 -0.929293951081268 0.36934097049172043
vn 0 -0.8032453651165734 0.5956482883537422
vn 0 -0.8032453651165734 0.5956482883537422
vn 0 -0.8032453651165734 0.5956482883537422
vn 0 -0.623296012172233 0.7819859853029284
vn 0 -0.623296012172233 0.7819859853029284
vn 0 -0.8032453651165734 0.5956482883537422
vn 0 -0.623296012172233 0.7819859853029284
vn 0 -0.623296012172233 0.7819859853029284
vn 0 -0.623296012172233 0.7819859853029284
vn 0 -0.4015209301186122 0.9158498472329865
vn 0 -0.4015209301186122 0.9158498472329865
vn 0 -0.623296012172233 0.7819859853029284
vn 0 -0.4015209301186122 0.9158498472329865
vn 0 0.9999996831921324 -0.0007959997705191294
vn 0 0.9999996831921324 -0.0007959997705191294
vn 0 0.9999996831921324 -0.0007959997705191294
vn 0 0.9999996831921324 -0.0007959997705191294
vn 0 0.9999996831921324 -0.0007959997705191294
vn 0 0.9999996831921324 -0.0007959997705191294
vn 0 0.22389907669222456 -0.9746123349600954
vn 0 0.47298280756888195 -0.8810716564186242
vn 0 0.22389907669222456 -0.9746123349600954
vn 0 0.22389907669222456 -0.9746123349600954
vn 0 0.47298280756888195 -0.8810716564186242
vn 0 0.47298280756888195 -0.8810716564186242
vn 0 0.47298280756888195 -0.8810716564186242
vn 0 0.47298280756888195 -0.8810716564186242
vn 0 0.6836469153167308 -0.7298129179302861
vn 0 0.47298280756888195 -0.8810716564186242
vn 0 0.6836469153167308 -0.7298129179302861
vn 0 0.6836469153167308 -0.7298129179302861
vn 0 0.6836469153167308 -0.7298129179302861
vn 0 0.6836469153167308 -0.7298129179302861
vn 0 0.8441150787188809 -0.5361620406923802
vn 0 0.6836469153167308 -0.7298129179302861
vn 0 0.8441150787188809 -0.5361620406923802
vn 0 0.8441150787188809 -0.5361620406923802
vn 0 0.8441150787188809 -0.5361620406923802
vn 0 0.8441150787188809 -0.5361620406923802
vn 0 0.9490159733043149 -0.31522798481934305
vn 0 0.8441150787188809 -0.5361620406923802
vn 0 0.9490159733043149 -0.31522798481934305
vn 0 0.9490159733043149 -0.31522798481934305
vn 0 0.9490159733043149 -0.31522798481934305
vn 0 0.9490159733043149 -0.31522798481934305
vn 0 0.996800157016952 -0.0799340163571168
vn 0 0.9490159733043149 -0.31522798481934305
vn 0 0.996800157016952 -0.0799340163571168
vn 0 0.996800157016952 -0.0799340163571168
vn 0 0.996800157016952 -0.0799340163571168
vn 0 0.996800157016952 -0.0799340163571168
vn 0 0.9873101257001046 0.15880401660551235
vn 0 0.996800157016952 -0.0799340163571168
vn 0 0.9873101257001046 0.15880401660551235
vn 0 0.9873101257001046 0.15880401660551235
vn 0 0.9873101257001046 0.15880401660551235
vn 0 0.9873101257001046 0.15880401660551235
vn 0 0.920539248573403 0.3906500887442807
vn 0 0.9873101257001046 0.15880401660551235
vn 0 0.920539248573403 0.3906500887442807
vn 0 0.920539248573403 0.3906500887442807
vn 0 0.920539248573403 0.3906500887442807
vn 0 0.920539248573403 0.3906500887442807
vn 0 0.7968888786501351 0.6041259099589505
vn 0 0.920539248573403 0.3906500887442807
vn 0 0.7968888786501351 0.6041259099589505
vn 0 0.7968888786501351 0.6041259099589505
vn 0 0.7968888786501351 0.6041259099589505
vn 0 0.7968888786501351 0.6041259099589505
vn 0 0.6188651834379284 0.7854972213371216
vn 0 0.7968888786501351 0.6041259099589505
vn 0 0.6188651834379284 0.7854972213371216
vn 0 0.6188651834379284 0.7854972213371216
vn 0 0.6188651834379284 0.7854972213371216
vn 0 0.6188651834379284 0.7854972213371216
vn 0 0.3937370429567853 0.9192231181838533
vn 0 0.6188651834379284 0.7854972213371216
vn 0 0.3937370429567853 0.9192231181838533
vn 0 0.3937370429567853 0.9192231181838533
vn 0 0.3937370429567853 0.9192231181838533
vn 0 0.3937370429567853 0.9192231181838533
vn 0 0.13574903074604833 0.9907432566772829
vn 0 0.3937370429567853 0.9192231181838533
vn 0 0.13574903074604833 0.9907432566772829
vn 0 0.13574903074604833 0.9907432566772829
vn 0 0.13574903074604833 0.9907432566772829
vn 0 0.13574903074604833 0.9907432566772829
vn 0 -0.13417003931174898 0.9909583243260455
vn 0 0.13574903074604833 0.9907432566772829
vn 0 -0.13417003931174898 0.9909583243260455
vn 0 -0.13417003931174898 0.9909583243260455
vn 0 -0.13417003931174898 0.9909583243260455
vn 0 -0.13417003931174898 0.9909583243260455
vn 0 -0.39227209814923075 0.9198492273267399
vn 0 -0.13417003931174898 0.9909583243260455
vn 0 -0.39227209814923075 0.9198492273267399
vn 0 -0.39227209814923075 0.9198492273267399
vn 0 -0.39227209814923075 0.9198492273267399
vn 0 -0.39227209814923075 0.9198492273267399
vn 0 -0.617613677479658 0.7864816243181101
vn 0 -0.39227209814923075 0.9198492273267399
vn 0 -0.617613677479658 0.7864816243181101
vn 0 -0.617613677479658 0.7864816243181101
vn 0 -0.617613677479658 0.7864816243181101
vn 0 -0.617613677479658 0.7864816243181101
vn 0 -0.7959251283007468 0.6053950694707052
vn 0 -0.617613677479658 0.7864816243181101
vn 0 -0.7959251283007468 0.6053950694707052
vn 0 -0.7959251283007468 0.6053950694707052
vn 0 -0.7959251283007468 0.6053950694707052
vn 0 -0.7959251283007468 0.6053950694707052
vn 0 -0.9199161762009618 0.39211507081952507
vn 0 -0.7959251283007468 0.6053950694707052
vn 0 -0.9199161762009618 0.39211507081952507
vn 0 -0.9199161762009618 0.39211507081952507
vn 0 -0.9199161762009618 0.39211507081952507
vn 0 -0.9199161762009618 0.39211507081952507
vn 0 -0.9870559966420923 0.1603759941290645
vn 0 -0.9199161762009618 0.39211507081952507
vn 0 -0.9870559966420923 0.1603759941290645
vn 0 -0.9870559966420923 0.1603759941290645
vn 0 -0.9870559966420923 0.1603759941290645
vn 0 -0.9870559966420923 0.1603759941290645
vn 0 -0.996926149003703 -0.07834700653277446
vn 0 -0.9870559966420923 0.1603759941290645
vn 0 -0.996926149003703 -0.07834700653277446
vn 0 -0.996926149003703 -0.07834700653277446
vn 0 -0.996926149003703 -0.07834700653277446
vn 0 -0.996926149003703 -0.07834700653277446
vn 0 -0.9495168756110149 -0.3137159589977797
vn 0 -0.996926149003703 -0.07834700653277446
vn 0 -0.9495168756110149 -0.3137159589977797
vn 0 -0.9495168756110149 -0.3137159589977797
vn 0 -0.9495168756110149 -0.3137159589977797
vn 0 -0.9495168756110149 -0.3137159589977797
vn 0 -0.8449679538026594 -0.5348169378829981
vn 0 -0.9495168756110149 -0.3137159589977797
vn 0 -0.8449679538026594 -0.5348169378829981
vn 0 -0.8449679538026594 -0.5348169378829981
vn 0 -0.8449679538026594 -0.5348169378829981
vn 0 -0.8449679538026594 -0.5348169378829981
vn 0 -0.684808264729096 -0.728723294919769
vn 0 -0.8449679538026594 -0.5348169378829981
vn 0 -0.684808264729096 -0.728723294919769
vn 0 -0.684808264729096 -0.728723294919769
vn 0 -0.684808264729096 -0.728723294919769
vn 0 -0.684808264729096 -0.728723294919769
vn 0 -0.47438521864940597 -0.8803173656852143
vn 0 -0.684808264729096 -0.728723294919769
vn 0 -0.47438521864940597 -0.8803173656852143
vn 0 -0.47438521864940597 -0.8803173656852143
vn 0 -0.47438521864940597 -0.8803173656852143
vn 0 -0.47438521864940597 -0.8803173656852143
vn 0 -0.22545088507535493 -0.9742545347180782
vn 0 -0.47438521864940597 -0.8803173656852143
vn 0 -0.22545088507535493 -0.9742545347180782
vn 0 -0.22545088507535493 -0.9742545347180782
vn 0 -0.9999996831921324 0.0007959997705191294
vn 0 -0.9999996831921324 0.0007959997705191294
vn 0 -0.9999996831921324 0.0007959997705191294
vn 0 -0.9999996831921324 0.0007959997705191294
vn 0 -0.9999996831921324 0.0007959997705191294
vn 0 -0.9999996831921324 0.0007959997705191294
vn 1 0 0
vn 1 0 0
vn 1 0 0
vn 1 0 0
vn 1 0 0
vn 1 0 0
vn 1 0 0
vn 1 0 0
vn 1 0 0
vn 1 0 0
vn 1 0 0
vn 1 0 0
vn 1 0 0
vn 1 0 0
vn 1 0 0
vn 1 0 0
vn 1 0 0
vn 1 0 0
vn 1 0 0
vn 1 0 0
vn 1 0 0
vn 1 0 0
vn 1 0 0
vn 1 0 0
vn 1 0 0
vn 1 0 0
vn 1 0 0
vn 1 0 0
vn 1 0 0
vn 1 0 0
vn 1 0 0
vn 1 0 0
vn 1 0 0
vn 1 0 0
vn 1 0 0
vn 1 0 0
vn 1 0 0
vn 1 0 0
vn 1 0 0
vn 1 0 0
vn 1 0 0
vn 1 0 0
vn 1 0 0
vn 1 0 0
vn 1 0 0
vn 1 0 0
vn 1 0 0
vn 1 0 0
vn 1 0 0
vn 1 0 0
vn 1 0 0
vn 1 0 0
vn 1 0 0
vn 1 0 0
vn 1 0 0
vn 1 0 0
vn 1 0 0
vn 1 0 0
vn 1 0 0
vn 1 0 0
vn 1 0 0
vn 1 0 0
vn 1 0 0
vn 1 0 0
vn 1 0 0
vn 1 0 0
vn 1 0 0
vn 1 0 0
vn 1 0 0
vn 1 0 0
vn 1 0 0
vn 1 0 0
vn 1 0 0
vn 1 0 0
vn 1 0 0
vn 1 0 0
vn 1 0 0
vn 1 0 0
vn 1 0 0
vn 1 0 0
vn 1 0 0
vn 1 0 0
vn 1 0 0
vn 1 0 0
vn 1 0 0
vn 1 0 0
vn 1 0 0
vn 1 0 0
vn 1 0 0
vn 1 0 0
vn 1 0 0
vn 1 0 0
vn 1 0 0
vn 1 0 0
vn 1 0 0
vn 1 0 0
vn 1 0 0
vn 1 0 0
vn 1 0 0
vn 1 0 0
vn 1 0 0
vn 1 0 0
vn 1 0 0
vn 1 0 0
vn 1 0 0
vn 1 0 0
vn 1 0 0
vn 1 0 0
vn 1 0 0
vn 1 0 0
vn 1 0 0
vn 1 0 0
vn 1 0 0
vn 1 0 0
vn 1 0 0
vn 1 0 0
vn 1 0 0
vn 1 0 0
vn 1 0 0
vn 1 0 0
vn 1 0 0
vn 1 0 0
vn 1 0 0
vn 1 0 0
vn 1 0 0
vn 1 0 0
vn 1 0 0
vn 1 0 0
vn 1 0 0
vn 1 0 0
vn 1 0 0
vn 1 0 0
vn 0 -0.9999996831921324 0.0007959997705191294
vn 0 -0.9999996831921324 0.0007959997705191294
vn 0 -0.9999996831921324 0.0007959997705191294
vn 0 -0.9999996831921324 0.0007959997705191294
vn 0 -0.9999996831921324 0.0007959997705191294
vn 0 -0.9999996831921324 0.0007959997705191294
vn 0 0.2506349156248704 0.9680816799576956
vn 0 0.2506349156248704 0.9680816799576956
vn 0 0.2506349156248704 0.9680816799576956
vn 0 0.2506349156248704 0.9680816799576956
vn 0 0.2506349156248704 0.9680816799576956
vn 0 0.2506349156248704 0.9680816799576956
vn 0 0.9999996831921324 -0.0007959997705191294
vn 0 0.9999996831921324 -0.0007959997705191294
vn 0 0.9999996831921324 -0.0007959997705191294
vn 0 0.9999996831921324 -0.0007959997705191294
vn 0 0.9999996831921324 -0.0007959997705191294
vn 0 0.9999996831921324 -0.0007959997705191294
vn 0 -0.2506349156248704 -0.9680816799576956
vn 0 -0.2506349156248704 -0.9680816799576956
vn 0 -0.2506349156248704 -0.9680816799576956
vn 0 -0.2506349156248704 -0.9680816799576956
vn 0 -0.2506349156248704 -0.9680816799576956
vn 0 -0.2506349156248704 -0.9680816799576956
vn 1 0 0
vn 1 0 0
vn 1 0 0
vn 1 0 0
vn 1 0 0
vn 1 0 0
vn 0 -0.9999996831921324 0.0007959997705191294
vn 0 -0.9999996831921324 0.0007959997705191294
vn 0 -0.9999996831921324 0.0007959997705191294
vn 0 -0.9999996831921324 0.0007959997705191294
vn 0 -0.9999996831921324 0.0007959997705191294
vn 0 -0.9999996831921324 0.0007959997705191294
vn 0 0.2506349156248704 0.9680816799576956
vn 0 0.2506349156248704 0.9680816799576956
vn 0 0.2506349156248704 0.9680816799576956
vn 0 0.2506349156248704 0.9680816799576956
vn 0 0.2506349156248704 0.9680816799576956
vn 0 0.2506349156248704 0.9680816799576956
vn 0 0.9999996831921324 -0.0007959997705191294
vn 0 0.9999996831921324 -0.0007959997705191294
vn 0 0.9999996831921324 -0.0007959997705191294
vn 0 0.9999996831921324 -0.0007959997705191294
vn 0 0.9999996831921324 -0.0007959997705191294
vn 0 0.9999996831921324 -0.0007959997705191294
vn 0 -0.2506349156248704 -0.9680816799576956
vn 0 -0.2506349156248704 -0.9680816799576956
vn 0 -0.2506349156248704 -0.9680816799576956
vn 0 -0.2506349156248704 -0.9680816799576956
vn 0 -0.2506349156248704 -0.9680816799576956
vn 0 -0.2506349156248704 -0.9680816799576956
vn 1 0 0
vn 1 0 0
vn 1 0 0
vn 1 0 0
vn 1 0 0
vn 1 0 0
vn 0 -0.9999996831921324 0.0007959997705191294
vn 0 -0.9999996831921324 0.0007959997705191294
vn 0 -0.9999996831921324 0.0007959997705191294
vn 0 -0.9999996831921324 0.0007959997705191294
vn 0 -0.9999996831921324 0.0007959997705191294
vn 0 -0.9999996831921324 0.0007959997705191294
vn 0 0.2506349156248704 0.9680816799576956
vn 0 0.2506349156248704 0.9680816799576956
vn 0 0.2506349156248704 0.9680816799576956
vn 0 0.2506349156248704 0.9680816799576956
vn 0 0.2506349156248704 0.9680816799576956
vn 0 0.2506349156248704 0.9680816799576956
vn 0 0.9999996831921324 -0.0007959997705191294
vn 0 0.9999996831921324 -0.0007959997705191294
vn 0 0.9999996831921324 -0.0007959997705191294
vn 0 0.9999996831921324 -0.0007959997705191294
vn 0 0.9999996831921324 -0.0007959997705191294
vn 0 0.9999996831921324 -0.0007959997705191294
vn 0 -0.2506349156248704 -0.9680816799576956
vn 0 -0.2506349156248704 -0.9680816799576956
vn 0 -0.2506349156248704 -0.9680816799576956
vn 0 -0.2506349156248704 -0.9680816799576956
vn 0 -0.2506349156248704 -0.9680816799576956
vn 0 -0.2506349156248704 -0.9680816799576956
vn 1 0 0
vn 1 0 0
vn 1 0 0
vn 1 0 0
vn 1 0 0
vn 1 0 0
vn 0 -0.2506349156248704 -0.9680816799576956
vn 0 -0.2506349156248704 -0.9680816799576956
vn 0 -0.2506349156248704 -0.9680816799576956
vn 0 -0.2506349156248704 -0.9680816799576956
vn 0 -0.2506349156248704 -0.9680816799576956
vn 0 -0.2506349156248704 -0.9680816799576956
vn 0 -0.9999996831921324 0.0007959997705191294
vn 0 -0.9999996831921324 0.0007959997705191294
vn 0 -0.9999996831921324 0.0007959997705191294
vn 0 -0.9999996831921324 0.0007959997705191294
vn 0 -0.9999996831921324 0.0007959997705191294
vn 0 -0.9999996831921324 0.0007959997705191294
vn 0 0.2506349156248704 0.9680816799576956
vn 0 0.2506349156248704 0.9680816799576956
vn 0 0.2506349156248704 0.9680816799576956
vn 0 0.2506349156248704 0.9680816799576956
vn 0 0.2506349156248704 0.9680816799576956
vn 0 0.2506349156248704 0.9680816799576956
vn 0 0.9999996831921324 -0.0007959997705191294
vn 0 0.9999996831921324 -0.0007959997705191294
vn 0 0.9999996831921324 -0.0007959997705191294
vn 0 0.9999996831921324 -0.0007959997705191294
vn 0 0.9999996831921324 -0.0007959997705191294
vn 0 0.9999996831921324 -0.0007959997705191294
vn 1 0 0
vn 1 0 0
vn 1 0 0
vn 1 0 0
vn 1 0 0
vn 1 0 0
vn 0.5449879273918834 0 0.8384438913827803
vn 0.5449879273918834 0 0.8384438913827803
vn 0.5449879273918834 0 0.8384438913827803
vn 0.5449879273918834 0 0.8384438913827803
vn 0.5449879273918834 0 0.8384438913827803
vn 0.5449879273918834 0 0.8384438913827803
vn -0.5449879273918834 0 -0.8384438913827803
vn -0.5449879273918834 0 -0.8384438913827803
vn -0.5449879273918834 0 -0.8384438913827803
vn -0.5449879273918834 0 -0.8384438913827803
vn -0.5449879273918834 0 -0.8384438913827803
vn -0.5449879273918834 0 -0.8384438913827803
vn 0.831539947012171 0 -0.5554649552609021
vn 0.831539947012171 0 -0.5554649552609021
vn 0.831539947012171 0 -0.5554649552609021
vn 0.831539947012171 0 -0.5554649552609021
vn 0.831539947012171 0 -0.5554649552609021
vn 0.831539947012171 0 -0.5554649552609021
vn -0.831539947012171 0 0.5554649552609021
vn -0.831539947012171 0 0.5554649552609021
vn -0.831539947012171 0 0.5554649552609021
vn -0.831539947012171 0 0.5554649552609021
vn -0.831539947012171 0 0.5554649552609021
vn -0.831539947012171 0 0.5554649552609021
vn 0.831539947012171 0 -0.5554649552609021
vn 0.831539947012171 0 -0.5554649552609021
vn 0.831539947012171 0 -0.5554649552609021
vn 0.831539947012171 0 -0.5554649552609021
vn 0.831539947012171 0 -0.5554649552609021
vn 0.831539947012171 0 -0.5554649552609021
vn -0.831539947012171 0 0.5554649552609021
vn -0.831539947012171 0 0.5554649552609021
vn -0.831539947012171 0 0.5554649552609021
vn -0.831539947012171 0 0.5554649552609021
vn -0.831539947012171 0 0.5554649552609021
vn -0.831539947012171 0 0.5554649552609021
vn 0.8384438913827803 0 -0.5449879273918834
vn 0.8384438913827803 0 -0.5449879273918834
vn 0.8384438913827803 0 -0.5449879273918834
vn 0.8384438913827803 0 -0.5449879273918834
vn 0.8384438913827803 0 -0.5449879273918834
vn 0.8384438913827803 0 -0.5449879273918834
vn -0.8384438913827803 0 0.5449879273918834
vn -0.8384438913827803 0 0.5449879273918834
vn -0.8384438913827803 0 0.5449879273918834
vn -0.8384438913827803 0 0.5449879273918834
vn -0.8384438913827803 0 0.5449879273918834
vn -0.8384438913827803 0 0.5449879273918834
vn -0.5449879273918834 0 -0.8384438913827803
vn -0.5449879273918834 0 -0.8384438913827803
vn -0.5449879273918834 0 -0.8384438913827803
vn -0.5449879273918834 0 -0.8384438913827803
vn -0.5449879273918834 0 -0.8384438913827803
vn -0.5449879273918834 0 -0.8384438913827803
vn -0.8384438913827803 0 0.5449879273918834
vn -0.8384438913827803 0 0.5449879273918834
vn -0.8384438913827803 0 0.5449879273918834
vn -0.8384438913827803 0 0.5449879273918834
vn -0.8384438913827803 0 0.5449879273918834
vn -0.8384438913827803 0 0.5449879273918834
vn -0.5449879273918834 0 -0.8384438913827803
vn -0.5449879273918834 0 -0.8384438913827803
vn -0.5449879273918834 0 -0.8384438913827803
vn -0.5449879273918834 0 -0.8384438913827803
vn -0.5449879273918834 0 -0.8384438913827803
vn -0.5449879273918834 0 -0.8384438913827803
vn 0.5449879273918834 0 0.8384438913827803
vn 0.5449879273918834 0 0.8384438913827803
vn 0.5449879273918834 0 0.8384438913827803
vn 0.5449879273918834 0 0.8384438913827803
vn 0.5449879273918834 0 0.8384438913827803
vn 0.5449879273918834 0 0.8384438913827803
vn 0.8384438913827803 0 -0.5449879273918834
vn 0.8384438913827803 0 -0.5449879273918834
vn 0.8384438913827803 0 -0.5449879273918834
vn 0.8384438913827803 0 -0.5449879273918834
vn 0.8384438913827803 0 -0.5449879273918834
vn 0.8384438913827803 0 -0.5449879273918834
vn -0.8384438913827803 0 0.5449879273918834
vn -0.8384438913827803 0 0.5449879273918834
vn -0.8384438913827803 0 0.5449879273918834
vn -0.8384438913827803 0 0.5449879273918834
vn -0.8384438913827803 0 0.5449879273918834
vn -0.8384438913827803 0 0.5449879273918834
vn 0.5449879273918834 0 0.8384438913827803
vn 0.5449879273918834 0 0.8384438913827803
vn 0.5449879273918834 0 0.8384438913827803
vn 0.5449879273918834 0 0.8384438913827803
vn 0.5449879273918834 0 0.8384438913827803
vn 0.5449879273918834 0 0.8384438913827803
vn -0.5449879273918834 0 -0.8384438913827803
vn -0.5449879273918834 0 -0.8384438913827803
vn -0.5449879273918834 0 -0.8384438913827803
vn -0.5449879273918834 0 -0.8384438913827803
vn -0.5449879273918834 0 -0.8384438913827803
vn -0.5449879273918834 0 -0.8384438913827803
vn 0.5449879273918834 0 0.8384438913827803
vn 0.5449879273918834 0 0.8384438913827803
vn 0.5449879273918834 0 0.8384438913827803
vn 0.5449879273918834 0 0.8384438913827803
vn 0.5449879273918834 0 0.8384438913827803
vn 0.5449879273918834 0 0.8384438913827803
vn -0.5449879273918834 0 -0.8384438913827803
vn -0.5449879273918834 0 -0.8384438913827803
vn -0.5449879273918834 0 -0.8384438913827803
vn -0.5449879273918834 0 -0.8384438913827803
vn -0.5449879273918834 0 -0.8384438913827803
vn -0.5449879273918834 0 -0.8384438913827803
vn 0.5449879273918834 0 0.8384438913827803
vn 0.5449879273918834 0 0.8384438913827803
vn 0.5449879273918834 0 0.8384438913827803
vn 0.5449879273918834 0 0.8384438913827803
vn 0.5449879273918834 0 0.8384438913827803
vn 0.5449879273918834 0 0.8384438913827803
vn -0.5449879273918834 0 -0.8384438913827803
vn -0.5449879273918834 0 -0.8384438913827803
vn -0.5449879273918834 0 -0.8384438913827803
vn -0.5449879273918834 0 -0.8384438913827803
vn -0.5449879273918834 0 -0.8384438913827803
vn -0.5449879273918834 0 -0.8384438913827803
vn 0.5449879273918834 0 0.8384438913827803
vn 0.5449879273918834 0 0.8384438913827803
vn 0.5449879273918834 0 0.8384438913827803
vn 0.5449879273918834 0 0.8384438913827803
vn 0.5449879273918834 0 0.8384438913827803
vn 0.5449879273918834 0 0.8384438913827803
vn -0.5449879273918834 0 -0.8384438913827803
vn -0.5449879273918834 0 -0.8384438913827803
vn -0.5449879273918834 0 -0.8384438913827803
vn -0.5449879273918834 0 -0.8384438913827803
vn -0.5449879273918834 0 -0.8384438913827803
vn -0.5449879273918834 0 -0.8384438913827803
vn 0.5449879273918834 0 0.8384438913827803
vn 0.5449879273918834 0 0.8384438913827803
vn 0.5449879273918834 0 0.8384438913827803
vn 0.5449879273918834 0 0.8384438913827803
vn 0.5449879273918834 0 0.8384438913827803
vn 0.5449879273918834 0 0.8384438913827803
vn -0.5449879273918834 0 -0.8384438913827803
vn -0.5449879273918834 0 -0.8384438913827803
vn -0.5449879273918834 0 -0.8384438913827803
vn -0.5449879273918834 0 -0.8384438913827803
vn -0.5449879273918834 0 -0.8384438913827803
vn -0.5449879273918834 0 -0.8384438913827803
vn 0.831539947012171 0 -0.5554649552609021
vn 0.831539947012171 0 -0.5554649552609021
vn 0.831539947012171 0 -0.5554649552609021
vn 0.831539947012171 0 -0.5554649552609021
vn 0.831539947012171 0 -0.5554649552609021
vn 0.831539947012171 0 -0.5554649552609021
vn 0.5449879273918834 0 0.8384438913827803
vn 0.5449879273918834 0 0.8384438913827803
vn 0.5449879273918834 0 0.8384438913827803
vn 0.5449879273918834 0 0.8384438913827803
vn 0.5449879273918834 0 0.8384438913827803
vn 0.5449879273918834 0 0.8384438913827803
vn -0.5449879273918834 0 -0.8384438913827803
vn -0.5449879273918834 0 -0.8384438913827803
vn -0.5449879273918834 0 -0.8384438913827803
vn -0.5449879273918834 0 -0.8384438913827803
vn -0.5449879273918834 0 -0.8384438913827803
vn -0.5449879273918834 0 -0.8384438913827803
vn 0.831539947012171 0 -0.5554649552609021
vn 0.831539947012171 0 -0.5554649552609021
vn 0.831539947012171 0 -0.5554649552609021
vn 0.831539947012171 0 -0.5554649552609021
vn 0.831539947012171 0 -0.5554649552609021
vn 0.831539947012171 0 -0.5554649552609021
vn -0.831539947012171 0 0.5554649552609021
vn -0.831539947012171 0 0.5554649552609021
vn -0.831539947012171 0 0.5554649552609021
vn -0.831539947012171 0 0.5554649552609021
vn -0.831539947012171 0 0.5554649552609021
vn -0.831539947012171 0 0.5554649552609021
vn -0.831539947012171 0 0.5554649552609021
vn -0.831539947012171 0 0.5554649552609021
vn -0.831539947012171 0 0.5554649552609021
vn -0.831539947012171 0 0.5554649552609021
vn -0.831539947012171 0 0.5554649552609021
vn -0.831539947012171 0 0.5554649552609021
vn 0.5449879273918834 0 0.8384438913827803
vn 0.5449879273918834 0 0.8384438913827803
vn 0.5449879273918834 0 0.8384438913827803
vn 0.5449879273918834 0 0.8384438913827803
vn 0.5449879273918834 0 0.8384438913827803
vn 0.5449879273918834 0 0.8384438913827803
vn -0.5449879273918834 0 -0.8384438913827803
vn -0.5449879273918834 0 -0.8384438913827803
vn -0.5449879273918834 0 -0.8384438913827803
vn -0.5449879273918834 0 -0.8384438913827803
vn -0.5449879273918834 0 -0.8384438913827803
vn -0.5449879273918834 0 -0.8384438913827803
vn 0.5449879273918834 0 0.8384438913827803
vn 0.5449879273918834 0 0.8384438913827803
vn 0.5449879273918834 0 0.8384438913827803
vn 0.5449879273918834 0 0.8384438913827803
vn 0.5449879273918834 0 0.8384438913827803
vn 0.5449879273918834 0 0.8384438913827803
vn 0.5449879273918834 0 0.8384438913827803
vn 0.5449879273918834 0 0.8384438913827803
vn 0.5449879273918834 0 0.8384438913827803
vn 0.5449879273918834 0 0.8384438913827803
vn 0.5449879273918834 0 0.8384438913827803
vn 0.5449879273918834 0 0.8384438913827803
vn 0.5449879273918834 0 0.8384438913827803
vn 0.5449879273918834 0 0.8384438913827803
vn 0.5449879273918834 0 0.8384438913827803
vn 0.5449879273918834 0 0.8384438913827803
vn 0.5449879273918834 0 0.8384438913827803
vn 0.5449879273918834 0 0.8384438913827803
vn 1 0 0
vn 1 0 0
vn 1 0 0
vn 1 0 0
vn 1 0 0
vn 1 0 0
vn 1 0 0
vn 1 0 0
vn 1 0 0
vn 1 0 0
vn 1 0 0
vn 1 0 0
vn 1 0 0
vn 1 0 0
vn 1 0 0
vn 1 0 0
vn 1 0 0
vn 1 0 0
vn 0 0 -1
vn 0 0 -1
vn 0 0 -1
vn 0 0 -1
vn 0 0 -1
vn 0 0 -1
vn 0 0 -1
vn 0 0 -1
vn 0 0 -1
vn 0 0 -1
vn 0 0 -1
vn 0 0 -1
vn 0 0 -1
vn 0 0 -1
vn 0 0 -1
vn 0 0 -1
vn 0 0 -1
vn 0 0 -1
vn 0 0 -1
vn 0 0 -1
vn 0 0 -1
vn 0 0 -1
vn 0 0 -1
vn 0 0 -1
vn 0 0 -1
vn 0 0 -1
vn 0 0 -1
vn 0 0 -1
vn 0 0 -1
vn 0 0 -1
vn 0 0 -1
vn 0 0 -1
vn 0 0 -1
vn 0 0 -1
vn 0 0 -1
vn 0 0 -1
vn -0.23433899157086335 0 -0.9721549449699626
vn -0.23433899157086335 0 -0.9721549449699626
vn -0.013757004901734452 0 -0.9999053679304526
vn -0.013757004901734452 0 -0.9999053679304526
vn -0.23433899157086335 0 -0.9721549449699626
vn -0.013757004901734452 0 -0.9999053679304526
vn -0.013757004901734452 0 -0.9999053679304526
vn -0.013757004901734452 0 -0.9999053679304526
vn 0.20750403421575536 0 -0.9782341620410661
vn 0.20750403421575536 0 -0.9782341620410661
vn -0.013757004901734452 0 -0.9999053679304526
vn 0.20750403421575536 0 -0.9782341620410661
vn 0.20750403421575536 0 -0.9782341620410661
vn 0.20750403421575536 0 -0.9782341620410661
vn 0.4185100443074889 0 -0.908212168391144
vn 0.4185100443074889 0 -0.908212168391144
vn 0.20750403421575536 0 -0.9782341620410661
vn 0.4185100443074889 0 -0.908212168391144
vn 0.4185100443074889 0 -0.908212168391144
vn 0.4185100443074889 0 -0.908212168391144
vn 0.6088292612819388 0 -0.7933012861497759
vn 0.6088292612819388 0 -0.7933012861497759
vn 0.4185100443074889 0 -0.908212168391144
vn 0.6088292612819388 0 -0.7933012861497759
vn -0.7933012861497759 0 -0.6088292612819388
vn -0.7933012861497759 0 -0.6088292612819388
vn -0.908212168391144 0 -0.4185100443074889
vn -0.908212168391144 0 -0.4185100443074889
vn -0.7933012861497759 0 -0.6088292612819388
vn -0.908212168391144 0 -0.4185100443074889
vn -0.908212168391144 0 -0.4185100443074889
vn -0.908212168391144 0 -0.4185100443074889
vn -0.9782341620410661 0 -0.20750403421575536
vn -0.9782341620410661 0 -0.20750403421575536
vn -0.908212168391144 0 -0.4185100443074889
vn -0.9782341620410661 0 -0.20750403421575536
vn -0.9782341620410661 0 -0.20750403421575536
vn -0.9782341620410661 0 -0.20750403421575536
vn -0.9999053679304526 0 0.013757004901734452
vn -0.9999053679304526 0 0.013757004901734452
vn -0.9782341620410661 0 -0.20750403421575536
vn -0.9999053679304526 0 0.013757004901734452
vn -0.9999053679304526 0 0.013757004901734452
vn -0.9999053679304526 0 0.013757004901734452
vn -0.9721549449699626 0 0.23433899157086335
vn -0.9721549449699626 0 0.23433899157086335
vn -0.9999053679304526 0 0.013757004901734452
vn -0.9721549449699626 0 0.23433899157086335
vn 0.23433899157086335 0 0.9721549449699626
vn 0.23433899157086335 0 0.9721549449699626
vn 0.013757004901734452 0 0.9999053679304526
vn 0.013757004901734452 0 0.9999053679304526
vn 0.23433899157086335 0 0.9721549449699626
vn 0.013757004901734452 0 0.9999053679304526
vn 0.013757004901734452 0 0.9999053679304526
vn 0.013757004901734452 0 0.9999053679304526
vn -0.20750403421575536 0 0.9782341620410661
vn -0.20750403421575536 0 0.9782341620410661
vn 0.013757004901734452 0 0.9999053679304526
vn -0.20750403421575536 0 0.9782341620410661
vn -0.20750403421575536 0 0.9782341620410661
vn -0.20750403421575536 0 0.9782341620410661
vn -0.4185100443074889 0 0.908212168391144
vn -0.4185100443074889 0 0.908212168391144
vn -0.20750403421575536 0 0.9782341620410661
vn -0.4185100443074889 0 0.908212168391144
vn -0.4185100443074889 0 0.908212168391144
vn -0.4185100443074889 0 0.908212168391144
vn -0.6088292612819388 0 0.7933012861497759
vn -0.6088292612819388 0 0.7933012861497759
vn -0.4185100443074889 0 0.908212168391144
vn -0.6088292612819388 0 0.7933012861497759
vn 0.7933012861497759 0 0.6088292612819388
vn 0.7933012861497759 0 0.6088292612819388
vn 0.908212168391144 0 0.4185100443074889
vn 0.908212168391144 0 0.4185100443074889
vn 0.7933012861497759 0 0.6088292612819388
vn 0.908212168391144 0 0.4185100443074889
vn 0.908212168391144 0 0.4185100443074889
vn 0.908212168391144 0 0.4185100443074889
vn 0.9782341620410661 0 0.20750403421575536
vn 0.9782341620410661 0 0.20750403421575536
vn 0.908212168391144 0 0.4185100443074889
vn 0.9782341620410661 0 0.20750403421575536
vn 0.9782341620410661 0 0.20750403421575536
vn 0.9782341620410661 0 0.20750403421575536
vn 0.9999053679304526 0 -0.013757004901734452
vn 0.9999053679304526 0 -0.013757004901734452
vn 0.9782341620410661 0 0.20750403421575536
vn 0.9999053679304526 0 -0.013757004901734452
vn 0.9999053679304526 0 -0.013757004901734452
vn 0.9999053679304526 0 -0.013757004901734452
vn 0.9721549449699626 0 -0.23433899157086335
vn 0.9721549449699626 0 -0.23433899157086335
vn 0.9999053679304526 0 -0.013757004901734452
vn 0.9721549449699626 0 -0.23433899157086335
vn -1 0 0
vn -1 0 0
vn -1 0 0
vn -1 0 0
vn -1 0 0
vn -1 0 0
vn -1 0 0
vn -1 0 0
vn -1 0 0
vn -1 0 0
vn -1 0 0
vn -1 0 0
vn -1 0 0
vn -1 0 0
vn -1 0 0
vn -1 0 0
vn -1 0 0
vn -1 0 0
vn -0.9721549449699626 0 0.23433899157086335
vn -0.9721549449699626 0 0.23433899157086335
vn -0.9998572861326904 0 0.01689400388810155
vn -0.9998572861326904 0 0.01689400388810155
vn -0.9721549449699626 0 0.23433899157086335
vn -0.9998572861326904 0 0.01689400388810155
vn -0.9998572861326904 0 0.01689400388810155
vn -0.9998572861326904 0 0.01689400388810155
vn -0.9795166997252017 0 -0.20136294336210156
vn -0.9795166997252017 0 -0.20136294336210156
vn -0.9998572861326904 0 0.01689400388810155
vn -0.9795166997252017 0 -0.20136294336210156
vn -0.9795166997252017 0 -0.20136294336210156
vn -0.9795166997252017 0 -0.20136294336210156
vn -0.9121102004935523 0 -0.4099450965136818
vn -0.9121102004935523 0 -0.4099450965136818
vn -0.9795166997252017 0 -0.20136294336210156
vn -0.9121102004935523 0 -0.4099450965136818
vn -0.9121102004935523 0 -0.4099450965136818
vn -0.9121102004935523 0 -0.4099450965136818
vn -0.800877405418448 0 -0.5988283405870293
vn -0.800877405418448 0 -0.5988283405870293
vn -0.9121102004935523 0 -0.4099450965136818
vn -0.800877405418448 0 -0.5988283405870293
vn 0.6088292612819388 0 -0.7933012861497759
vn 0.6088292612819388 0 -0.7933012861497759
vn 0.41565882674815063 0 -0.9095206098524382
vn 0.41565882674815063 0 -0.9095206098524382
vn 0.6088292612819388 0 -0.7933012861497759
vn 0.41565882674815063 0 -0.9095206098524382
vn 0.41565882674815063 0 -0.9095206098524382
vn 0.41565882674815063 0 -0.9095206098524382
vn 0.20136294336210156 0 -0.9795166997252017
vn 0.20136294336210156 0 -0.9795166997252017
vn 0.41565882674815063 0 -0.9095206098524382
vn 0.20136294336210156 0 -0.9795166997252017
vn 0.20136294336210156 0 -0.9795166997252017
vn 0.20136294336210156 0 -0.9795166997252017
vn -0.02316599275500058 0 -0.9997316323792478
vn -0.02316599275500058 0 -0.9997316323792478
vn 0.20136294336210156 0 -0.9795166997252017
vn -0.02316599275500058 0 -0.9997316323792478
vn -0.02316599275500058 0 -0.9997316323792478
vn -0.02316599275500058 0 -0.9997316323792478
vn -0.24651710583253242 0 -0.9691384403334499
vn -0.24651710583253242 0 -0.9691384403334499
vn -0.02316599275500058 0 -0.9997316323792478
vn -0.24651710583253242 0 -0.9691384403334499
vn 0.800877405418448 0 0.5988283405870293
vn 0.800877405418448 0 0.5988283405870293
vn 0.9121102004935523 0 0.4099450965136818
vn 0.9121102004935523 0 0.4099450965136818
vn 0.800877405418448 0 0.5988283405870293
vn 0.9121102004935523 0 0.4099450965136818
vn 0.9121102004935523 0 0.4099450965136818
vn 0.9121102004935523 0 0.4099450965136818
vn 0.9795166997252017 0 0.20136294336210156
vn 0.9795166997252017 0 0.20136294336210156
vn 0.9121102004935523 0 0.4099450965136818
vn 0.9795166997252017 0 0.20136294336210156
vn 0.9795166997252017 0 0.20136294336210156
vn 0.9795166997252017 0 0.20136294336210156
vn 0.9998572861326904 0 -0.01689400388810155
vn 0.9998572861326904 0 -0.01689400388810155
vn 0.9795166997252017 0 0.20136294336210156
vn 0.9998572861326904 0 -0.01689400388810155
vn 0.9998572861326904 0 -0.01689400388810155
vn 0.9998572861326904 0 -0.01689400388810155
vn 0.9721549449699626 0 -0.23433899157086335
vn 0.9721549449699626 0 -0.23433899157086335
vn 0.9998572861326904 0 -0.01689400388810155
vn 0.9721549449699626 0 -0.23433899157086335
vn -0.6088292612819388 0 0.7933012861497759
vn -0.6088292612819388 0 0.7933012861497759
vn -0.39713423708787216 0 0.9177605339807513
vn -0.39713423708787216 0 0.9177605339807513
vn -0.6088292612819388 0 0.7933012861497759
vn -0.39713423708787216 0 0.9177605339807513
vn -0.39713423708787216 0 0.9177605339807513
vn -0.39713423708787216 0 0.9177605339807513
vn -0.161490052613352 0 0.9868743399779614
vn -0.161490052613352 0 0.9868743399779614
vn -0.39713423708787216 0 0.9177605339807513
vn -0.161490052613352 0 0.9868743399779614
vn -0.161490052613352 0 0.9868743399779614
vn -0.161490052613352 0 0.9868743399779614
vn 0.08389298586155224 0 0.9964747698377683
vn 0.08389298586155224 0 0.9964747698377683
vn -0.161490052613352 0 0.9868743399779614
vn 0.08389298586155224 0 0.9964747698377683
vn 0.08389298586155224 0 0.9964747698377683
vn 0.08389298586155224 0 0.9964747698377683
vn 0.32421602385117343 0 0.9459830706086315
vn 0.32421602385117343 0 0.9459830706086315
vn 0.08389298586155224 0 0.9964747698377683
vn 0.32421602385117343 0 0.9459830706086315
vn 0.32421602385117343 0 0.9459830706086315
vn 0.32421602385117343 0 0.9459830706086315
vn 0.5449879273918834 0 0.8384438913827803
vn 0.5449879273918834 0 0.8384438913827803
vn 0.32421602385117343 0 0.9459830706086315
vn 0.5449879273918834 0 0.8384438913827803
vn 0.5449879273918834 0 0.8384438913827803
vn 0.5449879273918834 0 0.8384438913827803
vn 0.7328948840444758 0 0.680341891214582
vn 0.7328948840444758 0 0.680341891214582
vn 0.5449879273918834 0 0.8384438913827803
vn 0.7328948840444758 0 0.680341891214582
vn 0.7328948840444758 0 0.680341891214582
vn 0.7328948840444758 0 0.680341891214582
vn 0.8766042059423402 0 0.4812120801935453
vn 0.8766042059423402 0 0.4812120801935453
vn 0.7328948840444758 0 0.680341891214582
vn 0.8766042059423402 0 0.4812120801935453
vn 0.8766042059423402 0 0.4812120801935453
vn 0.8766042059423402 0 0.4812120801935453
vn 0.9674498167817202 0 0.25306294080527886
vn 0.9674498167817202 0 0.25306294080527886
vn 0.8766042059423402 0 0.4812120801935453
vn 0.9674498167817202 0 0.25306294080527886
vn 0.9674498167817202 0 0.25306294080527886
vn 0.9674498167817202 0 0.25306294080527886
vn 0.9999534086673562 0 0.009653004430512126
vn 0.9999534086673562 0 0.009653004430512126
vn 0.9674498167817202 0 0.25306294080527886
vn 0.9999534086673562 0 0.009653004430512126
vn 0.9999534086673562 0 0.009653004430512126
vn 0.9999534086673562 0 0.009653004430512126
vn 0.9721549449699626 0 -0.23433899157086335
vn 0.9721549449699626 0 -0.23433899157086335
vn 0.9999534086673562 0 0.009653004430512126
vn 0.9721549449699626 0 -0.23433899157086335
vn -0.9721549449699626 0 0.23433899157086335
vn -0.9721549449699626 0 0.23433899157086335
vn -0.9999534086673562 0 -0.009653004430512126
vn -0.9999534086673562 0 -0.009653004430512126
vn -0.9721549449699626 0 0.23433899157086335
vn -0.9999534086673562 0 -0.009653004430512126
vn -0.9999534086673562 0 -0.009653004430512126
vn -0.9999534086673562 0 -0.009653004430512126
vn -0.9674498167817202 0 -0.25306294080527886
vn -0.9674498167817202 0 -0.25306294080527886
vn -0.9999534086673562 0 -0.009653004430512126
vn -0.9674498167817202 0 -0.25306294080527886
vn -0.9674498167817202 0 -0.25306294080527886
vn -0.9674498167817202 0 -0.25306294080527886
vn -0.8766042059423402 0 -0.4812120801935453
vn -0.8766042059423402 0 -0.4812120801935453
vn -0.9674498167817202 0 -0.25306294080527886
vn -0.8766042059423402 0 -0.4812120801935453
vn -0.8766042059423402 0 -0.4812120801935453
vn -0.8766042059423402 0 -0.4812120801935453
vn -0.7328948840444758 0 -0.680341891214582
vn -0.7328948840444758 0 -0.680341891214582
vn -0.8766042059423402 0 -0.4812120801935453
vn -0.7328948840444758 0 -0.680341891214582
vn -0.7328948840444758 0 -0.680341891214582
vn -0.7328948840444758 0 -0.680341891214582
vn -0.5449879273918834 0 -0.8384438913827803
vn -0.5449879273918834 0 -0.8384438913827803
vn -0.7328948840444758 0 -0.680341891214582
vn -0.5449879273918834 0 -0.8384438913827803
vn -0.5449879273918834 0 -0.8384438913827803
vn -0.5449879273918834 0 -0.8384438913827803
vn -0.32421602385117343 0 -0.9459830706086315
vn -0.32421602385117343 0 -0.9459830706086315
vn -0.5449879273918834 0 -0.8384438913827803
vn -0.32421602385117343 0 -0.9459830706086315
vn -0.32421602385117343 0 -0.9459830706086315
vn -0.32421602385117343 0 -0.9459830706086315
vn -0.08389298586155224 0 -0.9964747698377683
vn -0.08389298586155224 0 -0.9964747698377683
vn -0.32421602385117343 0 -0.9459830706086315
vn -0.08389298586155224 0 -0.9964747698377683
vn -0.08389298586155224 0 -0.9964747698377683
vn -0.08389298586155224 0 -0.9964747698377683
vn 0.161490052613352 0 -0.9868743399779614
vn 0.161490052613352 0 -0.9868743399779614
vn -0.08389298586155224 0 -0.9964747698377683
vn 0.161490052613352 0 -0.9868743399779614
vn 0.161490052613352 0 -0.9868743399779614
vn 0.161490052613352 0 -0.9868743399779614
vn 0.39713423708787216 0 -0.9177605339807513
vn 0.39713423708787216 0 -0.9177605339807513
vn 0.161490052613352 0 -0.9868743399779614
vn 0.39713423708787216 0 -0.9177605339807513
vn 0.39713423708787216 0 -0.9177605339807513
vn 0.39713423708787216 0 -0.9177605339807513
vn 0.6088292612819388 0 -0.7933012861497759
vn 0.6088292612819388 0 -0.7933012861497759
vn 0.39713423708787216 0 -0.9177605339807513
vn 0.6088292612819388 0 -0.7933012861497759
vn 0.6088292612819388 0 -0.7933012861497759
vn 0.6088292612819388 0 -0.7933012861497759
vn 0.39713423708787216 0 -0.9177605339807513
vn 0.39713423708787216 0 -0.9177605339807513
vn 0.6088292612819388 0 -0.7933012861497759
vn 0.39713423708787216 0 -0.9177605339807513
vn 0.39713423708787216 0 -0.9177605339807513
vn 0.39713423708787216 0 -0.9177605339807513
vn 0.161490052613352 0 -0.9868743399779614
vn 0.161490052613352 0 -0.9868743399779614
vn 0.39713423708787216 0 -0.9177605339807513
vn 0.161490052613352 0 -0.9868743399779614
vn 0.161490052613352 0 -0.9868743399779614
vn 0.161490052613352 0 -0.9868743399779614
vn -0.08389298586155224 0 -0.9964747698377683
vn -0.08389298586155224 0 -0.9964747698377683
vn 0.161490052613352 0 -0.9868743399779614
vn -0.08389298586155224 0 -0.9964747698377683
vn -0.08389298586155224 0 -0.9964747698377683
vn -0.08389298586155224 0 -0.9964747698377683
vn -0.32421602385117343 0 -0.9459830706086315
vn -0.32421602385117343 0 -0.9459830706086315
vn -0.08389298586155224 0 -0.9964747698377683
vn -0.32421602385117343 0 -0.9459830706086315
vn -0.32421602385117343 0 -0.9459830706086315
vn -0.32421602385117343 0 -0.9459830706086315
vn -0.5449879273918834 0 -0.8384438913827803
vn -0.5449879273918834 0 -0.8384438913827803
vn -0.32421602385117343 0 -0.9459830706086315
vn -0.5449879273918834 0 -0.8384438913827803
vn -0.5449879273918834 0 -0.8384438913827803
vn -0.5449879273918834 0 -0.8384438913827803
vn -0.7328948840444758 0 -0.680341891214582
vn -0.7328948840444758 0 -0.680341891214582
vn -0.5449879273918834 0 -0.8384438913827803
vn -0.7328948840444758 0 -0.680341891214582
vn -0.7328948840444758 0 -0.680341891214582
vn -0.7328948840444758 0 -0.680341891214582
vn -0.8766042059423402 0 -0.4812120801935453
vn -0.8766042059423402 0 -0.4812120801935453
vn -0.7328948840444758 0 -0.680341891214582
vn -0.8766042059423402 0 -0.4812120801935453
vn -0.8766042059423402 0 -0.4812120801935453
vn -0.8766042059423402 0 -0.4812120801935453
vn -0.9674498167817202 0 -0.25306294080527886
vn -0.9674498167817202 0 -0.25306294080527886
vn -0.8766042059423402 0 -0.4812120801935453
vn -0.9674498167817202 0 -0.25306294080527886
vn -0.9674498167817202 0 -0.25306294080527886
vn -0.9674498167817202 0 -0.25306294080527886
vn -0.9999534086673562 0 -0.009653004430512126
vn -0.9999534086673562 0 -0.009653004430512126
vn -0.9674498167817202 0 -0.25306294080527886
vn -0.9999534086673562 0 -0.009653004430512126
vn -0.9999534086673562 0 -0.009653004430512126
vn -0.9999534086673562 0 -0.009653004430512126
vn -0.9721549449699626 0 0.23433899157086335
vn -0.9721549449699626 0 0.23433899157086335
vn -0.9999534086673562 0 -0.009653004430512126
vn -0.9721549449699626 0 0.23433899157086335
vn 0.9721549449699626 0 -0.23433899157086335
vn 0.9721549449699626 0 -0.23433899157086335
vn 0.9999534086673562 0 0.009653004430512126
vn 0.9999534086673562 0 0.009653004430512126
vn 0.9721549449699626 0 -0.23433899157086335
vn 0.9999534086673562 0 0.009653004430512126
vn 0.9999534086673562 0 0.009653004430512126
vn 0.9999534086673562 0 0.009653004430512126
vn 0.9674498167817202 0 0.25306294080527886
vn 0.9674498167817202 0 0.25306294080527886
vn 0.9999534086673562 0 0.009653004430512126
vn 0.9674498167817202 0 0.25306294080527886
vn 0.9674498167817202 0 0.25306294080527886
vn 0.9674498167817202 0 0.25306294080527886
vn 0.8766042059423402 0 0.4812120801935453
vn 0.8766042059423402 0 0.4812120801935453
vn 0.9674498167817202 0 0.25306294080527886
vn 0.8766042059423402 0 0.4812120801935453
vn 0.8766042059423402 0 0.4812120801935453
vn 0.8766042059423402 0 0.4812120801935453
vn 0.7328948840444758 0 0.680341891214582
vn 0.7328948840444758 0 0.680341891214582
vn 0.8766042059423402 0 0.4812120801935453
vn 0.7328948840444758 0 0.680341891214582
vn 0.7328948840444758 0 0.680341891214582
vn 0.7328948840444758 0 0.680341891214582
vn 0.5449879273918834 0 0.8384438913827803
vn 0.5449879273918834 0 0.8384438913827803
vn 0.7328948840444758 0 0.680341891214582
vn 0.5449879273918834 0 0.8384438913827803
vn 0.5449879273918834 0 0.8384438913827803
vn 0.5449879273918834 0 0.8384438913827803
vn 0.32421602385117343 0 0.9459830706086315
vn 0.32421602385117343 0 0.9459830706086315
vn 0.5449879273918834 0 0.8384438913827803
vn 0.32421602385117343 0 0.9459830706086315
vn 0.32421602385117343 0 0.9459830706086315
vn 0.32421602385117343 0 0.9459830706086315
vn 0.08389298586155224 0 0.9964747698377683
vn 0.08389298586155224 0 0.9964747698377683
vn 0.32421602385117343 0 0.9459830706086315
vn 0.08389298586155224 0 0.9964747698377683
vn 0.08389298586155224 0 0.9964747698377683
vn 0.08389298586155224 0 0.9964747698377683
vn -0.161490052613352 0 0.9868743399779614
vn -0.161490052613352 0 0.9868743399779614
vn 0.08389298586155224 0 0.9964747698377683
vn -0.161490052613352 0 0.9868743399779614
vn -0.161490052613352 0 0.9868743399779614
vn -0.161490052613352 0 0.9868743399779614
vn -0.39713423708787216 0 0.9177605339807513
vn -0.39713423708787216 0 0.9177605339807513
vn -0.161490052613352 0 0.9868743399779614
vn -0.39713423708787216 0 0.9177605339807513
vn -0.39713423708787216 0 0.9177605339807513
vn -0.39713423708787216 0 0.9177605339807513
vn -0.6088292612819388 0 0.7933012861497759
vn -0.6088292612819388 0 0.7933012861497759
vn -0.39713423708787216 0 0.9177605339807513
vn -0.6088292612819388 0 0.7933012861497759
vn 0 1 0
vn 0 1 0
vn 0 1 0
vn 0 1 0
vn 0 1 0
vn 0 1 0
vn 0 1 0
vn 0 1 0
vn 0 1 0
vn 0 1 0
vn 0 1 0
vn 0 1 0
vn 0 1 0
vn 0 1 0
vn 0 1 0
vn 0 1 0
vn 0 1 0
vn 0 1 0
vn 0 1 0
vn 0 1 0
vn 0 1 0
vn 0 1 0
vn 0 1 0
vn 0 1 0
vn 0 1 0
vn 0 1 0
vn 0 1 0
vn 0 1 0
vn 0 1 0
vn 0 1 0
vn 0 1 0
vn 0 1 0
vn 0 1 0
vn 0 1 0
vn 0 1 0
vn 0 1 0
vn 0 1 0
vn 0 1 0
vn 0 1 0
vn 0 1 0
vn 0 1 0
vn 0 1 0
vn 0 1 0
vn 0 1 0
vn 0 1 0
vn 0 1 0
vn 0 1 0
vn 0 1 0
vn 0 1 0
vn 0 1 0
vn 0 1 0
vn 0 1 0
vn 0 1 0
vn 0 1 0
vn 0 1 0
vn 0 1 0
vn 0 1 0
vn 0 1 0
vn 0 1 0
vn 0 1 0
vn 0 1 0
vn 0 1 0
vn 0 1 0
vn 0 1 0
vn 0 1 0
vn 0 1 0
vn 0 1 0
vn 0 1 0
vn 0 1 0
vn 0 1 0
vn 0 1 0
vn 0 1 0
vn 0 1 0
vn 0 1 0
vn 0 1 0
vn 0 1 0
vn 0 1 0
vn 0 1 0
vn 0 1 0
vn 0 1 0
vn 0 1 0
vn 0 1 0
vn 0 1 0
vn 0 1 0
vn 0 1 0
vn 0 1 0
vn 0 1 0
vn 0 1 0
vn 0 1 0
vn 0 1 0
vn 0 1 0
vn 0 1 0
vn 0 1 0
vn 0 1 0
vn 0 1 0
vn 0 1 0
vn 0 1 0
vn 0 1 0
vn 0 1 0
vn 0 1 0
vn 0 1 0
vn 0 1 0
vn 0 1 0
vn 0 1 0
vn 0 1 0
vn 0 1 0
vn 0 1 0
vn 0 1 0
vn 0 1 0
vn 0 1 0
vn 0 1 0
vn 0 1 0
vn 0 1 0
vn 0 1 0
vn 0 1 0
vn 0 1 0
vn 0 1 0
vn 0 1 0
vn 0 1 0
vn 0 1 0
vn 0 1 0
vn 0 1 0
vn 0 1 0
vn 0 1 0
vn 0 1 0
vn 0 1 0
vn 0 1 0
vn 0 1 0
vn 0 1 0
vn 0 1 0
vn 0 1 0
vn 0 1 0
vn 0 1 0
vn 0 1 0
vn 0 1 0
vn 0 1 0
vn 0 1 0
vn 0 1 0
vn 0 1 0
vn 0 1 0
vn 0 1 0
vn 0 1 0
vn 0 1 0
vn 0 1 0
vn 0 1 0
vn 0 1 0
vn 0 1 0
vn 0 1 0
vn 0 1 0
vn 0 1 0
vn 0 1 0
vn 0 1 0
vn 0 1 0
vn 0 1 0
vn 0 1 0
vn 0 1 0
vn 0 1 0
vn 0 1 0
vn 0 1 0
vn 0 1 0
vn 0 1 0
vn 0 1 0
vn 0 1 0
vn 0 1 0
vn 0 1 0
vn 0 1 0
vn 0 1 0
vn 0 1 0
vn 0 1 0
vn 0 1 0
vn 0 1 0
vn 0 1 0
vn 0 1 0
vn 0 1 0
vn 0 1 0
vn 0 1 0
vn 0 1 0
vn 0 1 0
vn 0 1 0
vn 0 1 0
vn 0 1 0
vn 0 1 0
vn 0 1 0
vn 0 1 0
vn 0 1 0
vn 0 1 0
vn 0 1 0
vn 0 1 0
vn 0 1 0
vn 0 1 0
vn 0 1 0
vn 0 1 0
vn 0 1 0
vn 0 1 0
vn 0 1 0
vn 0 1 0
vn 0 1 0
vn 0 1 0
vn 0 1 0
vn 0 1 0
vn 0 1 0
vn 0 1 0
vn 0 1 0
vn 0 1 0
vn 0 1 0
vn 0 1 0
vn 0 1 0
vn 0 1 0
vn 0 1 0
vn 0 1 0
vn 0 1 0
vn 0 1 0
vn 0 1 0
vn 0 1 0
vn 0 1 0
vn 0 1 0
vn 0 1 0
vn 0 1 0
vn 0 1 0
vn 0 1 0
vn 0 1 0
vn 0 1 0
vn 0 1 0
vn 0 1 0
vn 0 1 0
vn 0 1 0
vn 0 1 0
vn 0 1 0
vn 0 1 0
vn 0 1 0
vn 0 1 0
vn 0 1 0
vn 0 1 0
vn 0 1 0
vn 0 1 0
vn 0 1 0
vn 0 1 0
vn 0 1 0
vn 0 1 0
vn 0 1 0
vn 0 1 0
vn 0 1 0
vn 0 1 0
vn 0 1 0
vn 0 1 0
vn 0 1 0
vn 0 1 0
vn 0 1 0
vn 0 1 0
vn 0 1 0
vn 0 1 0
vn 0 1 0
vn 0 1 0
vn 0 1 0
vn 0 1 0
vn 0 1 0
vn 0 1 0
vn 0 1 0
vn 0 1 0
vn 0 1 0
vn 0 1 0
vn 0 1 0
vn 0 1 0
vn 0 1 0
vn 0 1 0
vn 0 1 0
vn 0 1 0
vn 0 1 0
vn 0 1 0
vn 0 1 0
vn 0 1 0
vn 0 1 0
vn 0 1 0
vn 0 1 0
vn 0 1 0
vn 0 1 0
vn 0 1 0
vn 0 1 0
vn 0 1 0
vn 0 1 0
vn 0 1 0
vn 0 1 0
vn 0 1 0
vn 0 1 0
vn 0 1 0
vn 0 1 0
vn 0 1 0
vn 0 1 0
vn 0 1 0
vn 0 1 0
vn 0 1 0
vn 0 1 0
vn 0 1 0
vn 0 1 0
vn 0 1 0
vn 0 1 0
vn 0 1 0
vn 0 1 0
vn 0 1 0
vn 0 1 0
vn 0 1 0
vn 0 1 0
vn 0 1 0
vn 0 1 0
vn 0 1 0
vn 0 1 0
vn 0 1 0
vn 0 1 0
vn 0 1 0
vn 0 1 0
vn 0 1 0
vn 0 1 0
vn 0 1 0
vn 0 1 0
vn 0 1 0
vn 0 1 0
vn 0 1 0
vn 0 1 0
vn 0 1 0
vn 0 1 0
vn 0 1 0
vn 0 1 0
vn 0 1 0
vn 0 1 0
vn 0 1 0
vn 0 1 0
vn 0 1 0
vn 0 1 0
vn 0 1 0
vn 0 1 0
vn 0 1 0
vn 0 1 0
vn 0 1 0
vn 0 1 0
vn 0 1 0
vn 0 1 0
vn 0 1 0
vn 0 1 0
vn 0 1 0
vn 0.9721549449699626 0 -0.23433899157086335
vn 0.9721549449699626 0 -0.23433899157086335
vn 0.9998572861326904 0 -0.01689400388810155
vn 0.9998572861326904 0 -0.01689400388810155
vn 0.9721549449699626 0 -0.23433899157086335
vn 0.9998572861326904 0 -0.01689400388810155
vn 0.9998572861326904 0 -0.01689400388810155
vn 0.9998572861326904 0 -0.01689400388810155
vn 0.9795166997252017 0 0.20136294336210156
vn 0.9795166997252017 0 0.20136294336210156
vn 0.9998572861326904 0 -0.01689400388810155
vn 0.9795166997252017 0 0.20136294336210156
vn 0.9795166997252017 0 0.20136294336210156
vn 0.9795166997252017 0 0.20136294336210156
vn 0.9121102004935523 0 0.4099450965136818
vn 0.9121102004935523 0 0.4099450965136818
vn 0.9795166997252017 0 0.20136294336210156
vn 0.9121102004935523 0 0.4099450965136818
vn 0.9121102004935523 0 0.4099450965136818
vn 0.9121102004935523 0 0.4099450965136818
vn 0.800877405418448 0 0.5988283405870293
vn 0.800877405418448 0 0.5988283405870293
vn 0.9121102004935523 0 0.4099450965136818
vn 0.800877405418448 0 0.5988283405870293
vn -0.6088292612819388 0 0.7933012861497759
vn -0.6088292612819388 0 0.7933012861497759
vn -0.41565882674815063 0 0.9095206098524382
vn -0.41565882674815063 0 0.9095206098524382
vn -0.6088292612819388 0 0.7933012861497759
vn -0.41565882674815063 0 0.9095206098524382
vn -0.41565882674815063 0 0.9095206098524382
vn -0.41565882674815063 0 0.9095206098524382
vn -0.20136294336210156 0 0.9795166997252017
vn -0.20136294336210156 0 0.9795166997252017
vn -0.41565882674815063 0 0.9095206098524382
vn -0.20136294336210156 0 0.9795166997252017
vn -0.20136294336210156 0 0.9795166997252017
vn -0.20136294336210156 0 0.9795166997252017
vn 0.02316599275500058 0 0.9997316323792478
vn 0.02316599275500058 0 0.9997316323792478
vn -0.20136294336210156 0 0.9795166997252017
vn 0.02316599275500058 0 0.9997316323792478
vn 0.02316599275500058 0 0.9997316323792478
vn 0.02316599275500058 0 0.9997316323792478
vn 0.24651710583253242 0 0.9691384403334499
vn 0.24651710583253242 0 0.9691384403334499
vn 0.02316599275500058 0 0.9997316323792478
vn 0.24651710583253242 0 0.9691384403334499
vn -0.24651710583253242 0 -0.9691384403334499
vn -0.24651710583253242 0 -0.9691384403334499
vn -0.02316599275500058 0 -0.9997316323792478
vn -0.02316599275500058 0 -0.9997316323792478
vn -0.24651710583253242 0 -0.9691384403334499
vn -0.02316599275500058 0 -0.9997316323792478
vn -0.02316599275500058 0 -0.9997316323792478
vn -0.02316599275500058 0 -0.9997316323792478
vn 0.20136294336210156 0 -0.9795166997252017
vn 0.20136294336210156 0 -0.9795166997252017
vn -0.02316599275500058 0 -0.9997316323792478
vn 0.20136294336210156 0 -0.9795166997252017
vn 0.20136294336210156 0 -0.9795166997252017
vn 0.20136294336210156 0 -0.9795166997252017
vn 0.41565882674815063 0 -0.9095206098524382
vn 0.41565882674815063 0 -0.9095206098524382
vn 0.20136294336210156 0 -0.9795166997252017
vn 0.41565882674815063 0 -0.9095206098524382
vn 0.41565882674815063 0 -0.9095206098524382
vn 0.41565882674815063 0 -0.9095206098524382
vn 0.6088292612819388 0 -0.7933012861497759
vn 0.6088292612819388 0 -0.7933012861497759
vn 0.41565882674815063 0 -0.9095206098524382
vn 0.6088292612819388 0 -0.7933012861497759
vn -0.800877405418448 0 -0.5988283405870293
vn -0.800877405418448 0 -0.5988283405870293
vn -0.9121102004935523 0 -0.4099450965136818
vn -0.9121102004935523 0 -0.4099450965136818
vn -0.800877405418448 0 -0.5988283405870293
vn -0.9121102004935523 0 -0.4099450965136818
vn -0.9121102004935523 0 -0.4099450965136818
vn -0.9121102004935523 0 -0.4099450965136818
vn -0.9795166997252017 0 -0.20136294336210156
vn -0.9795166997252017 0 -0.20136294336210156
vn -0.9121102004935523 0 -0.4099450965136818
vn -0.9795166997252017 0 -0.20136294336210156
vn -0.9795166997252017 0 -0.20136294336210156
vn -0.9795166997252017 0 -0.20136294336210156
vn -0.9998572861326904 0 0.01689400388810155
vn -0.9998572861326904 0 0.01689400388810155
vn -0.9795166997252017 0 -0.20136294336210156
vn -0.9998572861326904 0 0.01689400388810155
vn -0.9998572861326904 0 0.01689400388810155
vn -0.9998572861326904 0 0.01689400388810155
vn -0.9721549449699626 0 0.23433899157086335
vn -0.9721549449699626 0 0.23433899157086335
vn -0.9998572861326904 0 0.01689400388810155
vn -0.9721549449699626 0 0.23433899157086335
vn 0.24651710583253242 0 0.9691384403334499
vn 0.24651710583253242 0 0.9691384403334499
vn 0.02316599275500058 0 0.9997316323792478
vn 0.02316599275500058 0 0.9997316323792478
vn 0.24651710583253242 0 0.9691384403334499
vn 0.02316599275500058 0 0.9997316323792478
vn 0.02316599275500058 0 0.9997316323792478
vn 0.02316599275500058 0 0.9997316323792478
vn -0.20136294336210156 0 0.9795166997252017
vn -0.20136294336210156 0 0.9795166997252017
vn 0.02316599275500058 0 0.9997316323792478
vn -0.20136294336210156 0 0.9795166997252017
vn -0.20136294336210156 0 0.9795166997252017
vn -0.20136294336210156 0 0.9795166997252017
vn -0.41565882674815063 0 0.9095206098524382
vn -0.41565882674815063 0 0.9095206098524382
vn -0.20136294336210156 0 0.9795166997252017
vn -0.41565882674815063 0 0.9095206098524382
vn -0.41565882674815063 0 0.9095206098524382
vn -0.41565882674815063 0 0.9095206098524382
vn -0.6088292612819388 0 0.7933012861497759
vn -0.6088292612819388 0 0.7933012861497759
vn -0.41565882674815063 0 0.9095206098524382
vn -0.6088292612819388 0 0.7933012861497759
vn 0.965925844640659 0 0.2588189766134421
vn 0.965925844640659 0 0.2588189766134421
vn 1 0 0
vn 1 0 0
vn 0.965925844640659 0 0.2588189766134421
vn 1 0 0
vn 1 0 0
vn 1 0 0
vn 0.965925844640659 0 -0.2588189766134421
vn 0.965925844640659 0 -0.2588189766134421
vn 1 0 0
vn 0.965925844640659 0 -0.2588189766134421
vn 0.965925844640659 0 -0.2588189766134421
vn 0.965925844640659 0 -0.2588189766134421
vn 0.8660252966602509 0 -0.50000018554449
vn 0.8660252966602509 0 -0.50000018554449
vn 0.965925844640659 0 -0.2588189766134421
vn 0.8660252966602509 0 -0.50000018554449
vn 0.8660252966602509 0 -0.50000018554449
vn 0.8660252966602509 0 -0.50000018554449
vn 0.7071067811865476 0 -0.7071067811865476
vn 0.7071067811865476 0 -0.7071067811865476
vn 0.8660252966602509 0 -0.50000018554449
vn 0.7071067811865476 0 -0.7071067811865476
vn 0.7071067811865476 0 -0.7071067811865476
vn 0.7071067811865476 0 -0.7071067811865476
vn 0.50000018554449 0 -0.8660252966602509
vn 0.50000018554449 0 -0.8660252966602509
vn 0.7071067811865476 0 -0.7071067811865476
vn 0.50000018554449 0 -0.8660252966602509
vn 0.50000018554449 0 -0.8660252966602509
vn 0.50000018554449 0 -0.8660252966602509
vn 0.2588189766134421 0 -0.965925844640659
vn 0.2588189766134421 0 -0.965925844640659
vn 0.50000018554449 0 -0.8660252966602509
vn 0.2588189766134421 0 -0.965925844640659
vn 0.2588189766134421 0 -0.965925844640659
vn 0.2588189766134421 0 -0.965925844640659
vn 0 0 -1
vn 0 0 -1
vn 0.2588189766134421 0 -0.965925844640659
vn 0 0 -1
vn 0 0 -1
vn 0 0 -1
vn -0.2588189766134421 0 -0.965925844640659
vn -0.2588189766134421 0 -0.965925844640659
vn 0 0 -1
vn -0.2588189766134421 0 -0.965925844640659
vn -0.2588189766134421 0 -0.965925844640659
vn -0.2588189766134421 0 -0.965925844640659
vn -0.50000018554449 0 -0.8660252966602509
vn -0.50000018554449 0 -0.8660252966602509
vn -0.2588189766134421 0 -0.965925844640659
vn -0.50000018554449 0 -0.8660252966602509
vn -0.50000018554449 0 -0.8660252966602509
vn -0.50000018554449 0 -0.8660252966602509
vn -0.7071067811865476 0 -0.7071067811865476
vn -0.7071067811865476 0 -0.7071067811865476
vn -0.50000018554449 0 -0.8660252966602509
vn -0.7071067811865476 0 -0.7071067811865476
vn -0.7071067811865476 0 -0.7071067811865476
vn -0.7071067811865476 0 -0.7071067811865476
vn -0.8660252966602509 0 -0.50000018554449
vn -0.8660252966602509 0 -0.50000018554449
vn -0.7071067811865476 0 -0.7071067811865476
vn -0.8660252966602509 0 -0.50000018554449
vn -0.8660252966602509 0 -0.50000018554449
vn -0.8660252966602509 0 -0.50000018554449
vn -0.965925844640659 0 -0.2588189766134421
vn -0.965925844640659 0 -0.2588189766134421
vn -0.8660252966602509 0 -0.50000018554449
vn -0.965925844640659 0 -0.2588189766134421
vn -0.965925844640659 0 -0.2588189766134421
vn -0.965925844640659 0 -0.2588189766134421
vn -1 0 0
vn -1 0 0
vn -0.965925844640659 0 -0.2588189766134421
vn -1 0 0
vn -1 0 0
vn -1 0 0
vn -0.965925844640659 0 0.2588189766134421
vn -0.965925844640659 0 0.2588189766134421
vn -1 0 0
vn -0.965925844640659 0 0.2588189766134421
vn -0.965925844640659 0 0.2588189766134421
vn -0.965925844640659 0 0.2588189766134421
vn -0.8660252966602509 0 0.50000018554449
vn -0.8660252966602509 0 0.50000018554449
vn -0.965925844640659 0 0.2588189766134421
vn -0.8660252966602509 0 0.50000018554449
vn -0.8660252966602509 0 0.50000018554449
vn -0.8660252966602509 0 0.50000018554449
vn -0.7071067811865476 0 0.7071067811865476
vn -0.7071067811865476 0 0.7071067811865476
vn -0.8660252966602509 0 0.50000018554449
vn -0.7071067811865476 0 0.7071067811865476
vn -0.7071067811865476 0 0.7071067811865476
vn -0.7071067811865476 0 0.7071067811865476
vn -0.50000018554449 0 0.8660252966602509
vn -0.50000018554449 0 0.8660252966602509
vn -0.7071067811865476 0 0.7071067811865476
vn -0.50000018554449 0 0.8660252966602509
vn -0.50000018554449 0 0.8660252966602509
vn -0.50000018554449 0 0.8660252966602509
vn -0.2588189766134421 0 0.965925844640659
vn -0.2588189766134421 0 0.965925844640659
vn -0.50000018554449 0 0.8660252966602509
vn -0.2588189766134421 0 0.965925844640659
vn -0.2588189766134421 0 0.965925844640659
vn -0.2588189766134421 0 0.965925844640659
vn 0 0 1
vn 0 0 1
vn -0.2588189766134421 0 0.965925844640659
vn 0 0 1
vn 0 0 1
vn 0 0 1
vn 0.2588189766134421 0 0.965925844640659
vn 0.2588189766134421 0 0.965925844640659
vn 0 0 1
vn 0.2588189766134421 0 0.965925844640659
vn 0.2588189766134421 0 0.965925844640659
vn 0.2588189766134421 0 0.965925844640659
vn 0.50000018554449 0 0.8660252966602509
vn 0.50000018554449 0 0.8660252966602509
vn 0.2588189766134421 0 0.965925844640659
vn 0.50000018554449 0 0.8660252966602509
vn 0.50000018554449 0 0.8660252966602509
vn 0.50000018554449 0 0.8660252966602509
vn 0.7071067811865476 0 0.7071067811865476
vn 0.7071067811865476 0 0.7071067811865476
vn 0.50000018554449 0 0.8660252966602509
vn 0.7071067811865476 0 0.7071067811865476
vn 0.7071067811865476 0 0.7071067811865476
vn 0.7071067811865476 0 0.7071067811865476
vn 0.8660252966602509 0 0.50000018554449
vn 0.8660252966602509 0 0.50000018554449
vn 0.7071067811865476 0 0.7071067811865476
vn 0.8660252966602509 0 0.50000018554449
vn 0.8660252966602509 0 0.50000018554449
vn 0.8660252966602509 0 0.50000018554449
vn 0.965925844640659 0 0.2588189766134421
vn 0.965925844640659 0 0.2588189766134421
vn 0.8660252966602509 0 0.50000018554449
vn 0.965925844640659 0 0.2588189766134421
vn 0.965925844640659 0 -0.2588189766134421
vn 0.965925844640659 0 -0.2588189766134421
vn 1 0 0
vn 1 0 0
vn 0.965925844640659 0 -0.2588189766134421
vn 1 0 0
vn 1 0 0
vn 1 0 0
vn 0.965925844640659 0 0.2588189766134421
vn 0.965925844640659 0 0.2588189766134421
vn 1 0 0
vn 0.965925844640659 0 0.2588189766134421
vn 0.965925844640659 0 0.2588189766134421
vn 0.965925844640659 0 0.2588189766134421
vn 0.8660252966602509 0 0.50000018554449
vn 0.8660252966602509 0 0.50000018554449
vn 0.965925844640659 0 0.2588189766134421
vn 0.8660252966602509 0 0.50000018554449
vn 0.8660252966602509 0 0.50000018554449
vn 0.8660252966602509 0 0.50000018554449
vn 0.7071067811865476 0 0.7071067811865476
vn 0.7071067811865476 0 0.7071067811865476
vn 0.8660252966602509 0 0.50000018554449
vn 0.7071067811865476 0 0.7071067811865476
vn 0.7071067811865476 0 0.7071067811865476
vn 0.7071067811865476 0 0.7071067811865476
vn 0.50000018554449 0 0.8660252966602509
vn 0.50000018554449 0 0.8660252966602509
vn 0.7071067811865476 0 0.7071067811865476
vn 0.50000018554449 0 0.8660252966602509
vn 0.50000018554449 0 0.8660252966602509
vn 0.50000018554449 0 0.8660252966602509
vn 0.2588189766134421 0 0.965925844640659
vn 0.2588189766134421 0 0.965925844640659
vn 0.50000018554449 0 0.8660252966602509
vn 0.2588189766134421 0 0.965925844640659
vn 0.2588189766134421 0 0.965925844640659
vn 0.2588189766134421 0 0.965925844640659
vn 0 0 1
vn 0 0 1
vn 0.2588189766134421 0 0.965925844640659
vn 0 0 1
vn 0 0 1
vn 0 0 1
vn -0.2588189766134421 0 0.965925844640659
vn -0.2588189766134421 0 0.965925844640659
vn 0 0 1
vn -0.2588189766134421 0 0.965925844640659
vn -0.2588189766134421 0 0.965925844640659
vn -0.2588189766134421 0 0.965925844640659
vn -0.50000018554449 0 0.8660252966602509
vn -0.50000018554449 0 0.8660252966602509
vn -0.2588189766134421 0 0.965925844640659
vn -0.50000018554449 0 0.8660252966602509
vn -0.50000018554449 0 0.8660252966602509
vn -0.50000018554449 0 0.8660252966602509
vn -0.7071067811865476 0 0.7071067811865476
vn -0.7071067811865476 0 0.7071067811865476
vn -0.50000018554449 0 0.8660252966602509
vn -0.7071067811865476 0 0.7071067811865476
vn -0.7071067811865476 0 0.7071067811865476
vn -0.7071067811865476 0 0.7071067811865476
vn -0.8660252966602509 0 0.50000018554449
vn -0.8660252966602509 0 0.50000018554449
vn -0.7071067811865476 0 0.7071067811865476
vn -0.8660252966602509 0 0.50000018554449
vn -0.8660252966602509 0 0.50000018554449
vn -0.8660252966602509 0 0.50000018554449
vn -0.965925844640659 0 0.2588189766134421
vn -0.965925844640659 0 0.2588189766134421
vn -0.8660252966602509 0 0.50000018554449
vn -0.965925844640659 0 0.2588189766134421
vn -0.965925844640659 0 0.2588189766134421
vn -0.965925844640659 0 0.2588189766134421
vn -1 0 0
vn -1 0 0
vn -0.965925844640659 0 0.2588189766134421
vn -1 0 0
vn -1 0 0
vn -1 0 0
vn -0.965925844640659 0 -0.2588189766134421
vn -0.965925844640659 0 -0.2588189766134421
vn -1 0 0
vn -0.965925844640659 0 -0.2588189766134421
vn -0.965925844640659 0 -0.2588189766134421
vn -0.965925844640659 0 -0.2588189766134421
vn -0.8660252966602509 0 -0.50000018554449
vn -0.8660252966602509 0 -0.50000018554449
vn -0.965925844640659 0 -0.2588189766134421
vn -0.8660252966602509 0 -0.50000018554449
vn -0.8660252966602509 0 -0.50000018554449
vn -0.8660252966602509 0 -0.50000018554449
vn -0.7071067811865476 0 -0.7071067811865476
vn -0.7071067811865476 0 -0.7071067811865476
vn -0.8660252966602509 0 -0.50000018554449
vn -0.7071067811865476 0 -0.7071067811865476
vn -0.7071067811865476 0 -0.7071067811865476
vn -0.7071067811865476 0 -0.7071067811865476
vn -0.50000018554449 0 -0.8660252966602509
vn -0.50000018554449 0 -0.8660252966602509
vn -0.7071067811865476 0 -0.7071067811865476
vn -0.50000018554449 0 -0.8660252966602509
vn -0.50000018554449 0 -0.8660252966602509
vn -0.50000018554449 0 -0.8660252966602509
vn -0.2588189766134421 0 -0.965925844640659
vn -0.2588189766134421 0 -0.965925844640659
vn -0.50000018554449 0 -0.8660252966602509
vn -0.2588189766134421 0 -0.965925844640659
vn -0.2588189766134421 0 -0.965925844640659
vn -0.2588189766134421 0 -0.965925844640659
vn 0 0 -1
vn 0 0 -1
vn -0.2588189766134421 0 -0.965925844640659
vn 0 0 -1
vn 0 0 -1
vn 0 0 -1
vn 0.2588189766134421 0 -0.965925844640659
vn 0.2588189766134421 0 -0.965925844640659
vn 0 0 -1
vn 0.2588189766134421 0 -0.965925844640659
vn 0.2588189766134421 0 -0.965925844640659
vn 0.2588189766134421 0 -0.965925844640659
vn 0.50000018554449 0 -0.8660252966602509
vn 0.50000018554449 0 -0.8660252966602509
vn 0.2588189766134421 0 -0.965925844640659
vn 0.50000018554449 0 -0.8660252966602509
vn 0.50000018554449 0 -0.8660252966602509
vn 0.50000018554449 0 -0.8660252966602509
vn 0.7071067811865476 0 -0.7071067811865476
vn 0.7071067811865476 0 -0.7071067811865476
vn 0.50000018554449 0 -0.8660252966602509
vn 0.7071067811865476 0 -0.7071067811865476
vn 0.7071067811865476 0 -0.7071067811865476
vn 0.7071067811865476 0 -0.7071067811865476
vn 0.8660252966602509 0 -0.50000018554449
vn 0.8660252966602509 0 -0.50000018554449
vn 0.7071067811865476 0 -0.7071067811865476
vn 0.8660252966602509 0 -0.50000018554449
vn 0.8660252966602509 0 -0.50000018554449
vn 0.8660252966602509 0 -0.50000018554449
vn 0.965925844640659 0 -0.2588189766134421
vn 0.965925844640659 0 -0.2588189766134421
vn 0.8660252966602509 0 -0.50000018554449
vn 0.965925844640659 0 -0.2588189766134421
vn 1 0 0
vn 1 0 0
vn 0.965925844640659 0 -0.2588189766134421
vn 0.965925844640659 0 -0.2588189766134421
vn 1 0 0
vn 0.965925844640659 0 -0.2588189766134421
vn 0.965925844640659 0 -0.2588189766134421
vn 0.965925844640659 0 -0.2588189766134421
vn 0.8660252966602509 0 -0.50000018554449
vn 0.8660252966602509 0 -0.50000018554449
vn 0.965925844640659 0 -0.2588189766134421
vn 0.8660252966602509 0 -0.50000018554449
vn 0.8660252966602509 0 -0.50000018554449
vn 0.8660252966602509 0 -0.50000018554449
vn 0.7071067811865476 0 -0.7071067811865476
vn 0.7071067811865476 0 -0.7071067811865476
vn 0.8660252966602509 0 -0.50000018554449
vn 0.7071067811865476 0 -0.7071067811865476
vn 0.7071067811865476 0 -0.7071067811865476
vn 0.7071067811865476 0 -0.7071067811865476
vn 0.50000018554449 0 -0.8660252966602509
vn 0.50000018554449 0 -0.8660252966602509
vn 0.7071067811865476 0 -0.7071067811865476
vn 0.50000018554449 0 -0.8660252966602509
vn 0.50000018554449 0 -0.8660252966602509
vn 0.50000018554449 0 -0.8660252966602509
vn 0.2588189766134421 0 -0.965925844640659
vn 0.2588189766134421 0 -0.965925844640659
vn 0.50000018554449 0 -0.8660252966602509
vn 0.2588189766134421 0 -0.965925844640659
vn 0.2588189766134421 0 -0.965925844640659
vn 0.2588189766134421 0 -0.965925844640659
vn 0 0 -1
vn 0 0 -1
vn 0.2588189766134421 0 -0.965925844640659
vn 0 0 -1
vn 0 0 -1
vn 0 0 -1
vn -0.2588189766134421 0 -0.965925844640659
vn -0.2588189766134421 0 -0.965925844640659
vn 0 0 -1
vn -0.2588189766134421 0 -0.965925844640659
vn -0.2588189766134421 0 -0.965925844640659
vn -0.2588189766134421 0 -0.965925844640659
vn -0.50000018554449 0 -0.8660252966602509
vn -0.50000018554449 0 -0.8660252966602509
vn -0.2588189766134421 0 -0.965925844640659
vn -0.50000018554449 0 -0.8660252966602509
vn -0.50000018554449 0 -0.8660252966602509
vn -0.50000018554449 0 -0.8660252966602509
vn -0.7071067811865476 0 -0.7071067811865476
vn -0.7071067811865476 0 -0.7071067811865476
vn -0.50000018554449 0 -0.8660252966602509
vn -0.7071067811865476 0 -0.7071067811865476
vn -0.7071067811865476 0 -0.7071067811865476
vn -0.7071067811865476 0 -0.7071067811865476
vn -0.8660252966602509 0 -0.50000018554449
vn -0.8660252966602509 0 -0.50000018554449
vn -0.7071067811865476 0 -0.7071067811865476
vn -0.8660252966602509 0 -0.50000018554449
vn -0.8660252966602509 0 -0.50000018554449
vn -0.8660252966602509 0 -0.50000018554449
vn -0.965925844640659 0 -0.2588189766134421
vn -0.965925844640659 0 -0.2588189766134421
vn -0.8660252966602509 0 -0.50000018554449
vn -0.965925844640659 0 -0.2588189766134421
vn -0.965925844640659 0 -0.2588189766134421
vn -0.965925844640659 0 -0.2588189766134421
vn -1 0 0
vn -1 0 0
vn -0.965925844640659 0 -0.2588189766134421
vn -1 0 0
vn -1 0 0
vn -1 0 0
vn -0.965925844640659 0 0.2588189766134421
vn -0.965925844640659 0 0.2588189766134421
vn -1 0 0
vn -0.965925844640659 0 0.2588189766134421
vn -0.965925844640659 0 0.2588189766134421
vn -0.965925844640659 0 0.2588189766134421
vn -0.8660252966602509 0 0.50000018554449
vn -0.8660252966602509 0 0.50000018554449
vn -0.965925844640659 0 0.2588189766134421
vn -0.8660252966602509 0 0.50000018554449
vn -0.8660252966602509 0 0.50000018554449
vn -0.8660252966602509 0 0.50000018554449
vn -0.7071067811865476 0 0.7071067811865476
vn -0.7071067811865476 0 0.7071067811865476
vn -0.8660252966602509 0 0.50000018554449
vn -0.7071067811865476 0 0.7071067811865476
vn -0.7071067811865476 0 0.7071067811865476
vn -0.7071067811865476 0 0.7071067811865476
vn -0.50000018554449 0 0.8660252966602509
vn -0.50000018554449 0 0.8660252966602509
vn -0.7071067811865476 0 0.7071067811865476
vn -0.50000018554449 0 0.8660252966602509
vn -0.50000018554449 0 0.8660252966602509
vn -0.50000018554449 0 0.8660252966602509
vn -0.2588189766134421 0 0.965925844640659
vn -0.2588189766134421 0 0.965925844640659
vn -0.50000018554449 0 0.8660252966602509
vn -0.2588189766134421 0 0.965925844640659
vn -0.2588189766134421 0 0.965925844640659
vn -0.2588189766134421 0 0.965925844640659
vn 0 0 1
vn 0 0 1
vn -0.2588189766134421 0 0.965925844640659
vn 0 0 1
vn 0 0 1
vn 0 0 1
vn 0.2588189766134421 0 0.965925844640659
vn 0.2588189766134421 0 0.965925844640659
vn 0 0 1
vn 0.2588189766134421 0 0.965925844640659
vn 0.2588189766134421 0 0.965925844640659
vn 0.2588189766134421 0 0.965925844640659
vn 0.50000018554449 0 0.8660252966602509
vn 0.50000018554449 0 0.8660252966602509
vn 0.2588189766134421 0 0.965925844640659
vn 0.50000018554449 0 0.8660252966602509
vn 0.50000018554449 0 0.8660252966602509
vn 0.50000018554449 0 0.8660252966602509
vn 0.7071067811865476 0 0.7071067811865476
vn 0.7071067811865476 0 0.7071067811865476
vn 0.50000018554449 0 0.8660252966602509
vn 0.7071067811865476 0 0.7071067811865476
vn 0.7071067811865476 0 0.7071067811865476
vn 0.7071067811865476 0 0.7071067811865476
vn 0.8660252966602509 0 0.50000018554449
vn 0.8660252966602509 0 0.50000018554449
vn 0.7071067811865476 0 0.7071067811865476
vn 0.8660252966602509 0 0.50000018554449
vn 0.8660252966602509 0 0.50000018554449
vn 0.8660252966602509 0 0.50000018554449
vn 0.965925844640659 0 0.2588189766134421
vn 0.965925844640659 0 0.2588189766134421
vn 0.8660252966602509 0 0.50000018554449
vn 0.965925844640659 0 0.2588189766134421
vn 0.965925844640659 0 0.2588189766134421
vn 0.965925844640659 0 0.2588189766134421
vn 1 0 0
vn 1 0 0
vn 0.965925844640659 0 0.2588189766134421
vn 1 0 0
vn 0.965925844640659 0 0.2588189766134421
vn 0.965925844640659 0 0.2588189766134421
vn 1 0 0
vn 1 0 0
vn 0.965925844640659 0 0.2588189766134421
vn 1 0 0
vn 1 0 0
vn 1 0 0
vn 0.965925844640659 0 -0.2588189766134421
vn 0.965925844640659 0 -0.2588189766134421
vn 1 0 0
vn 0.965925844640659 0 -0.2588189766134421
vn 0.965925844640659 0 -0.2588189766134421
vn 0.965925844640659 0 -0.2588189766134421
vn 0.8660252966602509 0 -0.50000018554449
vn 0.8660252966602509 0 -0.50000018554449
vn 0.965925844640659 0 -0.2588189766134421
vn 0.8660252966602509 0 -0.50000018554449
vn 0.8660252966602509 0 -0.50000018554449
vn 0.8660252966602509 0 -0.50000018554449
vn 0.7071067811865476 0 -0.7071067811865476
vn 0.7071067811865476 0 -0.7071067811865476
vn 0.8660252966602509 0 -0.50000018554449
vn 0.7071067811865476 0 -0.7071067811865476
vn 0.7071067811865476 0 -0.7071067811865476
vn 0.7071067811865476 0 -0.7071067811865476
vn 0.50000018554449 0 -0.8660252966602509
vn 0.50000018554449 0 -0.8660252966602509
vn 0.7071067811865476 0 -0.7071067811865476
vn 0.50000018554449 0 -0.8660252966602509
vn 0.50000018554449 0 -0.8660252966602509
vn 0.50000018554449 0 -0.8660252966602509
vn 0.2588189766134421 0 -0.965925844640659
vn 0.2588189766134421 0 -0.965925844640659
vn 0.50000018554449 0 -0.8660252966602509
vn 0.2588189766134421 0 -0.965925844640659
vn 0.2588189766134421 0 -0.965925844640659
vn 0.2588189766134421 0 -0.965925844640659
vn 0 0 -1
vn 0 0 -1
vn 0.2588189766134421 0 -0.965925844640659
vn 0 0 -1
vn 0 0 -1
vn 0 0 -1
vn -0.2588189766134421 0 -0.965925844640659
vn -0.2588189766134421 0 -0.965925844640659
vn 0 0 -1
vn -0.2588189766134421 0 -0.965925844640659
vn -0.2588189766134421 0 -0.965925844640659
vn -0.2588189766134421 0 -0.965925844640659
vn -0.50000018554449 0 -0.8660252966602509
vn -0.50000018554449 0 -0.8660252966602509
vn -0.2588189766134421 0 -0.965925844640659
vn -0.50000018554449 0 -0.8660252966602509
vn -0.50000018554449 0 -0.8660252966602509
vn -0.50000018554449 0 -0.8660252966602509
vn -0.7071067811865476 0 -0.7071067811865476
vn -0.7071067811865476 0 -0.7071067811865476
vn -0.50000018554449 0 -0.8660252966602509
vn -0.7071067811865476 0 -0.7071067811865476
vn -0.7071067811865476 0 -0.7071067811865476
vn -0.7071067811865476 0 -0.7071067811865476
vn -0.8660252966602509 0 -0.50000018554449
vn -0.8660252966602509 0 -0.50000018554449
vn -0.7071067811865476 0 -0.7071067811865476
vn -0.8660252966602509 0 -0.50000018554449
vn -0.8660252966602509 0 -0.50000018554449
vn -0.8660252966602509 0 -0.50000018554449
vn -0.965925844640659 0 -0.2588189766134421
vn -0.965925844640659 0 -0.2588189766134421
vn -0.8660252966602509 0 -0.50000018554449
vn -0.965925844640659 0 -0.2588189766134421
vn -0.965925844640659 0 -0.2588189766134421
vn -0.965925844640659 0 -0.2588189766134421
vn -1 0 0
vn -1 0 0
vn -0.965925844640659 0 -0.2588189766134421
vn -1 0 0
vn -1 0 0
vn -1 0 0
vn -0.965925844640659 0 0.2588189766134421
vn -0.965925844640659 0 0.2588189766134421
vn -1 0 0
vn -0.965925844640659 0 0.2588189766134421
vn -0.965925844640659 0 0.2588189766134421
vn -0.965925844640659 0 0.2588189766134421
vn -0.8660252966602509 0 0.50000018554449
vn -0.8660252966602509 0 0.50000018554449
vn -0.965925844640659 0 0.2588189766134421
vn -0.8660252966602509 0 0.50000018554449
vn -0.8660252966602509 0 0.50000018554449
vn -0.8660252966602509 0 0.50000018554449
vn -0.7071067811865476 0 0.7071067811865476
vn -0.7071067811865476 0 0.7071067811865476
vn -0.8660252966602509 0 0.50000018554449
vn -0.7071067811865476 0 0.7071067811865476
vn -0.7071067811865476 0 0.7071067811865476
vn -0.7071067811865476 0 0.7071067811865476
vn -0.50000018554449 0 0.8660252966602509
vn -0.50000018554449 0 0.8660252966602509
vn -0.7071067811865476 0 0.7071067811865476
vn -0.50000018554449 0 0.8660252966602509
vn -0.50000018554449 0 0.8660252966602509
vn -0.50000018554449 0 0.8660252966602509
vn -0.2588189766134421 0 0.965925844640659
vn -0.2588189766134421 0 0.965925844640659
vn -0.50000018554449 0 0.8660252966602509
vn -0.2588189766134421 0 0.965925844640659
vn -0.2588189766134421 0 0.965925844640659
vn -0.2588189766134421 0 0.965925844640659
vn 0 0 1
vn 0 0 1
vn -0.2588189766134421 0 0.965925844640659
vn 0 0 1
vn 0 0 1
vn 0 0 1
vn 0.2588189766134421 0 0.965925844640659
vn 0.2588189766134421 0 0.965925844640659
vn 0 0 1
vn 0.2588189766134421 0 0.965925844640659
vn 0.2588189766134421 0 0.965925844640659
vn 0.2588189766134421 0 0.965925844640659
vn 0.50000018554449 0 0.8660252966602509
vn 0.50000018554449 0 0.8660252966602509
vn 0.2588189766134421 0 0.965925844640659
vn 0.50000018554449 0 0.8660252966602509
vn 0.50000018554449 0 0.8660252966602509
vn 0.50000018554449 0 0.8660252966602509
vn 0.7071067811865476 0 0.7071067811865476
vn 0.7071067811865476 0 0.7071067811865476
vn 0.50000018554449 0 0.8660252966602509
vn 0.7071067811865476 0 0.7071067811865476
vn 0.7071067811865476 0 0.7071067811865476
vn 0.7071067811865476 0 0.7071067811865476
vn 0.8660252966602509 0 0.50000018554449
vn 0.8660252966602509 0 0.50000018554449
vn 0.7071067811865476 0 0.7071067811865476
vn 0.8660252966602509 0 0.50000018554449
vn 0.8660252966602509 0 0.50000018554449
vn 0.8660252966602509 0 0.50000018554449
vn 0.965925844640659 0 0.2588189766134421
vn 0.965925844640659 0 0.2588189766134421
vn 0.8660252966602509 0 0.50000018554449
vn 0.965925844640659 0 0.2588189766134421
vn 0.965925844640659 0 -0.2588189766134421
vn 0.965925844640659 0 -0.2588189766134421
vn 1 0 0
vn 1 0 0
vn 0.965925844640659 0 -0.2588189766134421
vn 1 0 0
vn 1 0 0
vn 1 0 0
vn 0.965925844640659 0 0.2588189766134421
vn 0.965925844640659 0 0.2588189766134421
vn 1 0 0
vn 0.965925844640659 0 0.2588189766134421
vn 0.965925844640659 0 0.2588189766134421
vn 0.965925844640659 0 0.2588189766134421
vn 0.8660252966602509 0 0.50000018554449
vn 0.8660252966602509 0 0.50000018554449
vn 0.965925844640659 0 0.2588189766134421
vn 0.8660252966602509 0 0.50000018554449
vn 0.8660252966602509 0 0.50000018554449
vn 0.8660252966602509 0 0.50000018554449
vn 0.7071067811865476 0 0.7071067811865476
vn 0.7071067811865476 0 0.7071067811865476
vn 0.8660252966602509 0 0.50000018554449
vn 0.7071067811865476 0 0.7071067811865476
vn 0.7071067811865476 0 0.7071067811865476
vn 0.7071067811865476 0 0.7071067811865476
vn 0.50000018554449 0 0.8660252966602509
vn 0.50000018554449 0 0.8660252966602509
vn 0.7071067811865476 0 0.7071067811865476
vn 0.50000018554449 0 0.8660252966602509
vn 0.50000018554449 0 0.8660252966602509
vn 0.50000018554449 0 0.8660252966602509
vn 0.2588189766134421 0 0.965925844640659
vn 0.2588189766134421 0 0.965925844640659
vn 0.50000018554449 0 0.8660252966602509
vn 0.2588189766134421 0 0.965925844640659
vn 0.2588189766134421 0 0.965925844640659
vn 0.2588189766134421 0 0.965925844640659
vn 0 0 1
vn 0 0 1
vn 0.2588189766134421 0 0.965925844640659
vn 0 0 1
vn 0 0 1
vn 0 0 1
vn -0.2588189766134421 0 0.965925844640659
vn -0.2588189766134421 0 0.965925844640659
vn 0 0 1
vn -0.2588189766134421 0 0.965925844640659
vn -0.2588189766134421 0 0.965925844640659
vn -0.2588189766134421 0 0.965925844640659
vn -0.50000018554449 0 0.8660252966602509
vn -0.50000018554449 0 0.8660252966602509
vn -0.2588189766134421 0 0.965925844640659
vn -0.50000018554449 0 0.8660252966602509
vn -0.50000018554449 0 0.8660252966602509
vn -0.50000018554449 0 0.8660252966602509
vn -0.7071067811865476 0 0.7071067811865476
vn -0.7071067811865476 0 0.7071067811865476
vn -0.50000018554449 0 0.8660252966602509
vn -0.7071067811865476 0 0.7071067811865476
vn -0.7071067811865476 0 0.7071067811865476
vn -0.7071067811865476 0 0.7071067811865476
vn -0.8660252966602509 0 0.50000018554449
vn -0.8660252966602509 0 0.50000018554449
vn -0.7071067811865476 0 0.7071067811865476
vn -0.8660252966602509 0 0.50000018554449
vn -0.8660252966602509 0 0.50000018554449
vn -0.8660252966602509 0 0.50000018554449
vn -0.965925844640659 0 0.2588189766134421
vn -0.965925844640659 0 0.2588189766134421
vn -0.8660252966602509 0 0.50000018554449
vn -0.965925844640659 0 0.2588189766134421
vn -0.965925844640659 0 0.2588189766134421
vn -0.965925844640659 0 0.2588189766134421
vn -1 0 0
vn -1 0 0
vn -0.965925844640659 0 0.2588189766134421
vn -1 0 0
vn -1 0 0
vn -1 0 0
vn -0.965925844640659 0 -0.2588189766134421
vn -0.965925844640659 0 -0.2588189766134421
vn -1 0 0
vn -0.965925844640659 0 -0.2588189766134421
vn -0.965925844640659 0 -0.2588189766134421
vn -0.965925844640659 0 -0.2588189766134421
vn -0.8660252966602509 0 -0.50000018554449
vn -0.8660252966602509 0 -0.50000018554449
vn -0.965925844640659 0 -0.2588189766134421
vn -0.8660252966602509 0 -0.50000018554449
vn -0.8660252966602509 0 -0.50000018554449
vn -0.8660252966602509 0 -0.50000018554449
vn -0.7071067811865476 0 -0.7071067811865476
vn -0.7071067811865476 0 -0.7071067811865476
vn -0.8660252966602509 0 -0.50000018554449
vn -0.7071067811865476 0 -0.7071067811865476
vn -0.7071067811865476 0 -0.7071067811865476
vn -0.7071067811865476 0 -0.7071067811865476
vn -0.50000018554449 0 -0.8660252966602509
vn -0.50000018554449 0 -0.8660252966602509
vn -0.7071067811865476 0 -0.7071067811865476
vn -0.50000018554449 0 -0.8660252966602509
vn -0.50000018554449 0 -0.8660252966602509
vn -0.50000018554449 0 -0.8660252966602509
vn -0.2588189766134421 0 -0.965925844640659
vn -0.2588189766134421 0 -0.965925844640659
vn -0.50000018554449 0 -0.8660252966602509
vn -0.2588189766134421 0 -0.965925844640659
vn -0.2588189766134421 0 -0.965925844640659
vn -0.2588189766134421 0 -0.965925844640659
vn 0 0 -1
vn 0 0 -1
vn -0.2588189766134421 0 -0.965925844640659
vn 0 0 -1
vn 0 0 -1
vn 0 0 -1
vn 0.2588189766134421 0 -0.965925844640659
vn 0.2588189766134421 0 -0.965925844640659
vn 0 0 -1
vn 0.2588189766134421 0 -0.965925844640659
vn 0.2588189766134421 0 -0.965925844640659
vn 0.2588189766134421 0 -0.965925844640659
vn 0.50000018554449 0 -0.8660252966602509
vn 0.50000018554449 0 -0.8660252966602509
vn 0.2588189766134421 0 -0.965925844640659
vn 0.50000018554449 0 -0.8660252966602509
vn 0.50000018554449 0 -0.8660252966602509
vn 0.50000018554449 0 -0.8660252966602509
vn 0.7071067811865476 0 -0.7071067811865476
vn 0.7071067811865476 0 -0.7071067811865476
vn 0.50000018554449 0 -0.8660252966602509
vn 0.7071067811865476 0 -0.7071067811865476
vn 0.7071067811865476 0 -0.7071067811865476
vn 0.7071067811865476 0 -0.7071067811865476
vn 0.8660252966602509 0 -0.50000018554449
vn 0.8660252966602509 0 -0.50000018554449
vn 0.7071067811865476 0 -0.7071067811865476
vn 0.8660252966602509 0 -0.50000018554449
vn 0.8660252966602509 0 -0.50000018554449
vn 0.8660252966602509 0 -0.50000018554449
vn 0.965925844640659 0 -0.2588189766134421
vn 0.965925844640659 0 -0.2588189766134421
vn 0.8660252966602509 0 -0.50000018554449
vn 0.965925844640659 0 -0.2588189766134421
vn 1 0 0
vn 1 0 0
vn 0.965925844640659 0 -0.2588189766134421
vn 0.965925844640659 0 -0.2588189766134421
vn 1 0 0
vn 0.965925844640659 0 -0.2588189766134421
vn 0.965925844640659 0 -0.2588189766134421
vn 0.965925844640659 0 -0.2588189766134421
vn 0.8660252966602509 0 -0.50000018554449
vn 0.8660252966602509 0 -0.50000018554449
vn 0.965925844640659 0 -0.2588189766134421
vn 0.8660252966602509 0 -0.50000018554449
vn 0.8660252966602509 0 -0.50000018554449
vn 0.8660252966602509 0 -0.50000018554449
vn 0.7071067811865476 0 -0.7071067811865476
vn 0.7071067811865476 0 -0.7071067811865476
vn 0.8660252966602509 0 -0.50000018554449
vn 0.7071067811865476 0 -0.7071067811865476
vn 0.7071067811865476 0 -0.7071067811865476
vn 0.7071067811865476 0 -0.7071067811865476
vn 0.50000018554449 0 -0.8660252966602509
vn 0.50000018554449 0 -0.8660252966602509
vn 0.7071067811865476 0 -0.7071067811865476
vn 0.50000018554449 0 -0.8660252966602509
vn 0.50000018554449 0 -0.8660252966602509
vn 0.50000018554449 0 -0.8660252966602509
vn 0.2588189766134421 0 -0.965925844640659
vn 0.2588189766134421 0 -0.965925844640659
vn 0.50000018554449 0 -0.8660252966602509
vn 0.2588189766134421 0 -0.965925844640659
vn 0.2588189766134421 0 -0.965925844640659
vn 0.2588189766134421 0 -0.965925844640659
vn 0 0 -1
vn 0 0 -1
vn 0.2588189766134421 0 -0.965925844640659
vn 0 0 -1
vn 0 0 -1
vn 0 0 -1
vn -0.2588189766134421 0 -0.965925844640659
vn -0.2588189766134421 0 -0.965925844640659
vn 0 0 -1
vn -0.2588189766134421 0 -0.965925844640659
vn -0.2588189766134421 0 -0.965925844640659
vn -0.2588189766134421 0 -0.965925844640659
vn -0.50000018554449 0 -0.8660252966602509
vn -0.50000018554449 0 -0.8660252966602509
vn -0.2588189766134421 0 -0.965925844640659
vn -0.50000018554449 0 -0.8660252966602509
vn -0.50000018554449 0 -0.8660252966602509
vn -0.50000018554449 0 -0.8660252966602509
vn -0.7071067811865476 0 -0.7071067811865476
vn -0.7071067811865476 0 -0.7071067811865476
vn -0.50000018554449 0 -0.8660252966602509
vn -0.7071067811865476 0 -0.7071067811865476
vn -0.7071067811865476 0 -0.7071067811865476
vn -0.7071067811865476 0 -0.7071067811865476
vn -0.8660252966602509 0 -0.50000018554449
vn -0.8660252966602509 0 -0.50000018554449
vn -0.7071067811865476 0 -0.7071067811865476
vn -0.8660252966602509 0 -0.50000018554449
vn -0.8660252966602509 0 -0.50000018554449
vn -0.8660252966602509 0 -0.50000018554449
vn -0.965925844640659 0 -0.2588189766134421
vn -0.965925844640659 0 -0.2588189766134421
vn -0.8660252966602509 0 -0.50000018554449
vn -0.965925844640659 0 -0.2588189766134421
vn -0.965925844640659 0 -0.2588189766134421
vn -0.965925844640659 0 -0.2588189766134421
vn -1 0 0
vn -1 0 0
vn -0.965925844640659 0 -0.2588189766134421
vn -1 0 0
vn -1 0 0
vn -1 0 0
vn -0.965925844640659 0 0.2588189766134421
vn -0.965925844640659 0 0.2588189766134421
vn -1 0 0
vn -0.965925844640659 0 0.2588189766134421
vn -0.965925844640659 0 0.2588189766134421
vn -0.965925844640659 0 0.2588189766134421
vn -0.8660252966602509 0 0.50000018554449
vn -0.8660252966602509 0 0.50000018554449
vn -0.965925844640659 0 0.2588189766134421
vn -0.8660252966602509 0 0.50000018554449
vn -0.8660252966602509 0 0.50000018554449
vn -0.8660252966602509 0 0.50000018554449
vn -0.7071067811865476 0 0.7071067811865476
vn -0.7071067811865476 0 0.7071067811865476
vn -0.8660252966602509 0 0.50000018554449
vn -0.7071067811865476 0 0.7071067811865476
vn -0.7071067811865476 0 0.7071067811865476
vn -0.7071067811865476 0 0.7071067811865476
vn -0.50000018554449 0 0.8660252966602509
vn -0.50000018554449 0 0.8660252966602509
vn -0.7071067811865476 0 0.7071067811865476
vn -0.50000018554449 0 0.8660252966602509
vn -0.50000018554449 0 0.8660252966602509
vn -0.50000018554449 0 0.8660252966602509
vn -0.2588189766134421 0 0.965925844640659
vn -0.2588189766134421 0 0.965925844640659
vn -0.50000018554449 0 0.8660252966602509
vn -0.2588189766134421 0 0.965925844640659
vn -0.2588189766134421 0 0.965925844640659
vn -0.2588189766134421 0 0.965925844640659
vn 0 0 1
vn 0 0 1
vn -0.2588189766134421 0 0.965925844640659
vn 0 0 1
vn 0 0 1
vn 0 0 1
vn 0.2588189766134421 0 0.965925844640659
vn 0.2588189766134421 0 0.965925844640659
vn 0 0 1
vn 0.2588189766134421 0 0.965925844640659
vn 0.2588189766134421 0 0.965925844640659
vn 0.2588189766134421 0 0.965925844640659
vn 0.50000018554449 0 0.8660252966602509
vn 0.50000018554449 0 0.8660252966602509
vn 0.2588189766134421 0 0.965925844640659
vn 0.50000018554449 0 0.8660252966602509
vn 0.50000018554449 0 0.8660252966602509
vn 0.50000018554449 0 0.8660252966602509
vn 0.7071067811865476 0 0.7071067811865476
vn 0.7071067811865476 0 0.7071067811865476
vn 0.50000018554449 0 0.8660252966602509
vn 0.7071067811865476 0 0.7071067811865476
vn 0.7071067811865476 0 0.7071067811865476
vn 0.7071067811865476 0 0.7071067811865476
vn 0.8660252966602509 0 0.50000018554449
vn 0.8660252966602509 0 0.50000018554449
vn 0.7071067811865476 0 0.7071067811865476
vn 0.8660252966602509 0 0.50000018554449
vn 0.8660252966602509 0 0.50000018554449
vn 0.8660252966602509 0 0.50000018554449
vn 0.965925844640659 0 0.2588189766134421
vn 0.965925844640659 0 0.2588189766134421
vn 0.8660252966602509 0 0.50000018554449
vn 0.965925844640659 0 0.2588189766134421
vn 0.965925844640659 0 0.2588189766134421
vn 0.965925844640659 0 0.2588189766134421
vn 1 0 0
vn 1 0 0
vn 0.965925844640659 0 0.2588189766134421
vn 1 0 0
vn 0.965925844640659 0 0.2588189766134421
vn 0.965925844640659 0 0.2588189766134421
vn 1 0 0
vn 1 0 0
vn 0.965925844640659 0 0.2588189766134421
vn 1 0 0
vn 1 0 0
vn 1 0 0
vn 0.965925844640659 0 -0.2588189766134421
vn 0.965925844640659 0 -0.2588189766134421
vn 1 0 0
vn 0.965925844640659 0 -0.2588189766134421
vn 0.965925844640659 0 -0.2588189766134421
vn 0.965925844640659 0 -0.2588189766134421
vn 0.8660252966602509 0 -0.50000018554449
vn 0.8660252966602509 0 -0.50000018554449
vn 0.965925844640659 0 -0.2588189766134421
vn 0.8660252966602509 0 -0.50000018554449
vn 0.8660252966602509 0 -0.50000018554449
vn 0.8660252966602509 0 -0.50000018554449
vn 0.7071067811865476 0 -0.7071067811865476
vn 0.7071067811865476 0 -0.7071067811865476
vn 0.8660252966602509 0 -0.50000018554449
vn 0.7071067811865476 0 -0.7071067811865476
vn 0.7071067811865476 0 -0.7071067811865476
vn 0.7071067811865476 0 -0.7071067811865476
vn 0.50000018554449 0 -0.8660252966602509
vn 0.50000018554449 0 -0.8660252966602509
vn 0.7071067811865476 0 -0.7071067811865476
vn 0.50000018554449 0 -0.8660252966602509
vn 0.50000018554449 0 -0.8660252966602509
vn 0.50000018554449 0 -0.8660252966602509
vn 0.2588189766134421 0 -0.965925844640659
vn 0.2588189766134421 0 -0.965925844640659
vn 0.50000018554449 0 -0.8660252966602509
vn 0.2588189766134421 0 -0.965925844640659
vn 0.2588189766134421 0 -0.965925844640659
vn 0.2588189766134421 0 -0.965925844640659
vn 0 0 -1
vn 0 0 -1
vn 0.2588189766134421 0 -0.965925844640659
vn 0 0 -1
vn 0 0 -1
vn 0 0 -1
vn -0.2588189766134421 0 -0.965925844640659
vn -0.2588189766134421 0 -0.965925844640659
vn 0 0 -1
vn -0.2588189766134421 0 -0.965925844640659
vn -0.2588189766134421 0 -0.965925844640659
vn -0.2588189766134421 0 -0.965925844640659
vn -0.50000018554449 0 -0.8660252966602509
vn -0.50000018554449 0 -0.8660252966602509
vn -0.2588189766134421 0 -0.965925844640659
vn -0.50000018554449 0 -0.8660252966602509
vn -0.50000018554449 0 -0.8660252966602509
vn -0.50000018554449 0 -0.8660252966602509
vn -0.7071067811865476 0 -0.7071067811865476
vn -0.7071067811865476 0 -0.7071067811865476
vn -0.50000018554449 0 -0.8660252966602509
vn -0.7071067811865476 0 -0.7071067811865476
vn -0.7071067811865476 0 -0.7071067811865476
vn -0.7071067811865476 0 -0.7071067811865476
vn -0.8660252966602509 0 -0.50000018554449
vn -0.8660252966602509 0 -0.50000018554449
vn -0.7071067811865476 0 -0.7071067811865476
vn -0.8660252966602509 0 -0.50000018554449
vn -0.8660252966602509 0 -0.50000018554449
vn -0.8660252966602509 0 -0.50000018554449
vn -0.965925844640659 0 -0.2588189766134421
vn -0.965925844640659 0 -0.2588189766134421
vn -0.8660252966602509 0 -0.50000018554449
vn -0.965925844640659 0 -0.2588189766134421
vn -0.965925844640659 0 -0.2588189766134421
vn -0.965925844640659 0 -0.2588189766134421
vn -1 0 0
vn -1 0 0
vn -0.965925844640659 0 -0.2588189766134421
vn -1 0 0
vn -1 0 0
vn -1 0 0
vn -0.965925844640659 0 0.2588189766134421
vn -0.965925844640659 0 0.2588189766134421
vn -1 0 0
vn -0.965925844640659 0 0.2588189766134421
vn -0.965925844640659 0 0.2588189766134421
vn -0.965925844640659 0 0.2588189766134421
vn -0.8660252966602509 0 0.50000018554449
vn -0.8660252966602509 0 0.50000018554449
vn -0.965925844640659 0 0.2588189766134421
vn -0.8660252966602509 0 0.50000018554449
vn -0.8660252966602509 0 0.50000018554449
vn -0.8660252966602509 0 0.50000018554449
vn -0.7071067811865476 0 0.7071067811865476
vn -0.7071067811865476 0 0.7071067811865476
vn -0.8660252966602509 0 0.50000018554449
vn -0.7071067811865476 0 0.7071067811865476
vn -0.7071067811865476 0 0.7071067811865476
vn -0.7071067811865476 0 0.7071067811865476
vn -0.50000018554449 0 0.8660252966602509
vn -0.50000018554449 0 0.8660252966602509
vn -0.7071067811865476 0 0.7071067811865476
vn -0.50000018554449 0 0.8660252966602509
vn -0.50000018554449 0 0.8660252966602509
vn -0.50000018554449 0 0.8660252966602509
vn -0.2588189766134421 0 0.965925844640659
vn -0.2588189766134421 0 0.965925844640659
vn -0.50000018554449 0 0.8660252966602509
vn -0.2588189766134421 0 0.965925844640659
vn -0.2588189766134421 0 0.965925844640659
vn -0.2588189766134421 0 0.965925844640659
vn 0 0 1
vn 0 0 1
vn -0.2588189766134421 0 0.965925844640659
vn 0 0 1
vn 0 0 1
vn 0 0 1
vn 0.2588189766134421 0 0.965925844640659
vn 0.2588189766134421 0 0.965925844640659
vn 0 0 1
vn 0.2588189766134421 0 0.965925844640659
vn 0.2588189766134421 0 0.965925844640659
vn 0.2588189766134421 0 0.965925844640659
vn 0.50000018554449 0 0.8660252966602509
vn 0.50000018554449 0 0.8660252966602509
vn 0.2588189766134421 0 0.965925844640659
vn 0.50000018554449 0 0.8660252966602509
vn 0.50000018554449 0 0.8660252966602509
vn 0.50000018554449 0 0.8660252966602509
vn 0.7071067811865476 0 0.7071067811865476
vn 0.7071067811865476 0 0.7071067811865476
vn 0.50000018554449 0 0.8660252966602509
vn 0.7071067811865476 0 0.7071067811865476
vn 0.7071067811865476 0 0.7071067811865476
vn 0.7071067811865476 0 0.7071067811865476
vn 0.8660252966602509 0 0.50000018554449
vn 0.8660252966602509 0 0.50000018554449
vn 0.7071067811865476 0 0.7071067811865476
vn 0.8660252966602509 0 0.50000018554449
vn 0.8660252966602509 0 0.50000018554449
vn 0.8660252966602509 0 0.50000018554449
vn 0.965925844640659 0 0.2588189766134421
vn 0.965925844640659 0 0.2588189766134421
vn 0.8660252966602509 0 0.50000018554449
vn 0.965925844640659 0 0.2588189766134421
vn 0.965925844640659 0 -0.2588189766134421
vn 0.965925844640659 0 -0.2588189766134421
vn 1 0 0
vn 1 0 0
vn 0.965925844640659 0 -0.2588189766134421
vn 1 0 0
vn 1 0 0
vn 1 0 0
vn 0.965925844640659 0 0.2588189766134421
vn 0.965925844640659 0 0.2588189766134421
vn 1 0 0
vn 0.965925844640659 0 0.2588189766134421
vn 0.965925844640659 0 0.2588189766134421
vn 0.965925844640659 0 0.2588189766134421
vn 0.8660252966602509 0 0.50000018554449
vn 0.8660252966602509 0 0.50000018554449
vn 0.965925844640659 0 0.2588189766134421
vn 0.8660252966602509 0 0.50000018554449
vn 0.8660252966602509 0 0.50000018554449
vn 0.8660252966602509 0 0.50000018554449
vn 0.7071067811865476 0 0.7071067811865476
vn 0.7071067811865476 0 0.7071067811865476
vn 0.8660252966602509 0 0.50000018554449
vn 0.7071067811865476 0 0.7071067811865476
vn 0.7071067811865476 0 0.7071067811865476
vn 0.7071067811865476 0 0.7071067811865476
vn 0.50000018554449 0 0.8660252966602509
vn 0.50000018554449 0 0.8660252966602509
vn 0.7071067811865476 0 0.7071067811865476
vn 0.50000018554449 0 0.8660252966602509
vn 0.50000018554449 0 0.8660252966602509
vn 0.50000018554449 0 0.8660252966602509
vn 0.2588189766134421 0 0.965925844640659
vn 0.2588189766134421 0 0.965925844640659
vn 0.50000018554449 0 0.8660252966602509
vn 0.2588189766134421 0 0.965925844640659
vn 0.2588189766134421 0 0.965925844640659
vn 0.2588189766134421 0 0.965925844640659
vn 0 0 1
vn 0 0 1
vn 0.2588189766134421 0 0.965925844640659
vn 0 0 1
vn 0 0 1
vn 0 0 1
vn -0.2588189766134421 0 0.965925844640659
vn -0.2588189766134421 0 0.965925844640659
vn 0 0 1
vn -0.2588189766134421 0 0.965925844640659
vn -0.2588189766134421 0 0.965925844640659
vn -0.2588189766134421 0 0.965925844640659
vn -0.50000018554449 0 0.8660252966602509
vn -0.50000018554449 0 0.8660252966602509
vn -0.2588189766134421 0 0.965925844640659
vn -0.50000018554449 0 0.8660252966602509
vn -0.50000018554449 0 0.8660252966602509
vn -0.50000018554449 0 0.8660252966602509
vn -0.7071067811865476 0 0.7071067811865476
vn -0.7071067811865476 0 0.7071067811865476
vn -0.50000018554449 0 0.8660252966602509
vn -0.7071067811865476 0 0.7071067811865476
vn -0.7071067811865476 0 0.7071067811865476
vn -0.7071067811865476 0 0.7071067811865476
vn -0.8660252966602509 0 0.50000018554449
vn -0.8660252966602509 0 0.50000018554449
vn -0.7071067811865476 0 0.7071067811865476
vn -0.8660252966602509 0 0.50000018554449
vn -0.8660252966602509 0 0.50000018554449
vn -0.8660252966602509 0 0.50000018554449
vn -0.965925844640659 0 0.2588189766134421
vn -0.965925844640659 0 0.2588189766134421
vn -0.8660252966602509 0 0.50000018554449
vn -0.965925844640659 0 0.2588189766134421
vn -0.965925844640659 0 0.2588189766134421
vn -0.965925844640659 0 0.2588189766134421
vn -1 0 0
vn -1 0 0
vn -0.965925844640659 0 0.2588189766134421
vn -1 0 0
vn -1 0 0
vn -1 0 0
vn -0.965925844640659 0 -0.2588189766134421
vn -0.965925844640659 0 -0.2588189766134421
vn -1 0 0
vn -0.965925844640659 0 -0.2588189766134421
vn -0.965925844640659 0 -0.2588189766134421
vn -0.965925844640659 0 -0.2588189766134421
vn -0.8660252966602509 0 -0.50000018554449
vn -0.8660252966602509 0 -0.50000018554449
vn -0.965925844640659 0 -0.2588189766134421
vn -0.8660252966602509 0 -0.50000018554449
vn -0.8660252966602509 0 -0.50000018554449
vn -0.8660252966602509 0 -0.50000018554449
vn -0.7071067811865476 0 -0.7071067811865476
vn -0.7071067811865476 0 -0.7071067811865476
vn -0.8660252966602509 0 -0.50000018554449
vn -0.7071067811865476 0 -0.7071067811865476
vn -0.7071067811865476 0 -0.7071067811865476
vn -0.7071067811865476 0 -0.7071067811865476
vn -0.50000018554449 0 -0.8660252966602509
vn -0.50000018554449 0 -0.8660252966602509
vn -0.7071067811865476 0 -0.7071067811865476
vn -0.50000018554449 0 -0.8660252966602509
vn -0.50000018554449 0 -0.8660252966602509
vn -0.50000018554449 0 -0.8660252966602509
vn -0.2588189766134421 0 -0.965925844640659
vn -0.2588189766134421 0 -0.965925844640659
vn -0.50000018554449 0 -0.8660252966602509
vn -0.2588189766134421 0 -0.965925844640659
vn -0.2588189766134421 0 -0.965925844640659
vn -0.2588189766134421 0 -0.965925844640659
vn 0 0 -1
vn 0 0 -1
vn -0.2588189766134421 0 -0.965925844640659
vn 0 0 -1
vn 0 0 -1
vn 0 0 -1
vn 0.2588189766134421 0 -0.965925844640659
vn 0.2588189766134421 0 -0.965925844640659
vn 0 0 -1
vn 0.2588189766134421 0 -0.965925844640659
vn 0.2588189766134421 0 -0.965925844640659
vn 0.2588189766134421 0 -0.965925844640659
vn 0.50000018554449 0 -0.8660252966602509
vn 0.50000018554449 0 -0.8660252966602509
vn 0.2588189766134421 0 -0.965925844640659
vn 0.50000018554449 0 -0.8660252966602509
vn 0.50000018554449 0 -0.8660252966602509
vn 0.50000018554449 0 -0.8660252966602509
vn 0.7071067811865476 0 -0.7071067811865476
vn 0.7071067811865476 0 -0.7071067811865476
vn 0.50000018554449 0 -0.8660252966602509
vn 0.7071067811865476 0 -0.7071067811865476
vn 0.7071067811865476 0 -0.7071067811865476
vn 0.7071067811865476 0 -0.7071067811865476
vn 0.8660252966602509 0 -0.50000018554449
vn 0.8660252966602509 0 -0.50000018554449
vn 0.7071067811865476 0 -0.7071067811865476
vn 0.8660252966602509 0 -0.50000018554449
vn 0.8660252966602509 0 -0.50000018554449
vn 0.8660252966602509 0 -0.50000018554449
vn 0.965925844640659 0 -0.2588189766134421
vn 0.965925844640659 0 -0.2588189766134421
vn 0.8660252966602509 0 -0.50000018554449
vn 0.965925844640659 0 -0.2588189766134421
vn 1 0 0
vn 1 0 0
vn 0.965925844640659 0 -0.2588189766134421
vn 0.965925844640659 0 -0.2588189766134421
vn 1 0 0
vn 0.965925844640659 0 -0.2588189766134421
vn 0.965925844640659 0 -0.2588189766134421
vn 0.965925844640659 0 -0.2588189766134421
vn 0.8660252966602509 0 -0.50000018554449
vn 0.8660252966602509 0 -0.50000018554449
vn 0.965925844640659 0 -0.2588189766134421
vn 0.8660252966602509 0 -0.50000018554449
vn 0.8660252966602509 0 -0.50000018554449
vn 0.8660252966602509 0 -0.50000018554449
vn 0.7071067811865476 0 -0.7071067811865476
vn 0.7071067811865476 0 -0.7071067811865476
vn 0.8660252966602509 0 -0.50000018554449
vn 0.7071067811865476 0 -0.7071067811865476
vn 0.7071067811865476 0 -0.7071067811865476
vn 0.7071067811865476 0 -0.7071067811865476
vn 0.50000018554449 0 -0.8660252966602509
vn 0.50000018554449 0 -0.8660252966602509
vn 0.7071067811865476 0 -0.7071067811865476
vn 0.50000018554449 0 -0.8660252966602509
vn 0.50000018554449 0 -0.8660252966602509
vn 0.50000018554449 0 -0.8660252966602509
vn 0.2588189766134421 0 -0.965925844640659
vn 0.2588189766134421 0 -0.965925844640659
vn 0.50000018554449 0 -0.8660252966602509
vn 0.2588189766134421 0 -0.965925844640659
vn 0.2588189766134421 0 -0.965925844640659
vn 0.2588189766134421 0 -0.965925844640659
vn 0 0 -1
vn 0 0 -1
vn 0.2588189766134421 0 -0.965925844640659
vn 0 0 -1
vn 0 0 -1
vn 0 0 -1
vn -0.2588189766134421 0 -0.965925844640659
vn -0.2588189766134421 0 -0.965925844640659
vn 0 0 -1
vn -0.2588189766134421 0 -0.965925844640659
vn -0.2588189766134421 0 -0.965925844640659
vn -0.2588189766134421 0 -0.965925844640659
vn -0.50000018554449 0 -0.8660252966602509
vn -0.50000018554449 0 -0.8660252966602509
vn -0.2588189766134421 0 -0.965925844640659
vn -0.50000018554449 0 -0.8660252966602509
vn -0.50000018554449 0 -0.8660252966602509
vn -0.50000018554449 0 -0.8660252966602509
vn -0.7071067811865476 0 -0.7071067811865476
vn -0.7071067811865476 0 -0.7071067811865476
vn -0.50000018554449 0 -0.8660252966602509
vn -0.7071067811865476 0 -0.7071067811865476
vn -0.7071067811865476 0 -0.7071067811865476
vn -0.7071067811865476 0 -0.7071067811865476
vn -0.8660252966602509 0 -0.50000018554449
vn -0.8660252966602509 0 -0.50000018554449
vn -0.7071067811865476 0 -0.7071067811865476
vn -0.8660252966602509 0 -0.50000018554449
vn -0.8660252966602509 0 -0.50000018554449
vn -0.8660252966602509 0 -0.50000018554449
vn -0.965925844640659 0 -0.2588189766134421
vn -0.965925844640659 0 -0.2588189766134421
vn -0.8660252966602509 0 -0.50000018554449
vn -0.965925844640659 0 -0.2588189766134421
vn -0.965925844640659 0 -0.2588189766134421
vn -0.965925844640659 0 -0.2588189766134421
vn -1 0 0
vn -1 0 0
vn -0.965925844640659 0 -0.2588189766134421
vn -1 0 0
vn -1 0 0
vn -1 0 0
vn -0.965925844640659 0 0.2588189766134421
vn -0.965925844640659 0 0.2588189766134421
vn -1 0 0
vn -0.965925844640659 0 0.2588189766134421
vn -0.965925844640659 0 0.2588189766134421
vn -0.965925844640659 0 0.2588189766134421
vn -0.8660252966602509 0 0.50000018554449
vn -0.8660252966602509 0 0.50000018554449
vn -0.965925844640659 0 0.2588189766134421
vn -0.8660252966602509 0 0.50000018554449
vn -0.8660252966602509 0 0.50000018554449
vn -0.8660252966602509 0 0.50000018554449
vn -0.7071067811865476 0 0.7071067811865476
vn -0.7071067811865476 0 0.7071067811865476
vn -0.8660252966602509 0 0.50000018554449
vn -0.7071067811865476 0 0.7071067811865476
vn -0.7071067811865476 0 0.7071067811865476
vn -0.7071067811865476 0 0.7071067811865476
vn -0.50000018554449 0 0.8660252966602509
vn -0.50000018554449 0 0.8660252966602509
vn -0.7071067811865476 0 0.7071067811865476
vn -0.50000018554449 0 0.8660252966602509
vn -0.50000018554449 0 0.8660252966602509
vn -0.50000018554449 0 0.8660252966602509
vn -0.2588189766134421 0 0.965925844640659
vn -0.2588189766134421 0 0.965925844640659
vn -0.50000018554449 0 0.8660252966602509
vn -0.2588189766134421 0 0.965925844640659
vn -0.2588189766134421 0 0.965925844640659
vn -0.2588189766134421 0 0.965925844640659
vn 0 0 1
vn 0 0 1
vn -0.2588189766134421 0 0.965925844640659
vn 0 0 1
vn 0 0 1
vn 0 0 1
vn 0.2588189766134421 0 0.965925844640659
vn 0.2588189766134421 0 0.965925844640659
vn 0 0 1
vn 0.2588189766134421 0 0.965925844640659
vn 0.2588189766134421 0 0.965925844640659
vn 0.2588189766134421 0 0.965925844640659
vn 0.50000018554449 0 0.8660252966602509
vn 0.50000018554449 0 0.8660252966602509
vn 0.2588189766134421 0 0.965925844640659
vn 0.50000018554449 0 0.8660252966602509
vn 0.50000018554449 0 0.8660252966602509
vn 0.50000018554449 0 0.8660252966602509
vn 0.7071067811865476 0 0.7071067811865476
vn 0.7071067811865476 0 0.7071067811865476
vn 0.50000018554449 0 0.8660252966602509
vn 0.7071067811865476 0 0.7071067811865476
vn 0.7071067811865476 0 0.7071067811865476
vn 0.7071067811865476 0 0.7071067811865476
vn 0.8660252966602509 0 0.50000018554449
vn 0.8660252966602509 0 0.50000018554449
vn 0.7071067811865476 0 0.7071067811865476
vn 0.8660252966602509 0 0.50000018554449
vn 0.8660252966602509 0 0.50000018554449
vn 0.8660252966602509 0 0.50000018554449
vn 0.965925844640659 0 0.2588189766134421
vn 0.965925844640659 0 0.2588189766134421
vn 0.8660252966602509 0 0.50000018554449
vn 0.965925844640659 0 0.2588189766134421
vn 0.965925844640659 0 0.2588189766134421
vn 0.965925844640659 0 0.2588189766134421
vn 1 0 0
vn 1 0 0
vn 0.965925844640659 0 0.2588189766134421
vn 1 0 0
vn 0.965925844640659 0 0.2588189766134421
vn 0.965925844640659 0 0.2588189766134421
vn 1 0 0
vn 1 0 0
vn 0.965925844640659 0 0.2588189766134421
vn 1 0 0
vn 1 0 0
vn 1 0 0
vn 0.965925844640659 0 -0.2588189766134421
vn 0.965925844640659 0 -0.2588189766134421
vn 1 0 0
vn 0.965925844640659 0 -0.2588189766134421
vn 0.965925844640659 0 -0.2588189766134421
vn 0.965925844640659 0 -0.2588189766134421
vn 0.8660252966602509 0 -0.50000018554449
vn 0.8660252966602509 0 -0.50000018554449
vn 0.965925844640659 0 -0.2588189766134421
vn 0.8660252966602509 0 -0.50000018554449
vn 0.8660252966602509 0 -0.50000018554449
vn 0.8660252966602509 0 -0.50000018554449
vn 0.7071067811865476 0 -0.7071067811865476
vn 0.7071067811865476 0 -0.7071067811865476
vn 0.8660252966602509 0 -0.50000018554449
vn 0.7071067811865476 0 -0.7071067811865476
vn 0.7071067811865476 0 -0.7071067811865476
vn 0.7071067811865476 0 -0.7071067811865476
vn 0.50000018554449 0 -0.8660252966602509
vn 0.50000018554449 0 -0.8660252966602509
vn 0.7071067811865476 0 -0.7071067811865476
vn 0.50000018554449 0 -0.8660252966602509
vn 0.50000018554449 0 -0.8660252966602509
vn 0.50000018554449 0 -0.8660252966602509
vn 0.2588189766134421 0 -0.965925844640659
vn 0.2588189766134421 0 -0.965925844640659
vn 0.50000018554449 0 -0.8660252966602509
vn 0.2588189766134421 0 -0.965925844640659
vn 0.2588189766134421 0 -0.965925844640659
vn 0.2588189766134421 0 -0.965925844640659
vn 0 0 -1
vn 0 0 -1
vn 0.2588189766134421 0 -0.965925844640659
vn 0 0 -1
vn 0 0 -1
vn 0 0 -1
vn -0.2588189766134421 0 -0.965925844640659
vn -0.2588189766134421 0 -0.965925844640659
vn 0 0 -1
vn -0.2588189766134421 0 -0.965925844640659
vn -0.2588189766134421 0 -0.965925844640659
vn -0.2588189766134421 0 -0.965925844640659
vn -0.50000018554449 0 -0.8660252966602509
vn -0.50000018554449 0 -0.8660252966602509
vn -0.2588189766134421 0 -0.965925844640659
vn -0.50000018554449 0 -0.8660252966602509
vn -0.50000018554449 0 -0.8660252966602509
vn -0.50000018554449 0 -0.8660252966602509
vn -0.7071067811865476 0 -0.7071067811865476
vn -0.7071067811865476 0 -0.7071067811865476
vn -0.50000018554449 0 -0.8660252966602509
vn -0.7071067811865476 0 -0.7071067811865476
vn -0.7071067811865476 0 -0.7071067811865476
vn -0.7071067811865476 0 -0.7071067811865476
vn -0.8660252966602509 0 -0.50000018554449
vn -0.8660252966602509 0 -0.50000018554449
vn -0.7071067811865476 0 -0.7071067811865476
vn -0.8660252966602509 0 -0.50000018554449
vn -0.8660252966602509 0 -0.50000018554449
vn -0.8660252966602509 0 -0.50000018554449
vn -0.965925844640659 0 -0.2588189766134421
vn -0.965925844640659 0 -0.2588189766134421
vn -0.8660252966602509 0 -0.50000018554449
vn -0.965925844640659 0 -0.2588189766134421
vn -0.965925844640659 0 -0.2588189766134421
vn -0.965925844640659 0 -0.2588189766134421
vn -1 0 0
vn -1 0 0
vn -0.965925844640659 0 -0.2588189766134421
vn -1 0 0
vn -1 0 0
vn -1 0 0
vn -0.965925844640659 0 0.2588189766134421
vn -0.965925844640659 0 0.2588189766134421
vn -1 0 0
vn -0.965925844640659 0 0.2588189766134421
vn -0.965925844640659 0 0.2588189766134421
vn -0.965925844640659 0 0.2588189766134421
vn -0.8660252966602509 0 0.50000018554449
vn -0.8660252966602509 0 0.50000018554449
vn -0.965925844640659 0 0.2588189766134421
vn -0.8660252966602509 0 0.50000018554449
vn -0.8660252966602509 0 0.50000018554449
vn -0.8660252966602509 0 0.50000018554449
vn -0.7071067811865476 0 0.7071067811865476
vn -0.7071067811865476 0 0.7071067811865476
vn -0.8660252966602509 0 0.50000018554449
vn -0.7071067811865476 0 0.7071067811865476
vn -0.7071067811865476 0 0.7071067811865476
vn -0.7071067811865476 0 0.7071067811865476
vn -0.50000018554449 0 0.8660252966602509
vn -0.50000018554449 0 0.8660252966602509
vn -0.7071067811865476 0 0.7071067811865476
vn -0.50000018554449 0 0.8660252966602509
vn -0.50000018554449 0 0.8660252966602509
vn -0.50000018554449 0 0.8660252966602509
vn -0.2588189766134421 0 0.965925844640659
vn -0.2588189766134421 0 0.965925844640659
vn -0.50000018554449 0 0.8660252966602509
vn -0.2588189766134421 0 0.965925844640659
vn -0.2588189766134421 0 0.965925844640659
vn -0.2588189766134421 0 0.965925844640659
vn 0 0 1
vn 0 0 1
vn -0.2588189766134421 0 0.965925844640659
vn 0 0 1
vn 0 0 1
vn 0 0 1
vn 0.2588189766134421 0 0.965925844640659
vn 0.2588189766134421 0 0.965925844640659
vn 0 0 1
vn 0.2588189766134421 0 0.965925844640659
vn 0.2588189766134421 0 0.965925844640659
vn 0.2588189766134421 0 0.965925844640659
vn 0.50000018554449 0 0.8660252966602509
vn 0.50000018554449 0 0.8660252966602509
vn 0.2588189766134421 0 0.965925844640659
vn 0.50000018554449 0 0.8660252966602509
vn 0.50000018554449 0 0.8660252966602509
vn 0.50000018554449 0 0.8660252966602509
vn 0.7071067811865476 0 0.7071067811865476
vn 0.7071067811865476 0 0.7071067811865476
vn 0.50000018554449 0 0.8660252966602509
vn 0.7071067811865476 0 0.7071067811865476
vn 0.7071067811865476 0 0.7071067811865476
vn 0.7071067811865476 0 0.7071067811865476
vn 0.8660252966602509 0 0.50000018554449
vn 0.8660252966602509 0 0.50000018554449
vn 0.7071067811865476 0 0.7071067811865476
vn 0.8660252966602509 0 0.50000018554449
vn 0.8660252966602509 0 0.50000018554449
vn 0.8660252966602509 0 0.50000018554449
vn 0.965925844640659 0 0.2588189766134421
vn 0.965925844640659 0 0.2588189766134421
vn 0.8660252966602509 0 0.50000018554449
vn 0.965925844640659 0 0.2588189766134421
vn 0.965925844640659 0 -0.2588189766134421
vn 0.965925844640659 0 -0.2588189766134421
vn 1 0 0
vn 1 0 0
vn 0.965925844640659 0 -0.2588189766134421
vn 1 0 0
vn 1 0 0
vn 1 0 0
vn 0.965925844640659 0 0.2588189766134421
vn 0.965925844640659 0 0.2588189766134421
vn 1 0 0
vn 0.965925844640659 0 0.2588189766134421
vn 0.965925844640659 0 0.2588189766134421
vn 0.965925844640659 0 0.2588189766134421
vn 0.8660252966602509 0 0.50000018554449
vn 0.8660252966602509 0 0.50000018554449
vn 0.965925844640659 0 0.2588189766134421
vn 0.8660252966602509 0 0.50000018554449
vn 0.8660252966602509 0 0.50000018554449
vn 0.8660252966602509 0 0.50000018554449
vn 0.7071067811865476 0 0.7071067811865476
vn 0.7071067811865476 0 0.7071067811865476
vn 0.8660252966602509 0 0.50000018554449
vn 0.7071067811865476 0 0.7071067811865476
vn 0.7071067811865476 0 0.7071067811865476
vn 0.7071067811865476 0 0.7071067811865476
vn 0.50000018554449 0 0.8660252966602509
vn 0.50000018554449 0 0.8660252966602509
vn 0.7071067811865476 0 0.7071067811865476
vn 0.50000018554449 0 0.8660252966602509
vn 0.50000018554449 0 0.8660252966602509
vn 0.50000018554449 0 0.8660252966602509
vn 0.2588189766134421 0 0.965925844640659
vn 0.2588189766134421 0 0.965925844640659
vn 0.50000018554449 0 0.8660252966602509
vn 0.2588189766134421 0 0.965925844640659
vn 0.2588189766134421 0 0.965925844640659
vn 0.2588189766134421 0 0.965925844640659
vn 0 0 1
vn 0 0 1
vn 0.2588189766134421 0 0.965925844640659
vn 0 0 1
vn 0 0 1
vn 0 0 1
vn -0.2588189766134421 0 0.965925844640659
vn -0.2588189766134421 0 0.965925844640659
vn 0 0 1
vn -0.2588189766134421 0 0.965925844640659
vn -0.2588189766134421 0 0.965925844640659
vn -0.2588189766134421 0 0.965925844640659
vn -0.50000018554449 0 0.8660252966602509
vn -0.50000018554449 0 0.8660252966602509
vn -0.2588189766134421 0 0.965925844640659
vn -0.50000018554449 0 0.8660252966602509
vn -0.50000018554449 0 0.8660252966602509
vn -0.50000018554449 0 0.8660252966602509
vn -0.7071067811865476 0 0.7071067811865476
vn -0.7071067811865476 0 0.7071067811865476
vn -0.50000018554449 0 0.8660252966602509
vn -0.7071067811865476 0 0.7071067811865476
vn -0.7071067811865476 0 0.7071067811865476
vn -0.7071067811865476 0 0.7071067811865476
vn -0.8660252966602509 0 0.50000018554449
vn -0.8660252966602509 0 0.50000018554449
vn -0.7071067811865476 0 0.7071067811865476
vn -0.8660252966602509 0 0.50000018554449
vn -0.8660252966602509 0 0.50000018554449
vn -0.8660252966602509 0 0.50000018554449
vn -0.965925844640659 0 0.2588189766134421
vn -0.965925844640659 0 0.2588189766134421
vn -0.8660252966602509 0 0.50000018554449
vn -0.965925844640659 0 0.2588189766134421
vn -0.965925844640659 0 0.2588189766134421
vn -0.965925844640659 0 0.2588189766134421
vn -1 0 0
vn -1 0 0
vn -0.965925844640659 0 0.2588189766134421
vn -1 0 0
vn -1 0 0
vn -1 0 0
vn -0.965925844640659 0 -0.2588189766134421
vn -0.965925844640659 0 -0.2588189766134421
vn -1 0 0
vn -0.965925844640659 0 -0.2588189766134421
vn -0.965925844640659 0 -0.2588189766134421
vn -0.965925844640659 0 -0.2588189766134421
vn -0.8660252966602509 0 -0.50000018554449
vn -0.8660252966602509 0 -0.50000018554449
vn -0.965925844640659 0 -0.2588189766134421
vn -0.8660252966602509 0 -0.50000018554449
vn -0.8660252966602509 0 -0.50000018554449
vn -0.8660252966602509 0 -0.50000018554449
vn -0.7071067811865476 0 -0.7071067811865476
vn -0.7071067811865476 0 -0.7071067811865476
vn -0.8660252966602509 0 -0.50000018554449
vn -0.7071067811865476 0 -0.7071067811865476
vn -0.7071067811865476 0 -0.7071067811865476
vn -0.7071067811865476 0 -0.7071067811865476
vn -0.50000018554449 0 -0.8660252966602509
vn -0.50000018554449 0 -0.8660252966602509
vn -0.7071067811865476 0 -0.7071067811865476
vn -0.50000018554449 0 -0.8660252966602509
vn -0.50000018554449 0 -0.8660252966602509
vn -0.50000018554449 0 -0.8660252966602509
vn -0.2588189766134421 0 -0.965925844640659
vn -0.2588189766134421 0 -0.965925844640659
vn -0.50000018554449 0 -0.8660252966602509
vn -0.2588189766134421 0 -0.965925844640659
vn -0.2588189766134421 0 -0.965925844640659
vn -0.2588189766134421 0 -0.965925844640659
vn 0 0 -1
vn 0 0 -1
vn -0.2588189766134421 0 -0.965925844640659
vn 0 0 -1
vn 0 0 -1
vn 0 0 -1
vn 0.2588189766134421 0 -0.965925844640659
vn 0.2588189766134421 0 -0.965925844640659
vn 0 0 -1
vn 0.2588189766134421 0 -0.965925844640659
vn 0.2588189766134421 0 -0.965925844640659
vn 0.2588189766134421 0 -0.965925844640659
vn 0.50000018554449 0 -0.8660252966602509
vn 0.50000018554449 0 -0.8660252966602509
vn 0.2588189766134421 0 -0.965925844640659
vn 0.50000018554449 0 -0.8660252966602509
vn 0.50000018554449 0 -0.8660252966602509
vn 0.50000018554449 0 -0.8660252966602509
vn 0.7071067811865476 0 -0.7071067811865476
vn 0.7071067811865476 0 -0.7071067811865476
vn 0.50000018554449 0 -0.8660252966602509
vn 0.7071067811865476 0 -0.7071067811865476
vn 0.7071067811865476 0 -0.7071067811865476
vn 0.7071067811865476 0 -0.7071067811865476
vn 0.8660252966602509 0 -0.50000018554449
vn 0.8660252966602509 0 -0.50000018554449
vn 0.7071067811865476 0 -0.7071067811865476
vn 0.8660252966602509 0 -0.50000018554449
vn 0.8660252966602509 0 -0.50000018554449
vn 0.8660252966602509 0 -0.50000018554449
vn 0.965925844640659 0 -0.2588189766134421
vn 0.965925844640659 0 -0.2588189766134421
vn 0.8660252966602509 0 -0.50000018554449
vn 0.965925844640659 0 -0.2588189766134421
vn 1 0 0
vn 1 0 0
vn 0.965925844640659 0 -0.2588189766134421
vn 0.965925844640659 0 -0.2588189766134421
vn 1 0 0
vn 0.965925844640659 0 -0.2588189766134421
vn 0.965925844640659 0 -0.2588189766134421
vn 0.965925844640659 0 -0.2588189766134421
vn 0.8660252966602509 0 -0.50000018554449
vn 0.8660252966602509 0 -0.50000018554449
vn 0.965925844640659 0 -0.2588189766134421
vn 0.8660252966602509 0 -0.50000018554449
vn 0.8660252966602509 0 -0.50000018554449
vn 0.8660252966602509 0 -0.50000018554449
vn 0.7071067811865476 0 -0.7071067811865476
vn 0.7071067811865476 0 -0.7071067811865476
vn 0.8660252966602509 0 -0.50000018554449
vn 0.7071067811865476 0 -0.7071067811865476
vn 0.7071067811865476 0 -0.7071067811865476
vn 0.7071067811865476 0 -0.7071067811865476
vn 0.50000018554449 0 -0.8660252966602509
vn 0.50000018554449 0 -0.8660252966602509
vn 0.7071067811865476 0 -0.7071067811865476
vn 0.50000018554449 0 -0.8660252966602509
vn 0.50000018554449 0 -0.8660252966602509
vn 0.50000018554449 0 -0.8660252966602509
vn 0.2588189766134421 0 -0.965925844640659
vn 0.2588189766134421 0 -0.965925844640659
vn 0.50000018554449 0 -0.8660252966602509
vn 0.2588189766134421 0 -0.965925844640659
vn 0.2588189766134421 0 -0.965925844640659
vn 0.2588189766134421 0 -0.965925844640659
vn 0 0 -1
vn 0 0 -1
vn 0.2588189766134421 0 -0.965925844640659
vn 0 0 -1
vn 0 0 -1
vn 0 0 -1
vn -0.2588189766134421 0 -0.965925844640659
vn -0.2588189766134421 0 -0.965925844640659
vn 0 0 -1
vn -0.2588189766134421 0 -0.965925844640659
vn -0.2588189766134421 0 -0.965925844640659
vn -0.2588189766134421 0 -0.965925844640659
vn -0.50000018554449 0 -0.8660252966602509
vn -0.50000018554449 0 -0.8660252966602509
vn -0.2588189766134421 0 -0.965925844640659
vn -0.50000018554449 0 -0.8660252966602509
vn -0.50000018554449 0 -0.8660252966602509
vn -0.50000018554449 0 -0.8660252966602509
vn -0.7071067811865476 0 -0.7071067811865476
vn -0.7071067811865476 0 -0.7071067811865476
vn -0.50000018554449 0 -0.8660252966602509
vn -0.7071067811865476 0 -0.7071067811865476
vn -0.7071067811865476 0 -0.7071067811865476
vn -0.7071067811865476 0 -0.7071067811865476
vn -0.8660252966602509 0 -0.50000018554449
vn -0.8660252966602509 0 -0.50000018554449
vn -0.7071067811865476 0 -0.7071067811865476
vn -0.8660252966602509 0 -0.50000018554449
vn -0.8660252966602509 0 -0.50000018554449
vn -0.8660252966602509 0 -0.50000018554449
vn -0.965925844640659 0 -0.2588189766134421
vn -0.965925844640659 0 -0.2588189766134421
vn -0.8660252966602509 0 -0.50000018554449
vn -0.965925844640659 0 -0.2588189766134421
vn -0.965925844640659 0 -0.2588189766134421
vn -0.965925844640659 0 -0.2588189766134421
vn -1 0 0
vn -1 0 0
vn -0.965925844640659 0 -0.2588189766134421
vn -1 0 0
vn -1 0 0
vn -1 0 0
vn -0.965925844640659 0 0.2588189766134421
vn -0.965925844640659 0 0.2588189766134421
vn -1 0 0
vn -0.965925844640659 0 0.2588189766134421
vn -0.965925844640659 0 0.2588189766134421
vn -0.965925844640659 0 0.2588189766134421
vn -0.8660252966602509 0 0.50000018554449
vn -0.8660252966602509 0 0.50000018554449
vn -0.965925844640659 0 0.2588189766134421
vn -0.8660252966602509 0 0.50000018554449
vn -0.8660252966602509 0 0.50000018554449
vn -0.8660252966602509 0 0.50000018554449
vn -0.7071067811865476 0 0.7071067811865476
vn -0.7071067811865476 0 0.7071067811865476
vn -0.8660252966602509 0 0.50000018554449
vn -0.7071067811865476 0 0.7071067811865476
vn -0.7071067811865476 0 0.7071067811865476
vn -0.7071067811865476 0 0.7071067811865476
vn -0.50000018554449 0 0.8660252966602509
vn -0.50000018554449 0 0.8660252966602509
vn -0.7071067811865476 0 0.7071067811865476
vn -0.50000018554449 0 0.8660252966602509
vn -0.50000018554449 0 0.8660252966602509
vn -0.50000018554449 0 0.8660252966602509
vn -0.2588189766134421 0 0.965925844640659
vn -0.2588189766134421 0 0.965925844640659
vn -0.50000018554449 0 0.8660252966602509
vn -0.2588189766134421 0 0.965925844640659
vn -0.2588189766134421 0 0.965925844640659
vn -0.2588189766134421 0 0.965925844640659
vn 0 0 1
vn 0 0 1
vn -0.2588189766134421 0 0.965925844640659
vn 0 0 1
vn 0 0 1
vn 0 0 1
vn 0.2588189766134421 0 0.965925844640659
vn 0.2588189766134421 0 0.965925844640659
vn 0 0 1
vn 0.2588189766134421 0 0.965925844640659
vn 0.2588189766134421 0 0.965925844640659
vn 0.2588189766134421 0 0.965925844640659
vn 0.50000018554449 0 0.8660252966602509
vn 0.50000018554449 0 0.8660252966602509
vn 0.2588189766134421 0 0.965925844640659
vn 0.50000018554449 0 0.8660252966602509
vn 0.50000018554449 0 0.8660252966602509
vn 0.50000018554449 0 0.8660252966602509
vn 0.7071067811865476 0 0.7071067811865476
vn 0.7071067811865476 0 0.7071067811865476
vn 0.50000018554449 0 0.8660252966602509
vn 0.7071067811865476 0 0.7071067811865476
vn 0.7071067811865476 0 0.7071067811865476
vn 0.7071067811865476 0 0.7071067811865476
vn 0.8660252966602509 0 0.50000018554449
vn 0.8660252966602509 0 0.50000018554449
vn 0.7071067811865476 0 0.7071067811865476
vn 0.8660252966602509 0 0.50000018554449
vn 0.8660252966602509 0 0.50000018554449
vn 0.8660252966602509 0 0.50000018554449
vn 0.965925844640659 0 0.2588189766134421
vn 0.965925844640659 0 0.2588189766134421
vn 0.8660252966602509 0 0.50000018554449
vn 0.965925844640659 0 0.2588189766134421
vn 0.965925844640659 0 0.2588189766134421
vn 0.965925844640659 0 0.2588189766134421
vn 1 0 0
vn 1 0 0
vn 0.965925844640659 0 0.2588189766134421
vn 1 0 0
vn 0.965925844640659 0 0.2588189766134421
vn 0.965925844640659 0 0.2588189766134421
vn 1 0 0
vn 1 0 0
vn 0.965925844640659 0 0.2588189766134421
vn 1 0 0
vn 1 0 0
vn 1 0 0
vn 0.965925844640659 0 -0.2588189766134421
vn 0.965925844640659 0 -0.2588189766134421
vn 1 0 0
vn 0.965925844640659 0 -0.2588189766134421
vn 0.965925844640659 0 -0.2588189766134421
vn 0.965925844640659 0 -0.2588189766134421
vn 0.8660252966602509 0 -0.50000018554449
vn 0.8660252966602509 0 -0.50000018554449
vn 0.965925844640659 0 -0.2588189766134421
vn 0.8660252966602509 0 -0.50000018554449
vn 0.8660252966602509 0 -0.50000018554449
vn 0.8660252966602509 0 -0.50000018554449
vn 0.7071067811865476 0 -0.7071067811865476
vn 0.7071067811865476 0 -0.7071067811865476
vn 0.8660252966602509 0 -0.50000018554449
vn 0.7071067811865476 0 -0.7071067811865476
vn 0.7071067811865476 0 -0.7071067811865476
vn 0.7071067811865476 0 -0.7071067811865476
vn 0.50000018554449 0 -0.8660252966602509
vn 0.50000018554449 0 -0.8660252966602509
vn 0.7071067811865476 0 -0.7071067811865476
vn 0.50000018554449 0 -0.8660252966602509
vn 0.50000018554449 0 -0.8660252966602509
vn 0.50000018554449 0 -0.8660252966602509
vn 0.2588189766134421 0 -0.965925844640659
vn 0.2588189766134421 0 -0.965925844640659
vn 0.50000018554449 0 -0.8660252966602509
vn 0.2588189766134421 0 -0.965925844640659
vn 0.2588189766134421 0 -0.965925844640659
vn 0.2588189766134421 0 -0.965925844640659
vn 0 0 -1
vn 0 0 -1
vn 0.2588189766134421 0 -0.965925844640659
vn 0 0 -1
vn 0 0 -1
vn 0 0 -1
vn -0.2588189766134421 0 -0.965925844640659
vn -0.2588189766134421 0 -0.965925844640659
vn 0 0 -1
vn -0.2588189766134421 0 -0.965925844640659
vn -0.2588189766134421 0 -0.965925844640659
vn -0.2588189766134421 0 -0.965925844640659
vn -0.50000018554449 0 -0.8660252966602509
vn -0.50000018554449 0 -0.8660252966602509
vn -0.2588189766134421 0 -0.965925844640659
vn -0.50000018554449 0 -0.8660252966602509
vn -0.50000018554449 0 -0.8660252966602509
vn -0.50000018554449 0 -0.8660252966602509
vn -0.7071067811865476 0 -0.7071067811865476
vn -0.7071067811865476 0 -0.7071067811865476
vn -0.50000018554449 0 -0.8660252966602509
vn -0.7071067811865476 0 -0.7071067811865476
vn -0.7071067811865476 0 -0.7071067811865476
vn -0.7071067811865476 0 -0.7071067811865476
vn -0.8660252966602509 0 -0.50000018554449
vn -0.8660252966602509 0 -0.50000018554449
vn -0.7071067811865476 0 -0.7071067811865476
vn -0.8660252966602509 0 -0.50000018554449
vn -0.8660252966602509 0 -0.50000018554449
vn -0.8660252966602509 0 -0.50000018554449
vn -0.965925844640659 0 -0.2588189766134421
vn -0.965925844640659 0 -0.2588189766134421
vn -0.8660252966602509 0 -0.50000018554449
vn -0.965925844640659 0 -0.2588189766134421
vn -0.965925844640659 0 -0.2588189766134421
vn -0.965925844640659 0 -0.2588189766134421
vn -1 0 0
vn -1 0 0
vn -0.965925844640659 0 -0.2588189766134421
vn -1 0 0
vn -1 0 0
vn -1 0 0
vn -0.965925844640659 0 0.2588189766134421
vn -0.965925844640659 0 0.2588189766134421
vn -1 0 0
vn -0.965925844640659 0 0.2588189766134421
vn -0.965925844640659 0 0.2588189766134421
vn -0.965925844640659 0 0.2588189766134421
vn -0.8660252966602509 0 0.50000018554449
vn -0.8660252966602509 0 0.50000018554449
vn -0.965925844640659 0 0.2588189766134421
vn -0.8660252966602509 0 0.50000018554449
vn -0.8660252966602509 0 0.50000018554449
vn -0.8660252966602509 0 0.50000018554449
vn -0.7071067811865476 0 0.7071067811865476
vn -0.7071067811865476 0 0.7071067811865476
vn -0.8660252966602509 0 0.50000018554449
vn -0.7071067811865476 0 0.7071067811865476
vn -0.7071067811865476 0 0.7071067811865476
vn -0.7071067811865476 0 0.7071067811865476
vn -0.50000018554449 0 0.8660252966602509
vn -0.50000018554449 0 0.8660252966602509
vn -0.7071067811865476 0 0.7071067811865476
vn -0.50000018554449 0 0.8660252966602509
vn -0.50000018554449 0 0.8660252966602509
vn -0.50000018554449 0 0.8660252966602509
vn -0.2588189766134421 0 0.965925844640659
vn -0.2588189766134421 0 0.965925844640659
vn -0.50000018554449 0 0.8660252966602509
vn -0.2588189766134421 0 0.965925844640659
vn -0.2588189766134421 0 0.965925844640659
vn -0.2588189766134421 0 0.965925844640659
vn 0 0 1
vn 0 0 1
vn -0.2588189766134421 0 0.965925844640659
vn 0 0 1
vn 0 0 1
vn 0 0 1
vn 0.2588189766134421 0 0.965925844640659
vn 0.2588189766134421 0 0.965925844640659
vn 0 0 1
vn 0.2588189766134421 0 0.965925844640659
vn 0.2588189766134421 0 0.965925844640659
vn 0.2588189766134421 0 0.965925844640659
vn 0.50000018554449 0 0.8660252966602509
vn 0.50000018554449 0 0.8660252966602509
vn 0.2588189766134421 0 0.965925844640659
vn 0.50000018554449 0 0.8660252966602509
vn 0.50000018554449 0 0.8660252966602509
vn 0.50000018554449 0 0.8660252966602509
vn 0.7071067811865476 0 0.7071067811865476
vn 0.7071067811865476 0 0.7071067811865476
vn 0.50000018554449 0 0.8660252966602509
vn 0.7071067811865476 0 0.7071067811865476
vn 0.7071067811865476 0 0.7071067811865476
vn 0.7071067811865476 0 0.7071067811865476
vn 0.8660252966602509 0 0.50000018554449
vn 0.8660252966602509 0 0.50000018554449
vn 0.7071067811865476 0 0.7071067811865476
vn 0.8660252966602509 0 0.50000018554449
vn 0.8660252966602509 0 0.50000018554449
vn 0.8660252966602509 0 0.50000018554449
vn 0.965925844640659 0 0.2588189766134421
vn 0.965925844640659 0 0.2588189766134421
vn 0.8660252966602509 0 0.50000018554449
vn 0.965925844640659 0 0.2588189766134421
vn 0.965925844640659 0 -0.2588189766134421
vn 0.965925844640659 0 -0.2588189766134421
vn 1 0 0
vn 1 0 0
vn 0.965925844640659 0 -0.2588189766134421
vn 1 0 0
vn 1 0 0
vn 1 0 0
vn 0.965925844640659 0 0.2588189766134421
vn 0.965925844640659 0 0.2588189766134421
vn 1 0 0
vn 0.965925844640659 0 0.2588189766134421
vn 0.965925844640659 0 0.2588189766134421
vn 0.965925844640659 0 0.2588189766134421
vn 0.8660252966602509 0 0.50000018554449
vn 0.8660252966602509 0 0.50000018554449
vn 0.965925844640659 0 0.2588189766134421
vn 0.8660252966602509 0 0.50000018554449
vn 0.8660252966602509 0 0.50000018554449
vn 0.8660252966602509 0 0.50000018554449
vn 0.7071067811865476 0 0.7071067811865476
vn 0.7071067811865476 0 0.7071067811865476
vn 0.8660252966602509 0 0.50000018554449
vn 0.7071067811865476 0 0.7071067811865476
vn 0.7071067811865476 0 0.7071067811865476
vn 0.7071067811865476 0 0.7071067811865476
vn 0.50000018554449 0 0.8660252966602509
vn 0.50000018554449 0 0.8660252966602509
vn 0.7071067811865476 0 0.7071067811865476
vn 0.50000018554449 0 0.8660252966602509
vn 0.50000018554449 0 0.8660252966602509
vn 0.50000018554449 0 0.8660252966602509
vn 0.2588189766134421 0 0.965925844640659
vn 0.2588189766134421 0 0.965925844640659
vn 0.50000018554449 0 0.8660252966602509
vn 0.2588189766134421 0 0.965925844640659
vn 0.2588189766134421 0 0.965925844640659
vn 0.2588189766134421 0 0.965925844640659
vn 0 0 1
vn 0 0 1
vn 0.2588189766134421 0 0.965925844640659
vn 0 0 1
vn 0 0 1
vn 0 0 1
vn -0.2588189766134421 0 0.965925844640659
vn -0.2588189766134421 0 0.965925844640659
vn 0 0 1
vn -0.2588189766134421 0 0.965925844640659
vn -0.2588189766134421 0 0.965925844640659
vn -0.2588189766134421 0 0.965925844640659
vn -0.50000018554449 0 0.8660252966602509
vn -0.50000018554449 0 0.8660252966602509
vn -0.2588189766134421 0 0.965925844640659
vn -0.50000018554449 0 0.8660252966602509
vn -0.50000018554449 0 0.8660252966602509
vn -0.50000018554449 0 0.8660252966602509
vn -0.7071067811865476 0 0.7071067811865476
vn -0.7071067811865476 0 0.7071067811865476
vn -0.50000018554449 0 0.8660252966602509
vn -0.7071067811865476 0 0.7071067811865476
vn -0.7071067811865476 0 0.7071067811865476
vn -0.7071067811865476 0 0.7071067811865476
vn -0.8660252966602509 0 0.50000018554449
vn -0.8660252966602509 0 0.50000018554449
vn -0.7071067811865476 0 0.7071067811865476
vn -0.8660252966602509 0 0.50000018554449
vn -0.8660252966602509 0 0.50000018554449
vn -0.8660252966602509 0 0.50000018554449
vn -0.965925844640659 0 0.2588189766134421
vn -0.965925844640659 0 0.2588189766134421
vn -0.8660252966602509 0 0.50000018554449
vn -0.965925844640659 0 0.2588189766134421
vn -0.965925844640659 0 0.2588189766134421
vn -0.965925844640659 0 0.2588189766134421
vn -1 0 0
vn -1 0 0
vn -0.965925844640659 0 0.2588189766134421
vn -1 0 0
vn -1 0 0
vn -1 0 0
vn -0.965925844640659 0 -0.2588189766134421
vn -0.965925844640659 0 -0.2588189766134421
vn -1 0 0
vn -0.965925844640659 0 -0.2588189766134421
vn -0.965925844640659 0 -0.2588189766134421
vn -0.965925844640659 0 -0.2588189766134421
vn -0.8660252966602509 0 -0.50000018554449
vn -0.8660252966602509 0 -0.50000018554449
vn -0.965925844640659 0 -0.2588189766134421
vn -0.8660252966602509 0 -0.50000018554449
vn -0.8660252966602509 0 -0.50000018554449
vn -0.8660252966602509 0 -0.50000018554449
vn -0.7071067811865476 0 -0.7071067811865476
vn -0.7071067811865476 0 -0.7071067811865476
vn -0.8660252966602509 0 -0.50000018554449
vn -0.7071067811865476 0 -0.7071067811865476
vn -0.7071067811865476 0 -0.7071067811865476
vn -0.7071067811865476 0 -0.7071067811865476
vn -0.50000018554449 0 -0.8660252966602509
vn -0.50000018554449 0 -0.8660252966602509
vn -0.7071067811865476 0 -0.7071067811865476
vn -0.50000018554449 0 -0.8660252966602509
vn -0.50000018554449 0 -0.8660252966602509
vn -0.50000018554449 0 -0.8660252966602509
vn -0.2588189766134421 0 -0.965925844640659
vn -0.2588189766134421 0 -0.965925844640659
vn -0.50000018554449 0 -0.8660252966602509
vn -0.2588189766134421 0 -0.965925844640659
vn -0.2588189766134421 0 -0.965925844640659
vn -0.2588189766134421 0 -0.965925844640659
vn 0 0 -1
vn 0 0 -1
vn -0.2588189766134421 0 -0.965925844640659
vn 0 0 -1
vn 0 0 -1
vn 0 0 -1
vn 0.2588189766134421 0 -0.965925844640659
vn 0.2588189766134421 0 -0.965925844640659
vn 0 0 -1
vn 0.2588189766134421 0 -0.965925844640659
vn 0.2588189766134421 0 -0.965925844640659
vn 0.2588189766134421 0 -0.965925844640659
vn 0.50000018554449 0 -0.8660252966602509
vn 0.50000018554449 0 -0.8660252966602509
vn 0.2588189766134421 0 -0.965925844640659
vn 0.50000018554449 0 -0.8660252966602509
vn 0.50000018554449 0 -0.8660252966602509
vn 0.50000018554449 0 -0.8660252966602509
vn 0.7071067811865476 0 -0.7071067811865476
vn 0.7071067811865476 0 -0.7071067811865476
vn 0.50000018554449 0 -0.8660252966602509
vn 0.7071067811865476 0 -0.7071067811865476
vn 0.7071067811865476 0 -0.7071067811865476
vn 0.7071067811865476 0 -0.7071067811865476
vn 0.8660252966602509 0 -0.50000018554449
vn 0.8660252966602509 0 -0.50000018554449
vn 0.7071067811865476 0 -0.7071067811865476
vn 0.8660252966602509 0 -0.50000018554449
vn 0.8660252966602509 0 -0.50000018554449
vn 0.8660252966602509 0 -0.50000018554449
vn 0.965925844640659 0 -0.2588189766134421
vn 0.965925844640659 0 -0.2588189766134421
vn 0.8660252966602509 0 -0.50000018554449
vn 0.965925844640659 0 -0.2588189766134421
vn 1 0 0
vn 1 0 0
vn 0.965925844640659 0 -0.2588189766134421
vn 0.965925844640659 0 -0.2588189766134421
vn 1 0 0
vn 0.965925844640659 0 -0.2588189766134421
vn 0.965925844640659 0 -0.2588189766134421
vn 0.965925844640659 0 -0.2588189766134421
vn 0.8660252966602509 0 -0.50000018554449
vn 0.8660252966602509 0 -0.50000018554449
vn 0.965925844640659 0 -0.2588189766134421
vn 0.8660252966602509 0 -0.50000018554449
vn 0.8660252966602509 0 -0.50000018554449
vn 0.8660252966602509 0 -0.50000018554449
vn 0.7071067811865476 0 -0.7071067811865476
vn 0.7071067811865476 0 -0.7071067811865476
vn 0.8660252966602509 0 -0.50000018554449
vn 0.7071067811865476 0 -0.7071067811865476
vn 0.7071067811865476 0 -0.7071067811865476
vn 0.7071067811865476 0 -0.7071067811865476
vn 0.50000018554449 0 -0.8660252966602509
vn 0.50000018554449 0 -0.8660252966602509
vn 0.7071067811865476 0 -0.7071067811865476
vn 0.50000018554449 0 -0.8660252966602509
vn 0.50000018554449 0 -0.8660252966602509
vn 0.50000018554449 0 -0.8660252966602509
vn 0.2588189766134421 0 -0.965925844640659
vn 0.2588189766134421 0 -0.965925844640659
vn 0.50000018554449 0 -0.8660252966602509
vn 0.2588189766134421 0 -0.965925844640659
vn 0.2588189766134421 0 -0.965925844640659
vn 0.2588189766134421 0 -0.965925844640659
vn 0 0 -1
vn 0 0 -1
vn 0.2588189766134421 0 -0.965925844640659
vn 0 0 -1
vn 0 0 -1
vn 0 0 -1
vn -0.2588189766134421 0 -0.965925844640659
vn -0.2588189766134421 0 -0.965925844640659
vn 0 0 -1
vn -0.2588189766134421 0 -0.965925844640659
vn -0.2588189766134421 0 -0.965925844640659
vn -0.2588189766134421 0 -0.965925844640659
vn -0.50000018554449 0 -0.8660252966602509
vn -0.50000018554449 0 -0.8660252966602509
vn -0.2588189766134421 0 -0.965925844640659
vn -0.50000018554449 0 -0.8660252966602509
vn -0.50000018554449 0 -0.8660252966602509
vn -0.50000018554449 0 -0.8660252966602509
vn -0.7071067811865476 0 -0.7071067811865476
vn -0.7071067811865476 0 -0.7071067811865476
vn -0.50000018554449 0 -0.8660252966602509
vn -0.7071067811865476 0 -0.7071067811865476
vn -0.7071067811865476 0 -0.7071067811865476
vn -0.7071067811865476 0 -0.7071067811865476
vn -0.8660252966602509 0 -0.50000018554449
vn -0.8660252966602509 0 -0.50000018554449
vn -0.7071067811865476 0 -0.7071067811865476
vn -0.8660252966602509 0 -0.50000018554449
vn -0.8660252966602509 0 -0.50000018554449
vn -0.8660252966602509 0 -0.50000018554449
vn -0.965925844640659 0 -0.2588189766134421
vn -0.965925844640659 0 -0.2588189766134421
vn -0.8660252966602509 0 -0.50000018554449
vn -0.965925844640659 0 -0.2588189766134421
vn -0.965925844640659 0 -0.2588189766134421
vn -0.965925844640659 0 -0.2588189766134421
vn -1 0 0
vn -1 0 0
vn -0.965925844640659 0 -0.2588189766134421
vn -1 0 0
vn -1 0 0
vn -1 0 0
vn -0.965925844640659 0 0.2588189766134421
vn -0.965925844640659 0 0.2588189766134421
vn -1 0 0
vn -0.965925844640659 0 0.2588189766134421
vn -0.965925844640659 0 0.2588189766134421
vn -0.965925844640659 0 0.2588189766134421
vn -0.8660252966602509 0 0.50000018554449
vn -0.8660252966602509 0 0.50000018554449
vn -0.965925844640659 0 0.2588189766134421
vn -0.8660252966602509 0 0.50000018554449
vn -0.8660252966602509 0 0.50000018554449
vn -0.8660252966602509 0 0.50000018554449
vn -0.7071067811865476 0 0.7071067811865476
vn -0.7071067811865476 0 0.7071067811865476
vn -0.8660252966602509 0 0.50000018554449
vn -0.7071067811865476 0 0.7071067811865476
vn -0.7071067811865476 0 0.7071067811865476
vn -0.7071067811865476 0 0.7071067811865476
vn -0.50000018554449 0 0.8660252966602509
vn -0.50000018554449 0 0.8660252966602509
vn -0.7071067811865476 0 0.7071067811865476
vn -0.50000018554449 0 0.8660252966602509
vn -0.50000018554449 0 0.8660252966602509
vn -0.50000018554449 0 0.8660252966602509
vn -0.2588189766134421 0 0.965925844640659
vn -0.2588189766134421 0 0.965925844640659
vn -0.50000018554449 0 0.8660252966602509
vn -0.2588189766134421 0 0.965925844640659
vn -0.2588189766134421 0 0.965925844640659
vn -0.2588189766134421 0 0.965925844640659
vn 0 0 1
vn 0 0 1
vn -0.2588189766134421 0 0.965925844640659
vn 0 0 1
vn 0 0 1
vn 0 0 1
vn 0.2588189766134421 0 0.965925844640659
vn 0.2588189766134421 0 0.965925844640659
vn 0 0 1
vn 0.2588189766134421 0 0.965925844640659
vn 0.2588189766134421 0 0.965925844640659
vn 0.2588189766134421 0 0.965925844640659
vn 0.50000018554449 0 0.8660252966602509
vn 0.50000018554449 0 0.8660252966602509
vn 0.2588189766134421 0 0.965925844640659
vn 0.50000018554449 0 0.8660252966602509
vn 0.50000018554449 0 0.8660252966602509
vn 0.50000018554449 0 0.8660252966602509
vn 0.7071067811865476 0 0.7071067811865476
vn 0.7071067811865476 0 0.7071067811865476
vn 0.50000018554449 0 0.8660252966602509
vn 0.7071067811865476 0 0.7071067811865476
vn 0.7071067811865476 0 0.7071067811865476
vn 0.7071067811865476 0 0.7071067811865476
vn 0.8660252966602509 0 0.50000018554449
vn 0.8660252966602509 0 0.50000018554449
vn 0.7071067811865476 0 0.7071067811865476
vn 0.8660252966602509 0 0.50000018554449
vn 0.8660252966602509 0 0.50000018554449
vn 0.8660252966602509 0 0.50000018554449
vn 0.965925844640659 0 0.2588189766134421
vn 0.965925844640659 0 0.2588189766134421
vn 0.8660252966602509 0 0.50000018554449
vn 0.965925844640659 0 0.2588189766134421
vn 0.965925844640659 0 0.2588189766134421
vn 0.965925844640659 0 0.2588189766134421
vn 1 0 0
vn 1 0 0
vn 0.965925844640659 0 0.2588189766134421
vn 1 0 0
vn -1 0 0
vn -1 0 0
vn -1 0 0
vn -1 0 0
vn -1 0 0
vn -1 0 0
vn 0.9730803606570975 -0.230466074951289 0
vn 0.9730803606570975 -0.230466074951289 0
vn 0.9730803606570975 -0.230466074951289 0
vn 0.9730803606570975 -0.230466074951289 0
vn 0.9730803606570975 -0.230466074951289 0
vn 0.9730803606570975 -0.230466074951289 0
vn 0.9730803606570975 -0.230466074951289 0
vn 0.9730803606570975 -0.230466074951289 0
vn 0.9730803606570975 -0.230466074951289 0
vn 0.9730803606570975 -0.230466074951289 0
vn 0.9730803606570975 -0.230466074951289 0
vn 0.9730803606570975 -0.230466074951289 0
vn 0.9730803606570975 -0.230466074951289 0
vn 0.9730803606570975 -0.230466074951289 0
vn 0.9730803606570975 -0.230466074951289 0
vn 0.9730803606570975 -0.230466074951289 0
vn 0.9730803606570975 -0.230466074951289 0
vn 0.9730803606570975 -0.230466074951289 0
vn 0.9730803606570975 -0.230466074951289 0
vn 0.9730803606570975 -0.230466074951289 0
vn 0.9730803606570975 -0.230466074951289 0
vn 0.9730803606570975 -0.230466074951289 0
vn 0.9730803606570975 -0.230466074951289 0
vn 0.9730803606570975 -0.230466074951289 0
vn 0.9730803606570975 -0.230466074951289 0
vn 0.9730803606570975 -0.230466074951289 0
vn 0.9730803606570975 -0.230466074951289 0
vn 0.9730803606570975 -0.230466074951289 0
vn 0.9730803606570975 -0.230466074951289 0
vn 0.9730803606570975 -0.230466074951289 0
vn 0 -1 0
vn 0 -1 0
vn 0 -1 0
vn 0 -1 0
vn 0 -1 0
vn 0 -1 0
vn 0 -1 0
vn 0 -1 0
vn 0 -1 0
vn 0 -1 0
vn 0 -1 0
vn 0 -1 0
vn 0 -1 0
vn 0 -1 0
vn 0 -1 0
vn 0 -1 0
vn 0 -1 0
vn 0 -1 0
vn 0 -1 0
vn 0 -1 0
vn 0 -1 0
vn 0 -1 0
vn 0 -1 0
vn 0 -1 0
vn 0 -1 0
vn 0 -1 0
vn 0 -1 0
vn 0 -1 0
vn 0 -1 0
vn 0 -1 0
vn 0 -1 0
vn 0 -1 0
vn 0 -1 0
vn 0 -1 0
vn 0 -1 0
vn 0 -1 0
vn 0 -1 0
vn 0 -1 0
vn 0 -1 0
vn 0 -1 0
vn 0 -1 0
vn 0 -1 0
vn 0 -1 0
vn 0 -1 0
vn 0 -1 0
vn 0 -1 0
vn 0 -1 0
vn 0 -1 0
vn 0 -1 0
vn 0 -1 0
vn 0 -1 0
vn 0 -1 0
vn 0 -1 0
vn 0 -1 0
vn 0 -1 0
vn 0 -1 0
vn 0 -1 0
vn 0 -1 0
vn 0 -1 0
vn 0 -1 0
vn 0 -1 0
vn 0 -1 0
vn 0 -1 0
vn 0 -1 0
vn 0 -1 0
vn 0 -1 0
vn 0 -1 0
vn 0 -1 0
vn 0 -1 0
vn 0 -1 0
vn 0 -1 0
vn 0 -1 0
vn 0 -1 0
vn 0 -1 0
vn 0 -1 0
vn 0 -1 0
vn 0 -1 0
vn 0 -1 0
vn 0 -1 0
vn 0 -1 0
vn 0 -1 0
vn 0 -1 0
vn 0 -1 0
vn 0 -1 0
vn 0 -1 0
vn 0 -1 0
vn 0 -1 0
vn 0 -1 0
vn 0 -1 0
vn 0 -1 0
vn 0 -1 0
vn 0 -1 0
vn 0 -1 0
vn 0 -1 0
vn 0 -1 0
vn 0 -1 0
vn 0 -1 0
vn 0 -1 0
vn 0 -1 0
vn 0 -1 0
vn 0 -1 0
vn 0 -1 0
vn 0 -1 0
vn 0 -1 0
vn 0 -1 0
vn 0 -1 0
vn 0 -1 0
vn 0 -1 0
vn 0 -1 0
vn 0 -1 0
vn 0 -1 0
vn 0 -1 0
vn 0 -1 0
vn 0 -1 0
vn 0 -1 0
vn 0 -1 0
vn 0 -1 0
vn 0 -1 0
vn 0 -1 0
vn 0 -1 0
vn 0 -1 0
vn 0 -1 0
vn 0 -1 0
vn 0 -1 0
vn 0 -1 0
vn 0 -1 0
vn 0 -1 0
vn 0 -1 0
vn 0 -1 0
vn 0 -1 0
vn 0 -1 0
vn 0 -1 0
vn 0 -1 0
vn 0 -1 0
vn 0 -1 0
vn 0 -1 0
vn 0 -1 0
vn 0 -1 0
vn 0 -1 0
vn 0 -1 0
vn 0 -1 0
vn 0 -1 0
vn 0 -1 0
vn 0 -1 0
vn 0 -1 0
vn 0 -1 0
vn 0 -1 0
vn 0 -1 0
vn 0 -1 0
vn 0 -1 0
vn 0 -1 0
vn 0 -1 0
vn 0 -1 0
vn 0 -1 0
vn 0 -1 0
vn 0 -1 0
vn 0 -1 0
vn 0 -1 0
vn 0 -1 0
vn 0 -1 0
vn 0 -1 0
vn 0 -1 0
vn 0 -1 0
vn 0 -1 0
vn 0 -1 0
vn 0 -1 0
vn 0 -1 0
vn 0 -1 0
vn 0 -1 0
vn 0 -1 0
vn 0 -1 0
vn 0 -1 0
vn 0 -1 0
vn 0 -1 0
vn 0 -1 0
vn 0 -1 0
vn 0 -1 0
vn 0 -1 0
vn 0 -1 0
vn 0 -1 0
vn 0 -1 0
vn 0 -1 0
vn 0 -1 0
vn 0 -1 0
vn 0 -1 0
vn 0 -1 0
vn 0 -1 0
vn 0 -1 0
vn 0 -1 0
vn 0 -1 0
vn 0 -1 0
vn 0 -1 0
vn 0 -1 0
vn 0 -1 0
vn 0 -1 0
vn 0 -1 0
vn 0 -1 0
vn 0 -1 0
vn 0 -1 0
vn 0 -1 0
vn 0 -1 0
vn 0 -1 0
vn 0 -1 0
vn 0 -1 0
vn 0 -1 0
vn 0 -1 0
vn 0 -1 0
vn 0 -1 0
vn 0 -1 0
vn 0 -1 0
vn 0 -1 0
vn 0 -1 0
vn 0 -1 0
vn 0 -1 0
vn 0 -1 0
vn 0 -1 0
vn 0 -1 0
vn 0 -1 0
vn 0 -1 0
vn 0 -1 0
vn 0 -1 0
vn 0 -1 0
vn 0 -1 0
vn 0 -1 0
vn 0 -1 0
vn 0 -1 0
vn 0 -1 0
vn 0 -1 0
vn 0 -1 0
vn 0 -1 0
vn 0 -1 0
vn 0 -1 0
vn 0 -1 0
vn 0 -1 0
vn 0 -1 0
vn 0 -1 0
vn 0 -1 0
vn 0 -1 0
vn 0 -1 0
vn 0 -1 0
vn 0 -1 0
vn 0 -1 0
vn 0 -1 0
vn 0 -1 0
vn 0 -1 0
vn 0 -1 0
vn 0 -1 0
vn 0 -1 0
vn 0 -1 0
vn 0 -1 0
vn 0 -1 0
vn 0 -1 0
vn 0 -1 0
vn 0 -1 0
vn 0 -1 0
vn 0 -1 0
vn 0 -1 0
vn 0 -1 0
vn 0 -1 0
vn 0 -1 0
vn 0 -1 0
vn 0 -1 0
vn 0 -1 0
vn 0 -1 0
vn 0 -1 0
vn 0 -1 0
vn 0 -1 0
vn 0 -1 0
vn 0 -1 0
vn 0 -1 0
vn 0 -1 0
vn 0 -1 0
vn 0 -1 0
vn 0 -1 0
vn 0 -1 0
vn 0 -1 0
vn 0 -1 0
vn 0 -1 0
vn 0 -1 0
vn 0 -1 0
vn 0 -1 0
vn 0 -1 0
vn 0 -1 0
vn 0 -1 0
vn 0 -1 0
vn 0 -1 0
vn 0 -1 0
vn 0 -1 0
vn 0 -1 0
vn 0 -1 0
vn 0 -1 0
vn 0 -1 0
vn 0 -1 0
vn 0 -1 0
vn 0 -1 0
vn 0 -1 0
vn 0 -1 0
vn 0 -1 0
vn 0 -1 0
vn 0 -1 0
vn 0 -1 0
vn 0 -1 0
vn 0 -1 0
vn 0 -1 0
vn 0 -1 0
vn 0 -1 0
vn 0 -1 0
vn 0 -1 0
vn 0 -1 0
vn 0 -1 0
vn 0 -1 0
vn 0 -1 0
vn 0 -1 0
vn 0 -1 0
vn 0 -1 0
vn 0 -1 0
vn 0 -1 0
vn 0 -1 0
vn 0 -1 0
vn 0 -1 0
vn 0 -1 0
vn 0 -1 0
vn 0 -1 0
vn 0 -1 0
vn 0 -1 0
vn 0 -1 0
vn 0 -1 0
vn 0 -1 0
vn 0 -1 0
vn 0 -1 0
vn 0 -1 0
vn 0 -1 0
vn 0 -1 0
vn 0 -1 0
vn 0 -1 0
vn 0 -1 0
vn 0 -1 0
vn 0 -1 0
vn 0 -1 0
vn 0 -1 0
vn 0 -1 0
vn 0 -1 0
vn 0 -1 0
vn 0 -1 0
vn 0 -1 0
vn 0 -1 0
vn 0 -1 0
vn 0 -1 0
vn 0 -1 0
vn 0 -1 0
vn 0 -1 0
vn 0 -1 0
vn 0 -1 0
vn 0 -1 0
vn 0 -1 0
vn 0 -1 0
vn 0 -1 0
vn 0 -1 0
vn 0 -1 0
vn 0 -1 0
vn 0 -1 0
vn 0 -1 0
vn 0 -1 0
vn 0 -1 0
vn 0 -1 0
vn 0 -1 0
vn 0 -1 0
vn 0 -1 0
vn 0 -1 0
vn 0 -1 0
vn 0 -1 0
vn 0 -1 0
vn 0 -1 0
vn 0 -1 0
vn 0 -1 0
vn 0 -1 0
vn 0 -1 0
vn 0 -1 0
vn 0 -1 0
vn 0 -1 0
vn 0 -1 0
vn 0 -1 0
vn 0 -1 0
vn 0 -1 0
vn 0 -1 0
vn 0 -1 0
vn 0 -1 0
vn 0 -1 0
vn 0 -1 0
vn 0 -1 0
vn 0 -1 0
vn 0 -1 0
vn 0 -1 0
vn 0 -1 0
vn 0 -1 0
vn 0 -1 0
vn 0 0.309086011688402 0.9510340884419217
vn 0 0.309086011688402 0.9510340884419217
vn 0 0.309086011688402 0.9510340884419217
vn 0 0.309086011688402 0.9510340884419217
vn 0 0.309086011688402 0.9510340884419217
vn 0 0.309086011688402 0.9510340884419217
vn 1 0 0
vn 1 0 0
vn 1 0 0
vn 1 0 0
vn 1 0 0
vn 1 0 0
vn 1 0 0
vn 1 0 0
vn 1 0 0
vn 1 0 0
vn 1 0 0
vn 1 0 0
vn 1 0 0
vn 1 0 0
vn 1 0 0
vn 1 0 0
vn 1 0 0
vn 1 0 0
vn 1 0 0
vn 1 0 0
vn 1 0 0
vn 1 0 0
vn 1 0 0
vn 1 0 0
vn 1 0 0
vn 1 0 0
vn 1 0 0
vn 1 0 0
vn 1 0 0
vn 1 0 0
vn 1 0 0
vn 1 0 0
vn 1 0 0
vn 1 0 0
vn 1 0 0
vn 1 0 0
vn 1 0 0
vn 1 0 0
vn 1 0 0
vn 1 0 0
vn 1 0 0
vn 1 0 0
vn 1 0 0
vn 1 0 0
vn 1 0 0
vn 1 0 0
vn 1 0 0
vn 1 0 0
vn 1 0 0
vn 1 0 0
vn 1 0 0
vn 1 0 0
vn 1 0 0
vn 1 0 0
vn 1 0 0
vn 1 0 0
vn 1 0 0
vn 1 0 0
vn 1 0 0
vn 1 0 0
vn 1 0 0
vn 1 0 0
vn 1 0 0
vn 1 0 0
vn 1 0 0
vn 1 0 0
vn 1 0 0
vn 1 0 0
vn 1 0 0
vn 1 0 0
vn 1 0 0
vn 1 0 0
vn 1 0 0
vn 1 0 0
vn 1 0 0
vn 1 0 0
vn 1 0 0
vn 1 0 0
vn 1 0 0
vn 1 0 0
vn 1 0 0
vn 1 0 0
vn 1 0 0
vn 1 0 0
vn 1 0 0
vn 1 0 0
vn 1 0 0
vn 1 0 0
vn 1 0 0
vn 1 0 0
vn 1 0 0
vn 1 0 0
vn 1 0 0
vn 1 0 0
vn 1 0 0
vn 1 0 0
vn 1 0 0
vn 1 0 0
vn 1 0 0
vn 1 0 0
vn 1 0 0
vn 1 0 0
vn 1 0 0
vn 1 0 0
vn 1 0 0
vn 1 0 0
vn 1 0 0
vn 1 0 0
vn 1 0 0
vn 1 0 0
vn 1 0 0
vn 1 0 0
vn 1 0 0
vn 1 0 0
vn 1 0 0
vn 1 0 0
vn 1 0 0
vn 1 0 0
vn 1 0 0
vn 1 0 0
vn 1 0 0
vn 1 0 0
vn 1 0 0
vn 1 0 0
vn 1 0 0
vn 1 0 0
vn 1 0 0
vn 1 0 0
vn 1 0 0
vn 1 0 0
vn 1 0 0
vn 1 0 0
vn 1 0 0
vn 1 0 0
vn 1 0 0
vn 1 0 0
vn 1 0 0
vn 1 0 0
vn 1 0 0
vn 1 0 0
vn 1 0 0
vn 1 0 0
vn 1 0 0
vn 1 0 0
vn 1 0 0
vn 1 0 0
vn 1 0 0
vn 1 0 0
vn 1 0 0
vn 1 0 0
vn 1 0 0
vn 1 0 0
vn 1 0 0
vn 1 0 0
vn 1 0 0
vn 1 0 0
vn 1 0 0
vn 1 0 0
vn 1 0 0
vn 1 0 0
vn 1 0 0
vn 1 0 0
vn 1 0 0
vn 1 0 0
vn 1 0 0
vn 1 0 0
vn 1 0 0
vn 1 0 0
vn 1 0 0
vn 1 0 0
vn 1 0 0
vn 1 0 0
vn 1 0 0
vn 1 0 0
vn 1 0 0
vn 1 0 0
vn 1 0 0
vn 1 0 0
vn 1 0 0
vn 1 0 0
vn 1 0 0
vn 1 0 0
vn 1 0 0
vn 1 0 0
vn 1 0 0
vn 1 0 0
vn 1 0 0
vn 1 0 0
vn 1 0 0
vn 1 0 0
vn 1 0 0
vn 1 0 0
vn 1 0 0
vn 1 0 0
vn 1 0 0
vn 1 0 0
vn 1 0 0
vn 1 0 0
vn 1 0 0
vn 1 0 0
vn 1 0 0
vn 1 0 0
vn 1 0 0
vn 1 0 0
vn 1 0 0
vn 1 0 0
vn 1 0 0
vn 1 0 0
vn 1 0 0
vn 1 0 0
vn 1 0 0
vn 1 0 0
vn 1 0 0
vn 1 0 0
vn 1 0 0
vn 1 0 0
vn 1 0 0
vn 1 0 0
vn 1 0 0
vn 1 0 0
vn 1 0 0
vn 1 0 0
vn 0 0 1
vn 0 0 1
vn 0 0 1
vn 0 0 1
vn 0 0 1
vn 0 0 1
vn 0 -0.7071067811865476 -0.7071067811865476
vn 0 -0.7071067811865476 -0.7071067811865476
vn 0 -0.7071067811865476 -0.7071067811865476
vn 0 -0.7071067811865476 -0.7071067811865476
vn 0 -0.7071067811865476 -0.7071067811865476
vn 0 -0.7071067811865476 -0.7071067811865476
vn 0 -0.7071067811865476 -0.7071067811865476
vn 0 -0.7071067811865476 -0.7071067811865476
vn 0 -0.7071067811865476 -0.7071067811865476
vn 0 -0.7071067811865476 -0.7071067811865476
vn 0 -0.7071067811865476 -0.7071067811865476
vn 0 -0.7071067811865476 -0.7071067811865476
vn 0 -0.7071067811865476 -0.7071067811865476
vn 0 -0.7071067811865476 -0.7071067811865476
vn 0 -0.7071067811865476 -0.7071067811865476
vn 0 -0.7071067811865476 -0.7071067811865476
vn 0 -0.7071067811865476 -0.7071067811865476
vn 0 -0.7071067811865476 -0.7071067811865476
vn 0 -0.7071067811865476 -0.7071067811865476
vn 0 -0.7071067811865476 -0.7071067811865476
vn 0 -0.7071067811865476 -0.7071067811865476
vn 0 -0.7071067811865476 -0.7071067811865476
vn 0 -0.7071067811865476 -0.7071067811865476
vn 0 -0.7071067811865476 -0.7071067811865476
vn 0.9662348520491406 0 -0.25766297888050443
vn 0.9662348520491406 0 -0.25766297888050443
vn 0.9662348520491406 0 -0.25766297888050443
vn 0.9662348520491406 0 -0.25766297888050443
vn 0.9662348520491406 0 -0.25766297888050443
vn 0.9662348520491406 0 -0.25766297888050443
vn 0 0 -1
vn 0 0 -1
vn 0 0 -1
vn 0 0 -1
vn 0 0 -1
vn 0 0 -1
vn -0.9662348520491406 0 -0.25766297888050443
vn -0.9662348520491406 0 -0.25766297888050443
vn -0.9662348520491406 0 -0.25766297888050443
vn -0.9662348520491406 0 -0.25766297888050443
vn -0.9662348520491406 0 -0.25766297888050443
vn -0.9662348520491406 0 -0.25766297888050443
vn -0.9899495321061239 0 -0.14142108712234724
vn -0.9899495321061239 0 -0.14142108712234724
vn -0.9899495321061239 0 -0.14142108712234724
vn -0.9899495321061239 0 -0.14142108712234724
vn -0.9899495321061239 0 -0.14142108712234724
vn -0.9899495321061239 0 -0.14142108712234724
vn -0.9899495321061239 0 -0.14142108712234724
vn -0.9899495321061239 0 -0.14142108712234724
vn -0.9899495321061239 0 -0.14142108712234724
vn -0.9899495321061239 0 -0.14142108712234724
vn -0.9899495321061239 0 -0.14142108712234724
vn -0.9899495321061239 0 -0.14142108712234724
vn 0.9662348520491406 0 -0.25766297888050443
vn 0.9662348520491406 0 -0.25766297888050443
vn 0.9662348520491406 0 -0.25766297888050443
vn 0.9662348520491406 0 -0.25766297888050443
vn 0.9662348520491406 0 -0.25766297888050443
vn 0.9662348520491406 0 -0.25766297888050443
vn 0 0 -1
vn 0 0 -1
vn 0 0 -1
vn 0 0 -1
vn 0 0 -1
vn 0 0 -1
vn -0.9662348520491406 0 -0.25766297888050443
vn -0.9662348520491406 0 -0.25766297888050443
vn -0.9662348520491406 0 -0.25766297888050443
vn -0.9662348520491406 0 -0.25766297888050443
vn -0.9662348520491406 0 -0.25766297888050443
vn -0.9662348520491406 0 -0.25766297888050443
vn 0.9662348520491406 0 -0.25766297888050443
vn 0.9662348520491406 0 -0.25766297888050443
vn 0.9662348520491406 0 -0.25766297888050443
vn 0.9662348520491406 0 -0.25766297888050443
vn 0.9662348520491406 0 -0.25766297888050443
vn 0.9662348520491406 0 -0.25766297888050443
vn 0 0 -1
vn 0 0 -1
vn 0 0 -1
vn 0 0 -1
vn 0 0 -1
vn 0 0 -1
vn 0 0 -1
vn 0 0 -1
vn 0 0 -1
vn 0 0 -1
vn 0 0 -1
vn 0 0 -1
vn 0 0 -1
vn 0 0 -1
vn 0 0 -1
vn 0 0 -1
vn 0 0 -1
vn 0 0 -1
vn 0 0 -1
vn 0 0 -1
vn 0 0 -1
vn 0 0 -1
vn 0 0 -1
vn 0 0 -1
vn 0 0 -1
vn 0 0 -1
vn 0 0 -1
vn 0 0 -1
vn 0 0 -1
vn 0 0 -1
vn 0 -0.7071067811865476 -0.7071067811865476
vn 0 -0.7071067811865476 -0.7071067811865476
vn 0 -0.7071067811865476 -0.7071067811865476
vn 0 -0.7071067811865476 -0.7071067811865476
vn 0 -0.7071067811865476 -0.7071067811865476
vn 0 -0.7071067811865476 -0.7071067811865476
vn 0 0 -1
vn 0 0 -1
vn 0 0 -1
vn 0 0 -1
vn 0 0 -1
vn 0 0 -1
vn 0 -0.7071067811865476 0.7071067811865476
vn 0 -0.7071067811865476 0.7071067811865476
vn 0 -0.7071067811865476 0.7071067811865476
vn 0 -0.7071067811865476 0.7071067811865476
vn 0 -0.7071067811865476 0.7071067811865476
vn 0 -0.7071067811865476 0.7071067811865476
vn 0 1 0
vn 0 1 0
vn 0 1 0
vn 0 1 0
vn 0 1 0
vn 0 1 0
vn 0 0 -1
vn 0 0 -1
vn 0 0 -1
vn 0 0 -1
vn 0 0 -1
vn 0 0 -1
vn 1 0 0
vn 1 0 0
vn 1 0 0
vn 1 0 0
vn 1 0 0
vn 1 0 0
vn 1 0 0
vn 1 0 0
vn 1 0 0
vn 1 0 0
vn 1 0 0
vn 1 0 0
vn 1 0 0
vn 1 0 0
vn 1 0 0
vn 1 0 0
vn 1 0 0
vn 1 0 0
vn 1 0 0
vn 1 0 0
vn 1 0 0
vn 1 0 0
vn 1 0 0
vn 1 0 0
vn 1 0 0
vn 1 0 0
vn 1 0 0
vn 1 0 0
vn 1 0 0
vn 1 0 0
vn 1 0 0
vn 1 0 0
vn 1 0 0
vn 1 0 0
vn 1 0 0
vn 1 0 0
vn 1 0 0
vn 1 0 0
vn 1 0 0
vn 1 0 0
vn 1 0 0
vn 1 0 0
vn 1 0 0
vn 1 0 0
vn 1 0 0
vn 1 0 0
vn 1 0 0
vn 1 0 0
vn 1 0 0
vn 1 0 0
vn 1 0 0
vn 1 0 0
vn 1 0 0
vn 1 0 0
vn 1 0 0
vn 1 0 0
vn 1 0 0
vn 1 0 0
vn 1 0 0
vn 1 0 0
vn 1 0 0
vn 1 0 0
vn 1 0 0
vn 1 0 0
vn 1 0 0
vn 1 0 0
vn 1 0 0
vn 1 0 0
vn 1 0 0
vn 1 0 0
vn 1 0 0
vn 1 0 0
vn 1 0 0
vn 1 0 0
vn 1 0 0
vn 1 0 0
vn 1 0 0
vn 1 0 0
vn 1 0 0
vn 1 0 0
vn 1 0 0
vn 1 0 0
vn 1 0 0
vn 1 0 0
vn 1 0 0
vn 1 0 0
vn 1 0 0
vn 1 0 0
vn 1 0 0
vn 1 0 0
vn 0 -0.7071067811865476 0.7071067811865476
vn 0 -0.7071067811865476 0.7071067811865476
vn 0 -0.7071067811865476 0.7071067811865476
vn 0 -0.7071067811865476 0.7071067811865476
vn 0 -0.7071067811865476 0.7071067811865476
vn 0 -0.7071067811865476 0.7071067811865476
vn 0 -0.7071067811865476 0.7071067811865476
vn 0 -0.7071067811865476 0.7071067811865476
vn 0 -0.7071067811865476 0.7071067811865476
vn 0 -0.7071067811865476 0.7071067811865476
vn 0 -0.7071067811865476 0.7071067811865476
vn 0 -0.7071067811865476 0.7071067811865476
vn 0 -1 0
vn 0 -1 0
vn 0 -1 0
vn 0 -1 0
vn 0 -1 0
vn 0 -1 0
vn 0 -1 0
vn 0 -1 0
vn 0 -1 0
vn 0 -1 0
vn 0 -1 0
vn 0 -1 0
vn 0 -1 0
vn 0 -1 0
vn 0 -1 0
vn 0 -1 0
vn 0 -1 0
vn 0 -1 0
vn 0 -1 0
vn 0 -1 0
vn 0 -1 0
vn 0 -1 0
vn 0 -1 0
vn 0 -1 0
vn 0 -1 0
vn 0 -1 0
vn 0 -1 0
vn 0 -1 0
vn 0 -1 0
vn 0 -1 0
vn 0 -0.309086011688402 0.9510340884419217
vn 0 -0.309086011688402 0.9510340884419217
vn 0 -0.309086011688402 0.9510340884419217
vn 0 -0.309086011688402 0.9510340884419217
vn 0 -0.309086011688402 0.9510340884419217
vn 0 -0.309086011688402 0.9510340884419217
vn 0 -0.309086011688402 0.9510340884419217
vn 0 -0.309086011688402 0.9510340884419217
vn 0 -0.309086011688402 0.9510340884419217
vn 0 -0.309086011688402 0.9510340884419217
vn 0 -0.309086011688402 0.9510340884419217
vn 0 -0.309086011688402 0.9510340884419217
vn 0 -0.309086011688402 0.9510340884419217
vn 0 -0.309086011688402 0.9510340884419217
vn 0 -0.309086011688402 0.9510340884419217
vn 0 -0.309086011688402 0.9510340884419217
vn 0 -0.309086011688402 0.9510340884419217
vn 0 -0.309086011688402 0.9510340884419217
vn 0 -0.309086011688402 0.9510340884419217
vn 0 -0.309086011688402 0.9510340884419217
vn 0 -0.309086011688402 0.9510340884419217
vn 0 -0.309086011688402 0.9510340884419217
vn 0 -0.309086011688402 0.9510340884419217
vn 0 -0.309086011688402 0.9510340884419217
vn 0 -0.309086011688402 0.9510340884419217
vn 0 -0.309086011688402 0.9510340884419217
vn 0 -0.309086011688402 0.9510340884419217
vn 0 -0.309086011688402 0.9510340884419217
vn 0 -0.309086011688402 0.9510340884419217
vn 0 -0.309086011688402 0.9510340884419217
vn 0 -0.309086011688402 0.9510340884419217
vn 0 -0.309086011688402 0.9510340884419217
vn 0 -0.309086011688402 0.9510340884419217
vn 0 -0.309086011688402 0.9510340884419217
vn 0 -0.309086011688402 0.9510340884419217
vn 0 -0.309086011688402 0.9510340884419217
vn 0 -0.309086011688402 0.9510340884419217
vn 0 -0.309086011688402 0.9510340884419217
vn 0 -0.309086011688402 0.9510340884419217
vn 0 -0.309086011688402 0.9510340884419217
vn 0 -0.309086011688402 0.9510340884419217
vn 0 -0.309086011688402 0.9510340884419217
vn 0 -0.309086011688402 0.9510340884419217
vn 0 -0.309086011688402 0.9510340884419217
vn 0 -0.309086011688402 0.9510340884419217
vn 0 -0.309086011688402 0.9510340884419217
vn 0 -0.309086011688402 0.9510340884419217
vn 0 -0.309086011688402 0.9510340884419217
vn 0 -0.309086011688402 0.9510340884419217
vn 0 -0.309086011688402 0.9510340884419217
vn 0 -0.309086011688402 0.9510340884419217
vn 0 -0.309086011688402 0.9510340884419217
vn 0 -0.309086011688402 0.9510340884419217
vn 0 -0.309086011688402 0.9510340884419217
vn 0 -0.309086011688402 0.9510340884419217
vn 0 -0.309086011688402 0.9510340884419217
vn 0 -0.309086011688402 0.9510340884419217
vn 0 -0.309086011688402 0.9510340884419217
vn 0 -0.309086011688402 0.9510340884419217
vn 0 -0.309086011688402 0.9510340884419217
vn 0 -0.309086011688402 0.9510340884419217
vn 0 -0.309086011688402 0.9510340884419217
vn 0 -0.309086011688402 0.9510340884419217
vn 0 -0.309086011688402 0.9510340884419217
vn 0 -0.309086011688402 0.9510340884419217
vn 0 -0.309086011688402 0.9510340884419217
vn 0 -0.309086011688402 0.9510340884419217
vn 0 -0.309086011688402 0.9510340884419217
vn 0 -0.309086011688402 0.9510340884419217
vn 0 -0.309086011688402 0.9510340884419217
vn 0 -0.309086011688402 0.9510340884419217
vn 0 -0.309086011688402 0.9510340884419217
vn 0 -0.309086011688402 0.9510340884419217
vn 0 -0.309086011688402 0.9510340884419217
vn 0 -0.309086011688402 0.9510340884419217
vn 0 -0.309086011688402 0.9510340884419217
vn 0 -0.309086011688402 0.9510340884419217
vn 0 -0.309086011688402 0.9510340884419217
vn 0 -0.309086011688402 0.9510340884419217
vn 0 -0.309086011688402 0.9510340884419217
vn 0 -0.309086011688402 0.9510340884419217
vn 0 -0.309086011688402 0.9510340884419217
vn 0 -0.309086011688402 0.9510340884419217
vn 0 -0.309086011688402 0.9510340884419217
vn 0 -0.309086011688402 0.9510340884419217
vn 0 -0.309086011688402 0.9510340884419217
vn 0 -0.309086011688402 0.9510340884419217
vn 0 -0.309086011688402 0.9510340884419217
vn 0 -0.309086011688402 0.9510340884419217
vn 0 -0.309086011688402 0.9510340884419217
vn 0 -0.309086011688402 0.9510340884419217
vn 0 -0.309086011688402 0.9510340884419217
vn 0 -0.309086011688402 0.9510340884419217
vn 0 -0.309086011688402 0.9510340884419217
vn 0 -0.309086011688402 0.9510340884419217
vn 0 -0.309086011688402 0.9510340884419217
vn 0 -0.309086011688402 0.9510340884419217
vn 0 -0.309086011688402 0.9510340884419217
vn 0 -0.309086011688402 0.9510340884419217
vn 0 -1 0
vn 0 -1 0
vn 0 -1 0
vn 0 -1 0
vn 0 -1 0
vn 0 -1 0
vn 0 -1 0
vn 0 -1 0
vn 0 -1 0
vn 0 -1 0
vn 0 -1 0
vn 0 -1 0
vn 0 -1 0
vn 0 -1 0
vn 0 -1 0
vn 0 -1 0
vn 0 -1 0
vn 0 -1 0
vn -0.7071067811865476 0.7071067811865476 0
vn -0.7071067811865476 0.7071067811865476 0
vn -0.7071067811865476 0.7071067811865476 0
vn -0.7071067811865476 0.7071067811865476 0
vn -0.7071067811865476 0.7071067811865476 0
vn -0.7071067811865476 0.7071067811865476 0
vn -0.7071067811865476 -0.7071067811865476 0
vn -0.7071067811865476 -0.7071067811865476 0
vn -0.7071067811865476 -0.7071067811865476 0
vn -0.7071067811865476 -0.7071067811865476 0
vn -0.7071067811865476 -0.7071067811865476 0
vn -0.7071067811865476 -0.7071067811865476 0
vn 0 -0.309086011688402 -0.9510340884419217
vn 0 -0.309086011688402 -0.9510340884419217
vn 0 -0.309086011688402 -0.9510340884419217
vn 0 -0.309086011688402 -0.9510340884419217
vn 0 -0.309086011688402 -0.9510340884419217
vn 0 -0.309086011688402 -0.9510340884419217
vn 0 -0.309086011688402 -0.9510340884419217
vn 0 -0.309086011688402 -0.9510340884419217
vn 0 -0.309086011688402 -0.9510340884419217
vn 0 -0.309086011688402 -0.9510340884419217
vn 0 -0.309086011688402 -0.9510340884419217
vn 0 -0.309086011688402 -0.9510340884419217
vn 0 -0.309086011688402 -0.9510340884419217
vn 0 -0.309086011688402 -0.9510340884419217
vn 0 -0.309086011688402 -0.9510340884419217
vn 0 -0.309086011688402 -0.9510340884419217
vn 0 -0.309086011688402 -0.9510340884419217
vn 0 -0.309086011688402 -0.9510340884419217
vn 0 -0.309086011688402 -0.9510340884419217
vn 0 -0.309086011688402 -0.9510340884419217
vn 0 -0.309086011688402 -0.9510340884419217
vn 0 -0.309086011688402 -0.9510340884419217
vn 0 -0.309086011688402 -0.9510340884419217
vn 0 -0.309086011688402 -0.9510340884419217
vn 0 -0.309086011688402 -0.9510340884419217
vn 0 -0.309086011688402 -0.9510340884419217
vn 0 -0.309086011688402 -0.9510340884419217
vn 0 -0.309086011688402 -0.9510340884419217
vn 0 -0.309086011688402 -0.9510340884419217
vn 0 -0.309086011688402 -0.9510340884419217
vn 0 -0.309086011688402 -0.9510340884419217
vn 0 -0.309086011688402 -0.9510340884419217
vn 0 -0.309086011688402 -0.9510340884419217
vn 0 -0.309086011688402 -0.9510340884419217
vn 0 -0.309086011688402 -0.9510340884419217
vn 0 -0.309086011688402 -0.9510340884419217
vn 0 -0.309086011688402 -0.9510340884419217
vn 0 -0.309086011688402 -0.9510340884419217
vn 0 -0.309086011688402 -0.9510340884419217
vn 0 -0.309086011688402 -0.9510340884419217
vn 0 -0.309086011688402 -0.9510340884419217
vn 0 -0.309086011688402 -0.9510340884419217
vn 0 -0.309086011688402 -0.9510340884419217
vn 0 -0.309086011688402 -0.9510340884419217
vn 0 -0.309086011688402 -0.9510340884419217
vn 0 -0.309086011688402 -0.9510340884419217
vn 0 -0.309086011688402 -0.9510340884419217
vn 0 -0.309086011688402 -0.9510340884419217
vn 0 -0.309086011688402 -0.9510340884419217
vn 0 -0.309086011688402 -0.9510340884419217
vn 0 -0.309086011688402 -0.9510340884419217
vn 0 -0.309086011688402 -0.9510340884419217
vn 0 -0.309086011688402 -0.9510340884419217
vn 0 -0.309086011688402 -0.9510340884419217
vn 0 -0.309086011688402 -0.9510340884419217
vn 0 -0.309086011688402 -0.9510340884419217
vn 0 -0.309086011688402 -0.9510340884419217
vn 0 -0.309086011688402 -0.9510340884419217
vn 0 -0.309086011688402 -0.9510340884419217
vn 0 -0.309086011688402 -0.9510340884419217
vn 0 -0.309086011688402 -0.9510340884419217
vn 0 -0.309086011688402 -0.9510340884419217
vn 0 -0.309086011688402 -0.9510340884419217
vn 0 -0.309086011688402 -0.9510340884419217
vn 0 -0.309086011688402 -0.9510340884419217
vn 0 -0.309086011688402 -0.9510340884419217
vn 0 -0.309086011688402 -0.9510340884419217
vn 0 -0.309086011688402 -0.9510340884419217
vn 0 -0.309086011688402 -0.9510340884419217
vn 0 -0.309086011688402 -0.9510340884419217
vn 0 -0.309086011688402 -0.9510340884419217
vn 0 -0.309086011688402 -0.9510340884419217
vn 0 -0.309086011688402 -0.9510340884419217
vn 0 -0.309086011688402 -0.9510340884419217
vn 0 -0.309086011688402 -0.9510340884419217
vn 0 -0.309086011688402 -0.9510340884419217
vn 0 -0.309086011688402 -0.9510340884419217
vn 0 -0.309086011688402 -0.9510340884419217
vn 0 -0.309086011688402 -0.9510340884419217
vn 0 -0.309086011688402 -0.9510340884419217
vn 0 -0.309086011688402 -0.9510340884419217
vn 0 -0.309086011688402 -0.9510340884419217
vn 0 -0.309086011688402 -0.9510340884419217
vn 0 -0.309086011688402 -0.9510340884419217
vn 0 -0.309086011688402 -0.9510340884419217
vn 0 -0.309086011688402 -0.9510340884419217
vn 0 -0.309086011688402 -0.9510340884419217
vn 0 -0.309086011688402 -0.9510340884419217
vn 0 -0.309086011688402 -0.9510340884419217
vn 0 -0.309086011688402 -0.9510340884419217
vn 0 -0.309086011688402 -0.9510340884419217
vn 0 -0.309086011688402 -0.9510340884419217
vn 0 -0.309086011688402 -0.9510340884419217
vn 0 -0.309086011688402 -0.9510340884419217
vn 0 -0.309086011688402 -0.9510340884419217
vn 0 -0.309086011688402 -0.9510340884419217
vn 0 -0.309086011688402 -0.9510340884419217
vn 0 -0.309086011688402 -0.9510340884419217
vn 0 -0.309086011688402 -0.9510340884419217
vn -1 0 0
vn -1 0 0
vn -1 0 0
vn -1 0 0
vn -1 0 0
vn -1 0 0
vn -0.7071067811865476 0.7071067811865476 0
vn -0.7071067811865476 0.7071067811865476 0
vn -0.7071067811865476 0.7071067811865476 0
vn -0.7071067811865476 0.7071067811865476 0
vn -0.7071067811865476 0.7071067811865476 0
vn -0.7071067811865476 0.7071067811865476 0
vn -0.7071067811865476 -0.7071067811865476 0
vn -0.7071067811865476 -0.7071067811865476 0
vn -0.7071067811865476 -0.7071067811865476 0
vn -0.7071067811865476 -0.7071067811865476 0
vn -0.7071067811865476 -0.7071067811865476 0
vn -0.7071067811865476 -0.7071067811865476 0
vn -1 0 0
vn -1 0 0
vn -1 0 0
vn -1 0 0
vn -1 0 0
vn -1 0 0
vn -1 0 0
vn -1 0 0
vn -1 0 0
vn -1 0 0
vn -1 0 0
vn -1 0 0
vn 0 0.309086011688402 -0.9510340884419217
vn 0 0.309086011688402 -0.9510340884419217
vn 0 0.309086011688402 -0.9510340884419217
vn 0 0.309086011688402 -0.9510340884419217
vn 0 0.309086011688402 -0.9510340884419217
vn 0 0.309086011688402 -0.9510340884419217
vn 1 0 0
vn 1 0 0
vn 1 0 0
vn 1 0 0
vn 1 0 0
vn 1 0 0
vn 1 0 0
vn 1 0 0
vn 1 0 0
vn 1 0 0
vn 1 0 0
vn 1 0 0
vn 1 0 0
vn 1 0 0
vn 1 0 0
vn 1 0 0
vn 1 0 0
vn 1 0 0
vn 1 0 0
vn 1 0 0
vn 1 0 0
vn 1 0 0
vn 1 0 0
vn 1 0 0
vn 1 0 0
vn 1 0 0
vn 1 0 0
vn 1 0 0
vn 1 0 0
vn 1 0 0
vn 1 0 0
vn 1 0 0
vn 1 0 0
vn 1 0 0
vn 1 0 0
vn 1 0 0
vn 1 0 0
vn 1 0 0
vn 1 0 0
vn 1 0 0
vn 1 0 0
vn 1 0 0
vn 1 0 0
vn 1 0 0
vn 1 0 0
vn 1 0 0
vn 1 0 0
vn 1 0 0
vn 0 0 1
vn 0 0 1
vn 0 0 1
vn 0 0 1
vn 0 0 1
vn 0 0 1
vn 0 1 0
vn 0 1 0
vn 0 1 0
vn 0 1 0
vn 0 1 0
vn 0 1 0
vn 0 0.8944269883440347 0.4472140008114905
vn 0 0.8944269883440347 0.4472140008114905
vn 0 0.8944269883440347 0.4472140008114905
vn 0 0.8944269883440347 0.4472140008114905
vn 0 0.8944269883440347 0.4472140008114905
vn 0 0.8944269883440347 0.4472140008114905
vn 0 0 1
vn 0 0 1
vn 0 0 1
vn 0 0 1
vn 0 0 1
vn 0 0 1
vn -1 0 0
vn -1 0 0
vn -1 0 0
vn -1 0 0
vn -1 0 0
vn -1 0 0
vn -1 0 0
vn -1 0 0
vn -1 0 0
vn -1 0 0
vn -1 0 0
vn -1 0 0
vn -1 0 0
vn -1 0 0
vn -1 0 0
vn -1 0 0
vn -1 0 0
vn -1 0 0
vn -1 0 0
vn -1 0 0
vn -1 0 0
vn -1 0 0
vn -1 0 0
vn -1 0 0
vn -1 0 0
vn -1 0 0
vn -1 0 0
vn -1 0 0
vn -1 0 0
vn -1 0 0
vn -1 0 0
vn -1 0 0
vn -1 0 0
vn -1 0 0
vn -1 0 0
vn -1 0 0
vn -1 0 0
vn -1 0 0
vn -1 0 0
vn -1 0 0
vn -1 0 0
vn -1 0 0
vn -1 0 0
vn -1 0 0
vn -1 0 0
vn -1 0 0
vn -1 0 0
vn -1 0 0
vn -1 0 0
vn -1 0 0
vn -1 0 0
vn -1 0 0
vn -1 0 0
vn -1 0 0
vn -1 0 0
vn -1 0 0
vn -1 0 0
vn -1 0 0
vn -1 0 0
vn -1 0 0
vn -1 0 0
vn -1 0 0
vn -1 0 0
vn -1 0 0
vn -1 0 0
vn -1 0 0
vn -1 0 0
vn -1 0 0
vn -1 0 0
vn -1 0 0
vn -1 0 0
vn -1 0 0
vn -1 0 0
vn -1 0 0
vn -1 0 0
vn -1 0 0
vn -1 0 0
vn -1 0 0
vn -1 0 0
vn -1 0 0
vn -1 0 0
vn 0 1 0
vn 0 1 0
vn 0 1 0
vn 0 1 0
vn 0 1 0
vn 0 1 0
vn 0 1 0
vn 0 1 0
vn 0 1 0
vn 0 1 0
vn 0 1 0
vn 0 1 0
vn 0 0.8944269883440347 -0.4472140008114905
vn 0 0.8944269883440347 -0.4472140008114905
vn 0 0.8944269883440347 -0.4472140008114905
vn 0 0.8944269883440347 -0.4472140008114905
vn 0 0.8944269883440347 -0.4472140008114905
vn 0 0.8944269883440347 -0.4472140008114905
vn 0 0 -1
vn 0 0 -1
vn 0 0 -1
vn 0 0 -1
vn 0 0 -1
vn 0 0 -1
vn 0 1 0
vn 0 1 0
vn 0 1 0
vn 0 1 0
vn 0 1 0
vn 0 1 0
vn -0.7071067811865476 -0.7071067811865476 0
vn -0.7071067811865476 -0.7071067811865476 0
vn -0.7071067811865476 -0.7071067811865476 0
vn -0.7071067811865476 -0.7071067811865476 0
vn -0.7071067811865476 -0.7071067811865476 0
vn -0.7071067811865476 -0.7071067811865476 0
vn -0.7071067811865476 0.7071067811865476 0
vn -0.7071067811865476 0.7071067811865476 0
vn -0.7071067811865476 0.7071067811865476 0
vn -0.7071067811865476 0.7071067811865476 0
vn -0.7071067811865476 0.7071067811865476 0
vn -0.7071067811865476 0.7071067811865476 0
vn -0.7071067811865476 -0.7071067811865476 0
vn -0.7071067811865476 -0.7071067811865476 0
vn -0.7071067811865476 -0.7071067811865476 0
vn -0.7071067811865476 -0.7071067811865476 0
vn -0.7071067811865476 -0.7071067811865476 0
vn -0.7071067811865476 -0.7071067811865476 0
vn -0.7071067811865476 0.7071067811865476 0
vn -0.7071067811865476 0.7071067811865476 0
vn -0.7071067811865476 0.7071067811865476 0
vn -0.7071067811865476 0.7071067811865476 0
vn -0.7071067811865476 0.7071067811865476 0
vn -0.7071067811865476 0.7071067811865476 0
vn -0.7071067811865476 -0.7071067811865476 0
vn -0.7071067811865476 -0.7071067811865476 0
vn -0.7071067811865476 -0.7071067811865476 0
vn -0.7071067811865476 -0.7071067811865476 0
vn -0.7071067811865476 -0.7071067811865476 0
vn -0.7071067811865476 -0.7071067811865476 0
vn -0.7071067811865476 0.7071067811865476 0
vn -0.7071067811865476 0.7071067811865476 0
vn -0.7071067811865476 0.7071067811865476 0
vn -0.7071067811865476 0.7071067811865476 0
vn -0.7071067811865476 0.7071067811865476 0
vn -0.7071067811865476 0.7071067811865476 0
vn -0.7071067811865476 -0.7071067811865476 0
vn -0.7071067811865476 -0.7071067811865476 0
vn -0.7071067811865476 -0.7071067811865476 0
vn -0.7071067811865476 -0.7071067811865476 0
vn -0.7071067811865476 -0.7071067811865476 0
vn -0.7071067811865476 -0.7071067811865476 0
vn -0.7071067811865476 0.7071067811865476 0
vn -0.7071067811865476 0.7071067811865476 0
vn -0.7071067811865476 0.7071067811865476 0
vn -0.7071067811865476 0.7071067811865476 0
vn -0.7071067811865476 0.7071067811865476 0
vn -0.7071067811865476 0.7071067811865476 0
vn -0.7071067811865476 -0.7071067811865476 0
vn -0.7071067811865476 -0.7071067811865476 0
vn -0.7071067811865476 -0.7071067811865476 0
vn -0.7071067811865476 -0.7071067811865476 0
vn -0.7071067811865476 -0.7071067811865476 0
vn -0.7071067811865476 -0.7071067811865476 0
vn -0.7071067811865476 0.7071067811865476 0
vn -0.7071067811865476 0.7071067811865476 0
vn -0.7071067811865476 0.7071067811865476 0
vn -0.7071067811865476 0.7071067811865476 0
vn -0.7071067811865476 0.7071067811865476 0
vn -0.7071067811865476 0.7071067811865476 0
vn -0.7071067811865476 -0.7071067811865476 0
vn -0.7071067811865476 -0.7071067811865476 0
vn -0.7071067811865476 -0.7071067811865476 0
vn -0.7071067811865476 -0.7071067811865476 0
vn -0.7071067811865476 -0.7071067811865476 0
vn -0.7071067811865476 -0.7071067811865476 0
vn -0.7071067811865476 0.7071067811865476 0
vn -0.7071067811865476 0.7071067811865476 0
vn -0.7071067811865476 0.7071067811865476 0
vn -0.7071067811865476 0.7071067811865476 0
vn -0.7071067811865476 0.7071067811865476 0
vn -0.7071067811865476 0.7071067811865476 0
vn -0.7071067811865476 -0.7071067811865476 0
vn -0.7071067811865476 -0.7071067811865476 0
vn -0.7071067811865476 -0.7071067811865476 0
vn -0.7071067811865476 -0.7071067811865476 0
vn -0.7071067811865476 -0.7071067811865476 0
vn -0.7071067811865476 -0.7071067811865476 0
vn -0.7071067811865476 0.7071067811865476 0
vn -0.7071067811865476 0.7071067811865476 0
vn -0.7071067811865476 0.7071067811865476 0
vn -0.7071067811865476 0.7071067811865476 0
vn -0.7071067811865476 0.7071067811865476 0
vn -0.7071067811865476 0.7071067811865476 0
vn -1 0 0
vn -1 0 0
vn -1 0 0
vn -1 0 0
vn -1 0 0
vn -1 0 0
vn -1 0 0
vn -1 0 0
vn -1 0 0
vn -1 0 0
vn -1 0 0
vn -1 0 0
vn -1 0 0
vn -1 0 0
vn -1 0 0
vn -1 0 0
vn -1 0 0
vn -1 0 0
vn -1 0 0
vn -1 0 0
vn -1 0 0
vn -1 0 0
vn -1 0 0
vn -1 0 0
vn -1 0 0
vn -1 0 0
vn -1 0 0
vn -1 0 0
vn -1 0 0
vn -1 0 0
vn -1 0 0
vn -1 0 0
vn -1 0 0
vn -1 0 0
vn -1 0 0
vn -1 0 0
vn -1 0 0
vn -1 0 0
vn -1 0 0
vn -1 0 0
vn -1 0 0
vn -1 0 0
vn -0.7071067811865476 0.7071067811865476 0
vn -0.7071067811865476 0.7071067811865476 0
vn -0.7071067811865476 0.7071067811865476 0
vn -0.7071067811865476 0.7071067811865476 0
vn -0.7071067811865476 0.7071067811865476 0
vn -0.7071067811865476 0.7071067811865476 0
vn -0.7071067811865476 -0.7071067811865476 0
vn -0.7071067811865476 -0.7071067811865476 0
vn -0.7071067811865476 -0.7071067811865476 0
vn -0.7071067811865476 -0.7071067811865476 0
vn -0.7071067811865476 -0.7071067811865476 0
vn -0.7071067811865476 -0.7071067811865476 0
vn 0 -0.9682773063803956 0.24987808617148763
vn 0 -0.9682773063803956 0.24987808617148763
vn 0 -0.9682773063803956 0.24987808617148763
vn 0 -0.9682773063803956 0.24987808617148763
vn 0 -0.9682773063803956 0.24987808617148763
vn 0 -0.9682773063803956 0.24987808617148763
vn 0 0 1
vn 0 0 1
vn 0 0 1
vn 0 0 1
vn 0 0 1
vn 0 0 1
vn 0 -1 0
vn 0 -1 0
vn 0 -1 0
vn 0 -1 0
vn 0 -1 0
vn 0 -1 0
vn 0 -1 0
vn 0 -1 0
vn 0 -1 0
vn -1 0 0
vn -1 0 0
vn -1 0 0
vn -1 0 0
vn -1 0 0
vn -1 0 0
vn -1 0 0
vn -1 0 0
vn -1 0 0
vn -1 0 0
vn -1 0 0
vn -1 0 0
vn 0 -0.9682773063803956 0.24987808617148763
vn 0 -0.9682773063803956 0.24987808617148763
vn 0 -0.9682773063803956 0.24987808617148763
vn 0 -0.9682773063803956 0.24987808617148763
vn 0 -0.9682773063803956 0.24987808617148763
vn 0 -0.9682773063803956 0.24987808617148763
vn 0 -1 0
vn 0 -1 0
vn 0 -1 0
vn 0 -1 0
vn 0 -1 0
vn 0 -1 0
vn 0 -1 0
vn 0 -1 0
vn 0 -1 0
vn 0 0 -1
vn 0 0 -1
vn 0 0 -1
vn 0 0 -1
vn 0 0 -1
vn 0 0 -1
vn 0 -0.9682773063803956 -0.24987808617148763
vn 0 -0.9682773063803956 -0.24987808617148763
vn 0 -0.9682773063803956 -0.24987808617148763
vn 0 -0.9682773063803956 -0.24987808617148763
vn 0 -0.9682773063803956 -0.24987808617148763
vn 0 -0.9682773063803956 -0.24987808617148763
vn -1 0 0
vn -1 0 0
vn -1 0 0
vn -1 0 0
vn -1 0 0
vn -1 0 0
vn -1 0 0
vn -1 0 0
vn -1 0 0
vn -1 0 0
vn -1 0 0
vn -1 0 0
vn 0 -0.9682773063803956 0.24987808617148763
vn 0 -0.9682773063803956 0.24987808617148763
vn 0 -0.9682773063803956 0.24987808617148763
vn 0 -0.9682773063803956 0.24987808617148763
vn 0 -0.9682773063803956 0.24987808617148763
vn 0 -0.9682773063803956 0.24987808617148763
vn 0 0 1
vn 0 0 1
vn 0 0 1
vn 0 0 1
vn 0 0 1
vn 0 0 1
vn 0 0 1
vn 0 0 1
vn 0 0 1
vn 0 0 1
vn 0 0 1
vn 0 0 1
vn 0 -0.9682773063803956 -0.24987808617148763
vn 0 -0.9682773063803956 -0.24987808617148763
vn 0 -0.9682773063803956 -0.24987808617148763
vn 0 -0.9682773063803956 -0.24987808617148763
vn 0 -0.9682773063803956 -0.24987808617148763
vn 0 -0.9682773063803956 -0.24987808617148763
vn 0 0 -1
vn 0 0 -1
vn 0 0 -1
vn 0 0 -1
vn 0 0 -1
vn 0 0 -1
vn 0 -0.309086011688402 -0.9510340884419217
vn 0 -0.309086011688402 -0.9510340884419217
vn 0 -0.309086011688402 -0.9510340884419217
vn 0 -0.9682773063803956 -0.24987808617148763
vn 0 -0.9682773063803956 -0.24987808617148763
vn 0 -0.9682773063803956 -0.24987808617148763
vn 0 -0.9682773063803956 -0.24987808617148763
vn 0 -0.9682773063803956 -0.24987808617148763
vn 0 -0.9682773063803956 -0.24987808617148763
vn 0 0 -1
vn 0 0 -1
vn 0 0 -1
vn 0 0 -1
vn 0 0 -1
vn 0 0 -1
vn 0 0 -1
vn 0 0 -1
vn 0 0 -1
vn 0 0 -1
vn 0 0 -1
vn 0 0 -1
vn 0 -1 0
vn 0 -1 0
vn 0 -1 0
vn 0 -1 0
vn 0 -1 0
vn 0 -1 0
vn -0.5449879273918834 0 -0.8384438913827803
vn -0.5449879273918834 0 -0.8384438913827803
vn -0.5449879273918834 0 -0.8384438913827803
vn -0.5449879273918834 0 -0.8384438913827803
vn -0.5449879273918834 0 -0.8384438913827803
vn -0.5449879273918834 0 -0.8384438913827803
vn -0.5449879273918834 0 -0.8384438913827803
vn -0.5449879273918834 0 -0.8384438913827803
vn -0.5449879273918834 0 -0.8384438913827803
vn -0.5449879273918834 0 -0.8384438913827803
vn -0.5449879273918834 0 -0.8384438913827803
vn -0.5449879273918834 0 -0.8384438913827803
vn -0.5449879273918834 0 -0.8384438913827803
vn -0.5449879273918834 0 -0.8384438913827803
vn -0.5449879273918834 0 -0.8384438913827803
vn -0.5449879273918834 0 -0.8384438913827803
vn -0.5449879273918834 0 -0.8384438913827803
vn -0.5449879273918834 0 -0.8384438913827803
vn 0 1 0
vn 0 1 0
vn 0 1 0
vn 0 1 0
vn 0 1 0
vn 0 1 0
vn 0 1 0
vn 0 1 0
vn 0 1 0
vn 0 1 0
vn 0 1 0
vn 0 1 0
vn 0 1 0
vn 0 1 0
vn 0 1 0
vn 0 1 0
vn 0 1 0
vn 0 1 0
vn 0 1 0
vn 0 1 0
vn 0 1 0
vn 0 1 0
vn 0 1 0
vn 0 1 0
vn 0 1 0
vn 0 1 0
vn 0 1 0
vn 0 1 0
vn 0 1 0
vn 0 1 0
vn 0 1 0
vn 0 1 0
vn 0 1 0
vn 0 1 0
vn 0 1 0
vn 0 1 0
vn 0 1 0
vn 0 1 0
vn 0 1 0
vn 0 1 0
vn 0 1 0
vn 0 1 0
vn 0 1 0
vn 0 1 0
vn 0 1 0
vn 0 1 0
vn 0 1 0
vn 0 1 0
vn 0 1 0
vn 0 1 0
vn 0 1 0
vn 0 1 0
vn 0 1 0
vn 0 1 0
vn 0 1 0
vn 0 1 0
vn 0 1 0
vn 0 1 0
vn 0 1 0
vn 0 1 0
vn 0 1 0
vn 0 1 0
vn 0 1 0
vn 0 1 0
vn 0 1 0
vn 0 1 0
vn 0 1 0
vn 0 1 0
vn 0 1 0
vn 0 1 0
vn 0 1 0
vn 0 1 0
vn 0 1 0
vn 0 1 0
vn 0 1 0
vn 0 1 0
vn 0 1 0
vn 0 1 0
vn 0 1 0
vn 0 1 0
vn 0 1 0
vn 0 1 0
vn 0 1 0
vn 0 1 0
vn 0 1 0
vn 0 1 0
vn 0 1 0
vn 0 1 0
vn 0 1 0
vn 0 1 0
vn 0 1 0
vn 0 1 0
vn 0 1 0
vn 0 1 0
vn 0 1 0
vn 0 1 0
vn 0 1 0
vn 0 1 0
vn 0 1 0
vn 0 1 0
vn 0 1 0
vn 0 1 0
vn 0 1 0
vn 0 1 0
vn 0 1 0
vn 0 1 0
vn 0 1 0
vn 0 1 0
vn 0 1 0
vn 0 1 0
vn 0 1 0
vn 0 1 0
vn 0 1 0
vn 0 1 0
vn 0 1 0
vn 0 1 0
vn 0 1 0
vn 0 1 0
vn 0 1 0
vn 0 1 0
vn 0 1 0
vn 0 1 0
vn 0 1 0
vn 0 1 0
vn 0 1 0
vn 0 1 0
vn 0 1 0
vn 0 1 0
vn 0 1 0
vn 0 1 0
vn 0 1 0
vn 0 1 0
vn 0 1 0
vn 0 1 0
vn 0 1 0
vn 0 1 0
vn 0 1 0
vn 0 1 0
vn 0 1 0
vn 0 1 0
vn 0 1 0
vn 0 1 0
vn 0 1 0
vn 0 1 0
vn 0 1 0
vn 0 1 0
vn 0 1 0
vn 0 1 0
vn 0 1 0
vn 0 1 0
vn 0 1 0
vn 0 1 0
vn 0 1 0
vn 0 1 0
vn 0 1 0
vn 0 1 0
vn 0 1 0
vn 0 1 0
vn 0 1 0
vn 0 1 0
vn 0 1 0
vn 0 1 0
vn 0 1 0
vn 0 1 0
vn 0 1 0
vn 0 1 0
vn 0 1 0
vn 0 1 0
vn 0 1 0
vn 0 1 0
vn 0 1 0
vn 0 1 0
vn 0 1 0
vn 0 1 0
vn 0 1 0
vn 0 1 0
vn 0 1 0
vn 0 1 0
vn 0 1 0
vn 0 1 0
vn 0 1 0
vn 0 1 0
vn 0 1 0
vn 0 1 0
vn 0 1 0
vn 0 1 0
vn 0 1 0
vn 0 1 0
vn 0 1 0
vn 0 1 0
vn 0 1 0
vn 0 1 0
vn 0 1 0
vn 0 1 0
vn 0 1 0
vn 0 1 0
vn 0 1 0
vn 0 1 0
vn 0 1 0
vn 0 1 0
vn 0 1 0
vn 0 1 0
vn 0 1 0
vn 0 1 0
vn 0 1 0
vn 0 1 0
vn 0 1 0
vn 0 1 0
vn 0 1 0
vn 0 1 0
vn 0 1 0
vn 0 1 0
vn 0 1 0
vn 0 1 0
vn 0 1 0
vn 0 1 0
vn 0 1 0
vn 0 1 0
vn 0 1 0
vn 0 1 0
vn 0 1 0
vn 0 1 0
vn 0 1 0
vn 0 1 0
vn 0 1 0
vn 0 1 0
vn 0 1 0
vn 0 1 0
vn 0 1 0
vn 0 1 0
vn 0 1 0
vn 0 1 0
vn 0 1 0
vn 0 1 0
vn 0 1 0
vn 0 1 0
vn 0 1 0
vn 0 1 0
vn 0 1 0
vn 0 1 0
vn 0 1 0
vn 0 1 0
vn 0 1 0
vn 0 1 0
vn 0 1 0
vn 0 1 0
vn 0 1 0
vn 0 1 0
vn 0 1 0
vn 0 1 0
vn 0 1 0
vn 0 1 0
vn 0 1 0
vn 0 1 0
vn 0 1 0
vn 0 1 0
vn 0 1 0
vn 0 1 0
vn 0 1 0
vn 0 1 0
vn 0 1 0
vn 0 1 0
vn 0 1 0
vn 0 1 0
vn 0 1 0
vn 0 1 0
vn 0 1 0
vn 0 1 0
vn 0 1 0
vn 0 1 0
vn 0 1 0
vn 0 1 0
vn 0 1 0
vn 0 1 0
vn 0 1 0
vn 0 1 0
vn 0 1 0
vn 0 1 0
vn 0 1 0
vn 0 1 0
vn 0 1 0
vn 0 1 0
vn 0 1 0
vn 0 1 0
vn 0 1 0
vn 0 1 0
vn 0 1 0
vn 0 1 0
vn 0 1 0
vn 0 1 0
vn 0 1 0
vn 0 1 0
vn 0 1 0
vn 0 1 0
vn 0 1 0
vn 0 1 0
vn 0 1 0
vn 0 1 0
vn 0 1 0
vn 0 1 0
vn 0 1 0
vn 0 1 0
vn 0 1 0
vn 0 1 0
vn 0 1 0
vn 0 1 0
vn 0 1 0
vn 0 1 0
vn 0 1 0
vn 0 1 0
vn 0 1 0
vn 0 1 0
vn 0 1 0
vn 0 1 0
vn 0 1 0
vn 0 1 0
vn 0 1 0
vn 0 1 0
vn 0 1 0
vn 0 1 0
vn 0 1 0
vn 0 1 0
vn 0 1 0
vn 0 1 0
vn 0 1 0
vn 0 1 0
vn 0 1 0
vn 0 1 0
vn 0 1 0
vn 0 1 0
vn 0 1 0
vn 0 1 0
vn 0 1 0
vn 0 1 0
vn 0 1 0
vn 0 1 0
vn 0 1 0
vn 0 1 0
vn 0 1 0
vn 0 1 0
vn 0 1 0
vn 0 1 0
vn 0 1 0
vn 0 1 0
vn 0 1 0
vn 0 1 0
vn 0 1 0
vn 0 1 0
vn 0 1 0
vn 0 1 0
vn 0 1 0
vn 0 1 0
vn 0 1 0
vn 0 1 0
vn 0 1 0
vn 0 1 0
vn 0 1 0
vn 0 1 0
vn 0 1 0
vn 0 1 0
vn 0 1 0
vn 0 1 0
vn 0 1 0
vn 0 1 0
vn 0 1 0
vn 0 1 0
vn 0 1 0
vn 0 1 0
vn 0 1 0
vn 0 1 0
vn 0 1 0
vn 0 1 0
vn 0 1 0
vn 0 1 0
vn 0 1 0
vn 0 1 0
vn 0 1 0
vn 0 1 0
vn 0 1 0
vn 0 1 0
vn 0 1 0
vn 0 1 0
vn 0 1 0
vn 0 1 0
vn 0 1 0
vn 0 1 0
vn 0 1 0
vn 0 1 0
vn 0 1 0
vn 0 1 0
vn 0 1 0
vn 0 1 0
vn 0 1 0
vn 0 1 0
vn 0 1 0
vn 0 1 0
vn 0 1 0
vn 0 1 0
vn 0 1 0
vn 0 1 0
vn 0 1 0
vn 0 1 0
vn 0 1 0
vn 0 1 0
vn 0 1 0
vn 0 1 0
vn 0 1 0
vn 0 1 0
vn 0 1 0
vn 0 1 0
vn 0 1 0
vn 0 1 0
vn 0 1 0
vn 0 1 0
vn 0 1 0
vn 0 1 0
vn 0 1 0
vn 0 1 0
vn 0 1 0
vn 0 1 0
vn 0 1 0
vn 0 1 0
vn 0 1 0
vn 0 1 0
vn 0 1 0
vn 0 1 0
vn 0 1 0
vn 0 1 0
vn 0 1 0
vn 0 1 0
vn 0 1 0
vn 0 1 0
vn 0 1 0
vn 0 1 0
vn 0 1 0
vn 0 1 0
vn 0 1 0
vn 0 1 0
vn 0 1 0
vn 0 1 0
vn 0 1 0
vn 0 1 0
vn 0 1 0
vn 0 1 0
vn 0 1 0
vn 0 1 0
vn 0 1 0
vn 0 1 0
vn 0 1 0
vn 0 1 0
vn 0 1 0
vn 0 1 0
vn 0 1 0
vn 0 1 0
vn 0 1 0
vn 0 1 0
vn 0 1 0
vn 0 1 0
vn 0 1 0
vn 0 1 0
vn 0 1 0
vn 0 1 0
vn 0 1 0
vn 0 1 0
vn 0 1 0
vn 0 1 0
vn 0 1 0
vn 0 1 0
vn 0 1 0
vn 0 1 0
vn 0 1 0
vn 0 1 0
vn 0 1 0
vn 0 1 0
vn 0 1 0
vn 0 1 0
vn 0 1 0
vn 0 1 0
vn 0 1 0
vn 0 1 0
vn 0 1 0
vn 0 1 0
vn 0 1 0
vn 0 1 0
vn 0 1 0
vn 0 1 0
vn 0 1 0
vn 0 1 0
vn 0 1 0
vn 0 1 0
vn 0 1 0
vn 0 1 0
vn 0 1 0
vn 0 1 0
vn 0 1 0
vn 0 1 0
vn 0 1 0
vn 0 1 0
vn 0 1 0
vn 0 1 0
vn 0 1 0
vn 0 1 0
vn 0 1 0
vn 0 1 0
vn 0 1 0
vn 0 1 0
vn 0 1 0
vn 0 1 0
vn 0 1 0
vn 0 1 0
vn 0 1 0
vn 0 1 0
vn 0 1 0
vn 0 1 0
vn 0 1 0
vn 0 1 0
vn 0 1 0
vn 0 1 0
vn 0 1 0
vn 0 1 0
vn 0 1 0
vn 0 1 0
vn 0 1 0
vn 0 1 0
vn 0 1 0
vn 0 1 0
vn 0 1 0
vn 0 1 0
vn 0 1 0
vn 0 1 0
vn 0 1 0
vn 0 1 0
vn 0 1 0
vn 0 1 0
vn 0 1 0
vn 0 1 0
vn 0 1 0
vn 0 1 0
vn 0 1 0
vn 0 1 0
vn 0 1 0
vn 0 1 0
vn 0 1 0
vn 0 1 0
vn 0 1 0
vn 0 1 0
vn 0 1 0
vn 0 1 0
vn 0 1 0
vn 0 1 0
vn 0 1 0
vn 0 1 0
vn 0 1 0
vn 0 1 0
vn 0 1 0
vn 0 1 0
vn 0 1 0
vn 0 1 0
vn 0 1 0
vn 0 1 0
vn 0 1 0
vn 0 1 0
vn 0 1 0
vn 0 1 0
vn 0 1 0
vn 0 1 0
vn 0 1 0
vn 0 1 0
vn 0 1 0
vn 0 1 0
vn 0 1 0
vn 0 1 0
vn 0 1 0
vn 0 1 0
vn 0 1 0
vn 0 1 0
vn 0 1 0
vn 0 1 0
vn 0 1 0
vn 0 1 0
vn 0 1 0
vn 0 1 0
vn 0 1 0
vn 0 1 0
vn 0 1 0
vn 0 1 0
vn 0 1 0
vn 0 1 0
vn 0 1 0
vn 0 1 0
vn 0 1 0
vn 0 1 0
vn 0 1 0
vn 0 1 0
vn 0 1 0
vn 0 1 0
vn 0 1 0
vn 0 1 0
vn 0 1 0
vn 0 1 0
vn 0 1 0
vn 0 1 0
vn 0 1 0
vn 0 1 0
vn 0 1 0
vn 0 1 0
vn 0 1 0
vn 0 1 0
vn 0 1 0
vn 0 1 0
vn 0 1 0
vn 0 1 0
vn 0 1 0
vn 0 1 0
vn 0 1 0
vn 0 1 0
vn 0 1 0
vn 0 1 0
vn 0 1 0
vn 0 1 0
vn 0 1 0
vn 0 1 0
vn 0 1 0
vn 0 1 0
vn 0 1 0
vn 0 1 0
vn 0 1 0
vn 0 1 0
vn 0 1 0
vn 0 1 0
vn 0 1 0
vn 0 1 0
vn 0 1 0
vn 0 1 0
vn 0 1 0
vn 0 1 0
vn 0 1 0
vn 0 1 0
vn 0 1 0
vn 0 1 0
vn 0 1 0
vn 0 1 0
vn 0 1 0
vn 0 1 0
vn 0 1 0
vn 0 1 0
vn 0 1 0
vn 0 1 0
vn 0 1 0
vn 0 1 0
vn 0 1 0
vn 0 1 0
vn 0 1 0
vn 0 1 0
vn 0 1 0
vn 0 1 0
vn 0 1 0
vn 0 1 0
vn 0 1 0
vn 0 1 0
vn 0 1 0
vn 0 1 0
vn 0 1 0
vn 0 1 0
vn 0 1 0
vn 0 1 0
vn 0 1 0
vn 0 1 0
vn 0 1 0
vn 0 1 0
vn 0 1 0
vn 0 1 0
vn 0 1 0
vn 0 1 0
vn 0 1 0
vn 0 1 0
vn 0 1 0
vn 0 1 0
vn 0 1 0
vn 0 1 0
vn 0 1 0
vn 0 1 0
vn 0 1 0
vn 0 1 0
vn 0 1 0
vn 0 1 0
vn 0 1 0
vn 0 1 0
vn 0 1 0
vn 0 1 0
vn 0 1 0
vn 0 1 0
vn 0 1 0
vn 0 1 0
vn 0 1 0
vn 0 1 0
vn 0 1 0
vn 0 1 0
vn 0 1 0
vn 0 1 0
vn 0 1 0
vn 0 1 0
vn 0 1 0
vn 0 1 0
vn 0 1 0
vn 0 1 0
vn 0 1 0
vn 0 1 0
vn 0 1 0
vn 0 1 0
vn 0 1 0
vn 0 1 0
vn 0 1 0
vn 0 1 0
vn 0 1 0
vn 0 1 0
vn 0 1 0
vn 0 1 0
vn 0 1 0
vn 0 1 0
vn 0 1 0
vn 0 1 0
vn 0 1 0
vn 0 1 0
vn 0 1 0
vn 0 1 0
vn 0 1 0
vn 0 1 0
vn 0 1 0
vn 0 1 0
vn 0 1 0
vn 0 1 0
vn 0 1 0
vn 0 1 0
vn 0 1 0
vn 0 1 0
vn 0 1 0
vn 0 1 0
vn 0 1 0
vn 0 1 0
vn 0 1 0
vn 0 1 0
vn 0 1 0
vn 0 1 0
vn 0 1 0
vn 0 1 0
vn 0 1 0
vn 0 1 0
vn 0 1 0
vn 0 1 0
vn 0 1 0
vn 0 1 0
vn 0 1 0
vn 0 1 0
vn 0 1 0
vn 0 1 0
vn 0 1 0
vn 0 1 0
vn 0 1 0
vn 0 1 0
vn 0 1 0
vn 0 1 0
vn 0 1 0
vn 0 1 0
vn 0 1 0
vn 0 1 0
vn 0 1 0
vn 0 1 0
vn 0 1 0
vn 0 1 0
vn 0 1 0
vn 0 1 0
vn 0 1 0
vn 0 1 0
vn 0 1 0
vn 0 1 0
vn 0 1 0
vn 0 1 0
vn 0 1 0
vn 0 1 0
vn 0 1 0
vn 0 1 0
vn 0 1 0
vn 0 1 0
vn 0 1 0
vn 0 1 0
vn 0 1 0
vn 0 1 0
vn 0 1 0
vn 0 1 0
vn 0 1 0
vn 0 1 0
vn 0 1 0
vn 0 1 0
vn 0 1 0
vn 0 1 0
vn 0 1 0
vn 0 1 0
vn 0 1 0
vn 0 1 0
vn 0 1 0
vn 0 1 0
vn 0 1 0
vn 0 1 0
vn 0 1 0
vn 0 1 0
vn 0 1 0
vn 0 1 0
vn 0 1 0
vn 0 1 0
vn 0 1 0
vn 0 1 0
vn 0 1 0
vn 0 1 0
vn 0 1 0
vn 0 1 0
vn 0 1 0
vn 0 1 0
vn 0 1 0
vn 0 1 0
vn 0 1 0
vn 0 1 0
vn 0 1 0
vn 0 1 0
vn 0 1 0
vn 0 1 0
vn 0 1 0
vn 0 1 0
vn 0 1 0
vn 0 1 0
vn 0 1 0
vn 0 1 0
vn 0 1 0
vn 0 1 0
vn 0 1 0
vn 0 1 0
vn 0 1 0
vn 0 1 0
vn 0 1 0
vn 0 1 0
vn 0 1 0
vn 0 1 0
vn 0 1 0
vn 0 1 0
vn 0 1 0
vn 0 1 0
vn 0 1 0
vn 0 1 0
vn 0 1 0
vn 0 1 0
vn 0 1 0
vn 0 1 0
vn 0 1 0
vn 0 1 0
vn 0 1 0
vn 0 1 0
vn 0 1 0
vn 0 1 0
vn 0 1 0
vn 0 1 0
vn 0 1 0
vn 0 1 0
vn 0 1 0
vn 0 1 0
vn 0 1 0
vn 0 1 0
vn 0 1 0
vn 0 1 0
vn 0 1 0
vn 0 1 0
vn 0 1 0
vn 0 1 0
vn 0 1 0
vn 0 1 0
vn 0 1 0
vn 0 1 0
vn 0 1 0
vn 0 1 0
vn 0 1 0
vn 0 1 0
vn 0 1 0
vn 0 1 0
vn 0 1 0
vn 0 1 0
vn 0 1 0
vn 0 1 0
vn 0 1 0
vn 0 1 0
vn 0 1 0
vn 0 1 0
vn 0 1 0
vn 0 1 0
vn 0 1 0
vn 0 1 0
vn 0 1 0
vn 0 1 0
vn 0 1 0
vn 0 1 0
vn 0 1 0
vn 0 1 0
vn 0 1 0
vn 0 1 0
vn 0 1 0
vn 0 1 0
vn 0 1 0
vn 0 1 0
vn 0 1 0
vn 0 1 0
vn 0 1 0
vn 0 1 0
vn 0 1 0
vn 0 1 0
vn 0 1 0
vn 0 1 0
vn 0 1 0
vn 0 1 0
vn 0 1 0
vn 0 1 0
vn 0 1 0
vn 0 1 0
vn 0 1 0
vn 0 1 0
vn 0 1 0
vn 0 1 0
vn 0 0.913811794412421 -0.4061379130206278
vn 0 0.913811794412421 -0.4061379130206278
vn 0 0.913811794412421 -0.4061379130206278
vn 0 0.913811794412421 -0.4061379130206278
vn 0 0.913811794412421 -0.4061379130206278
vn 0 0.913811794412421 -0.4061379130206278
vn 0 0.913811794412421 -0.4061379130206278
vn 0 0.913811794412421 -0.4061379130206278
vn 0 0.913811794412421 -0.4061379130206278
vn 0 0.913811794412421 -0.4061379130206278
vn 0 0.913811794412421 -0.4061379130206278
vn 0 0.913811794412421 -0.4061379130206278
vn 0 0.913811794412421 -0.4061379130206278
vn 0 0.913811794412421 -0.4061379130206278
vn 0 0.913811794412421 -0.4061379130206278
vn 0 0.913811794412421 -0.4061379130206278
vn 0 0.913811794412421 -0.4061379130206278
vn 0 0.913811794412421 -0.4061379130206278
vn 0 0.913811794412421 -0.4061379130206278
vn 0 0.913811794412421 -0.4061379130206278
vn 0 0.913811794412421 -0.4061379130206278
vn 0 0.913811794412421 -0.4061379130206278
vn 0 0.913811794412421 -0.4061379130206278
vn 0 0.913811794412421 -0.4061379130206278
vn 0 0.913811794412421 -0.4061379130206278
vn 0 0.913811794412421 -0.4061379130206278
vn 0 0.913811794412421 -0.4061379130206278
vn 0 0.913811794412421 -0.4061379130206278
vn 0 0.913811794412421 -0.4061379130206278
vn 0 0.913811794412421 -0.4061379130206278
vn 0 0.913811794412421 -0.4061379130206278
vn 0 0.913811794412421 -0.4061379130206278
vn 0 0.913811794412421 -0.4061379130206278
vn 0 0.913811794412421 -0.4061379130206278
vn 0 0.913811794412421 -0.4061379130206278
vn 0 0.913811794412421 -0.4061379130206278
vn 0 0.913811794412421 -0.4061379130206278
vn 0 0.913811794412421 -0.4061379130206278
vn 0 0.913811794412421 -0.4061379130206278
vn 0 0.913811794412421 -0.4061379130206278
vn 0 0.913811794412421 -0.4061379130206278
vn 0 0.913811794412421 -0.4061379130206278
vn 0 0.913811794412421 -0.4061379130206278
vn 0 0.913811794412421 -0.4061379130206278
vn 0 0.913811794412421 -0.4061379130206278
vn 0 0.913811794412421 -0.4061379130206278
vn 0 0.913811794412421 -0.4061379130206278
vn 0 0.913811794412421 -0.4061379130206278
vn 0 0.913811794412421 -0.4061379130206278
vn 0 0.913811794412421 -0.4061379130206278
vn 0 0.913811794412421 -0.4061379130206278
vn 0 0.913811794412421 -0.4061379130206278
vn 0 0.913811794412421 -0.4061379130206278
vn 0 0.913811794412421 -0.4061379130206278
vn 0 0.913811794412421 -0.4061379130206278
vn 0 0.913811794412421 -0.4061379130206278
vn 0 0.913811794412421 -0.4061379130206278
vn 0 0.913811794412421 -0.4061379130206278
vn 0 0.913811794412421 -0.4061379130206278
vn 0 0.913811794412421 -0.4061379130206278
vn 0 0.913811794412421 -0.4061379130206278
vn 0 0.913811794412421 -0.4061379130206278
vn 0 0.913811794412421 -0.4061379130206278
vn 0 0.913811794412421 -0.4061379130206278
vn 0 0.913811794412421 -0.4061379130206278
vn 0 0.913811794412421 -0.4061379130206278
vn 0 0 -1
vn 0 0 -1
vn 0 0 -1
vn 0 0 -1
vn 0 0 -1
vn 0 0 -1
vn -0.9662348520491406 0 -0.25766297888050443
vn -0.9662348520491406 0 -0.25766297888050443
vn -0.9662348520491406 0 -0.25766297888050443
vn -0.9662348520491406 0 -0.25766297888050443
vn -0.9662348520491406 0 -0.25766297888050443
vn -0.9662348520491406 0 -0.25766297888050443
vn -0.9662348520491406 0 -0.25766297888050443
vn -0.9662348520491406 0 -0.25766297888050443
vn -0.9662348520491406 0 -0.25766297888050443
vn -0.9662348520491406 0 -0.25766297888050443
vn -0.9662348520491406 0 -0.25766297888050443
vn -0.9662348520491406 0 -0.25766297888050443
vn 0 0 -1
vn 0 0 -1
vn 0 0 -1
vn 0 0 -1
vn 0 0 -1
vn 0 0 -1
vn -0.9662348520491406 0 -0.25766297888050443
vn -0.9662348520491406 0 -0.25766297888050443
vn -0.9662348520491406 0 -0.25766297888050443
vn -0.9662348520491406 0 -0.25766297888050443
vn -0.9662348520491406 0 -0.25766297888050443
vn -0.9662348520491406 0 -0.25766297888050443
vn 0 0 -1
vn 0 0 -1
vn 0 0 -1
vn 0 0 -1
vn 0 0 -1
vn 0 0 -1
vn -0.9662348520491406 0 -0.25766297888050443
vn -0.9662348520491406 0 -0.25766297888050443
vn -0.9662348520491406 0 -0.25766297888050443
vn -0.9662348520491406 0 -0.25766297888050443
vn -0.9662348520491406 0 -0.25766297888050443
vn -0.9662348520491406 0 -0.25766297888050443
vn 0 0 -1
vn 0 0 -1
vn 0 0 -1
vn 0 0 -1
vn 0 0 -1
vn 0 0 -1
vn -0.9662348520491406 0 -0.25766297888050443
vn -0.9662348520491406 0 -0.25766297888050443
vn -0.9662348520491406 0 -0.25766297888050443
vn -0.9662348520491406 0 -0.25766297888050443
vn -0.9662348520491406 0 -0.25766297888050443
vn -0.9662348520491406 0 -0.25766297888050443
vn 0 0 -1
vn 0 0 -1
vn 0 0 -1
vn 0 0 -1
vn 0 0 -1
vn 0 0 -1
vn -0.9662348520491406 0 -0.25766297888050443
vn -0.9662348520491406 0 -0.25766297888050443
vn -0.9662348520491406 0 -0.25766297888050443
vn -0.9662348520491406 0 -0.25766297888050443
vn -0.9662348520491406 0 -0.25766297888050443
vn -0.9662348520491406 0 -0.25766297888050443
vn 0 0 -1
vn 0 0 -1
vn 0 0 -1
vn 0 0 -1
vn 0 0 -1
vn 0 0 -1
vn -0.9662348520491406 0 -0.25766297888050443
vn -0.9662348520491406 0 -0.25766297888050443
vn -0.9662348520491406 0 -0.25766297888050443
vn -0.9662348520491406 0 -0.25766297888050443
vn -0.9662348520491406 0 -0.25766297888050443
vn -0.9662348520491406 0 -0.25766297888050443
vn 0 0 -1
vn 0 0 -1
vn 0 0 -1
vn 0 0 -1
vn 0 0 -1
vn 0 0 -1
vn -0.9662348520491406 0 -0.25766297888050443
vn -0.9662348520491406 0 -0.25766297888050443
vn -0.9662348520491406 0 -0.25766297888050443
vn -0.9662348520491406 0 -0.25766297888050443
vn -0.9662348520491406 0 -0.25766297888050443
vn -0.9662348520491406 0 -0.25766297888050443
vn -0.9662348520491406 0 -0.25766297888050443
vn -0.9662348520491406 0 -0.25766297888050443
vn -0.9662348520491406 0 -0.25766297888050443
vn 0 0 -1
vn 0 0 -1
vn 0 0 -1
vn 0 0 -1
vn 0 0 -1
vn 0 0 -1
vn -0.9662348520491406 0 -0.25766297888050443
vn -0.9662348520491406 0 -0.25766297888050443
vn -0.9662348520491406 0 -0.25766297888050443
vn -0.9662348520491406 0 -0.25766297888050443
vn -0.9662348520491406 0 -0.25766297888050443
vn -0.9662348520491406 0 -0.25766297888050443
vn 0 1 0
vn 0 1 0
vn 0 1 0
vn 0 1 0
vn 0 1 0
vn 0 1 0
vn 0 1 0
vn 0 1 0
vn 0 1 0
vn 0 1 0
vn 0 1 0
vn 0 1 0
vn 0 1 0
vn 0 1 0
vn 0 1 0
vn 0 1 0
vn 0 1 0
vn 0 1 0
vn 0 1 0
vn 0 1 0
vn 0 1 0
vn 0 1 0
vn 0 1 0
vn 0 1 0
vn 0 1 0
vn 0 1 0
vn 0 1 0
vn 0 1 0
vn 0 1 0
vn 0 1 0
vn 0 1 0
vn 0 1 0
vn 0 1 0
vn 0 1 0
vn 0 1 0
vn 0 1 0
vn 0 1 0
vn 0 1 0
vn 0 1 0
vn 0 1 0
vn 0 1 0
vn 0 1 0
vn 0 1 0
vn 0 1 0
vn 0 1 0
vn 0 1 0
vn 0 1 0
vn 0 1 0
vn 0 1 0
vn 0 1 0
vn 0 1 0
vn 0 1 0
vn 0 1 0
vn 0 1 0
vn 0 1 0
vn 0 1 0
vn 0 1 0
vn 0 1 0
vn 0 1 0
vn 0 1 0
vn 0 1 0
vn 0 1 0
vn 0 1 0
vn 0 1 0
vn 0 1 0
vn 0 1 0
vn 0 1 0
vn 0 1 0
vn 0 1 0
vn 0 1 0
vn 0 1 0
vn 0 1 0
vn 0 1 0
vn 0 1 0
vn 0 1 0
vn 0 0 -1
vn 0 0 -1
vn 0 0 -1
vn 0 0 -1
vn 0 0 -1
vn 0 0 -1
vn 0.9701424440468155 0 -0.2425358494302879
vn 0.9701424440468155 0 -0.2425358494302879
vn 0.9701424440468155 0 -0.2425358494302879
vn 0.9701424440468155 0 -0.2425358494302879
vn 0.9701424440468155 0 -0.2425358494302879
vn 0.9701424440468155 0 -0.2425358494302879
vn 0.9662348520491406 0 -0.25766297888050443
vn 0.9662348520491406 0 -0.25766297888050443
vn 0.9662348520491406 0 -0.25766297888050443
vn 0.9662348520491406 0 -0.25766297888050443
vn 0.9662348520491406 0 -0.25766297888050443
vn 0.9662348520491406 0 -0.25766297888050443
vn 0.9662348520491406 0 -0.25766297888050443
vn 0.9662348520491406 0 -0.25766297888050443
vn 0.9662348520491406 0 -0.25766297888050443
vn 0.9662348520491406 0 -0.25766297888050443
vn 0.9662348520491406 0 -0.25766297888050443
vn 0.9662348520491406 0 -0.25766297888050443
vn 0.9662348520491406 0 -0.25766297888050443
vn 0.9662348520491406 0 -0.25766297888050443
vn 0.9662348520491406 0 -0.25766297888050443
vn 0.9662348520491406 0 -0.25766297888050443
vn 0.9662348520491406 0 -0.25766297888050443
vn 0.9662348520491406 0 -0.25766297888050443
vn 0.9662348520491406 0 -0.25766297888050443
vn 0.9662348520491406 0 -0.25766297888050443
vn 0.9662348520491406 0 -0.25766297888050443
vn 0.9662348520491406 0 -0.25766297888050443
vn 0.9662348520491406 0 -0.25766297888050443
vn 0.9662348520491406 0 -0.25766297888050443
vn 0.9662348520491406 0 -0.25766297888050443
vn 0.9662348520491406 0 -0.25766297888050443
vn 0.9662348520491406 0 -0.25766297888050443
vn 0.9662348520491406 0 -0.25766297888050443
vn 0.9662348520491406 0 -0.25766297888050443
vn 0.9662348520491406 0 -0.25766297888050443
vn 0.9662348520491406 0 -0.25766297888050443
vn 0.9662348520491406 0 -0.25766297888050443
vn 0.9662348520491406 0 -0.25766297888050443
vn 0.9662348520491406 0 -0.25766297888050443
vn 0.9662348520491406 0 -0.25766297888050443
vn 0.9662348520491406 0 -0.25766297888050443
vn 0.9662348520491406 0 -0.25766297888050443
vn 0.9662348520491406 0 -0.25766297888050443
vn 0.9662348520491406 0 -0.25766297888050443
vn 0.9662348520491406 0 -0.25766297888050443
vn 0.9662348520491406 0 -0.25766297888050443
vn 0.9662348520491406 0 -0.25766297888050443
vn 0.9662348520491406 0 -0.25766297888050443
vn 0.9662348520491406 0 -0.25766297888050443
vn 0.9662348520491406 0 -0.25766297888050443
vn 0 0 -1
vn 0 0 -1
vn 0 0 -1
vn 0 0 -1
vn 0 0 -1
vn 0 0 -1
vn 0 0 -1
vn 0 0 -1
vn 0 0 -1
vn 0 0 -1
vn 0 0 -1
vn 0 0 -1
vn 0 0 -1
vn 0 0 -1
vn 0 0 -1
vn 0 0 -1
vn 0 0 -1
vn 0 0 -1
vn 0 0 -1
vn 0 0 -1
vn 0 0 -1
vn 0 0 -1
vn 0 0 -1
vn 0 0 -1
vn 0 0 -1
vn 0 0 -1
vn 0 0 -1
vn 0 0 -1
vn 0 0 -1
vn 0 0 -1
vn 0 0 -1
vn 0 0 -1
vn 0 0 -1
vn 0 0 -1
vn 0 0 -1
vn 0 0 -1
vn 0 0 -1
vn 0 0 -1
vn 0 0 -1
vn 0 0 -1
vn 0 0 -1
vn 0 0 -1
vn 0 1 0
vn 0 1 0
vn 0 1 0
vn 0.9662348520491406 0 -0.25766297888050443
vn 0.9662348520491406 0 -0.25766297888050443
vn 0.9662348520491406 0 -0.25766297888050443
vn 0.9662348520491406 0 -0.25766297888050443
vn 0.9662348520491406 0 -0.25766297888050443
vn 0.9662348520491406 0 -0.25766297888050443
vn 0 0.948683196722576 -0.3162280700004892
vn 0 0.948683196722576 -0.3162280700004892
vn 0 0.948683196722576 -0.3162280700004892
vn 0 0.948683196722576 -0.3162280700004892
vn 0 0.948683196722576 -0.3162280700004892
vn 0 0.948683196722576 -0.3162280700004892
vn 0 0.948683196722576 -0.3162280700004892
vn 0 0.948683196722576 -0.3162280700004892
vn 0 0.948683196722576 -0.3162280700004892
vn 0 0.948683196722576 -0.3162280700004892
vn 0 0.948683196722576 -0.3162280700004892
vn 0 0.948683196722576 -0.3162280700004892
vn 0 0.948683196722576 -0.3162280700004892
vn 0 0.948683196722576 -0.3162280700004892
vn 0 0.948683196722576 -0.3162280700004892
vn 0 0.948683196722576 -0.3162280700004892
vn 0 0.948683196722576 -0.3162280700004892
vn 0 0.948683196722576 -0.3162280700004892
vn 0 0 1
vn 0 0 1
vn 0 0 1
vn 0 0 1
vn 0 0 1
vn 0 0 1
vn 0 0 1
vn 0 0 1
vn 0 0 1
vn 0 0 1
vn 0 0 1
vn 0 0 1
vn 0 0 1
vn 0 0 1
vn 0 0 1
vn 0 0 1
vn 0 0 1
vn 0 0 1
vn 0 0.948683196722576 0.3162280700004892
vn 0 0.948683196722576 0.3162280700004892
vn 0 0.948683196722576 0.3162280700004892
vn 0 0.948683196722576 0.3162280700004892
vn 0 0.948683196722576 0.3162280700004892
vn 0 0.948683196722576 0.3162280700004892
vn 0 0.948683196722576 0.3162280700004892
vn 0 0.948683196722576 0.3162280700004892
vn 0 0.948683196722576 0.3162280700004892
vn 0 0.948683196722576 0.3162280700004892
vn 0 0.948683196722576 0.3162280700004892
vn 0 0.948683196722576 0.3162280700004892
vn 0 0.948683196722576 0.3162280700004892
vn 0 0.948683196722576 0.3162280700004892
vn 0 0.948683196722576 0.3162280700004892
vn 0 0.948683196722576 0.3162280700004892
vn 0 0.948683196722576 0.3162280700004892
vn 0 0.948683196722576 0.3162280700004892
vn 0 0 -1
vn 0 0 -1
vn 0 0 -1
vn 0 0 -1
vn 0 0 -1
vn 0 0 -1
vn 0 -0.309086011688402 0.9510340884419217
vn 0 -0.309086011688402 0.9510340884419217
vn 0 -0.309086011688402 0.9510340884419217
f 1/1/1 2/2/2 3/3/3
f 4/4/4 5/5/5 6/6/6
f 7/7/7 8/8/8 9/9/9
f 10/10/10 11/11/11 12/12/12
f 13/13/13 14/14/14 15/15/15
f 16/16/16 17/17/17 18/18/18
f 19/19/19 20/20/20 21/21/21
f 22/22/22 23/23/23 24/24/24
f 25/25/25 26/26/26 27/27/27
f 28/28/28 29/29/29 30/30/30
f 31/31/31 32/32/32 33/33/33
f 34/34/34 35/35/35 36/36/36
f 37/37/37 38/38/38 39/39/39
f 40/40/40 41/41/41 42/42/42
f 43/43/43 44/44/44 45/45/45
f 46/46/46 47/47/47 48/48/48
f 49/49/49 50/50/50 51/51/51
f 52/52/52 53/53/53 54/54/54
f 55/55/55 56/56/56 57/57/57
f 58/58/58 59/59/59 60/60/60
f 61/61/61 62/62/62 63/63/63
f 64/64/64 65/65/65 66/66/66
f 67/67/67 68/68/68 69/69/69
f 70/70/70 71/71/71 72/72/72
f 73/73/73 74/74/74 75/75/75
f 76/76/76 77/77/77 78/78/78
f 79/79/79 80/80/80 81/81/81
f 82/82/82 83/83/83 84/84/84
f 85/85/85 86/86/86 87/87/87
f 88/88/88 89/89/89 90/90/90
f 91/91/91 92/92/92 93/93/93
f 94/94/94 95/95/95 96/96/96
f 97/97/97 98/98/98 99/99/99
f 100/100/100 101/101/101 102/102/102
f 103/103/103 104/104/104 105/105/105
f 106/106/106 107/107/107 108/108/108
f 109/109/109 110/110/110 111/111/111
f 112/112/112 113/113/113 114/114/114
f 115/115/115 116/116/116 117/117/117
f 118/118/118 119/119/119 120/120/120
f 121/121/121 122/122/122 123/123/123
f 124/124/124 125/125/125 126/126/126
f 127/127/127 128/128/128 129/129/129
f 130/130/130 131/131/131 132/132/132
f 133/133/133 134/134/134 135/135/135
f 136/136/136 137/137/137 138/138/138
f 139/139/139 140/140/140 141/141/141
f 142/142/142 143/143/143 144/144/144
f 145/145/145 146/146/146 147/147/147
f 148/148/148 149/149/149 150/150/150
f 151/151/151 152/152/152 153/153/153
f 154/154/154 155/155/155 156/156/156
f 157/157/157 158/158/158 159/159/159
f 160/160/160 161/161/161 162/162/162
f 163/163/163 164/164/164 165/165/165
f 166/166/166 167/167/167 168/168/168
f 169/169/169 170/170/170 171/171/171
f 172/172/172 173/173/173 174/174/174
f 175/175/175 176/176/176 177/177/177
f 178/178/178 179/179/179 180/180/180
f 181/181/181 182/182/182 183/183/183
f 184/184/184 185/185/185 186/186/186
f 187/187/187 188/188/188 189/189/189
f 190/190/190 191/191/191 192/192/192
f 193/193/193 194/194/194 195/195/195
f 196/196/196 197/197/197 198/198/198
f 199/199/199 200/200/200 201/201/201
f 202/202/202 203/203/203 204/204/204
f 205/205/205 206/206/206 207/207/207
f 208/208/208 209/209/209 210/210/210
f 211/211/211 212/212/212 213/213/213
f 214/214/214 215/215/215 216/216/216
f 217/217/217 218/218/218 219/219/219
f 220/220/220 221/221/221 222/222/222
f 223/223/223 224/224/224 225/225/225
f 226/226/226 227/227/227 228/228/228
f 229/229/229 230/230/230 231/231/231
f 232/232/232 233/233/233 234/234/234
f 235/235/235 236/236/236 237/237/237
f 238/238/238 239/239/239 240/240/240
f 241/241/241 242/242/242 243/243/243
f 244/244/244 245/245/245 246/246/246
f 247/247/247 248/248/248 249/249/249
f 250/250/250 251/251/251 252/252/252
f 253/253/253 254/254/254 255/255/255
f 256/256/256 257/257/257 258/258/258
f 259/259/259 260/260/260 261/261/261
f 262/262/262 263/263/263 264/264/264
f 265/265/265 266/266/266 267/267/267
f 268/268/268 269/269/269 270/270/270
f 271/271/271 272/272/272 273/273/273
f 274/274/274 275/275/275 276/276/276
f 277/277/277 278/278/278 279/279/279
f 280/280/280 281/281/281 282/282/282
f 283/283/283 284/284/284 285/285/285
f 286/286/286 287/287/287 288/288/288
f 289/289/289 290/290/290 291/291/291
f 292/292/292 293/293/293 294/294/294
f 295/295/295 296/296/296 297/297/297
f 298/298/298 299/299/299 300/300/300
f 301/301/301 302/302/302 303/303/303
f 304/304/304 305/305/305 306/306/306
f 307/307/307 308/308/308 309/309/309
f 310/310/310 311/311/311 312/312/312
f 313/313/313 314/314/314 315/315/315
f 316/316/316 317/317/317 318/318/318
f 319/319/319 320/320/320 321/321/321
f 322/322/322 323/323/323 324/324/324
f 325/325/325 326/326/326 327/327/327
f 328/328/328 329/329/329 330/330/330
f 331/331/331 332/332/332 333/333/333
f 334/334/334 335/335/335 336/336/336
f 337/337/337 338/338/338 339/339/339
f 340/340/340 341/341/341 342/342/342
f 343/343/343 344/344/344 345/345/345
f 346/346/346 347/347/347 348/348/348
f 349/349/349 350/350/350 351/351/351
f 352/352/352 353/353/353 354/354/354
f 355/355/355 356/356/356 357/357/357
f 358/358/358 359/359/359 360/360/360
f 361/361/361 362/362/362 363/363/363
f 364/364/364 365/365/365 366/366/366
f 367/367/367 368/368/368 369/369/369
f 370/370/370 371/371/371 372/372/372
f 373/373/373 374/374/374 375/375/375
f 376/376/376 377/377/377 378/378/378
f 379/379/379 380/380/380 381/381/381
f 382/382/382 383/383/383 384/384/384
f 385/385/385 386/386/386 387/387/387
f 388/388/388 389/389/389 390/390/390
f 391/391/391 392/392/392 393/393/393
f 394/394/394 395/395/395 396/396/396
f 397/397/397 398/398/398 399/399/399
f 400/400/400 401/401/401 402/402/402
f 403/403/403 404/404/404 405/405/405
f 406/406/406 407/407/407 408/408/408
f 409/409/409 410/410/410 411/411/411
f 412/412/412 413/413/413 414/414/414
f 415/415/415 416/416/416 417/417/417
f 418/418/418 419/419/419 420/420/420
f 421/421/421 422/422/422 423/423/423
f 424/424/424 425/425/425 426/426/426
f 427/427/427 428/428/428 429/429/429
f 430/430/430 431/431/431 432/432/432
f 433/433/433 434/434/434 435/435/435
f 436/436/436 437/437/437 438/438/438
f 439/439/439 440/440/440 441/441/441
f 442/442/442 443/443/443 444/444/444
f 445/445/445 446/446/446 447/447/447
f 448/448/448 449/449/449 450/450/450
f 451/451/451 452/452/452 453/453/453
f 454/454/454 455/455/455 456/456/456
f 457/457/457 458/458/458 459/459/459
f 460/460/460 461/461/461 462/462/462
f 463/463/463 464/464/464 465/465/465
f 466/466/466 467/467/467 468/468/468
f 469/469/469 470/470/470 471/471/471
f 472/472/472 473/473/473 474/474/474
f 475/475/475 476/476/476 477/477/477
f 478/478/478 479/479/479 480/480/480
f 481/481/481 482/482/482 483/483/483
f 484/484/484 485/485/485 486/486/486
f 487/487/487 488/488/488 489/489/489
f 490/490/490 491/491/491 492/492/492
f 493/493/493 494/494/494 495/495/495
f 496/496/496 497/497/497 498/498/498
f 499/499/499 500/500/500 501/501/501
f 502/502/502 503/503/503 504/504/504
f 505/505/505 506/506/506 507/507/507
f 508/508/508 509/509/509 510/510/510
f 511/511/511 512/512/512 513/513/513
f 514/514/514 515/515/515 516/516/516
f 517/517/517 518/518/518 519/519/519
f 520/520/520 521/521/521 522/522/522
f 523/523/523 524/524/524 525/525/525
f 526/526/526 527/527/527 528/528/528
f 529/529/529 530/530/530 531/531/531
f 532/532/532 533/533/533 534/534/534
f 535/535/535 536/536/536 537/537/537
f 538/538/538 539/539/539 540/540/540
f 541/541/541 542/542/542 543/543/543
f 544/544/544 545/545/545 546/546/546
f 547/547/547 548/548/548 549/549/549
f 550/550/550 551/551/551 552/552/552
f 553/553/553 554/554/554 555/555/555
f 556/556/556 557/557/557 558/558/558
f 559/559/559 560/560/560 561/561/561
f 562/562/562 563/563/563 564/564/564
f 565/565/565 566/566/566 567/567/567
f 568/568/568 569/569/569 570/570/570
f 571/571/571 572/572/572 573/573/573
f 574/574/574 575/575/575 576/576/576
f 577/577/577 578/578/578 579/579/579
f 580/580/580 581/581/581 582/582/582
f 583/583/583 584/584/584 585/585/585
f 586/586/586 587/587/587 588/588/588
f 589/589/589 590/590/590 591/591/591
f 592/592/592 593/593/593 594/594/594
f 595/595/595 596/596/596 597/597/597
f 598/598/598 599/599/599 600/600/600
f 601/601/601 602/602/602 603/603/603
f 604/604/604 605/605/605 606/606/606
f 607/607/607 608/608/608 609/609/609
f 610/610/610 611/611/611 612/612/612
f 613/613/613 614/614/614 615/615/615
f 616/616/616 617/617/617 618/618/618
f 619/619/619 620/620/620 621/621/621
f 622/622/622 623/623/623 624/624/624
f 625/625/625 626/626/626 627/627/627
f 628/628/628 629/629/629 630/630/630
f 631/631/631 632/632/632 633/633/633
f 634/634/634 635/635/635 636/636/636
f 637/637/637 638/638/638 639/639/639
f 640/640/640 641/641/641 642/642/642
f 643/643/643 644/644/644 645/645/645
f 646/646/646 647/647/647 648/648/648
f 649/649/649 650/650/650 651/651/651
f 652/652/652 653/653/653 654/654/654
f 655/655/655 656/656/656 657/657/657
f 658/658/658 659/659/659 660/660/660
f 661/661/661 662/662/662 663/663/663
f 664/664/664 665/665/665 666/666/666
f 667/667/667 668/668/668 669/669/669
f 670/670/670 671/671/671 672/672/672
f 673/673/673 674/674/674 675/675/675
f 676/676/676 677/677/677 678/678/678
f 679/679/679 680/680/680 681/681/681
f 682/682/682 683/683/683 684/684/684
f 685/685/685 686/686/686 687/687/687
f 688/688/688 689/689/689 690/690/690
f 691/691/691 692/692/692 693/693/693
f 694/694/694 695/695/695 696/696/696
f 697/697/697 698/698/698 699/699/699
f 700/700/700 701/701/701 702/702/702
f 703/703/703 704/704/704 705/705/705
f 706/706/706 707/707/707 708/708/708
f 709/709/709 710/710/710 711/711/711
f 712/712/712 713/713/713 714/714/714
f 715/715/715 716/716/716 717/717/717
f 718/718/718 719/719/719 720/720/720
f 721/721/721 722/722/722 723/723/723
f 724/724/724 725/725/725 726/726/726
f 727/727/727 728/728/728 729/729/729
f 730/730/730 731/731/731 732/732/732
f 733/733/733 734/734/734 735/735/735
f 736/736/736 737/737/737 738/738/738
f 739/739/739 740/740/740 741/741/741
f 742/742/742 743/743/743 744/744/744
f 745/745/745 746/746/746 747/747/747
f 748/748/748 749/749/749 750/750/750
f 751/751/751 752/752/752 753/753/753
f 754/754/754 755/755/755 756/756/756
f 757/757/757 758/758/758 759/759/759
f 760/760/760 761/761/761 762/762/762
f 763/763/763 764/764/764 765/765/765
f 766/766/766 767/767/767 768/768/768
f 769/769/769 770/770/770 771/771/771
f 772/772/772 773/773/773 774/774/774
f 775/775/775 776/776/776 777/777/777
f 778/778/778 779/779/779 780/780/780
f 781/781/781 782/782/782 783/783/783
f 784/784/784 785/785/785 786/786/786
f 787/787/787 788/788/788 789/789/789
f 790/790/790 791/791/791 792/792/792
f 793/793/793 794/794/794 795/795/795
f 796/796/796 797/797/797 798/798/798
f 799/799/799 800/800/800 801/801/801
f 802/802/802 803/803/803 804/804/804
f 805/805/805 806/806/806 807/807/807
f 808/808/808 809/809/809 810/810/810
f 811/811/811 812/812/812 813/813/813
f 814/814/814 815/815/815 816/816/816
f 817/817/817 818/818/818 819/819/819
f 820/820/820 821/821/821 822/822/822
f 823/823/823 824/824/824 825/825/825
f 826/826/826 827/827/827 828/828/828
f 829/829/829 830/830/830 831/831/831
f 832/832/832 833/833/833 834/834/834
f 835/835/835 836/836/836 837/837/837
f 838/838/838 839/839/839 840/840/840
f 841/841/841 842/842/842 843/843/843
f 844/844/844 845/845/845 846/846/846
f 847/847/847 848/848/848 849/849/849
f 850/850/850 851/851/851 852/852/852
f 853/853/853 854/854/854 855/855/855
f 856/856/856 857/857/857 858/858/858
f 859/859/859 860/860/860 861/861/861
f 862/862/862 863/863/863 864/864/864
f 865/865/865 866/866/866 867/867/867
f 868/868/868 869/869/869 870/870/870
f 871/871/871 872/872/872 873/873/873
f 874/874/874 875/875/875 876/876/876
f 877/877/877 878/878/878 879/879/879
f 880/880/880 881/881/881 882/882/882
f 883/883/883 884/884/884 885/885/885
f 886/886/886 887/887/887 888/888/888
f 889/889/889 890/890/890 891/891/891
f 892/892/892 893/893/893 894/894/894
f 895/895/895 896/896/896 897/897/897
f 898/898/898 899/899/899 900/900/900
f 901/901/901 902/902/902 903/903/903
f 904/904/904 905/905/905 906/906/906
f 907/907/907 908/908/908 909/909/909
f 910/910/910 911/911/911 912/912/912
f 913/913/913 914/914/914 915/915/915
f 916/916/916 917/917/917 918/918/918
f 919/919/919 920/920/920 921/921/921
f 922/922/922 923/923/923 924/924/924
f 925/925/925 926/926/926 927/927/927
f 928/928/928 929/929/929 930/930/930
f 931/931/931 932/932/932 933/933/933
f 934/934/934 935/935/935 936/936/936
f 937/937/937 938/938/938 939/939/939
f 940/940/940 941/941/941 942/942/942
f 943/943/943 944/944/944 945/945/945
f 946/946/946 947/947/947 948/948/948
f 949/949/949 950/950/950 951/951/951
f 952/952/952 953/953/953 954/954/954
f 955/955/955 956/956/956 957/957/957
f 958/958/958 959/959/959 960/960/960
f 961/961/961 962/962/962 963/963/963
f 964/964/964 965/965/965 966/966/966
f 967/967/967 968/968/968 969/969/969
f 970/970/970 971/971/971 972/972/972
f 973/973/973 974/974/974 975/975/975
f 976/976/976 977/977/977 978/978/978
f 979/979/979 980/980/980 981/981/981
f 982/982/982 983/983/983 984/984/984
f 985/985/985 986/986/986 987/987/987
f 988/988/988 989/989/989 990/990/990
f 991/991/991 992/992/992 993/993/993
f 994/994/994 995/995/995 996/996/996
f 997/997/997 998/998/998 999/999/999
f 1000/1000/1000 1001/1001/1001 1002/1002/1002
f 1003/1003/1003 1004/1004/1004 1005/1005/1005
f 1006/1006/1006 1007/1007/1007 1008/1008/1008
f 1009/1009/1009 1010/1010/1010 1011/1011/1011
f 1012/1012/1012 1013/1013/1013 1014/1014/1014
f 1015/1015/1015 1016/1016/1016 1017/1017/1017
f 1018/1018/1018 1019/1019/1019 1020/1020/1020
f 1021/1021/1021 1022/1022/1022 1023/1023/1023
f 1024/1024/1024 1025/1025/1025 1026/1026/1026
f 1027/1027/1027 1028/1028/1028 1029/1029/1029
f 1030/1030/1030 1031/1031/1031 1032/1032/1032
f 1033/1033/1033 1034/1034/1034 1035/1035/1035
f 1036/1036/1036 1037/1037/1037 1038/1038/1038
f 1039/1039/1039 1040/1040/1040 1041/1041/1041
f 1042/1042/1042 1043/1043/1043 1044/1044/1044
f 1045/1045/1045 1046/1046/1046 1047/1047/1047
f 1048/1048/1048 1049/1049/1049 1050/1050/1050
f 1051/1051/1051 1052/1052/1052 1053/1053/1053
f 1054/1054/1054 1055/1055/1055 1056/1056/1056
f 1057/1057/1057 1058/1058/1058 1059/1059/1059
f 1060/1060/1060 1061/1061/1061 1062/1062/1062
f 1063/1063/1063 1064/1064/1064 1065/1065/1065
f 1066/1066/1066 1067/1067/1067 1068/1068/1068
f 1069/1069/1069 1070/1070/1070 1071/1071/1071
f 1072/1072/1072 1073/1073/1073 1074/1074/1074
f 1075/1075/1075 1076/1076/1076 1077/1077/1077
f 1078/1078/1078 1079/1079/1079 1080/1080/1080
f 1081/1081/1081 1082/1082/1082 1083/1083/1083
f 1084/1084/1084 1085/1085/1085 1086/1086/1086
f 1087/1087/1087 1088/1088/1088 1089/1089/1089
f 1090/1090/1090 1091/1091/1091 1092/1092/1092
f 1093/1093/1093 1094/1094/1094 1095/1095/1095
f 1096/1096/1096 1097/1097/1097 1098/1098/1098
f 1099/1099/1099 1100/1100/1100 1101/1101/1101
f 1102/1102/1102 1103/1103/1103 1104/1104/1104
f 1105/1105/1105 1106/1106/1106 1107/1107/1107
f 1108/1108/1108 1109/1109/1109 1110/1110/1110
f 1111/1111/1111 1112/1112/1112 1113/1113/1113
f 1114/1114/1114 1115/1115/1115 1116/1116/1116
f 1117/1117/1117 1118/1118/1118 1119/1119/1119
f 1120/1120/1120 1121/1121/1121 1122/1122/1122
f 1123/1123/1123 1124/1124/1124 1125/1125/1125
f 1126/1126/1126 1127/1127/1127 1128/1128/1128
f 1129/1129/1129 1130/1130/1130 1131/1131/1131
f 1132/1132/1132 1133/1133/1133 1134/1134/1134
f 1135/1135/1135 1136/1136/1136 1137/1137/1137
f 1138/1138/1138 1139/1139/1139 1140/1140/1140
f 1141/1141/1141 1142/1142/1142 1143/1143/1143
f 1144/1144/1144 1145/1145/1145 1146/1146/1146
f 1147/1147/1147 1148/1148/1148 1149/1149/1149
f 1150/1150/1150 1151/1151/1151 1152/1152/1152
f 1153/1153/1153 1154/1154/1154 1155/1155/1155
f 1156/1156/1156 1157/1157/1157 1158/1158/1158
f 1159/1159/1159 1160/1160/1160 1161/1161/1161
f 1162/1162/1162 1163/1163/1163 1164/1164/1164
f 1165/1165/1165 1166/1166/1166 1167/1167/1167
f 1168/1168/1168 1169/1169/1169 1170/1170/1170
f 1171/1171/1171 1172/1172/1172 1173/1173/1173
f 1174/1174/1174 1175/1175/1175 1176/1176/1176
f 1177/1177/1177 1178/1178/1178 1179/1179/1179
f 1180/1180/1180 1181/1181/1181 1182/1182/1182
f 1183/1183/1183 1184/1184/1184 1185/1185/1185
f 1186/1186/1186 1187/1187/1187 1188/1188/1188
f 1189/1189/1189 1190/1190/1190 1191/1191/1191
f 1192/1192/1192 1193/1193/1193 1194/1194/1194
f 1195/1195/1195 1196/1196/1196 1197/1197/1197
f 1198/1198/1198 1199/1199/1199 1200/1200/1200
f 1201/1201/1201 1202/1202/1202 1203/1203/1203
f 1204/1204/1204 1205/1205/1205 1206/1206/1206
f 1207/1207/1207 1208/1208/1208 1209/1209/1209
f 1210/1210/1210 1211/1211/1211 1212/1212/1212
f 1213/1213/1213 1214/1214/1214 1215/1215/1215
f 1216/1216/1216 1217/1217/1217 1218/1218/1218
f 1219/1219/1219 1220/1220/1220 1221/1221/1221
f 1222/1222/1222 1223/1223/1223 1224/1224/1224
f 1225/1225/1225 1226/1226/1226 1227/1227/1227
f 1228/1228/1228 1229/1229/1229 1230/1230/1230
f 1231/1231/1231 1232/1232/1232 1233/1233/1233
f 1234/1234/1234 1235/1235/1235 1236/1236/1236
f 1237/1237/1237 1238/1238/1238 1239/1239/1239
f 1240/1240/1240 1241/1241/1241 1242/1242/1242
f 1243/1243/1243 1244/1244/1244 1245/1245/1245
f 1246/1246/1246 1247/1247/1247 1248/1248/1248
f 1249/1249/1249 1250/1250/1250 1251/1251/1251
f 1252/1252/1252 1253/1253/1253 1254/1254/1254
f 1255/1255/1255 1256/1256/1256 1257/1257/1257
f 1258/1258/1258 1259/1259/1259 1260/1260/1260
f 1261/1261/1261 1262/1262/1262 1263/1263/1263
f 1264/1264/1264 1265/1265/1265 1266/1266/1266
f 1267/1267/1267 1268/1268/1268 1269/1269/1269
f 1270/1270/1270 1271/1271/1271 1272/1272/1272
f 1273/1273/1273 1274/1274/1274 1275/1275/1275
f 1276/1276/1276 1277/1277/1277 1278/1278/1278
f 1279/1279/1279 1280/1280/1280 1281/1281/1281
f 1282/1282/1282 1283/1283/1283 1284/1284/1284
f 1285/1285/1285 1286/1286/1286 1287/1287/1287
f 1288/1288/1288 1289/1289/1289 1290/1290/1290
f 1291/1291/1291 1292/1292/1292 1293/1293/1293
f 1294/1294/1294 1295/1295/1295 1296/1296/1296
f 1297/1297/1297 1298/1298/1298 1299/1299/1299
f 1300/1300/1300 1301/1301/1301 1302/1302/1302
f 1303/1303/1303 1304/1304/1304 1305/1305/1305
f 1306/1306/1306 1307/1307/1307 1308/1308/1308
f 1309/1309/1309 1310/1310/1310 1311/1311/1311
f 1312/1312/1312 1313/1313/1313 1314/1314/1314
f 1315/1315/1315 1316/1316/1316 1317/1317/1317
f 1318/1318/1318 1319/1319/1319 1320/1320/1320
f 1321/1321/1321 1322/1322/1322 1323/1323/1323
f 1324/1324/1324 1325/1325/1325 1326/1326/1326
f 1327/1327/1327 1328/1328/1328 1329/1329/1329
f 1330/1330/1330 1331/1331/1331 1332/1332/1332
f 1333/1333/1333 1334/1334/1334 1335/1335/1335
f 1336/1336/1336 1337/1337/1337 1338/1338/1338
f 1339/1339/1339 1340/1340/1340 1341/1341/1341
f 1342/1342/1342 1343/1343/1343 1344/1344/1344
f 1345/1345/1345 1346/1346/1346 1347/1347/1347
f 1348/1348/1348 1349/1349/1349 1350/1350/1350
f 1351/1351/1351 1352/1352/1352 1353/1353/1353
f 1354/1354/1354 1355/1355/1355 1356/1356/1356
f 1357/1357/1357 1358/1358/1358 1359/1359/1359
f 1360/1360/1360 1361/1361/1361 1362/1362/1362
f 1363/1363/1363 1364/1364/1364 1365/1365/1365
f 1366/1366/1366 1367/1367/1367 1368/1368/1368
f 1369/1369/1369 1370/1370/1370 1371/1371/1371
f 1372/1372/1372 1373/1373/1373 1374/1374/1374
f 1375/1375/1375 1376/1376/1376 1377/1377/1377
f 1378/1378/1378 1379/1379/1379 1380/1380/1380
f 1381/1381/1381 1382/1382/1382 1383/1383/1383
f 1384/1384/1384 1385/1385/1385 1386/1386/1386
f 1387/1387/1387 1388/1388/1388 1389/1389/1389
f 1390/1390/1390 1391/1391/1391 1392/1392/1392
f 1393/1393/1393 1394/1394/1394 1395/1395/1395
f 1396/1396/1396 1397/1397/1397 1398/1398/1398
f 1399/1399/1399 1400/1400/1400 1401/1401/1401
f 1402/1402/1402 1403/1403/1403 1404/1404/1404
f 1405/1405/1405 1406/1406/1406 1407/1407/1407
f 1408/1408/1408 1409/1409/1409 1410/1410/1410
f 1411/1411/1411 1412/1412/1412 1413/1413/1413
f 1414/1414/1414 1415/1415/1415 1416/1416/1416
f 1417/1417/1417 1418/1418/1418 1419/1419/1419
f 1420/1420/1420 1421/1421/1421 1422/1422/1422
f 1423/1423/1423 1424/1424/1424 1425/1425/1425
f 1426/1426/1426 1427/1427/1427 1428/1428/1428
f 1429/1429/1429 1430/1430/1430 1431/1431/1431
f 1432/1432/1432 1433/1433/1433 1434/1434/1434
f 1435/1435/1435 1436/1436/1436 1437/1437/1437
f 1438/1438/1438 1439/1439/1439 1440/1440/1440
f 1441/1441/1441 1442/1442/1442 1443/1443/1443
f 1444/1444/1444 1445/1445/1445 1446/1446/1446
f 1447/1447/1447 1448/1448/1448 1449/1449/1449
f 1450/1450/1450 1451/1451/1451 1452/1452/1452
f 1453/1453/1453 1454/1454/1454 1455/1455/1455
f 1456/1456/1456 1457/1457/1457 1458/1458/1458
f 1459/1459/1459 1460/1460/1460 1461/1461/1461
f 1462/1462/1462 1463/1463/1463 1464/1464/1464
f 1465/1465/1465 1466/1466/1466 1467/1467/1467
f 1468/1468/1468 1469/1469/1469 1470/1470/1470
f 1471/1471/1471 1472/1472/1472 1473/1473/1473
f 1474/1474/1474 1475/1475/1475 1476/1476/1476
f 1477/1477/1477 1478/1478/1478 1479/1479/1479
f 1480/1480/1480 1481/1481/1481 1482/1482/1482
f 1483/1483/1483 1484/1484/1484 1485/1485/1485
f 1486/1486/1486 1487/1487/1487 1488/1488/1488
f 1489/1489/1489 1490/1490/1490 1491/1491/1491
f 1492/1492/1492 1493/1493/1493 1494/1494/1494
f 1495/1495/1495 1496/1496/1496 1497/1497/1497
f 1498/1498/1498 1499/1499/1499 1500/1500/1500
f 1501/1501/1501 1502/1502/1502 1503/1503/1503
f 1504/1504/1504 1505/1505/1505 1506/1506/1506
f 1507/1507/1507 1508/1508/1508 1509/1509/1509
f 1510/1510/1510 1511/1511/1511 1512/1512/1512
f 1513/1513/1513 1514/1514/1514 1515/1515/1515
f 1516/1516/1516 1517/1517/1517 1518/1518/1518
f 1519/1519/1519 1520/1520/1520 1521/1521/1521
f 1522/1522/1522 1523/1523/1523 1524/1524/1524
f 1525/1525/1525 1526/1526/1526 1527/1527/1527
f 1528/1528/1528 1529/1529/1529 1530/1530/1530
f 1531/1531/1531 1532/1532/1532 1533/1533/1533
f 1534/1534/1534 1535/1535/1535 1536/1536/1536
f 1537/1537/1537 1538/1538/1538 1539/1539/1539
f 1540/1540/1540 1541/1541/1541 1542/1542/1542
f 1543/1543/1543 1544/1544/1544 1545/1545/1545
f 1546/1546/1546 1547/1547/1547 1548/1548/1548
f 1549/1549/1549 1550/1550/1550 1551/1551/1551
f 1552/1552/1552 1553/1553/1553 1554/1554/1554
f 1555/1555/1555 1556/1556/1556 1557/1557/1557
f 1558/1558/1558 1559/1559/1559 1560/1560/1560
f 1561/1561/1561 1562/1562/1562 1563/1563/1563
f 1564/1564/1564 1565/1565/1565 1566/1566/1566
f 1567/1567/1567 1568/1568/1568 1569/1569/1569
f 1570/1570/1570 1571/1571/1571 1572/1572/1572
f 1573/1573/1573 1574/1574/1574 1575/1575/1575
f 1576/1576/1576 1577/1577/1577 1578/1578/1578
f 1579/1579/1579 1580/1580/1580 1581/1581/1581
f 1582/1582/1582 1583/1583/1583 1584/1584/1584
f 1585/1585/1585 1586/1586/1586 1587/1587/1587
f 1588/1588/1588 1589/1589/1589 1590/1590/1590
f 1591/1591/1591 1592/1592/1592 1593/1593/1593
f 1594/1594/1594 1595/1595/1595 1596/1596/1596
f 1597/1597/1597 1598/1598/1598 1599/1599/1599
f 1600/1600/1600 1601/1601/1601 1602/1602/1602
f 1603/1603/1603 1604/1604/1604 1605/1605/1605
f 1606/1606/1606 1607/1607/1607 1608/1608/1608
f 1609/1609/1609 1610/1610/1610 1611/1611/1611
f 1612/1612/1612 1613/1613/1613 1614/1614/1614
f 1615/1615/1615 1616/1616/1616 1617/1617/1617
f 1618/1618/1618 1619/1619/1619 1620/1620/1620
f 1621/1621/1621 1622/1622/1622 1623/1623/1623
f 1624/1624/1624 1625/1625/1625 1626/1626/1626
f 1627/1627/1627 1628/1628/1628 1629/1629/1629
f 1630/1630/1630 1631/1631/1631 1632/1632/1632
f 1633/1633/1633 1634/1634/1634 1635/1635/1635
f 1636/1636/1636 1637/1637/1637 1638/1638/1638
f 1639/1639/1639 1640/1640/1640 1641/1641/1641
f 1642/1642/1642 1643/1643/1643 1644/1644/1644
f 1645/1645/1645 1646/1646/1646 1647/1647/1647
f 1648/1648/1648 1649/1649/1649 1650/1650/1650
f 1651/1651/1651 1652/1652/1652 1653/1653/1653
f 1654/1654/1654 1655/1655/1655 1656/1656/1656
f 1657/1657/1657 1658/1658/1658 1659/1659/1659
f 1660/1660/1660 1661/1661/1661 1662/1662/1662
f 1663/1663/1663 1664/1664/1664 1665/1665/1665
f 1666/1666/1666 1667/1667/1667 1668/1668/1668
f 1669/1669/1669 1670/1670/1670 1671/1671/1671
f 1672/1672/1672 1673/1673/1673 1674/1674/1674
f 1675/1675/1675 1676/1676/1676 1677/1677/1677
f 1678/1678/1678 1679/1679/1679 1680/1680/1680
f 1681/1681/1681 1682/1682/1682 1683/1683/1683
f 1684/1684/1684 1685/1685/1685 1686/1686/1686
f 1687/1687/1687 1688/1688/1688 1689/1689/1689
f 1690/1690/1690 1691/1691/1691 1692/1692/1692
f 1693/1693/1693 1694/1694/1694 1695/1695/1695
f 1696/1696/1696 1697/1697/1697 1698/1698/1698
f 1699/1699/1699 1700/1700/1700 1701/1701/1701
f 1702/1702/1702 1703/1703/1703 1704/1704/1704
f 1705/1705/1705 1706/1706/1706 1707/1707/1707
f 1708/1708/1708 1709/1709/1709 1710/1710/1710
f 1711/1711/1711 1712/1712/1712 1713/1713/1713
f 1714/1714/1714 1715/1715/1715 1716/1716/1716
f 1717/1717/1717 1718/1718/1718 1719/1719/1719
f 1720/1720/1720 1721/1721/1721 1722/1722/1722
f 1723/1723/1723 1724/1724/1724 1725/1725/1725
f 1726/1726/1726 1727/1727/1727 1728/1728/1728
f 1729/1729/1729 1730/1730/1730 1731/1731/1731
f 1732/1732/1732 1733/1733/1733 1734/1734/1734
f 1735/1735/1735 1736/1736/1736 1737/1737/1737
f 1738/1738/1738 1739/1739/1739 1740/1740/1740
f 1741/1741/1741 1742/1742/1742 1743/1743/1743
f 1744/1744/1744 1745/1745/1745 1746/1746/1746
f 1747/1747/1747 1748/1748/1748 1749/1749/1749
f 1750/1750/1750 1751/1751/1751 1752/1752/1752
f 1753/1753/1753 1754/1754/1754 1755/1755/1755
f 1756/1756/1756 1757/1757/1757 1758/1758/1758
f 1759/1759/1759 1760/1760/1760 1761/1761/1761
f 1762/1762/1762 1763/1763/1763 1764/1764/1764
f 1765/1765/1765 1766/1766/1766 1767/1767/1767
f 1768/1768/1768 1769/1769/1769 1770/1770/1770
f 1771/1771/1771 1772/1772/1772 1773/1773/1773
f 1774/1774/1774 1775/1775/1775 1776/1776/1776
f 1777/1777/1777 1778/1778/1778 1779/1779/1779
f 1780/1780/1780 1781/1781/1781 1782/1782/1782
f 1783/1783/1783 1784/1784/1784 1785/1785/1785
f 1786/1786/1786 1787/1787/1787 1788/1788/1788
f 1789/1789/1789 1790/1790/1790 1791/1791/1791
f 1792/1792/1792 1793/1793/1793 1794/1794/1794
f 1795/1795/1795 1796/1796/1796 1797/1797/1797
f 1798/1798/1798 1799/1799/1799 1800/1800/1800
f 1801/1801/1801 1802/1802/1802 1803/1803/1803
f 1804/1804/1804 1805/1805/1805 1806/1806/1806
f 1807/1807/1807 1808/1808/1808 1809/1809/1809
f 1810/1810/1810 1811/1811/1811 1812/1812/1812
f 1813/1813/1813 1814/1814/1814 1815/1815/1815
f 1816/1816/1816 1817/1817/1817 1818/1818/1818
f 1819/1819/1819 1820/1820/1820 1821/1821/1821
f 1822/1822/1822 1823/1823/1823 1824/1824/1824
f 1825/1825/1825 1826/1826/1826 1827/1827/1827
f 1828/1828/1828 1829/1829/1829 1830/1830/1830
f 1831/1831/1831 1832/1832/1832 1833/1833/1833
f 1834/1834/1834 1835/1835/1835 1836/1836/1836
f 1837/1837/1837 1838/1838/1838 1839/1839/1839
f 1840/1840/1840 1841/1841/1841 1842/1842/1842
f 1843/1843/1843 1844/1844/1844 1845/1845/1845
f 1846/1846/1846 1847/1847/1847 1848/1848/1848
f 1849/1849/1849 1850/1850/1850 1851/1851/1851
f 1852/1852/1852 1853/1853/1853 1854/1854/1854
f 1855/1855/1855 1856/1856/1856 1857/1857/1857
f 1858/1858/1858 1859/1859/1859 1860/1860/1860
f 1861/1861/1861 1862/1862/1862 1863/1863/1863
f 1864/1864/1864 1865/1865/1865 1866/1866/1866
f 1867/1867/1867 1868/1868/1868 1869/1869/1869
f 1870/1870/1870 1871/1871/1871 1872/1872/1872
f 1873/1873/1873 1874/1874/1874 1875/1875/1875
f 1876/1876/1876 1877/1877/1877 1878/1878/1878
f 1879/1879/1879 1880/1880/1880 1881/1881/1881
f 1882/1882/1882 1883/1883/1883 1884/1884/1884
f 1885/1885/1885 1886/1886/1886 1887/1887/1887
f 1888/1888/1888 1889/1889/1889 1890/1890/1890
f 1891/1891/1891 1892/1892/1892 1893/1893/1893
f 1894/1894/1894 1895/1895/1895 1896/1896/1896
f 1897/1897/1897 1898/1898/1898 1899/1899/1899
f 1900/1900/1900 1901/1901/1901 1902/1902/1902
f 1903/1903/1903 1904/1904/1904 1905/1905/1905
f 1906/1906/1906 1907/1907/1907 1908/1908/1908
f 1909/1909/1909 1910/1910/1910 1911/1911/1911
f 1912/1912/1912 1913/1913/1913 1914/1914/1914
f 1915/1915/1915 1916/1916/1916 1917/1917/1917
f 1918/1918/1918 1919/1919/1919 1920/1920/1920
f 1921/1921/1921 1922/1922/1922 1923/1923/1923
f 1924/1924/1924 1925/1925/1925 1926/1926/1926
f 1927/1927/1927 1928/1928/1928 1929/1929/1929
f 1930/1930/1930 1931/1931/1931 1932/1932/1932
f 1933/1933/1933 1934/1934/1934 1935/1935/1935
f 1936/1936/1936 1937/1937/1937 1938/1938/1938
f 1939/1939/1939 1940/1940/1940 1941/1941/1941
f 1942/1942/1942 1943/1943/1943 1944/1944/1944
f 1945/1945/1945 1946/1946/1946 1947/1947/1947
f 1948/1948/1948 1949/1949/1949 1950/1950/1950
f 1951/1951/1951 1952/1952/1952 1953/1953/1953
f 1954/1954/1954 1955/1955/1955 1956/1956/1956
f 1957/1957/1957 1958/1958/1958 1959/1959/1959
f 1960/1960/1960 1961/1961/1961 1962/1962/1962
f 1963/1963/1963 1964/1964/1964 1965/1965/1965
f 1966/1966/1966 1967/1967/1967 1968/1968/1968
f 1969/1969/1969 1970/1970/1970 1971/1971/1971
f 1972/1972/1972 1973/1973/1973 1974/1974/1974
f 1975/1975/1975 1976/1976/1976 1977/1977/1977
f 1978/1978/1978 1979/1979/1979 1980/1980/1980
f 1981/1981/1981 1982/1982/1982 1983/1983/1983
f 1984/1984/1984 1985/1985/1985 1986/1986/1986
f 1987/1987/1987 1988/1988/1988 1989/1989/1989
f 1990/1990/1990 1991/1991/1991 1992/1992/1992
f 1993/1993/1993 1994/1994/1994 1995/1995/1995
f 1996/1996/1996 1997/1997/1997 1998/1998/1998
f 1999/1999/1999 2000/2000/2000 2001/2001/2001
f 2002/2002/2002 2003/2003/2003 2004/2004/2004
f 2005/2005/2005 2006/2006/2006 2007/2007/2007
f 2008/2008/2008 2009/2009/2009 2010/2010/2010
f 2011/2011/2011 2012/2012/2012 2013/2013/2013
f 2014/2014/2014 2015/2015/2015 2016/2016/2016
f 2017/2017/2017 2018/2018/2018 2019/2019/2019
f 2020/2020/2020 2021/2021/2021 2022/2022/2022
f 2023/2023/2023 2024/2024/2024 2025/2025/2025
f 2026/2026/2026 2027/2027/2027 2028/2028/2028
f 2029/2029/2029 2030/2030/2030 2031/2031/2031
f 2032/2032/2032 2033/2033/2033 2034/2034/2034
f 2035/2035/2035 2036/2036/2036 2037/2037/2037
f 2038/2038/2038 2039/2039/2039 2040/2040/2040
f 2041/2041/2041 2042/2042/2042 2043/2043/2043
f 2044/2044/2044 2045/2045/2045 2046/2046/2046
f 2047/2047/2047 2048/2048/2048 2049/2049/2049
f 2050/2050/2050 2051/2051/2051 2052/2052/2052
f 2053/2053/2053 2054/2054/2054 2055/2055/2055
f 2056/2056/2056 2057/2057/2057 2058/2058/2058
f 2059/2059/2059 2060/2060/2060 2061/2061/2061
f 2062/2062/2062 2063/2063/2063 2064/2064/2064
f 2065/2065/2065 2066/2066/2066 2067/2067/2067
f 2068/2068/2068 2069/2069/2069 2070/2070/2070
f 2071/2071/2071 2072/2072/2072 2073/2073/2073
f 2074/2074/2074 2075/2075/2075 2076/2076/2076
f 2077/2077/2077 2078/2078/2078 2079/2079/2079
f 2080/2080/2080 2081/2081/2081 2082/2082/2082
f 2083/2083/2083 2084/2084/2084 2085/2085/2085
f 2086/2086/2086 2087/2087/2087 2088/2088/2088
f 2089/2089/2089 2090/2090/2090 2091/2091/2091
f 2092/2092/2092 2093/2093/2093 2094/2094/2094
f 2095/2095/2095 2096/2096/2096 2097/2097/2097
f 2098/2098/2098 2099/2099/2099 2100/2100/2100
f 2101/2101/2101 2102/2102/2102 2103/2103/2103
f 2104/2104/2104 2105/2105/2105 2106/2106/2106
f 2107/2107/2107 2108/2108/2108 2109/2109/2109
f 2110/2110/2110 2111/2111/2111 2112/2112/2112
f 2113/2113/2113 2114/2114/2114 2115/2115/2115
f 2116/2116/2116 2117/2117/2117 2118/2118/2118
f 2119/2119/2119 2120/2120/2120 2121/2121/2121
f 2122/2122/2122 2123/2123/2123 2124/2124/2124
f 2125/2125/2125 2126/2126/2126 2127/2127/2127
f 2128/2128/2128 2129/2129/2129 2130/2130/2130
f 2131/2131/2131 2132/2132/2132 2133/2133/2133
f 2134/2134/2134 2135/2135/2135 2136/2136/2136
f 2137/2137/2137 2138/2138/2138 2139/2139/2139
f 2140/2140/2140 2141/2141/2141 2142/2142/2142
f 2143/2143/2143 2144/2144/2144 2145/2145/2145
f 2146/2146/2146 2147/2147/2147 2148/2148/2148
f 2149/2149/2149 2150/2150/2150 2151/2151/2151
f 2152/2152/2152 2153/2153/2153 2154/2154/2154
f 2155/2155/2155 2156/2156/2156 2157/2157/2157
f 2158/2158/2158 2159/2159/2159 2160/2160/2160
f 2161/2161/2161 2162/2162/2162 2163/2163/2163
f 2164/2164/2164 2165/2165/2165 2166/2166/2166
f 2167/2167/2167 2168/2168/2168 2169/2169/2169
f 2170/2170/2170 2171/2171/2171 2172/2172/2172
f 2173/2173/2173 2174/2174/2174 2175/2175/2175
f 2176/2176/2176 2177/2177/2177 2178/2178/2178
f 2179/2179/2179 2180/2180/2180 2181/2181/2181
f 2182/2182/2182 2183/2183/2183 2184/2184/2184
f 2185/2185/2185 2186/2186/2186 2187/2187/2187
f 2188/2188/2188 2189/2189/2189 2190/2190/2190
f 2191/2191/2191 2192/2192/2192 2193/2193/2193
f 2194/2194/2194 2195/2195/2195 2196/2196/2196
f 2197/2197/2197 2198/2198/2198 2199/2199/2199
f 2200/2200/2200 2201/2201/2201 2202/2202/2202
f 2203/2203/2203 2204/2204/2204 2205/2205/2205
f 2206/2206/2206 2207/2207/2207 2208/2208/2208
f 2209/2209/2209 2210/2210/2210 2211/2211/2211
f 2212/2212/2212 2213/2213/2213 2214/2214/2214
f 2215/2215/2215 2216/2216/2216 2217/2217/2217
f 2218/2218/2218 2219/2219/2219 2220/2220/2220
f 2221/2221/2221 2222/2222/2222 2223/2223/2223
f 2224/2224/2224 2225/2225/2225 2226/2226/2226
f 2227/2227/2227 2228/2228/2228 2229/2229/2229
f 2230/2230/2230 2231/2231/2231 2232/2232/2232
f 2233/2233/2233 2234/2234/2234 2235/2235/2235
f 2236/2236/2236 2237/2237/2237 2238/2238/2238
f 2239/2239/2239 2240/2240/2240 2241/2241/2241
f 2242/2242/2242 2243/2243/2243 2244/2244/2244
f 2245/2245/2245 2246/2246/2246 2247/2247/2247
f 2248/2248/2248 2249/2249/2249 2250/2250/2250
f 2251/2251/2251 2252/2252/2252 2253/2253/2253
f 2254/2254/2254 2255/2255/2255 2256/2256/2256
f 2257/2257/2257 2258/2258/2258 2259/2259/2259
f 2260/2260/2260 2261/2261/2261 2262/2262/2262
f 2263/2263/2263 2264/2264/2264 2265/2265/2265
f 2266/2266/2266 2267/2267/2267 2268/2268/2268
f 2269/2269/2269 2270/2270/2270 2271/2271/2271
f 2272/2272/2272 2273/2273/2273 2274/2274/2274
f 2275/2275/2275 2276/2276/2276 2277/2277/2277
f 2278/2278/2278 2279/2279/2279 2280/2280/2280
f 2281/2281/2281 2282/2282/2282 2283/2283/2283
f 2284/2284/2284 2285/2285/2285 2286/2286/2286
f 2287/2287/2287 2288/2288/2288 2289/2289/2289
f 2290/2290/2290 2291/2291/2291 2292/2292/2292
f 2293/2293/2293 2294/2294/2294 2295/2295/2295
f 2296/2296/2296 2297/2297/2297 2298/2298/2298
f 2299/2299/2299 2300/2300/2300 2301/2301/2301
f 2302/2302/2302 2303/2303/2303 2304/2304/2304
f 2305/2305/2305 2306/2306/2306 2307/2307/2307
f 2308/2308/2308 2309/2309/2309 2310/2310/2310
f 2311/2311/2311 2312/2312/2312 2313/2313/2313
f 2314/2314/2314 2315/2315/2315 2316/2316/2316
f 2317/2317/2317 2318/2318/2318 2319/2319/2319
f 2320/2320/2320 2321/2321/2321 2322/2322/2322
f 2323/2323/2323 2324/2324/2324 2325/2325/2325
f 2326/2326/2326 2327/2327/2327 2328/2328/2328
f 2329/2329/2329 2330/2330/2330 2331/2331/2331
f 2332/2332/2332 2333/2333/2333 2334/2334/2334
f 2335/2335/2335 2336/2336/2336 2337/2337/2337
f 2338/2338/2338 2339/2339/2339 2340/2340/2340
f 2341/2341/2341 2342/2342/2342 2343/2343/2343
f 2344/2344/2344 2345/2345/2345 2346/2346/2346
f 2347/2347/2347 2348/2348/2348 2349/2349/2349
f 2350/2350/2350 2351/2351/2351 2352/2352/2352
f 2353/2353/2353 2354/2354/2354 2355/2355/2355
f 2356/2356/2356 2357/2357/2357 2358/2358/2358
f 2359/2359/2359 2360/2360/2360 2361/2361/2361
f 2362/2362/2362 2363/2363/2363 2364/2364/2364
f 2365/2365/2365 2366/2366/2366 2367/2367/2367
f 2368/2368/2368 2369/2369/2369 2370/2370/2370
f 2371/2371/2371 2372/2372/2372 2373/2373/2373
f 2374/2374/2374 2375/2375/2375 2376/2376/2376
f 2377/2377/2377 2378/2378/2378 2379/2379/2379
f 2380/2380/2380 2381/2381/2381 2382/2382/2382
f 2383/2383/2383 2384/2384/2384 2385/2385/2385
f 2386/2386/2386 2387/2387/2387 2388/2388/2388
f 2389/2389/2389 2390/2390/2390 2391/2391/2391
f 2392/2392/2392 2393/2393/2393 2394/2394/2394
f 2395/2395/2395 2396/2396/2396 2397/2397/2397
f 2398/2398/2398 2399/2399/2399 2400/2400/2400
f 2401/2401/2401 2402/2402/2402 2403/2403/2403
f 2404/2404/2404 2405/2405/2405 2406/2406/2406
f 2407/2407/2407 2408/2408/2408 2409/2409/2409
f 2410/2410/2410 2411/2411/2411 2412/2412/2412
f 2413/2413/2413 2414/2414/2414 2415/2415/2415
f 2416/2416/2416 2417/2417/2417 2418/2418/2418
f 2419/2419/2419 2420/2420/2420 2421/2421/2421
f 2422/2422/2422 2423/2423/2423 2424/2424/2424
f 2425/2425/2425 2426/2426/2426 2427/2427/2427
f 2428/2428/2428 2429/2429/2429 2430/2430/2430
f 2431/2431/2431 2432/2432/2432 2433/2433/2433
f 2434/2434/2434 2435/2435/2435 2436/2436/2436
f 2437/2437/2437 2438/2438/2438 2439/2439/2439
f 2440/2440/2440 2441/2441/2441 2442/2442/2442
f 2443/2443/2443 2444/2444/2444 2445/2445/2445
f 2446/2446/2446 2447/2447/2447 2448/2448/2448
f 2449/2449/2449 2450/2450/2450 2451/2451/2451
f 2452/2452/2452 2453/2453/2453 2454/2454/2454
f 2455/2455/2455 2456/2456/2456 2457/2457/2457
f 2458/2458/2458 2459/2459/2459 2460/2460/2460
f 2461/2461/2461 2462/2462/2462 2463/2463/2463
f 2464/2464/2464 2465/2465/2465 2466/2466/2466
f 2467/2467/2467 2468/2468/2468 2469/2469/2469
f 2470/2470/2470 2471/2471/2471 2472/2472/2472
f 2473/2473/2473 2474/2474/2474 2475/2475/2475
f 2476/2476/2476 2477/2477/2477 2478/2478/2478
f 2479/2479/2479 2480/2480/2480 2481/2481/2481
f 2482/2482/2482 2483/2483/2483 2484/2484/2484
f 2485/2485/2485 2486/2486/2486 2487/2487/2487
f 2488/2488/2488 2489/2489/2489 2490/2490/2490
f 2491/2491/2491 2492/2492/2492 2493/2493/2493
f 2494/2494/2494 2495/2495/2495 2496/2496/2496
f 2497/2497/2497 2498/2498/2498 2499/2499/2499
f 2500/2500/2500 2501/2501/2501 2502/2502/2502
f 2503/2503/2503 2504/2504/2504 2505/2505/2505
f 2506/2506/2506 2507/2507/2507 2508/2508/2508
f 2509/2509/2509 2510/2510/2510 2511/2511/2511
f 2512/2512/2512 2513/2513/2513 2514/2514/2514
f 2515/2515/2515 2516/2516/2516 2517/2517/2517
f 2518/2518/2518 2519/2519/2519 2520/2520/2520
f 2521/2521/2521 2522/2522/2522 2523/2523/2523
f 2524/2524/2524 2525/2525/2525 2526/2526/2526
f 2527/2527/2527 2528/2528/2528 2529/2529/2529
f 2530/2530/2530 2531/2531/2531 2532/2532/2532
f 2533/2533/2533 2534/2534/2534 2535/2535/2535
f 2536/2536/2536 2537/2537/2537 2538/2538/2538
f 2539/2539/2539 2540/2540/2540 2541/2541/2541
f 2542/2542/2542 2543/2543/2543 2544/2544/2544
f 2545/2545/2545 2546/2546/2546 2547/2547/2547
f 2548/2548/2548 2549/2549/2549 2550/2550/2550
f 2551/2551/2551 2552/2552/2552 2553/2553/2553
f 2554/2554/2554 2555/2555/2555 2556/2556/2556
f 2557/2557/2557 2558/2558/2558 2559/2559/2559
f 2560/2560/2560 2561/2561/2561 2562/2562/2562
f 2563/2563/2563 2564/2564/2564 2565/2565/2565
f 2566/2566/2566 2567/2567/2567 2568/2568/2568
f 2569/2569/2569 2570/2570/2570 2571/2571/2571
f 2572/2572/2572 2573/2573/2573 2574/2574/2574
f 2575/2575/2575 2576/2576/2576 2577/2577/2577
f 2578/2578/2578 2579/2579/2579 2580/2580/2580
f 2581/2581/2581 2582/2582/2582 2583/2583/2583
f 2584/2584/2584 2585/2585/2585 2586/2586/2586
f 2587/2587/2587 2588/2588/2588 2589/2589/2589
f 2590/2590/2590 2591/2591/2591 2592/2592/2592
f 2593/2593/2593 2594/2594/2594 2595/2595/2595
f 2596/2596/2596 2597/2597/2597 2598/2598/2598
f 2599/2599/2599 2600/2600/2600 2601/2601/2601
f 2602/2602/2602 2603/2603/2603 2604/2604/2604
f 2605/2605/2605 2606/2606/2606 2607/2607/2607
f 2608/2608/2608 2609/2609/2609 2610/2610/2610
f 2611/2611/2611 2612/2612/2612 2613/2613/2613
f 2614/2614/2614 2615/2615/2615 2616/2616/2616
f 2617/2617/2617 2618/2618/2618 2619/2619/2619
f 2620/2620/2620 2621/2621/2621 2622/2622/2622
f 2623/2623/2623 2624/2624/2624 2625/2625/2625
f 2626/2626/2626 2627/2627/2627 2628/2628/2628
f 2629/2629/2629 2630/2630/2630 2631/2631/2631
f 2632/2632/2632 2633/2633/2633 2634/2634/2634
f 2635/2635/2635 2636/2636/2636 2637/2637/2637
f 2638/2638/2638 2639/2639/2639 2640/2640/2640
f 2641/2641/2641 2642/2642/2642 2643/2643/2643
f 2644/2644/2644 2645/2645/2645 2646/2646/2646
f 2647/2647/2647 2648/2648/2648 2649/2649/2649
f 2650/2650/2650 2651/2651/2651 2652/2652/2652
f 2653/2653/2653 2654/2654/2654 2655/2655/2655
f 2656/2656/2656 2657/2657/2657 2658/2658/2658
f 2659/2659/2659 2660/2660/2660 2661/2661/2661
f 2662/2662/2662 2663/2663/2663 2664/2664/2664
f 2665/2665/2665 2666/2666/2666 2667/2667/2667
f 2668/2668/2668 2669/2669/2669 2670/2670/2670
f 2671/2671/2671 2672/2672/2672 2673/2673/2673
f 2674/2674/2674 2675/2675/2675 2676/2676/2676
f 2677/2677/2677 2678/2678/2678 2679/2679/2679
f 2680/2680/2680 2681/2681/2681 2682/2682/2682
f 2683/2683/2683 2684/2684/2684 2685/2685/2685
f 2686/2686/2686 2687/2687/2687 2688/2688/2688
f 2689/2689/2689 2690/2690/2690 2691/2691/2691
f 2692/2692/2692 2693/2693/2693 2694/2694/2694
f 2695/2695/2695 2696/2696/2696 2697/2697/2697
f 2698/2698/2698 2699/2699/2699 2700/2700/2700
f 2701/2701/2701 2702/2702/2702 2703/2703/2703
f 2704/2704/2704 2705/2705/2705 2706/2706/2706
f 2707/2707/2707 2708/2708/2708 2709/2709/2709
f 2710/2710/2710 2711/2711/2711 2712/2712/2712
f 2713/2713/2713 2714/2714/2714 2715/2715/2715
f 2716/2716/2716 2717/2717/2717 2718/2718/2718
f 2719/2719/2719 2720/2720/2720 2721/2721/2721
f 2722/2722/2722 2723/2723/2723 2724/2724/2724
f 2725/2725/2725 2726/2726/2726 2727/2727/2727
f 2728/2728/2728 2729/2729/2729 2730/2730/2730
f 2731/2731/2731 2732/2732/2732 2733/2733/2733
f 2734/2734/2734 2735/2735/2735 2736/2736/2736
f 2737/2737/2737 2738/2738/2738 2739/2739/2739
f 2740/2740/2740 2741/2741/2741 2742/2742/2742
f 2743/2743/2743 2744/2744/2744 2745/2745/2745
f 2746/2746/2746 2747/2747/2747 2748/2748/2748
f 2749/2749/2749 2750/2750/2750 2751/2751/2751
f 2752/2752/2752 2753/2753/2753 2754/2754/2754
f 2755/2755/2755 2756/2756/2756 2757/2757/2757
f 2758/2758/2758 2759/2759/2759 2760/2760/2760
f 2761/2761/2761 2762/2762/2762 2763/2763/2763
f 2764/2764/2764 2765/2765/2765 2766/2766/2766
f 2767/2767/2767 2768/2768/2768 2769/2769/2769
f 2770/2770/2770 2771/2771/2771 2772/2772/2772
f 2773/2773/2773 2774/2774/2774 2775/2775/2775
f 2776/2776/2776 2777/2777/2777 2778/2778/2778
f 2779/2779/2779 2780/2780/2780 2781/2781/2781
f 2782/2782/2782 2783/2783/2783 2784/2784/2784
f 2785/2785/2785 2786/2786/2786 2787/2787/2787
f 2788/2788/2788 2789/2789/2789 2790/2790/2790
f 2791/2791/2791 2792/2792/2792 2793/2793/2793
f 2794/2794/2794 2795/2795/2795 2796/2796/2796
f 2797/2797/2797 2798/2798/2798 2799/2799/2799
f 2800/2800/2800 2801/2801/2801 2802/2802/2802
f 2803/2803/2803 2804/2804/2804 2805/2805/2805
f 2806/2806/2806 2807/2807/2807 2808/2808/2808
f 2809/2809/2809 2810/2810/2810 2811/2811/2811
f 2812/2812/2812 2813/2813/2813 2814/2814/2814
f 2815/2815/2815 2816/2816/2816 2817/2817/2817
f 2818/2818/2818 2819/2819/2819 2820/2820/2820
f 2821/2821/2821 2822/2822/2822 2823/2823/2823
f 2824/2824/2824 2825/2825/2825 2826/2826/2826
f 2827/2827/2827 2828/2828/2828 2829/2829/2829
f 2830/2830/2830 2831/2831/2831 2832/2832/2832
f 2833/2833/2833 2834/2834/2834 2835/2835/2835
f 2836/2836/2836 2837/2837/2837 2838/2838/2838
f 2839/2839/2839 2840/2840/2840 2841/2841/2841
f 2842/2842/2842 2843/2843/2843 2844/2844/2844
f 2845/2845/2845 2846/2846/2846 2847/2847/2847
f 2848/2848/2848 2849/2849/2849 2850/2850/2850
f 2851/2851/2851 2852/2852/2852 2853/2853/2853
f 2854/2854/2854 2855/2855/2855 2856/2856/2856
f 2857/2857/2857 2858/2858/2858 2859/2859/2859
f 2860/2860/2860 2861/2861/2861 2862/2862/2862
f 2863/2863/2863 2864/2864/2864 2865/2865/2865
f 2866/2866/2866 2867/2867/2867 2868/2868/2868
f 2869/2869/2869 2870/2870/2870 2871/2871/2871
f 2872/2872/2872 2873/2873/2873 2874/2874/2874
f 2875/2875/2875 2876/2876/2876 2877/2877/2877
f 2878/2878/2878 2879/2879/2879 2880/2880/2880
f 2881/2881/2881 2882/2882/2882 2883/2883/2883
f 2884/2884/2884 2885/2885/2885 2886/2886/2886
f 2887/2887/2887 2888/2888/2888 2889/2889/2889
f 2890/2890/2890 2891/2891/2891 2892/2892/2892
f 2893/2893/2893 2894/2894/2894 2895/2895/2895
f 2896/2896/2896 2897/2897/2897 2898/2898/2898
f 2899/2899/2899 2900/2900/2900 2901/2901/2901
f 2902/2902/2902 2903/2903/2903 2904/2904/2904
f 2905/2905/2905 2906/2906/2906 2907/2907/2907
f 2908/2908/2908 2909/2909/2909 2910/2910/2910
f 2911/2911/2911 2912/2912/2912 2913/2913/2913
f 2914/2914/2914 2915/2915/2915 2916/2916/2916
f 2917/2917/2917 2918/2918/2918 2919/2919/2919
f 2920/2920/2920 2921/2921/2921 2922/2922/2922
f 2923/2923/2923 2924/2924/2924 2925/2925/2925
f 2926/2926/2926 2927/2927/2927 2928/2928/2928
f 2929/2929/2929 2930/2930/2930 2931/2931/2931
f 2932/2932/2932 2933/2933/2933 2934/2934/2934
f 2935/2935/2935 2936/2936/2936 2937/2937/2937
f 2938/2938/2938 2939/2939/2939 2940/2940/2940
f 2941/2941/2941 2942/2942/2942 2943/2943/2943
f 2944/2944/2944 2945/2945/2945 2946/2946/2946
f 2947/2947/2947 2948/2948/2948 2949/2949/2949
f 2950/2950/2950 2951/2951/2951 2952/2952/2952
f 2953/2953/2953 2954/2954/2954 2955/2955/2955
f 2956/2956/2956 2957/2957/2957 2958/2958/2958
f 2959/2959/2959 2960/2960/2960 2961/2961/2961
f 2962/2962/2962 2963/2963/2963 2964/2964/2964
f 2965/2965/2965 2966/2966/2966 2967/2967/2967
f 2968/2968/2968 2969/2969/2969 2970/2970/2970
f 2971/2971/2971 2972/2972/2972 2973/2973/2973
f 2974/2974/2974 2975/2975/2975 2976/2976/2976
f 2977/2977/2977 2978/2978/2978 2979/2979/2979
f 2980/2980/2980 2981/2981/2981 2982/2982/2982
f 2983/2983/2983 2984/2984/2984 2985/2985/2985
f 2986/2986/2986 2987/2987/2987 2988/2988/2988
f 2989/2989/2989 2990/2990/2990 2991/2991/2991
f 2992/2992/2992 2993/2993/2993 2994/2994/2994
f 2995/2995/2995 2996/2996/2996 2997/2997/2997
f 2998/2998/2998 2999/2999/2999 3000/3000/3000
f 3001/3001/3001 3002/3002/3002 3003/3003/3003
f 3004/3004/3004 3005/3005/3005 3006/3006/3006
f 3007/3007/3007 3008/3008/3008 3009/3009/3009
f 3010/3010/3010 3011/3011/3011 3012/3012/3012
f 3013/3013/3013 3014/3014/3014 3015/3015/3015
f 3016/3016/3016 3017/3017/3017 3018/3018/3018
f 3019/3019/3019 3020/3020/3020 3021/3021/3021
f 3022/3022/3022 3023/3023/3023 3024/3024/3024
f 3025/3025/3025 3026/3026/3026 3027/3027/3027
f 3028/3028/3028 3029/3029/3029 3030/3030/3030
f 3031/3031/3031 3032/3032/3032 3033/3033/3033
f 3034/3034/3034 3035/3035/3035 3036/3036/3036
f 3037/3037/3037 3038/3038/3038 3039/3039/3039
f 3040/3040/3040 3041/3041/3041 3042/3042/3042
f 3043/3043/3043 3044/3044/3044 3045/3045/3045
f 3046/3046/3046 3047/3047/3047 3048/3048/3048
f 3049/3049/3049 3050/3050/3050 3051/3051/3051
f 3052/3052/3052 3053/3053/3053 3054/3054/3054
f 3055/3055/3055 3056/3056/3056 3057/3057/3057
f 3058/3058/3058 3059/3059/3059 3060/3060/3060
f 3061/3061/3061 3062/3062/3062 3063/3063/3063
f 3064/3064/3064 3065/3065/3065 3066/3066/3066
f 3067/3067/3067 3068/3068/3068 3069/3069/3069
f 3070/3070/3070 3071/3071/3071 3072/3072/3072
f 3073/3073/3073 3074/3074/3074 3075/3075/3075
f 3076/3076/3076 3077/3077/3077 3078/3078/3078
f 3079/3079/3079 3080/3080/3080 3081/3081/3081
f 3082/3082/3082 3083/3083/3083 3084/3084/3084
f 3085/3085/3085 3086/3086/3086 3087/3087/3087
f 3088/3088/3088 3089/3089/3089 3090/3090/3090
f 3091/3091/3091 3092/3092/3092 3093/3093/3093
f 3094/3094/3094 3095/3095/3095 3096/3096/3096
f 3097/3097/3097 3098/3098/3098 3099/3099/3099
f 3100/3100/3100 3101/3101/3101 3102/3102/3102
f 3103/3103/3103 3104/3104/3104 3105/3105/3105
f 3106/3106/3106 3107/3107/3107 3108/3108/3108
f 3109/3109/3109 3110/3110/3110 3111/3111/3111
f 3112/3112/3112 3113/3113/3113 3114/3114/3114
f 3115/3115/3115 3116/3116/3116 3117/3117/3117
f 3118/3118/3118 3119/3119/3119 3120/3120/3120
f 3121/3121/3121 3122/3122/3122 3123/3123/3123
f 3124/3124/3124 3125/3125/3125 3126/3126/3126
f 3127/3127/3127 3128/3128/3128 3129/3129/3129
f 3130/3130/3130 3131/3131/3131 3132/3132/3132
f 3133/3133/3133 3134/3134/3134 3135/3135/3135
f 3136/3136/3136 3137/3137/3137 3138/3138/3138
f 3139/3139/3139 3140/3140/3140 3141/3141/3141
f 3142/3142/3142 3143/3143/3143 3144/3144/3144
f 3145/3145/3145 3146/3146/3146 3147/3147/3147
f 3148/3148/3148 3149/3149/3149 3150/3150/3150
f 3151/3151/3151 3152/3152/3152 3153/3153/3153
f 3154/3154/3154 3155/3155/3155 3156/3156/3156
f 3157/3157/3157 3158/3158/3158 3159/3159/3159
f 3160/3160/3160 3161/3161/3161 3162/3162/3162
f 3163/3163/3163 3164/3164/3164 3165/3165/3165
f 3166/3166/3166 3167/3167/3167 3168/3168/3168
f 3169/3169/3169 3170/3170/3170 3171/3171/3171
f 3172/3172/3172 3173/3173/3173 3174/3174/3174
f 3175/3175/3175 3176/3176/3176 3177/3177/3177
f 3178/3178/3178 3179/3179/3179 3180/3180/3180
f 3181/3181/3181 3182/3182/3182 3183/3183/3183
f 3184/3184/3184 3185/3185/3185 3186/3186/3186
f 3187/3187/3187 3188/3188/3188 3189/3189/3189
f 3190/3190/3190 3191/3191/3191 3192/3192/3192
f 3193/3193/3193 3194/3194/3194 3195/3195/3195
f 3196/3196/3196 3197/3197/3197 3198/3198/3198
f 3199/3199/3199 3200/3200/3200 3201/3201/3201
f 3202/3202/3202 3203/3203/3203 3204/3204/3204
f 3205/3205/3205 3206/3206/3206 3207/3207/3207
f 3208/3208/3208 3209/3209/3209 3210/3210/3210
f 3211/3211/3211 3212/3212/3212 3213/3213/3213
f 3214/3214/3214 3215/3215/3215 3216/3216/3216
f 3217/3217/3217 3218/3218/3218 3219/3219/3219
f 3220/3220/3220 3221/3221/3221 3222/3222/3222
f 3223/3223/3223 3224/3224/3224 3225/3225/3225
f 3226/3226/3226 3227/3227/3227 3228/3228/3228
f 3229/3229/3229 3230/3230/3230 3231/3231/3231
f 3232/3232/3232 3233/3233/3233 3234/3234/3234
f 3235/3235/3235 3236/3236/3236 3237/3237/3237
f 3238/3238/3238 3239/3239/3239 3240/3240/3240
f 3241/3241/3241 3242/3242/3242 3243/3243/3243
f 3244/3244/3244 3245/3245/3245 3246/3246/3246
f 3247/3247/3247 3248/3248/3248 3249/3249/3249
f 3250/3250/3250 3251/3251/3251 3252/3252/3252
f 3253/3253/3253 3254/3254/3254 3255/3255/3255
f 3256/3256/3256 3257/3257/3257 3258/3258/3258
f 3259/3259/3259 3260/3260/3260 3261/3261/3261
f 3262/3262/3262 3263/3263/3263 3264/3264/3264
f 3265/3265/3265 3266/3266/3266 3267/3267/3267
f 3268/3268/3268 3269/3269/3269 3270/3270/3270
f 3271/3271/3271 3272/3272/3272 3273/3273/3273
f 3274/3274/3274 3275/3275/3275 3276/3276/3276
f 3277/3277/3277 3278/3278/3278 3279/3279/3279
f 3280/3280/3280 3281/3281/3281 3282/3282/3282
f 3283/3283/3283 3284/3284/3284 3285/3285/3285
f 3286/3286/3286 3287/3287/3287 3288/3288/3288
f 3289/3289/3289 3290/3290/3290 3291/3291/3291
f 3292/3292/3292 3293/3293/3293 3294/3294/3294
f 3295/3295/3295 3296/3296/3296 3297/3297/3297
f 3298/3298/3298 3299/3299/3299 3300/3300/3300
f 3301/3301/3301 3302/3302/3302 3303/3303/3303
f 3304/3304/3304 3305/3305/3305 3306/3306/3306
f 3307/3307/3307 3308/3308/3308 3309/3309/3309
f 3310/3310/3310 3311/3311/3311 3312/3312/3312
f 3313/3313/3313 3314/3314/3314 3315/3315/3315
f 3316/3316/3316 3317/3317/3317 3318/3318/3318
f 3319/3319/3319 3320/3320/3320 3321/3321/3321
f 3322/3322/3322 3323/3323/3323 3324/3324/3324
f 3325/3325/3325 3326/3326/3326 3327/3327/3327
f 3328/3328/3328 3329/3329/3329 3330/3330/3330
f 3331/3331/3331 3332/3332/3332 3333/3333/3333
f 3334/3334/3334 3335/3335/3335 3336/3336/3336
f 3337/3337/3337 3338/3338/3338 3339/3339/3339
f 3340/3340/3340 3341/3341/3341 3342/3342/3342
f 3343/3343/3343 3344/3344/3344 3345/3345/3345
f 3346/3346/3346 3347/3347/3347 3348/3348/3348
f 3349/3349/3349 3350/3350/3350 3351/3351/3351
f 3352/3352/3352 3353/3353/3353 3354/3354/3354
f 3355/3355/3355 3356/3356/3356 3357/3357/3357
f 3358/3358/3358 3359/3359/3359 3360/3360/3360
f 3361/3361/3361 3362/3362/3362 3363/3363/3363
f 3364/3364/3364 3365/3365/3365 3366/3366/3366
f 3367/3367/3367 3368/3368/3368 3369/3369/3369
f 3370/3370/3370 3371/3371/3371 3372/3372/3372
f 3373/3373/3373 3374/3374/3374 3375/3375/3375
f 3376/3376/3376 3377/3377/3377 3378/3378/3378
f 3379/3379/3379 3380/3380/3380 3381/3381/3381
f 3382/3382/3382 3383/3383/3383 3384/3384/3384
f 3385/3385/3385 3386/3386/3386 3387/3387/3387
f 3388/3388/3388 3389/3389/3389 3390/3390/3390
f 3391/3391/3391 3392/3392/3392 3393/3393/3393
f 3394/3394/3394 3395/3395/3395 3396/3396/3396
f 3397/3397/3397 3398/3398/3398 3399/3399/3399
f 3400/3400/3400 3401/3401/3401 3402/3402/3402
f 3403/3403/3403 3404/3404/3404 3405/3405/3405
f 3406/3406/3406 3407/3407/3407 3408/3408/3408
f 3409/3409/3409 3410/3410/3410 3411/3411/3411
f 3412/3412/3412 3413/3413/3413 3414/3414/3414
f 3415/3415/3415 3416/3416/3416 3417/3417/3417
f 3418/3418/3418 3419/3419/3419 3420/3420/3420
f 3421/3421/3421 3422/3422/3422 3423/3423/3423
f 3424/3424/3424 3425/3425/3425 3426/3426/3426
f 3427/3427/3427 3428/3428/3428 3429/3429/3429
f 3430/3430/3430 3431/3431/3431 3432/3432/3432
f 3433/3433/3433 3434/3434/3434 3435/3435/3435
f 3436/3436/3436 3437/3437/3437 3438/3438/3438
f 3439/3439/3439 3440/3440/3440 3441/3441/3441
f 3442/3442/3442 3443/3443/3443 3444/3444/3444
f 3445/3445/3445 3446/3446/3446 3447/3447/3447
f 3448/3448/3448 3449/3449/3449 3450/3450/3450
f 3451/3451/3451 3452/3452/3452 3453/3453/3453
f 3454/3454/3454 3455/3455/3455 3456/3456/3456
f 3457/3457/3457 3458/3458/3458 3459/3459/3459
f 3460/3460/3460 3461/3461/3461 3462/3462/3462
f 3463/3463/3463 3464/3464/3464 3465/3465/3465
f 3466/3466/3466 3467/3467/3467 3468/3468/3468
f 3469/3469/3469 3470/3470/3470 3471/3471/3471
f 3472/3472/3472 3473/3473/3473 3474/3474/3474
f 3475/3475/3475 3476/3476/3476 3477/3477/3477
f 3478/3478/3478 3479/3479/3479 3480/3480/3480
f 3481/3481/3481 3482/3482/3482 3483/3483/3483
f 3484/3484/3484 3485/3485/3485 3486/3486/3486
f 3487/3487/3487 3488/3488/3488 3489/3489/3489
f 3490/3490/3490 3491/3491/3491 3492/3492/3492
f 3493/3493/3493 3494/3494/3494 3495/3495/3495
f 3496/3496/3496 3497/3497/3497 3498/3498/3498
f 3499/3499/3499 3500/3500/3500 3501/3501/3501
f 3502/3502/3502 3503/3503/3503 3504/3504/3504
f 3505/3505/3505 3506/3506/3506 3507/3507/3507
f 3508/3508/3508 3509/3509/3509 3510/3510/3510
f 3511/3511/3511 3512/3512/3512 3513/3513/3513
f 3514/3514/3514 3515/3515/3515 3516/3516/3516
f 3517/3517/3517 3518/3518/3518 3519/3519/3519
f 3520/3520/3520 3521/3521/3521 3522/3522/3522
f 3523/3523/3523 3524/3524/3524 3525/3525/3525
f 3526/3526/3526 3527/3527/3527 3528/3528/3528
f 3529/3529/3529 3530/3530/3530 3531/3531/3531
f 3532/3532/3532 3533/3533/3533 3534/3534/3534
f 3535/3535/3535 3536/3536/3536 3537/3537/3537
f 3538/3538/3538 3539/3539/3539 3540/3540/3540
f 3541/3541/3541 3542/3542/3542 3543/3543/3543
f 3544/3544/3544 3545/3545/3545 3546/3546/3546
f 3547/3547/3547 3548/3548/3548 3549/3549/3549
f 3550/3550/3550 3551/3551/3551 3552/3552/3552
f 3553/3553/3553 3554/3554/3554 3555/3555/3555
f 3556/3556/3556 3557/3557/3557 3558/3558/3558
f 3559/3559/3559 3560/3560/3560 3561/3561/3561
f 3562/3562/3562 3563/3563/3563 3564/3564/3564
f 3565/3565/3565 3566/3566/3566 3567/3567/3567
f 3568/3568/3568 3569/3569/3569 3570/3570/3570
f 3571/3571/3571 3572/3572/3572 3573/3573/3573
f 3574/3574/3574 3575/3575/3575 3576/3576/3576
f 3577/3577/3577 3578/3578/3578 3579/3579/3579
f 3580/3580/3580 3581/3581/3581 3582/3582/3582
f 3583/3583/3583 3584/3584/3584 3585/3585/3585
f 3586/3586/3586 3587/3587/3587 3588/3588/3588
f 3589/3589/3589 3590/3590/3590 3591/3591/3591
f 3592/3592/3592 3593/3593/3593 3594/3594/3594
f 3595/3595/3595 3596/3596/3596 3597/3597/3597
f 3598/3598/3598 3599/3599/3599 3600/3600/3600
f 3601/3601/3601 3602/3602/3602 3603/3603/3603
f 3604/3604/3604 3605/3605/3605 3606/3606/3606
f 3607/3607/3607 3608/3608/3608 3609/3609/3609
f 3610/3610/3610 3611/3611/3611 3612/3612/3612
f 3613/3613/3613 3614/3614/3614 3615/3615/3615
f 3616/3616/3616 3617/3617/3617 3618/3618/3618
f 3619/3619/3619 3620/3620/3620 3621/3621/3621
f 3622/3622/3622 3623/3623/3623 3624/3624/3624
f 3625/3625/3625 3626/3626/3626 3627/3627/3627
f 3628/3628/3628 3629/3629/3629 3630/3630/3630
f 3631/3631/3631 3632/3632/3632 3633/3633/3633
f 3634/3634/3634 3635/3635/3635 3636/3636/3636
f 3637/3637/3637 3638/3638/3638 3639/3639/3639
f 3640/3640/3640 3641/3641/3641 3642/3642/3642
f 3643/3643/3643 3644/3644/3644 3645/3645/3645
f 3646/3646/3646 3647/3647/3647 3648/3648/3648
f 3649/3649/3649 3650/3650/3650 3651/3651/3651
f 3652/3652/3652 3653/3653/3653 3654/3654/3654
f 3655/3655/3655 3656/3656/3656 3657/3657/3657
f 3658/3658/3658 3659/3659/3659 3660/3660/3660
f 3661/3661/3661 3662/3662/3662 3663/3663/3663
f 3664/3664/3664 3665/3665/3665 3666/3666/3666
f 3667/3667/3667 3668/3668/3668 3669/3669/3669
f 3670/3670/3670 3671/3671/3671 3672/3672/3672
f 3673/3673/3673 3674/3674/3674 3675/3675/3675
f 3676/3676/3676 3677/3677/3677 3678/3678/3678
f 3679/3679/3679 3680/3680/3680 3681/3681/3681
f 3682/3682/3682 3683/3683/3683 3684/3684/3684
f 3685/3685/3685 3686/3686/3686 3687/3687/3687
f 3688/3688/3688 3689/3689/3689 3690/3690/3690
f 3691/3691/3691 3692/3692/3692 3693/3693/3693
f 3694/3694/3694 3695/3695/3695 3696/3696/3696
f 3697/3697/3697 3698/3698/3698 3699/3699/3699
f 3700/3700/3700 3701/3701/3701 3702/3702/3702
f 3703/3703/3703 3704/3704/3704 3705/3705/3705
f 3706/3706/3706 3707/3707/3707 3708/3708/3708
f 3709/3709/3709 3710/3710/3710 3711/3711/3711
f 3712/3712/3712 3713/3713/3713 3714/3714/3714
f 3715/3715/3715 3716/3716/3716 3717/3717/3717
f 3718/3718/3718 3719/3719/3719 3720/3720/3720
f 3721/3721/3721 3722/3722/3722 3723/3723/3723
f 3724/3724/3724 3725/3725/3725 3726/3726/3726
f 3727/3727/3727 3728/3728/3728 3729/3729/3729
f 3730/3730/3730 3731/3731/3731 3732/3732/3732
f 3733/3733/3733 3734/3734/3734 3735/3735/3735
f 3736/3736/3736 3737/3737/3737 3738/3738/3738
f 3739/3739/3739 3740/3740/3740 3741/3741/3741
f 3742/3742/3742 3743/3743/3743 3744/3744/3744
f 3745/3745/3745 3746/3746/3746 3747/3747/3747
f 3748/3748/3748 3749/3749/3749 3750/3750/3750
f 3751/3751/3751 3752/3752/3752 3753/3753/3753
f 3754/3754/3754 3755/3755/3755 3756/3756/3756
f 3757/3757/3757 3758/3758/3758 3759/3759/3759
f 3760/3760/3760 3761/3761/3761 3762/3762/3762
f 3763/3763/3763 3764/3764/3764 3765/3765/3765
f 3766/3766/3766 3767/3767/3767 3768/3768/3768
f 3769/3769/3769 3770/3770/3770 3771/3771/3771
f 3772/3772/3772 3773/3773/3773 3774/3774/3774
f 3775/3775/3775 3776/3776/3776 3777/3777/3777
f 3778/3778/3778 3779/3779/3779 3780/3780/3780
f 3781/3781/3781 3782/3782/3782 3783/3783/3783
f 3784/3784/3784 3785/3785/3785 3786/3786/3786
f 3787/3787/3787 3788/3788/3788 3789/3789/3789
f 3790/3790/3790 3791/3791/3791 3792/3792/3792
f 3793/3793/3793 3794/3794/3794 3795/3795/3795
f 3796/3796/3796 3797/3797/3797 3798/3798/3798
f 3799/3799/3799 3800/3800/3800 3801/3801/3801
f 3802/3802/3802 3803/3803/3803 3804/3804/3804
f 3805/3805/3805 3806/3806/3806 3807/3807/3807
f 3808/3808/3808 3809/3809/3809 3810/3810/3810
f 3811/3811/3811 3812/3812/3812 3813/3813/3813
f 3814/3814/3814 3815/3815/3815 3816/3816/3816
f 3817/3817/3817 3818/3818/3818 3819/3819/3819
f 3820/3820/3820 3821/3821/3821 3822/3822/3822
f 3823/3823/3823 3824/3824/3824 3825/3825/3825
f 3826/3826/3826 3827/3827/3827 3828/3828/3828
f 3829/3829/3829 3830/3830/3830 3831/3831/3831
f 3832/3832/3832 3833/3833/3833 3834/3834/3834
f 3835/3835/3835 3836/3836/3836 3837/3837/3837
f 3838/3838/3838 3839/3839/3839 3840/3840/3840
f 3841/3841/3841 3842/3842/3842 3843/3843/3843
f 3844/3844/3844 3845/3845/3845 3846/3846/3846
f 3847/3847/3847 3848/3848/3848 3849/3849/3849
f 3850/3850/3850 3851/3851/3851 3852/3852/3852
f 3853/3853/3853 3854/3854/3854 3855/3855/3855
f 3856/3856/3856 3857/3857/3857 3858/3858/3858
f 3859/3859/3859 3860/3860/3860 3861/3861/3861
f 3862/3862/3862 3863/3863/3863 3864/3864/3864
f 3865/3865/3865 3866/3866/3866 3867/3867/3867
f 3868/3868/3868 3869/3869/3869 3870/3870/3870
f 3871/3871/3871 3872/3872/3872 3873/3873/3873
f 3874/3874/3874 3875/3875/3875 3876/3876/3876
f 3877/3877/3877 3878/3878/3878 3879/3879/3879
f 3880/3880/3880 3881/3881/3881 3882/3882/3882
f 3883/3883/3883 3884/3884/3884 3885/3885/3885
f 3886/3886/3886 3887/3887/3887 3888/3888/3888
f 3889/3889/3889 3890/3890/3890 3891/3891/3891
f 3892/3892/3892 3893/3893/3893 3894/3894/3894
f 3895/3895/3895 3896/3896/3896 3897/3897/3897
f 3898/3898/3898 3899/3899/3899 3900/3900/3900
f 3901/3901/3901 3902/3902/3902 3903/3903/3903
f 3904/3904/3904 3905/3905/3905 3906/3906/3906
f 3907/3907/3907 3908/3908/3908 3909/3909/3909
f 3910/3910/3910 3911/3911/3911 3912/3912/3912
f 3913/3913/3913 3914/3914/3914 3915/3915/3915
f 3916/3916/3916 3917/3917/3917 3918/3918/3918
f 3919/3919/3919 3920/3920/3920 3921/3921/3921
f 3922/3922/3922 3923/3923/3923 3924/3924/3924
f 3925/3925/3925 3926/3926/3926 3927/3927/3927
f 3928/3928/3928 3929/3929/3929 3930/3930/3930
f 3931/3931/3931 3932/3932/3932 3933/3933/3933
f 3934/3934/3934 3935/3935/3935 3936/3936/3936
f 3937/3937/3937 3938/3938/3938 3939/3939/3939
f 3940/3940/3940 3941/3941/3941 3942/3942/3942
f 3943/3943/3943 3944/3944/3944 3945/3945/3945
f 3946/3946/3946 3947/3947/3947 3948/3948/3948
f 3949/3949/3949 3950/3950/3950 3951/3951/3951
f 3952/3952/3952 3953/3953/3953 3954/3954/3954
f 3955/3955/3955 3956/3956/3956 3957/3957/3957
f 3958/3958/3958 3959/3959/3959 3960/3960/3960
f 3961/3961/3961 3962/3962/3962 3963/3963/3963
f 3964/3964/3964 3965/3965/3965 3966/3966/3966
f 3967/3967/3967 3968/3968/3968 3969/3969/3969
f 3970/3970/3970 3971/3971/3971 3972/3972/3972
f 3973/3973/3973 3974/3974/3974 3975/3975/3975
f 3976/3976/3976 3977/3977/3977 3978/3978/3978
f 3979/3979/3979 3980/3980/3980 3981/3981/3981
f 3982/3982/3982 3983/3983/3983 3984/3984/3984
f 3985/3985/3985 3986/3986/3986 3987/3987/3987
f 3988/3988/3988 3989/3989/3989 3990/3990/3990
f 3991/3991/3991 3992/3992/3992 3993/3993/3993
f 3994/3994/3994 3995/3995/3995 3996/3996/3996
f 3997/3997/3997 3998/3998/3998 3999/3999/3999
f 4000/4000/4000 4001/4001/4001 4002/4002/4002
f 4003/4003/4003 4004/4004/4004 4005/4005/4005
f 4006/4006/4006 4007/4007/4007 4008/4008/4008
f 4009/4009/4009 4010/4010/4010 4011/4011/4011
f 4012/4012/4012 4013/4013/4013 4014/4014/4014
f 4015/4015/4015 4016/4016/4016 4017/4017/4017
f 4018/4018/4018 4019/4019/4019 4020/4020/4020
f 4021/4021/4021 4022/4022/4022 4023/4023/4023
f 4024/4024/4024 4025/4025/4025 4026/4026/4026
f 4027/4027/4027 4028/4028/4028 4029/4029/4029
f 4030/4030/4030 4031/4031/4031 4032/4032/4032
f 4033/4033/4033 4034/4034/4034 4035/4035/4035
f 4036/4036/4036 4037/4037/4037 4038/4038/4038
f 4039/4039/4039 4040/4040/4040 4041/4041/4041
f 4042/4042/4042 4043/4043/4043 4044/4044/4044
f 4045/4045/4045 4046/4046/4046 4047/4047/4047
f 4048/4048/4048 4049/4049/4049 4050/4050/4050
f 4051/4051/4051 4052/4052/4052 4053/4053/4053
f 4054/4054/4054 4055/4055/4055 4056/4056/4056
f 4057/4057/4057 4058/4058/4058 4059/4059/4059
f 4060/4060/4060 4061/4061/4061 4062/4062/4062
f 4063/4063/4063 4064/4064/4064 4065/4065/4065
f 4066/4066/4066 4067/4067/4067 4068/4068/4068
f 4069/4069/4069 4070/4070/4070 4071/4071/4071
f 4072/4072/4072 4073/4073/4073 4074/4074/4074
f 4075/4075/4075 4076/4076/4076 4077/4077/4077
f 4078/4078/4078 4079/4079/4079 4080/4080/4080
f 4081/4081/4081 4082/4082/4082 4083/4083/4083
f 4084/4084/4084 4085/4085/4085 4086/4086/4086
f 4087/4087/4087 4088/4088/4088 4089/4089/4089
f 4090/4090/4090 4091/4091/4091 4092/4092/4092
f 4093/4093/4093 4094/4094/4094 4095/4095/4095
f 4096/4096/4096 4097/4097/4097 4098/4098/4098
f 4099/4099/4099 4100/4100/4100 4101/4101/4101
f 4102/4102/4102 4103/4103/4103 4104/4104/4104
f 4105/4105/4105 4106/4106/4106 4107/4107/4107
f 4108/4108/4108 4109/4109/4109 4110/4110/4110
f 4111/4111/4111 4112/4112/4112 4113/4113/4113
f 4114/4114/4114 4115/4115/4115 4116/4116/4116
f 4117/4117/4117 4118/4118/4118 4119/4119/4119
f 4120/4120/4120 4121/4121/4121 4122/4122/4122
f 4123/4123/4123 4124/4124/4124 4125/4125/4125
f 4126/4126/4126 4127/4127/4127 4128/4128/4128
f 4129/4129/4129 4130/4130/4130 4131/4131/4131
f 4132/4132/4132 4133/4133/4133 4134/4134/4134
f 4135/4135/4135 4136/4136/4136 4137/4137/4137
f 4138/4138/4138 4139/4139/4139 4140/4140/4140
f 4141/4141/4141 4142/4142/4142 4143/4143/4143
f 4144/4144/4144 4145/4145/4145 4146/4146/4146
f 4147/4147/4147 4148/4148/4148 4149/4149/4149
f 4150/4150/4150 4151/4151/4151 4152/4152/4152
f 4153/4153/4153 4154/4154/4154 4155/4155/4155
f 4156/4156/4156 4157/4157/4157 4158/4158/4158
f 4159/4159/4159 4160/4160/4160 4161/4161/4161
f 4162/4162/4162 4163/4163/4163 4164/4164/4164
f 4165/4165/4165 4166/4166/4166 4167/4167/4167
f 4168/4168/4168 4169/4169/4169 4170/4170/4170
f 4171/4171/4171 4172/4172/4172 4173/4173/4173
f 4174/4174/4174 4175/4175/4175 4176/4176/4176
f 4177/4177/4177 4178/4178/4178 4179/4179/4179
f 4180/4180/4180 4181/4181/4181 4182/4182/4182
f 4183/4183/4183 4184/4184/4184 4185/4185/4185
f 4186/4186/4186 4187/4187/4187 4188/4188/4188
f 4189/4189/4189 4190/4190/4190 4191/4191/4191
f 4192/4192/4192 4193/4193/4193 4194/4194/4194
f 4195/4195/4195 4196/4196/4196 4197/4197/4197
f 4198/4198/4198 4199/4199/4199 4200/4200/4200
f 4201/4201/4201 4202/4202/4202 4203/4203/4203
f 4204/4204/4204 4205/4205/4205 4206/4206/4206
f 4207/4207/4207 4208/4208/4208 4209/4209/4209
f 4210/4210/4210 4211/4211/4211 4212/4212/4212
f 4213/4213/4213 4214/4214/4214 4215/4215/4215
f 4216/4216/4216 4217/4217/4217 4218/4218/4218
f 4219/4219/4219 4220/4220/4220 4221/4221/4221
f 4222/4222/4222 4223/4223/4223 4224/4224/4224
f 4225/4225/4225 4226/4226/4226 4227/4227/4227
f 4228/4228/4228 4229/4229/4229 4230/4230/4230
f 4231/4231/4231 4232/4232/4232 4233/4233/4233
f 4234/4234/4234 4235/4235/4235 4236/4236/4236
f 4237/4237/4237 4238/4238/4238 4239/4239/4239
f 4240/4240/4240 4241/4241/4241 4242/4242/4242
f 4243/4243/4243 4244/4244/4244 4245/4245/4245
f 4246/4246/4246 4247/4247/4247 4248/4248/4248
f 4249/4249/4249 4250/4250/4250 4251/4251/4251
f 4252/4252/4252 4253/4253/4253 4254/4254/4254
f 4255/4255/4255 4256/4256/4256 4257/4257/4257
f 4258/4258/4258 4259/4259/4259 4260/4260/4260
f 4261/4261/4261 4262/4262/4262 4263/4263/4263
f 4264/4264/4264 4265/4265/4265 4266/4266/4266
f 4267/4267/4267 4268/4268/4268 4269/4269/4269
f 4270/4270/4270 4271/4271/4271 4272/4272/4272
f 4273/4273/4273 4274/4274/4274 4275/4275/4275
f 4276/4276/4276 4277/4277/4277 4278/4278/4278
f 4279/4279/4279 4280/4280/4280 4281/4281/4281
f 4282/4282/4282 4283/4283/4283 4284/4284/4284
f 4285/4285/4285 4286/4286/4286 4287/4287/4287
f 4288/4288/4288 4289/4289/4289 4290/4290/4290
f 4291/4291/4291 4292/4292/4292 4293/4293/4293
f 4294/4294/4294 4295/4295/4295 4296/4296/4296
f 4297/4297/4297 4298/4298/4298 4299/4299/4299
f 4300/4300/4300 4301/4301/4301 4302/4302/4302
f 4303/4303/4303 4304/4304/4304 4305/4305/4305
f 4306/4306/4306 4307/4307/4307 4308/4308/4308
f 4309/4309/4309 4310/4310/4310 4311/4311/4311
f 4312/4312/4312 4313/4313/4313 4314/4314/4314
f 4315/4315/4315 4316/4316/4316 4317/4317/4317
f 4318/4318/4318 4319/4319/4319 4320/4320/4320
f 4321/4321/4321 4322/4322/4322 4323/4323/4323
f 4324/4324/4324 4325/4325/4325 4326/4326/4326
f 4327/4327/4327 4328/4328/4328 4329/4329/4329
f 4330/4330/4330 4331/4331/4331 4332/4332/4332
f 4333/4333/4333 4334/4334/4334 4335/4335/4335
f 4336/4336/4336 4337/4337/4337 4338/4338/4338
f 4339/4339/4339 4340/4340/4340 4341/4341/4341
f 4342/4342/4342 4343/4343/4343 4344/4344/4344
f 4345/4345/4345 4346/4346/4346 4347/4347/4347
f 4348/4348/4348 4349/4349/4349 4350/4350/4350
f 4351/4351/4351 4352/4352/4352 4353/4353/4353
f 4354/4354/4354 4355/4355/4355 4356/4356/4356
f 4357/4357/4357 4358/4358/4358 4359/4359/4359
f 4360/4360/4360 4361/4361/4361 4362/4362/4362
f 4363/4363/4363 4364/4364/4364 4365/4365/4365
f 4366/4366/4366 4367/4367/4367 4368/4368/4368
f 4369/4369/4369 4370/4370/4370 4371/4371/4371
f 4372/4372/4372 4373/4373/4373 4374/4374/4374
f 4375/4375/4375 4376/4376/4376 4377/4377/4377
f 4378/4378/4378 4379/4379/4379 4380/4380/4380
f 4381/4381/4381 4382/4382/4382 4383/4383/4383
f 4384/4384/4384 4385/4385/4385 4386/4386/4386
f 4387/4387/4387 4388/4388/4388 4389/4389/4389
f 4390/4390/4390 4391/4391/4391 4392/4392/4392
f 4393/4393/4393 4394/4394/4394 4395/4395/4395
f 4396/4396/4396 4397/4397/4397 4398/4398/4398
f 4399/4399/4399 4400/4400/4400 4401/4401/4401
f 4402/4402/4402 4403/4403/4403 4404/4404/4404
f 4405/4405/4405 4406/4406/4406 4407/4407/4407
f 4408/4408/4408 4409/4409/4409 4410/4410/4410
f 4411/4411/4411 4412/4412/4412 4413/4413/4413
f 4414/4414/4414 4415/4415/4415 4416/4416/4416
f 4417/4417/4417 4418/4418/4418 4419/4419/4419
f 4420/4420/4420 4421/4421/4421 4422/4422/4422
f 4423/4423/4423 4424/4424/4424 4425/4425/4425
f 4426/4426/4426 4427/4427/4427 4428/4428/4428
f 4429/4429/4429 4430/4430/4430 4431/4431/4431
f 4432/4432/4432 4433/4433/4433 4434/4434/4434
f 4435/4435/4435 4436/4436/4436 4437/4437/4437
f 4438/4438/4438 4439/4439/4439 4440/4440/4440
f 4441/4441/4441 4442/4442/4442 4443/4443/4443
f 4444/4444/4444 4445/4445/4445 4446/4446/4446
f 4447/4447/4447 4448/4448/4448 4449/4449/4449
f 4450/4450/4450 4451/4451/4451 4452/4452/4452
f 4453/4453/4453 4454/4454/4454 4455/4455/4455
f 4456/4456/4456 4457/4457/4457 4458/4458/4458
f 4459/4459/4459 4460/4460/4460 4461/4461/4461
f 4462/4462/4462 4463/4463/4463 4464/4464/4464
f 4465/4465/4465 4466/4466/4466 4467/4467/4467
f 4468/4468/4468 4469/4469/4469 4470/4470/4470
f 4471/4471/4471 4472/4472/4472 4473/4473/4473
f 4474/4474/4474 4475/4475/4475 4476/4476/4476
f 4477/4477/4477 4478/4478/4478 4479/4479/4479
f 4480/4480/4480 4481/4481/4481 4482/4482/4482
f 4483/4483/4483 4484/4484/4484 4485/4485/4485
f 4486/4486/4486 4487/4487/4487 4488/4488/4488
f 4489/4489/4489 4490/4490/4490 4491/4491/4491
f 4492/4492/4492 4493/4493/4493 4494/4494/4494
f 4495/4495/4495 4496/4496/4496 4497/4497/4497
f 4498/4498/4498 4499/4499/4499 4500/4500/4500
f 4501/4501/4501 4502/4502/4502 4503/4503/4503
f 4504/4504/4504 4505/4505/4505 4506/4506/4506
f 4507/4507/4507 4508/4508/4508 4509/4509/4509
f 4510/4510/4510 4511/4511/4511 4512/4512/4512
f 4513/4513/4513 4514/4514/4514 4515/4515/4515
f 4516/4516/4516 4517/4517/4517 4518/4518/4518
f 4519/4519/4519 4520/4520/4520 4521/4521/4521
f 4522/4522/4522 4523/4523/4523 4524/4524/4524
f 4525/4525/4525 4526/4526/4526 4527/4527/4527
f 4528/4528/4528 4529/4529/4529 4530/4530/4530
f 4531/4531/4531 4532/4532/4532 4533/4533/4533
f 4534/4534/4534 4535/4535/4535 4536/4536/4536
f 4537/4537/4537 4538/4538/4538 4539/4539/4539
f 4540/4540/4540 4541/4541/4541 4542/4542/4542
f 4543/4543/4543 4544/4544/4544 4545/4545/4545
f 4546/4546/4546 4547/4547/4547 4548/4548/4548
f 4549/4549/4549 4550/4550/4550 4551/4551/4551
f 4552/4552/4552 4553/4553/4553 4554/4554/4554
f 4555/4555/4555 4556/4556/4556 4557/4557/4557
f 4558/4558/4558 4559/4559/4559 4560/4560/4560
f 4561/4561/4561 4562/4562/4562 4563/4563/4563
f 4564/4564/4564 4565/4565/4565 4566/4566/4566
f 4567/4567/4567 4568/4568/4568 4569/4569/4569
f 4570/4570/4570 4571/4571/4571 4572/4572/4572
f 4573/4573/4573 4574/4574/4574 4575/4575/4575
f 4576/4576/4576 4577/4577/4577 4578/4578/4578
f 4579/4579/4579 4580/4580/4580 4581/4581/4581
f 4582/4582/4582 4583/4583/4583 4584/4584/4584
f 4585/4585/4585 4586/4586/4586 4587/4587/4587
f 4588/4588/4588 4589/4589/4589 4590/4590/4590
f 4591/4591/4591 4592/4592/4592 4593/4593/4593
f 4594/4594/4594 4595/4595/4595 4596/4596/4596
f 4597/4597/4597 4598/4598/4598 4599/4599/4599
f 4600/4600/4600 4601/4601/4601 4602/4602/4602
f 4603/4603/4603 4604/4604/4604 4605/4605/4605
f 4606/4606/4606 4607/4607/4607 4608/4608/4608
f 4609/4609/4609 4610/4610/4610 4611/4611/4611
f 4612/4612/4612 4613/4613/4613 4614/4614/4614
f 4615/4615/4615 4616/4616/4616 4617/4617/4617
f 4618/4618/4618 4619/4619/4619 4620/4620/4620
f 4621/4621/4621 4622/4622/4622 4623/4623/4623
f 4624/4624/4624 4625/4625/4625 4626/4626/4626
f 4627/4627/4627 4628/4628/4628 4629/4629/4629
f 4630/4630/4630 4631/4631/4631 4632/4632/4632
f 4633/4633/4633 4634/4634/4634 4635/4635/4635
f 4636/4636/4636 4637/4637/4637 4638/4638/4638
f 4639/4639/4639 4640/4640/4640 4641/4641/4641
f 4642/4642/4642 4643/4643/4643 4644/4644/4644
f 4645/4645/4645 4646/4646/4646 4647/4647/4647
f 4648/4648/4648 4649/4649/4649 4650/4650/4650
f 4651/4651/4651 4652/4652/4652 4653/4653/4653
f 4654/4654/4654 4655/4655/4655 4656/4656/4656
f 4657/4657/4657 4658/4658/4658 4659/4659/4659
f 4660/4660/4660 4661/4661/4661 4662/4662/4662
f 4663/4663/4663 4664/4664/4664 4665/4665/4665
f 4666/4666/4666 4667/4667/4667 4668/4668/4668
f 4669/4669/4669 4670/4670/4670 4671/4671/4671
f 4672/4672/4672 4673/4673/4673 4674/4674/4674
f 4675/4675/4675 4676/4676/4676 4677/4677/4677
f 4678/4678/4678 4679/4679/4679 4680/4680/4680
f 4681/4681/4681 4682/4682/4682 4683/4683/4683
f 4684/4684/4684 4685/4685/4685 4686/4686/4686
f 4687/4687/4687 4688/4688/4688 4689/4689/4689
f 4690/4690/4690 4691/4691/4691 4692/4692/4692
f 4693/4693/4693 4694/4694/4694 4695/4695/4695
f 4696/4696/4696 4697/4697/4697 4698/4698/4698
f 4699/4699/4699 4700/4700/4700 4701/4701/4701
f 4702/4702/4702 4703/4703/4703 4704/4704/4704
f 4705/4705/4705 4706/4706/4706 4707/4707/4707
f 4708/4708/4708 4709/4709/4709 4710/4710/4710
f 4711/4711/4711 4712/4712/4712 4713/4713/4713
f 4714/4714/4714 4715/4715/4715 4716/4716/4716
f 4717/4717/4717 4718/4718/4718 4719/4719/4719
f 4720/4720/4720 4721/4721/4721 4722/4722/4722
f 4723/4723/4723 4724/4724/4724 4725/4725/4725
f 4726/4726/4726 4727/4727/4727 4728/4728/4728
f 4729/4729/4729 4730/4730/4730 4731/4731/4731
f 4732/4732/4732 4733/4733/4733 4734/4734/4734
f 4735/4735/4735 4736/4736/4736 4737/4737/4737
f 4738/4738/4738 4739/4739/4739 4740/4740/4740
f 4741/4741/4741 4742/4742/4742 4743/4743/4743
f 4744/4744/4744 4745/4745/4745 4746/4746/4746
f 4747/4747/4747 4748/4748/4748 4749/4749/4749
f 4750/4750/4750 4751/4751/4751 4752/4752/4752
f 4753/4753/4753 4754/4754/4754 4755/4755/4755
f 4756/4756/4756 4757/4757/4757 4758/4758/4758
f 4759/4759/4759 4760/4760/4760 4761/4761/4761
f 4762/4762/4762 4763/4763/4763 4764/4764/4764
f 4765/4765/4765 4766/4766/4766 4767/4767/4767
f 4768/4768/4768 4769/4769/4769 4770/4770/4770
f 4771/4771/4771 4772/4772/4772 4773/4773/4773
f 4774/4774/4774 4775/4775/4775 4776/4776/4776
f 4777/4777/4777 4778/4778/4778 4779/4779/4779
f 4780/4780/4780 4781/4781/4781 4782/4782/4782
f 4783/4783/4783 4784/4784/4784 4785/4785/4785
f 4786/4786/4786 4787/4787/4787 4788/4788/4788
f 4789/4789/4789 4790/4790/4790 4791/4791/4791
f 4792/4792/4792 4793/4793/4793 4794/4794/4794
f 4795/4795/4795 4796/4796/4796 4797/4797/4797
f 4798/4798/4798 4799/4799/4799 4800/4800/4800
f 4801/4801/4801 4802/4802/4802 4803/4803/4803
f 4804/4804/4804 4805/4805/4805 4806/4806/4806
f 4807/4807/4807 4808/4808/4808 4809/4809/4809
f 4810/4810/4810 4811/4811/4811 4812/4812/4812
f 4813/4813/4813 4814/4814/4814 4815/4815/4815
f 4816/4816/4816 4817/4817/4817 4818/4818/4818
f 4819/4819/4819 4820/4820/4820 4821/4821/4821
f 4822/4822/4822 4823/4823/4823 4824/4824/4824
f 4825/4825/4825 4826/4826/4826 4827/4827/4827
f 4828/4828/4828 4829/4829/4829 4830/4830/4830
f 4831/4831/4831 4832/4832/4832 4833/4833/4833
f 4834/4834/4834 4835/4835/4835 4836/4836/4836
f 4837/4837/4837 4838/4838/4838 4839/4839/4839
f 4840/4840/4840 4841/4841/4841 4842/4842/4842
f 4843/4843/4843 4844/4844/4844 4845/4845/4845
f 4846/4846/4846 4847/4847/4847 4848/4848/4848
f 4849/4849/4849 4850/4850/4850 4851/4851/4851
f 4852/4852/4852 4853/4853/4853 4854/4854/4854
f 4855/4855/4855 4856/4856/4856 4857/4857/4857
f 4858/4858/4858 4859/4859/4859 4860/4860/4860
f 4861/4861/4861 4862/4862/4862 4863/4863/4863
f 4864/4864/4864 4865/4865/4865 4866/4866/4866
f 4867/4867/4867 4868/4868/4868 4869/4869/4869
f 4870/4870/4870 4871/4871/4871 4872/4872/4872
f 4873/4873/4873 4874/4874/4874 4875/4875/4875
f 4876/4876/4876 4877/4877/4877 4878/4878/4878
f 4879/4879/4879 4880/4880/4880 4881/4881/4881
f 4882/4882/4882 4883/4883/4883 4884/4884/4884
f 4885/4885/4885 4886/4886/4886 4887/4887/4887
f 4888/4888/4888 4889/4889/4889 4890/4890/4890
f 4891/4891/4891 4892/4892/4892 4893/4893/4893
f 4894/4894/4894 4895/4895/4895 4896/4896/4896
f 4897/4897/4897 4898/4898/4898 4899/4899/4899
f 4900/4900/4900 4901/4901/4901 4902/4902/4902
f 4903/4903/4903 4904/4904/4904 4905/4905/4905
f 4906/4906/4906 4907/4907/4907 4908/4908/4908
f 4909/4909/4909 4910/4910/4910 4911/4911/4911
f 4912/4912/4912 4913/4913/4913 4914/4914/4914
f 4915/4915/4915 4916/4916/4916 4917/4917/4917
f 4918/4918/4918 4919/4919/4919 4920/4920/4920
f 4921/4921/4921 4922/4922/4922 4923/4923/4923
f 4924/4924/4924 4925/4925/4925 4926/4926/4926
f 4927/4927/4927 4928/4928/4928 4929/4929/4929
f 4930/4930/4930 4931/4931/4931 4932/4932/4932
f 4933/4933/4933 4934/4934/4934 4935/4935/4935
f 4936/4936/4936 4937/4937/4937 4938/4938/4938
f 4939/4939/4939 4940/4940/4940 4941/4941/4941
f 4942/4942/4942 4943/4943/4943 4944/4944/4944
f 4945/4945/4945 4946/4946/4946 4947/4947/4947
f 4948/4948/4948 4949/4949/4949 4950/4950/4950
f 4951/4951/4951 4952/4952/4952 4953/4953/4953
f 4954/4954/4954 4955/4955/4955 4956/4956/4956
f 4957/4957/4957 4958/4958/4958 4959/4959/4959
f 4960/4960/4960 4961/4961/4961 4962/4962/4962
f 4963/4963/4963 4964/4964/4964 4965/4965/4965
f 4966/4966/4966 4967/4967/4967 4968/4968/4968
f 4969/4969/4969 4970/4970/4970 4971/4971/4971
f 4972/4972/4972 4973/4973/4973 4974/4974/4974
f 4975/4975/4975 4976/4976/4976 4977/4977/4977
f 4978/4978/4978 4979/4979/4979 4980/4980/4980
f 4981/4981/4981 4982/4982/4982 4983/4983/4983
f 4984/4984/4984 4985/4985/4985 4986/4986/4986
f 4987/4987/4987 4988/4988/4988 4989/4989/4989
f 4990/4990/4990 4991/4991/4991 4992/4992/4992
f 4993/4993/4993 4994/4994/4994 4995/4995/4995
f 4996/4996/4996 4997/4997/4997 4998/4998/4998
f 4999/4999/4999 5000/5000/5000 5001/5001/5001
f 5002/5002/5002 5003/5003/5003 5004/5004/5004
f 5005/5005/5005 5006/5006/5006 5007/5007/5007
f 5008/5008/5008 5009/5009/5009 5010/5010/5010
f 5011/5011/5011 5012/5012/5012 5013/5013/5013
f 5014/5014/5014 5015/5015/5015 5016/5016/5016
f 5017/5017/5017 5018/5018/5018 5019/5019/5019
f 5020/5020/5020 5021/5021/5021 5022/5022/5022
f 5023/5023/5023 5024/5024/5024 5025/5025/5025
f 5026/5026/5026 5027/5027/5027 5028/5028/5028
f 5029/5029/5029 5030/5030/5030 5031/5031/5031
f 5032/5032/5032 5033/5033/5033 5034/5034/5034
f 5035/5035/5035 5036/5036/5036 5037/5037/5037
f 5038/5038/5038 5039/5039/5039 5040/5040/5040
f 5041/5041/5041 5042/5042/5042 5043/5043/5043
f 5044/5044/5044 5045/5045/5045 5046/5046/5046
f 5047/5047/5047 5048/5048/5048 5049/5049/5049
f 5050/5050/5050 5051/5051/5051 5052/5052/5052
f 5053/5053/5053 5054/5054/5054 5055/5055/5055
f 5056/5056/5056 5057/5057/5057 5058/5058/5058
f 5059/5059/5059 5060/5060/5060 5061/5061/5061
f 5062/5062/5062 5063/5063/5063 5064/5064/5064
f 5065/5065/5065 5066/5066/5066 5067/5067/5067
f 5068/5068/5068 5069/5069/5069 5070/5070/5070
f 5071/5071/5071 5072/5072/5072 5073/5073/5073
f 5074/5074/5074 5075/5075/5075 5076/5076/5076
f 5077/5077/5077 5078/5078/5078 5079/5079/5079
f 5080/5080/5080 5081/5081/5081 5082/5082/5082
f 5083/5083/5083 5084/5084/5084 5085/5085/5085
f 5086/5086/5086 5087/5087/5087 5088/5088/5088
f 5089/5089/5089 5090/5090/5090 5091/5091/5091
f 5092/5092/5092 5093/5093/5093 5094/5094/5094
f 5095/5095/5095 5096/5096/5096 5097/5097/5097
f 5098/5098/5098 5099/5099/5099 5100/5100/5100
f 5101/5101/5101 5102/5102/5102 5103/5103/5103
f 5104/5104/5104 5105/5105/5105 5106/5106/5106
f 5107/5107/5107 5108/5108/5108 5109/5109/5109
f 5110/5110/5110 5111/5111/5111 5112/5112/5112
f 5113/5113/5113 5114/5114/5114 5115/5115/5115
f 5116/5116/5116 5117/5117/5117 5118/5118/5118
f 5119/5119/5119 5120/5120/5120 5121/5121/5121
f 5122/5122/5122 5123/5123/5123 5124/5124/5124
f 5125/5125/5125 5126/5126/5126 5127/5127/5127
f 5128/5128/5128 5129/5129/5129 5130/5130/5130
f 5131/5131/5131 5132/5132/5132 5133/5133/5133
f 5134/5134/5134 5135/5135/5135 5136/5136/5136
f 5137/5137/5137 5138/5138/5138 5139/5139/5139
f 5140/5140/5140 5141/5141/5141 5142/5142/5142
f 5143/5143/5143 5144/5144/5144 5145/5145/5145
f 5146/5146/5146 5147/5147/5147 5148/5148/5148
f 5149/5149/5149 5150/5150/5150 5151/5151/5151
f 5152/5152/5152 5153/5153/5153 5154/5154/5154
f 5155/5155/5155 5156/5156/5156 5157/5157/5157
f 5158/5158/5158 5159/5159/5159 5160/5160/5160
f 5161/5161/5161 5162/5162/5162 5163/5163/5163
f 5164/5164/5164 5165/5165/5165 5166/5166/5166
f 5167/5167/5167 5168/5168/5168 5169/5169/5169
f 5170/5170/5170 5171/5171/5171 5172/5172/5172
f 5173/5173/5173 5174/5174/5174 5175/5175/5175
f 5176/5176/5176 5177/5177/5177 5178/5178/5178
f 5179/5179/5179 5180/5180/5180 5181/5181/5181
f 5182/5182/5182 5183/5183/5183 5184/5184/5184
f 5185/5185/5185 5186/5186/5186 5187/5187/5187
f 5188/5188/5188 5189/5189/5189 5190/5190/5190
f 5191/5191/5191 5192/5192/5192 5193/5193/5193
f 5194/5194/5194 5195/5195/5195 5196/5196/5196
f 5197/5197/5197 5198/5198/5198 5199/5199/5199
f 5200/5200/5200 5201/5201/5201 5202/5202/5202
f 5203/5203/5203 5204/5204/5204 5205/5205/5205
f 5206/5206/5206 5207/5207/5207 5208/5208/5208
f 5209/5209/5209 5210/5210/5210 5211/5211/5211
f 5212/5212/5212 5213/5213/5213 5214/5214/5214
f 5215/5215/5215 5216/5216/5216 5217/5217/5217
f 5218/5218/5218 5219/5219/5219 5220/5220/5220
f 5221/5221/5221 5222/5222/5222 5223/5223/5223
f 5224/5224/5224 5225/5225/5225 5226/5226/5226
f 5227/5227/5227 5228/5228/5228 5229/5229/5229
f 5230/5230/5230 5231/5231/5231 5232/5232/5232
f 5233/5233/5233 5234/5234/5234 5235/5235/5235
f 5236/5236/5236 5237/5237/5237 5238/5238/5238
f 5239/5239/5239 5240/5240/5240 5241/5241/5241
f 5242/5242/5242 5243/5243/5243 5244/5244/5244
f 5245/5245/5245 5246/5246/5246 5247/5247/5247
f 5248/5248/5248 5249/5249/5249 5250/5250/5250
f 5251/5251/5251 5252/5252/5252 5253/5253/5253
f 5254/5254/5254 5255/5255/5255 5256/5256/5256
f 5257/5257/5257 5258/5258/5258 5259/5259/5259
f 5260/5260/5260 5261/5261/5261 5262/5262/5262
f 5263/5263/5263 5264/5264/5264 5265/5265/5265
f 5266/5266/5266 5267/5267/5267 5268/5268/5268
f 5269/5269/5269 5270/5270/5270 5271/5271/5271
f 5272/5272/5272 5273/5273/5273 5274/5274/5274
f 5275/5275/5275 5276/5276/5276 5277/5277/5277
f 5278/5278/5278 5279/5279/5279 5280/5280/5280
f 5281/5281/5281 5282/5282/5282 5283/5283/5283
f 5284/5284/5284 5285/5285/5285 5286/5286/5286
f 5287/5287/5287 5288/5288/5288 5289/5289/5289
f 5290/5290/5290 5291/5291/5291 5292/5292/5292
f 5293/5293/5293 5294/5294/5294 5295/5295/5295
f 5296/5296/5296 5297/5297/5297 5298/5298/5298
f 5299/5299/5299 5300/5300/5300 5301/5301/5301
f 5302/5302/5302 5303/5303/5303 5304/5304/5304
f 5305/5305/5305 5306/5306/5306 5307/5307/5307
f 5308/5308/5308 5309/5309/5309 5310/5310/5310
f 5311/5311/5311 5312/5312/5312 5313/5313/5313
f 5314/5314/5314 5315/5315/5315 5316/5316/5316
f 5317/5317/5317 5318/5318/5318 5319/5319/5319
f 5320/5320/5320 5321/5321/5321 5322/5322/5322
f 5323/5323/5323 5324/5324/5324 5325/5325/5325
f 5326/5326/5326 5327/5327/5327 5328/5328/5328
f 5329/5329/5329 5330/5330/5330 5331/5331/5331
f 5332/5332/5332 5333/5333/5333 5334/5334/5334
f 5335/5335/5335 5336/5336/5336 5337/5337/5337
f 5338/5338/5338 5339/5339/5339 5340/5340/5340
f 5341/5341/5341 5342/5342/5342 5343/5343/5343
f 5344/5344/5344 5345/5345/5345 5346/5346/5346
f 5347/5347/5347 5348/5348/5348 5349/5349/5349
f 5350/5350/5350 5351/5351/5351 5352/5352/5352
f 5353/5353/5353 5354/5354/5354 5355/5355/5355
f 5356/5356/5356 5357/5357/5357 5358/5358/5358
f 5359/5359/5359 5360/5360/5360 5361/5361/5361
f 5362/5362/5362 5363/5363/5363 5364/5364/5364
f 5365/5365/5365 5366/5366/5366 5367/5367/5367
f 5368/5368/5368 5369/5369/5369 5370/5370/5370
f 5371/5371/5371 5372/5372/5372 5373/5373/5373
f 5374/5374/5374 5375/5375/5375 5376/5376/5376
f 5377/5377/5377 5378/5378/5378 5379/5379/5379
f 5380/5380/5380 5381/5381/5381 5382/5382/5382
f 5383/5383/5383 5384/5384/5384 5385/5385/5385
f 5386/5386/5386 5387/5387/5387 5388/5388/5388
f 5389/5389/5389 5390/5390/5390 5391/5391/5391
f 5392/5392/5392 5393/5393/5393 5394/5394/5394
f 5395/5395/5395 5396/5396/5396 5397/5397/5397
f 5398/5398/5398 5399/5399/5399 5400/5400/5400
f 5401/5401/5401 5402/5402/5402 5403/5403/5403
f 5404/5404/5404 5405/5405/5405 5406/5406/5406
f 5407/5407/5407 5408/5408/5408 5409/5409/5409
f 5410/5410/5410 5411/5411/5411 5412/5412/5412
f 5413/5413/5413 5414/5414/5414 5415/5415/5415
f 5416/5416/5416 5417/5417/5417 5418/5418/5418
f 5419/5419/5419 5420/5420/5420 5421/5421/5421
f 5422/5422/5422 5423/5423/5423 5424/5424/5424
f 5425/5425/5425 5426/5426/5426 5427/5427/5427
f 5428/5428/5428 5429/5429/5429 5430/5430/5430
f 5431/5431/5431 5432/5432/5432 5433/5433/5433
f 5434/5434/5434 5435/5435/5435 5436/5436/5436
f 5437/5437/5437 5438/5438/5438 5439/5439/5439
f 5440/5440/5440 5441/5441/5441 5442/5442/5442
f 5443/5443/5443 5444/5444/5444 5445/5445/5445
f 5446/5446/5446 5447/5447/5447 5448/5448/5448
f 5449/5449/5449 5450/5450/5450 5451/5451/5451
f 5452/5452/5452 5453/5453/5453 5454/5454/5454
f 5455/5455/5455 5456/5456/5456 5457/5457/5457
f 5458/5458/5458 5459/5459/5459 5460/5460/5460
f 5461/5461/5461 5462/5462/5462 5463/5463/5463
f 5464/5464/5464 5465/5465/5465 5466/5466/5466
f 5467/5467/5467 5468/5468/5468 5469/5469/5469
f 5470/5470/5470 5471/5471/5471 5472/5472/5472
f 5473/5473/5473 5474/5474/5474 5475/5475/5475
f 5476/5476/5476 5477/5477/5477 5478/5478/5478
f 5479/5479/5479 5480/5480/5480 5481/5481/5481
f 5482/5482/5482 5483/5483/5483 5484/5484/5484
f 5485/5485/5485 5486/5486/5486 5487/5487/5487
f 5488/5488/5488 5489/5489/5489 5490/5490/5490
f 5491/5491/5491 5492/5492/5492 5493/5493/5493
f 5494/5494/5494 5495/5495/5495 5496/5496/5496
f 5497/5497/5497 5498/5498/5498 5499/5499/5499
f 5500/5500/5500 5501/5501/5501 5502/5502/5502
f 5503/5503/5503 5504/5504/5504 5505/5505/5505
f 5506/5506/5506 5507/5507/5507 5508/5508/5508
f 5509/5509/5509 5510/5510/5510 5511/5511/5511
f 5512/5512/5512 5513/5513/5513 5514/5514/5514
f 5515/5515/5515 5516/5516/5516 5517/5517/5517
f 5518/5518/5518 5519/5519/5519 5520/5520/5520
f 5521/5521/5521 5522/5522/5522 5523/5523/5523
f 5524/5524/5524 5525/5525/5525 5526/5526/5526
f 5527/5527/5527 5528/5528/5528 5529/5529/5529
f 5530/5530/5530 5531/5531/5531 5532/5532/5532
f 5533/5533/5533 5534/5534/5534 5535/5535/5535
f 5536/5536/5536 5537/5537/5537 5538/5538/5538
f 5539/5539/5539 5540/5540/5540 5541/5541/5541
f 5542/5542/5542 5543/5543/5543 5544/5544/5544
f 5545/5545/5545 5546/5546/5546 5547/5547/5547
f 5548/5548/5548 5549/5549/5549 5550/5550/5550
f 5551/5551/5551 5552/5552/5552 5553/5553/5553
f 5554/5554/5554 5555/5555/5555 5556/5556/5556
f 5557/5557/5557 5558/5558/5558 5559/5559/5559
f 5560/5560/5560 5561/5561/5561 5562/5562/5562
f 5563/5563/5563 5564/5564/5564 5565/5565/5565
f 5566/5566/5566 5567/5567/5567 5568/5568/5568
f 5569/5569/5569 5570/5570/5570 5571/5571/5571
f 5572/5572/5572 5573/5573/5573 5574/5574/5574
f 5575/5575/5575 5576/5576/5576 5577/5577/5577
f 5578/5578/5578 5579/5579/5579 5580/5580/5580
f 5581/5581/5581 5582/5582/5582 5583/5583/5583
f 5584/5584/5584 5585/5585/5585 5586/5586/5586
f 5587/5587/5587 5588/5588/5588 5589/5589/5589
f 5590/5590/5590 5591/5591/5591 5592/5592/5592
f 5593/5593/5593 5594/5594/5594 5595/5595/5595
f 5596/5596/5596 5597/5597/5597 5598/5598/5598
f 5599/5599/5599 5600/5600/5600 5601/5601/5601
f 5602/5602/5602 5603/5603/5603 5604/5604/5604
f 5605/5605/5605 5606/5606/5606 5607/5607/5607
f 5608/5608/5608 5609/5609/5609 5610/5610/5610
f 5611/5611/5611 5612/5612/5612 5613/5613/5613
f 5614/5614/5614 5615/5615/5615 5616/5616/5616
f 5617/5617/5617 5618/5618/5618 5619/5619/5619
f 5620/5620/5620 5621/5621/5621 5622/5622/5622
f 5623/5623/5623 5624/5624/5624 5625/5625/5625
f 5626/5626/5626 5627/5627/5627 5628/5628/5628
f 5629/5629/5629 5630/5630/5630 5631/5631/5631
f 5632/5632/5632 5633/5633/5633 5634/5634/5634
f 5635/5635/5635 5636/5636/5636 5637/5637/5637
f 5638/5638/5638 5639/5639/5639 5640/5640/5640
f 5641/5641/5641 5642/5642/5642 5643/5643/5643
f 5644/5644/5644 5645/5645/5645 5646/5646/5646
f 5647/5647/5647 5648/5648/5648 5649/5649/5649
f 5650/5650/5650 5651/5651/5651 5652/5652/5652
f 5653/5653/5653 5654/5654/5654 5655/5655/5655
f 5656/5656/5656 5657/5657/5657 5658/5658/5658
f 5659/5659/5659 5660/5660/5660 5661/5661/5661
f 5662/5662/5662 5663/5663/5663 5664/5664/5664
f 5665/5665/5665 5666/5666/5666 5667/5667/5667
f 5668/5668/5668 5669/5669/5669 5670/5670/5670
f 5671/5671/5671 5672/5672/5672 5673/5673/5673
f 5674/5674/5674 5675/5675/5675 5676/5676/5676
f 5677/5677/5677 5678/5678/5678 5679/5679/5679
f 5680/5680/5680 5681/5681/5681 5682/5682/5682
f 5683/5683/5683 5684/5684/5684 5685/5685/5685
f 5686/5686/5686 5687/5687/5687 5688/5688/5688
f 5689/5689/5689 5690/5690/5690 5691/5691/5691
f 5692/5692/5692 5693/5693/5693 5694/5694/5694
f 5695/5695/5695 5696/5696/5696 5697/5697/5697
f 5698/5698/5698 5699/5699/5699 5700/5700/5700
f 5701/5701/5701 5702/5702/5702 5703/5703/5703
f 5704/5704/5704 5705/5705/5705 5706/5706/5706
f 5707/5707/5707 5708/5708/5708 5709/5709/5709
f 5710/5710/5710 5711/5711/5711 5712/5712/5712
f 5713/5713/5713 5714/5714/5714 5715/5715/5715
f 5716/5716/5716 5717/5717/5717 5718/5718/5718
f 5719/5719/5719 5720/5720/5720 5721/5721/5721
f 5722/5722/5722 5723/5723/5723 5724/5724/5724
f 5725/5725/5725 5726/5726/5726 5727/5727/5727
f 5728/5728/5728 5729/5729/5729 5730/5730/5730
f 5731/5731/5731 5732/5732/5732 5733/5733/5733
f 5734/5734/5734 5735/5735/5735 5736/5736/5736
f 5737/5737/5737 5738/5738/5738 5739/5739/5739
f 5740/5740/5740 5741/5741/5741 5742/5742/5742
f 5743/5743/5743 5744/5744/5744 5745/5745/5745
f 5746/5746/5746 5747/5747/5747 5748/5748/5748
f 5749/5749/5749 5750/5750/5750 5751/5751/5751
f 5752/5752/5752 5753/5753/5753 5754/5754/5754
f 5755/5755/5755 5756/5756/5756 5757/5757/5757
f 5758/5758/5758 5759/5759/5759 5760/5760/5760
f 5761/5761/5761 5762/5762/5762 5763/5763/5763
f 5764/5764/5764 5765/5765/5765 5766/5766/5766
f 5767/5767/5767 5768/5768/5768 5769/5769/5769
f 5770/5770/5770 5771/5771/5771 5772/5772/5772
f 5773/5773/5773 5774/5774/5774 5775/5775/5775
f 5776/5776/5776 5777/5777/5777 5778/5778/5778
f 5779/5779/5779 5780/5780/5780 5781/5781/5781
f 5782/5782/5782 5783/5783/5783 5784/5784/5784
f 5785/5785/5785 5786/5786/5786 5787/5787/5787
f 5788/5788/5788 5789/5789/5789 5790/5790/5790
f 5791/5791/5791 5792/5792/5792 5793/5793/5793
f 5794/5794/5794 5795/5795/5795 5796/5796/5796
f 5797/5797/5797 5798/5798/5798 5799/5799/5799
f 5800/5800/5800 5801/5801/5801 5802/5802/5802
f 5803/5803/5803 5804/5804/5804 5805/5805/5805
f 5806/5806/5806 5807/5807/5807 5808/5808/5808
f 5809/5809/5809 5810/5810/5810 5811/5811/5811
f 5812/5812/5812 5813/5813/5813 5814/5814/5814
f 5815/5815/5815 5816/5816/5816 5817/5817/5817
f 5818/5818/5818 5819/5819/5819 5820/5820/5820
f 5821/5821/5821 5822/5822/5822 5823/5823/5823
f 5824/5824/5824 5825/5825/5825 5826/5826/5826
f 5827/5827/5827 5828/5828/5828 5829/5829/5829
f 5830/5830/5830 5831/5831/5831 5832/5832/5832
f 5833/5833/5833 5834/5834/5834 5835/5835/5835
f 5836/5836/5836 5837/5837/5837 5838/5838/5838
f 5839/5839/5839 5840/5840/5840 5841/5841/5841
f 5842/5842/5842 5843/5843/5843 5844/5844/5844
f 5845/5845/5845 5846/5846/5846 5847/5847/5847
f 5848/5848/5848 5849/5849/5849 5850/5850/5850
f 5851/5851/5851 5852/5852/5852 5853/5853/5853
f 5854/5854/5854 5855/5855/5855 5856/5856/5856
f 5857/5857/5857 5858/5858/5858 5859/5859/5859
f 5860/5860/5860 5861/5861/5861 5862/5862/5862
f 5863/5863/5863 5864/5864/5864 5865/5865/5865
f 5866/5866/5866 5867/5867/5867 5868/5868/5868
f 5869/5869/5869 5870/5870/5870 5871/5871/5871
f 5872/5872/5872 5873/5873/5873 5874/5874/5874
f 5875/5875/5875 5876/5876/5876 5877/5877/5877
f 5878/5878/5878 5879/5879/5879 5880/5880/5880
f 5881/5881/5881 5882/5882/5882 5883/5883/5883
f 5884/5884/5884 5885/5885/5885 5886/5886/5886
f 5887/5887/5887 5888/5888/5888 5889/5889/5889
f 5890/5890/5890 5891/5891/5891 5892/5892/5892
f 5893/5893/5893 5894/5894/5894 5895/5895/5895
f 5896/5896/5896 5897/5897/5897 5898/5898/5898
f 5899/5899/5899 5900/5900/5900 5901/5901/5901
f 5902/5902/5902 5903/5903/5903 5904/5904/5904
f 5905/5905/5905 5906/5906/5906 5907/5907/5907
f 5908/5908/5908 5909/5909/5909 5910/5910/5910
f 5911/5911/5911 5912/5912/5912 5913/5913/5913
f 5914/5914/5914 5915/5915/5915 5916/5916/5916
f 5917/5917/5917 5918/5918/5918 5919/5919/5919
f 5920/5920/5920 5921/5921/5921 5922/5922/5922
f 5923/5923/5923 5924/5924/5924 5925/5925/5925
f 5926/5926/5926 5927/5927/5927 5928/5928/5928
f 5929/5929/5929 5930/5930/5930 5931/5931/5931
f 5932/5932/5932 5933/5933/5933 5934/5934/5934
f 5935/5935/5935 5936/5936/5936 5937/5937/5937
f 5938/5938/5938 5939/5939/5939 5940/5940/5940
f 5941/5941/5941 5942/5942/5942 5943/5943/5943
f 5944/5944/5944 5945/5945/5945 5946/5946/5946
f 5947/5947/5947 5948/5948/5948 5949/5949/5949
f 5950/5950/5950 5951/5951/5951 5952/5952/5952
f 5953/5953/5953 5954/5954/5954 5955/5955/5955
f 5956/5956/5956 5957/5957/5957 5958/5958/5958
f 5959/5959/5959 5960/5960/5960 5961/5961/5961
f 5962/5962/5962 5963/5963/5963 5964/5964/5964
f 5965/5965/5965 5966/5966/5966 5967/5967/5967
f 5968/5968/5968 5969/5969/5969 5970/5970/5970
f 5971/5971/5971 5972/5972/5972 5973/5973/5973
f 5974/5974/5974 5975/5975/5975 5976/5976/5976
f 5977/5977/5977 5978/5978/5978 5979/5979/5979
f 5980/5980/5980 5981/5981/5981 5982/5982/5982
f 5983/5983/5983 5984/5984/5984 5985/5985/5985
f 5986/5986/5986 5987/5987/5987 5988/5988/5988
f 5989/5989/5989 5990/5990/5990 5991/5991/5991
f 5992/5992/5992 5993/5993/5993 5994/5994/5994
f 5995/5995/5995 5996/5996/5996 5997/5997/5997
f 5998/5998/5998 5999/5999/5999 6000/6000/6000
f 6001/6001/6001 6002/6002/6002 6003/6003/6003
f 6004/6004/6004 6005/6005/6005 6006/6006/6006
f 6007/6007/6007 6008/6008/6008 6009/6009/6009
f 6010/6010/6010 6011/6011/6011 6012/6012/6012
f 6013/6013/6013 6014/6014/6014 6015/6015/6015
f 6016/6016/6016 6017/6017/6017 6018/6018/6018
f 6019/6019/6019 6020/6020/6020 6021/6021/6021
f 6022/6022/6022 6023/6023/6023 6024/6024/6024
f 6025/6025/6025 6026/6026/6026 6027/6027/6027
f 6028/6028/6028 6029/6029/6029 6030/6030/6030
f 6031/6031/6031 6032/6032/6032 6033/6033/6033
f 6034/6034/6034 6035/6035/6035 6036/6036/6036
f 6037/6037/6037 6038/6038/6038 6039/6039/6039
f 6040/6040/6040 6041/6041/6041 6042/6042/6042
f 6043/6043/6043 6044/6044/6044 6045/6045/6045
f 6046/6046/6046 6047/6047/6047 6048/6048/6048
f 6049/6049/6049 6050/6050/6050 6051/6051/6051
f 6052/6052/6052 6053/6053/6053 6054/6054/6054
f 6055/6055/6055 6056/6056/6056 6057/6057/6057
f 6058/6058/6058 6059/6059/6059 6060/6060/6060
f 6061/6061/6061 6062/6062/6062 6063/6063/6063
f 6064/6064/6064 6065/6065/6065 6066/6066/6066
f 6067/6067/6067 6068/6068/6068 6069/6069/6069
f 6070/6070/6070 6071/6071/6071 6072/6072/6072
f 6073/6073/6073 6074/6074/6074 6075/6075/6075
f 6076/6076/6076 6077/6077/6077 6078/6078/6078
f 6079/6079/6079 6080/6080/6080 6081/6081/6081
f 6082/6082/6082 6083/6083/6083 6084/6084/6084
f 6085/6085/6085 6086/6086/6086 6087/6087/6087
f 6088/6088/6088 6089/6089/6089 6090/6090/6090
f 6091/6091/6091 6092/6092/6092 6093/6093/6093
f 6094/6094/6094 6095/6095/6095 6096/6096/6096
f 6097/6097/6097 6098/6098/6098 6099/6099/6099
f 6100/6100/6100 6101/6101/6101 6102/6102/6102
f 6103/6103/6103 6104/6104/6104 6105/6105/6105
f 6106/6106/6106 6107/6107/6107 6108/6108/6108
f 6109/6109/6109 6110/6110/6110 6111/6111/6111
f 6112/6112/6112 6113/6113/6113 6114/6114/6114
f 6115/6115/6115 6116/6116/6116 6117/6117/6117
f 6118/6118/6118 6119/6119/6119 6120/6120/6120
f 6121/6121/6121 6122/6122/6122 6123/6123/6123
f 6124/6124/6124 6125/6125/6125 6126/6126/6126
f 6127/6127/6127 6128/6128/6128 6129/6129/6129
f 6130/6130/6130 6131/6131/6131 6132/6132/6132
f 6133/6133/6133 6134/6134/6134 6135/6135/6135
f 6136/6136/6136 6137/6137/6137 6138/6138/6138
f 6139/6139/6139 6140/6140/6140 6141/6141/6141
f 6142/6142/6142 6143/6143/6143 6144/6144/6144
f 6145/6145/6145 6146/6146/6146 6147/6147/6147
f 6148/6148/6148 6149/6149/6149 6150/6150/6150
f 6151/6151/6151 6152/6152/6152 6153/6153/6153
f 6154/6154/6154 6155/6155/6155 6156/6156/6156
f 6157/6157/6157 6158/6158/6158 6159/6159/6159
f 6160/6160/6160 6161/6161/6161 6162/6162/6162
f 6163/6163/6163 6164/6164/6164 6165/6165/6165
f 6166/6166/6166 6167/6167/6167 6168/6168/6168
f 6169/6169/6169 6170/6170/6170 6171/6171/6171
f 6172/6172/6172 6173/6173/6173 6174/6174/6174
f 6175/6175/6175 6176/6176/6176 6177/6177/6177
f 6178/6178/6178 6179/6179/6179 6180/6180/6180
f 6181/6181/6181 6182/6182/6182 6183/6183/6183
f 6184/6184/6184 6185/6185/6185 6186/6186/6186
f 6187/6187/6187 6188/6188/6188 6189/6189/6189
f 6190/6190/6190 6191/6191/6191 6192/6192/6192
f 6193/6193/6193 6194/6194/6194 6195/6195/6195
f 6196/6196/6196 6197/6197/6197 6198/6198/6198
f 6199/6199/6199 6200/6200/6200 6201/6201/6201
f 6202/6202/6202 6203/6203/6203 6204/6204/6204
f 6205/6205/6205 6206/6206/6206 6207/6207/6207
f 6208/6208/6208 6209/6209/6209 6210/6210/6210
f 6211/6211/6211 6212/6212/6212 6213/6213/6213
f 6214/6214/6214 6215/6215/6215 6216/6216/6216
f 6217/6217/6217 6218/6218/6218 6219/6219/6219
f 6220/6220/6220 6221/6221/6221 6222/6222/6222
f 6223/6223/6223 6224/6224/6224 6225/6225/6225
f 6226/6226/6226 6227/6227/6227 6228/6228/6228
f 6229/6229/6229 6230/6230/6230 6231/6231/6231
f 6232/6232/6232 6233/6233/6233 6234/6234/6234
f 6235/6235/6235 6236/6236/6236 6237/6237/6237
f 6238/6238/6238 6239/6239/6239 6240/6240/6240
f 6241/6241/6241 6242/6242/6242 6243/6243/6243
f 6244/6244/6244 6245/6245/6245 6246/6246/6246
f 6247/6247/6247 6248/6248/6248 6249/6249/6249
f 6250/6250/6250 6251/6251/6251 6252/6252/6252
f 6253/6253/6253 6254/6254/6254 6255/6255/6255
f 6256/6256/6256 6257/6257/6257 6258/6258/6258
f 6259/6259/6259 6260/6260/6260 6261/6261/6261
f 6262/6262/6262 6263/6263/6263 6264/6264/6264
f 6265/6265/6265 6266/6266/6266 6267/6267/6267
f 6268/6268/6268 6269/6269/6269 6270/6270/6270
f 6271/6271/6271 6272/6272/6272 6273/6273/6273
f 6274/6274/6274 6275/6275/6275 6276/6276/6276
f 6277/6277/6277 6278/6278/6278 6279/6279/6279
f 6280/6280/6280 6281/6281/6281 6282/6282/6282
f 6283/6283/6283 6284/6284/6284 6285/6285/6285
f 6286/6286/6286 6287/6287/6287 6288/6288/6288
f 6289/6289/6289 6290/6290/6290 6291/6291/6291
f 6292/6292/6292 6293/6293/6293 6294/6294/6294
f 6295/6295/6295 6296/6296/6296 6297/6297/6297
f 6298/6298/6298 6299/6299/6299 6300/6300/6300
f 6301/6301/6301 6302/6302/6302 6303/6303/6303
f 6304/6304/6304 6305/6305/6305 6306/6306/6306
f 6307/6307/6307 6308/6308/6308 6309/6309/6309
f 6310/6310/6310 6311/6311/6311 6312/6312/6312
f 6313/6313/6313 6314/6314/6314 6315/6315/6315
f 6316/6316/6316 6317/6317/6317 6318/6318/6318
f 6319/6319/6319 6320/6320/6320 6321/6321/6321
f 6322/6322/6322 6323/6323/6323 6324/6324/6324
f 6325/6325/6325 6326/6326/6326 6327/6327/6327
f 6328/6328/6328 6329/6329/6329 6330/6330/6330
f 6331/6331/6331 6332/6332/6332 6333/6333/6333
f 6334/6334/6334 6335/6335/6335 6336/6336/6336
f 6337/6337/6337 6338/6338/6338 6339/6339/6339
f 6340/6340/6340 6341/6341/6341 6342/6342/6342
f 6343/6343/6343 6344/6344/6344 6345/6345/6345
f 6346/6346/6346 6347/6347/6347 6348/6348/6348
f 6349/6349/6349 6350/6350/6350 6351/6351/6351
f 6352/6352/6352 6353/6353/6353 6354/6354/6354
f 6355/6355/6355 6356/6356/6356 6357/6357/6357
f 6358/6358/6358 6359/6359/6359 6360/6360/6360
f 6361/6361/6361 6362/6362/6362 6363/6363/6363
f 6364/6364/6364 6365/6365/6365 6366/6366/6366
f 6367/6367/6367 6368/6368/6368 6369/6369/6369
f 6370/6370/6370 6371/6371/6371 6372/6372/6372
f 6373/6373/6373 6374/6374/6374 6375/6375/6375
f 6376/6376/6376 6377/6377/6377 6378/6378/6378
f 6379/6379/6379 6380/6380/6380 6381/6381/6381
f 6382/6382/6382 6383/6383/6383 6384/6384/6384
f 6385/6385/6385 6386/6386/6386 6387/6387/6387
f 6388/6388/6388 6389/6389/6389 6390/6390/6390
f 6391/6391/6391 6392/6392/6392 6393/6393/6393
f 6394/6394/6394 6395/6395/6395 6396/6396/6396
f 6397/6397/6397 6398/6398/6398 6399/6399/6399
f 6400/6400/6400 6401/6401/6401 6402/6402/6402
f 6403/6403/6403 6404/6404/6404 6405/6405/6405
f 6406/6406/6406 6407/6407/6407 6408/6408/6408
f 6409/6409/6409 6410/6410/6410 6411/6411/6411
f 6412/6412/6412 6413/6413/6413 6414/6414/6414
f 6415/6415/6415 6416/6416/6416 6417/6417/6417
f 6418/6418/6418 6419/6419/6419 6420/6420/6420
f 6421/6421/6421 6422/6422/6422 6423/6423/6423
f 6424/6424/6424 6425/6425/6425 6426/6426/6426
f 6427/6427/6427 6428/6428/6428 6429/6429/6429
f 6430/6430/6430 6431/6431/6431 6432/6432/6432
f 6433/6433/6433 6434/6434/6434 6435/6435/6435
f 6436/6436/6436 6437/6437/6437 6438/6438/6438
f 6439/6439/6439 6440/6440/6440 6441/6441/6441
f 6442/6442/6442 6443/6443/6443 6444/6444/6444
f 6445/6445/6445 6446/6446/6446 6447/6447/6447
f 6448/6448/6448 6449/6449/6449 6450/6450/6450
f 6451/6451/6451 6452/6452/6452 6453/6453/6453
f 6454/6454/6454 6455/6455/6455 6456/6456/6456
f 6457/6457/6457 6458/6458/6458 6459/6459/6459
f 6460/6460/6460 6461/6461/6461 6462/6462/6462
f 6463/6463/6463 6464/6464/6464 6465/6465/6465
f 6466/6466/6466 6467/6467/6467 6468/6468/6468
f 6469/6469/6469 6470/6470/6470 6471/6471/6471
f 6472/6472/6472 6473/6473/6473 6474/6474/6474
f 6475/6475/6475 6476/6476/6476 6477/6477/6477
f 6478/6478/6478 6479/6479/6479 6480/6480/6480
f 6481/6481/6481 6482/6482/6482 6483/6483/6483
f 6484/6484/6484 6485/6485/6485 6486/6486/6486
f 6487/6487/6487 6488/6488/6488 6489/6489/6489
f 6490/6490/6490 6491/6491/6491 6492/6492/6492
f 6493/6493/6493 6494/6494/6494 6495/6495/6495
f 6496/6496/6496 6497/6497/6497 6498/6498/6498
f 6499/6499/6499 6500/6500/6500 6501/6501/6501
f 6502/6502/6502 6503/6503/6503 6504/6504/6504
f 6505/6505/6505 6506/6506/6506 6507/6507/6507
f 6508/6508/6508 6509/6509/6509 6510/6510/6510
f 6511/6511/6511 6512/6512/6512 6513/6513/6513
f 6514/6514/6514 6515/6515/6515 6516/6516/6516
f 6517/6517/6517 6518/6518/6518 6519/6519/6519
f 6520/6520/6520 6521/6521/6521 6522/6522/6522
f 6523/6523/6523 6524/6524/6524 6525/6525/6525
f 6526/6526/6526 6527/6527/6527 6528/6528/6528
f 6529/6529/6529 6530/6530/6530 6531/6531/6531
f 6532/6532/6532 6533/6533/6533 6534/6534/6534
f 6535/6535/6535 6536/6536/6536 6537/6537/6537
f 6538/6538/6538 6539/6539/6539 6540/6540/6540
f 6541/6541/6541 6542/6542/6542 6543/6543/6543
f 6544/6544/6544 6545/6545/6545 6546/6546/6546
f 6547/6547/6547 6548/6548/6548 6549/6549/6549
f 6550/6550/6550 6551/6551/6551 6552/6552/6552
f 6553/6553/6553 6554/6554/6554 6555/6555/6555
f 6556/6556/6556 6557/6557/6557 6558/6558/6558
f 6559/6559/6559 6560/6560/6560 6561/6561/6561
f 6562/6562/6562 6563/6563/6563 6564/6564/6564
f 6565/6565/6565 6566/6566/6566 6567/6567/6567
f 6568/6568/6568 6569/6569/6569 6570/6570/6570
f 6571/6571/6571 6572/6572/6572 6573/6573/6573
f 6574/6574/6574 6575/6575/6575 6576/6576/6576
f 6577/6577/6577 6578/6578/6578 6579/6579/6579
f 6580/6580/6580 6581/6581/6581 6582/6582/6582
f 6583/6583/6583 6584/6584/6584 6585/6585/6585
f 6586/6586/6586 6587/6587/6587 6588/6588/6588
f 6589/6589/6589 6590/6590/6590 6591/6591/6591
f 6592/6592/6592 6593/6593/6593 6594/6594/6594
f 6595/6595/6595 6596/6596/6596 6597/6597/6597
f 6598/6598/6598 6599/6599/6599 6600/6600/6600
f 6601/6601/6601 6602/6602/6602 6603/6603/6603
f 6604/6604/6604 6605/6605/6605 6606/6606/6606
f 6607/6607/6607 6608/6608/6608 6609/6609/6609
f 6610/6610/6610 6611/6611/6611 6612/6612/6612
f 6613/6613/6613 6614/6614/6614 6615/6615/6615
f 6616/6616/6616 6617/6617/6617 6618/6618/6618
f 6619/6619/6619 6620/6620/6620 6621/6621/6621
f 6622/6622/6622 6623/6623/6623 6624/6624/6624
f 6625/6625/6625 6626/6626/6626 6627/6627/6627
f 6628/6628/6628 6629/6629/6629 6630/6630/6630
f 6631/6631/6631 6632/6632/6632 6633/6633/6633
f 6634/6634/6634 6635/6635/6635 6636/6636/6636
f 6637/6637/6637 6638/6638/6638 6639/6639/6639
f 6640/6640/6640 6641/6641/6641 6642/6642/6642
f 6643/6643/6643 6644/6644/6644 6645/6645/6645
f 6646/6646/6646 6647/6647/6647 6648/6648/6648
f 6649/6649/6649 6650/6650/6650 6651/6651/6651
f 6652/6652/6652 6653/6653/6653 6654/6654/6654
f 6655/6655/6655 6656/6656/6656 6657/6657/6657
f 6658/6658/6658 6659/6659/6659 6660/6660/6660
f 6661/6661/6661 6662/6662/6662 6663/6663/6663
f 6664/6664/6664 6665/6665/6665 6666/6666/6666
f 6667/6667/6667 6668/6668/6668 6669/6669/6669
f 6670/6670/6670 6671/6671/6671 6672/6672/6672
f 6673/6673/6673 6674/6674/6674 6675/6675/6675
f 6676/6676/6676 6677/6677/6677 6678/6678/6678
f 6679/6679/6679 6680/6680/6680 6681/6681/6681
f 6682/6682/6682 6683/6683/6683 6684/6684/6684
f 6685/6685/6685 6686/6686/6686 6687/6687/6687
f 6688/6688/6688 6689/6689/6689 6690/6690/6690
f 6691/6691/6691 6692/6692/6692 6693/6693/6693
f 6694/6694/6694 6695/6695/6695 6696/6696/6696
f 6697/6697/6697 6698/6698/6698 6699/6699/6699
f 6700/6700/6700 6701/6701/6701 6702/6702/6702
f 6703/6703/6703 6704/6704/6704 6705/6705/6705
f 6706/6706/6706 6707/6707/6707 6708/6708/6708
f 6709/6709/6709 6710/6710/6710 6711/6711/6711
f 6712/6712/6712 6713/6713/6713 6714/6714/6714
f 6715/6715/6715 6716/6716/6716 6717/6717/6717
f 6718/6718/6718 6719/6719/6719 6720/6720/6720
f 6721/6721/6721 6722/6722/6722 6723/6723/6723
f 6724/6724/6724 6725/6725/6725 6726/6726/6726
f 6727/6727/6727 6728/6728/6728 6729/6729/6729
f 6730/6730/6730 6731/6731/6731 6732/6732/6732
f 6733/6733/6733 6734/6734/6734 6735/6735/6735
f 6736/6736/6736 6737/6737/6737 6738/6738/6738
f 6739/6739/6739 6740/6740/6740 6741/6741/6741
f 6742/6742/6742 6743/6743/6743 6744/6744/6744
f 6745/6745/6745 6746/6746/6746 6747/6747/6747
f 6748/6748/6748 6749/6749/6749 6750/6750/6750
f 6751/6751/6751 6752/6752/6752 6753/6753/6753
f 6754/6754/6754 6755/6755/6755 6756/6756/6756
f 6757/6757/6757 6758/6758/6758 6759/6759/6759
f 6760/6760/6760 6761/6761/6761 6762/6762/6762
f 6763/6763/6763 6764/6764/6764 6765/6765/6765
f 6766/6766/6766 6767/6767/6767 6768/6768/6768
f 6769/6769/6769 6770/6770/6770 6771/6771/6771
f 6772/6772/6772 6773/6773/6773 6774/6774/6774
f 6775/6775/6775 6776/6776/6776 6777/6777/6777
f 6778/6778/6778 6779/6779/6779 6780/6780/6780
f 6781/6781/6781 6782/6782/6782 6783/6783/6783
f 6784/6784/6784 6785/6785/6785 6786/6786/6786
f 6787/6787/6787 6788/6788/6788 6789/6789/6789
f 6790/6790/6790 6791/6791/6791 6792/6792/6792
f 6793/6793/6793 6794/6794/6794 6795/6795/6795
f 6796/6796/6796 6797/6797/6797 6798/6798/6798
f 6799/6799/6799 6800/6800/6800 6801/6801/6801
f 6802/6802/6802 6803/6803/6803 6804/6804/6804
f 6805/6805/6805 6806/6806/6806 6807/6807/6807
f 6808/6808/6808 6809/6809/6809 6810/6810/6810
f 6811/6811/6811 6812/6812/6812 6813/6813/6813
f 6814/6814/6814 6815/6815/6815 6816/6816/6816
f 6817/6817/6817 6818/6818/6818 6819/6819/6819
f 6820/6820/6820 6821/6821/6821 6822/6822/6822
f 6823/6823/6823 6824/6824/6824 6825/6825/6825
f 6826/6826/6826 6827/6827/6827 6828/6828/6828
f 6829/6829/6829 6830/6830/6830 6831/6831/6831
f 6832/6832/6832 6833/6833/6833 6834/6834/6834
f 6835/6835/6835 6836/6836/6836 6837/6837/6837
f 6838/6838/6838 6839/6839/6839 6840/6840/6840
f 6841/6841/6841 6842/6842/6842 6843/6843/6843
f 6844/6844/6844 6845/6845/6845 6846/6846/6846
