<?xml version="1.0" encoding="UTF-8" standalone="no" ?>
<COLLADA xmlns="http://www.collada.org/2005/11/COLLADASchema" version="1.4.1">
  <asset>
    <contributor>
      <author>Assimp</author>
      <authoring_tool>THREE.GLTFExporter r184</authoring_tool>
    </contributor>
    <created>2026-09-06T20:16:50</created>
    <modified>2026-09-06T20:16:50</modified>
    <unit name="meter" meter="1" />
    <up_axis>Y_UP</up_axis>
  </asset>
  <library_images>
  </library_images>
  <library_effects>
    <effect id="Paek_eBeigef-fx" name="Paek_(Beige)">
      <profile_COMMON>
        <technique sid="standard">
          <phong>
            <emission>
              <color sid="emission">0   0   0   1</color>
            </emission>
            <diffuse>
              <color sid="diffuse">0.898038983   0.792156994   0.619607985   1</color>
            </diffuse>
            <shininess>
              <float sid="shininess">0</float>
            </shininess>
            <transparency>
              <float sid="transparency">1</float>
            </transparency>
          </phong>
        </technique>
      </profile_COMMON>
    </effect>
    <effect id="material_1-fx" name="">
      <profile_COMMON>
        <technique sid="standard">
          <phong>
            <emission>
              <color sid="emission">0   0   0   1</color>
            </emission>
            <diffuse>
              <color sid="diffuse">1   1   1   1</color>
            </diffuse>
            <shininess>
              <float sid="shininess">0</float>
            </shininess>
            <transparency>
              <float sid="transparency">1</float>
            </transparency>
          </phong>
        </technique>
      </profile_COMMON>
    </effect>
  </library_effects>
  <library_materials>
    <material id="Paek_eBeigef" name="Paek_(Beige)">
      <instance_effect url="#Paek_eBeigef-fx"/>
    </material>
    <material id="material_1" name="">
      <instance_effect url="#material_1-fx"/>
    </material>
  </library_materials>
  <library_geometries>
    <geometry id="meshesQ0S" name="meshes[0]" >
      <mesh>
        <source id="meshesQ0S-positions" name="meshesQ0S-positions">
          <float_array id="meshesQ0S-positions-array" count="7518"> 0.0599999987 3.4386611 -0.167374998 -0 3.4386611 -0.167374998 0.0599999987 3.40088105 -0.144488007 -0 3.40088105 -0.144488007 0.0599999987 3.37024593 -0.112664998 -0 3.37024593 -0.112664998 0.0599999987 3.34881401 -0.0740410015 -0 3.34881401 -0.0740410015 0.0599999987 3.33802104 -0.0312070008 -0 3.33802104 -0.0312070008 0.0599999987 3.33859396 0.0129620004 -0 3.33859396 0.0129620004 0.0599999987 3.350492 0.0555009991 -0 3.350492 0.0555009991 0.0599999987 3.37291789 0.0935570002 -0 3.37291789 0.0935570002 0.0599999987 3.40436602 0.124576002 -0 3.40436602 0.124576002 0.0599999987 3.44272709 0.146476999 -0 3.44272709 0.146476999 0.0599999987 3.48542595 0.157789007 -0 3.48542595 0.157789007 0.0599999987 3.52959895 0.157754004 -0 3.52959895 0.157754004 0.0599999987 3.57227993 0.146374002 -0 3.57227993 0.146374002 0.0599999987 3.61060596 0.124412 -0 3.61060596 0.124412 0.0599999987 3.64200497 0.0933429971 -0 3.64200497 0.0933429971 0.0599999987 3.66437006 0.0552509986 -0 3.66437006 0.0552509986 0.0599999987 3.67619991 0.012693 -0 3.67619991 0.012693 0.0599999987 3.67670202 -0.0314770006 -0 3.67670202 -0.0314770006 0.0599999987 3.66584206 -0.0742930025 -0 3.66584206 -0.0742930025 0.0599999987 3.64434791 -0.112883002 -0 3.64434791 -0.112883002 0.0599999987 3.61366296 -0.144657999 -0 3.61366296 -0.144657999 0.0599999987 3.575845 -0.167484 -0 3.575845 -0.167484 -0 3.43851709 -0.348084003 -0 3.4386611 -0.167374998 0.0599999987 3.43851709 -0.348084003 0.0599999987 3.4386611 -0.167374998 -0 3.57570195 -0.34819299 -0 3.65324593 -0.319011003 0.0599999987 3.57570195 -0.34819299 0.0599999987 3.65324593 -0.319011003 -0 3.721385 -0.269986004 0.0599999987 3.721385 -0.269986004 -0 3.77572298 -0.204281002 0.0599999987 3.77572298 -0.204281002 -0 3.81275702 -0.126132995 0.0599999987 3.81275702 -0.126132995 -0 3.83009911 -0.0405800007 0.0599999987 3.83009911 -0.0405800007 -0 3.82663012 0.0468599983 0.0599999987 3.82663012 0.0468599983 -0 3.80257297 0.130548 0.0599999987 3.80257297 0.130548 -0 3.75948191 0.205089003 0.0599999987 3.75948191 0.205089003 -0 3.70013309 0.265675008 0.0599999987 3.70013309 0.265675008 -0 3.62835407 0.308400005 0.0599999987 3.62835407 0.308400005 -0 3.54877496 0.33050701 0.0599999987 3.54877496 0.33050701 -0 3.46652508 0.330572993 0.0599999987 3.46652508 0.330572993 -0 3.38691092 0.308591992 0.0599999987 3.38691092 0.308591992 -0 3.31506395 0.265982002 0.0599999987 3.31506395 0.265982002 -0 3.25561905 0.205489993 0.0599999987 3.25561905 0.205489993 -0 3.21240807 0.131017998 0.0599999987 3.21240807 0.131017998 -0 3.18821907 0.0473680012 0.0599999987 3.18821907 0.0473680012 -0 3.18461108 -0.0400660001 0.0599999987 3.18461108 -0.0400660001 -0 3.20181608 -0.125646994 0.0599999987 3.20181608 -0.125646994 -0 3.23872495 -0.203853995 0.0599999987 3.23872495 -0.203853995 -0 3.29295897 -0.269645005 0.0599999987 3.29295897 -0.269645005 -0 3.3610189 -0.318778008 0.0599999987 3.3610189 -0.318778008 -0 3.43851709 -0.348084003 0.0599999987 3.43851709 -0.348084003 -0 3.575845 -0.167484 -0 3.57570195 -0.34819299 0.0599999987 3.575845 -0.167484 0.0599999987 3.57570195 -0.34819299 0.0599999987 3.57570195 -0.34819299 0.0599999987 3.65324593 -0.319011003 0.0599999987 3.575845 -0.167484 0.0599999987 3.61366296 -0.144657999 0.0599999987 3.721385 -0.269986004 0.0599999987 3.64434791 -0.112883002 0.0599999987 3.77572298 -0.204281002 0.0599999987 3.66584206 -0.0742930025 0.0599999987 3.81275702 -0.126132995 0.0599999987 3.67670202 -0.0314770006 0.0599999987 3.83009911 -0.0405800007 0.0599999987 3.67619991 0.012693 0.0599999987 3.82663012 0.0468599983 0.0599999987 3.66437006 0.0552509986 0.0599999987 3.80257297 0.130548 0.0599999987 3.64200497 0.0933429971 0.0599999987 3.75948191 0.205089003 0.0599999987 3.61060596 0.124412 0.0599999987 3.70013309 0.265675008 0.0599999987 3.57227993 0.146374002 0.0599999987 3.62835407 0.308400005 0.0599999987 3.52959895 0.157754004 0.0599999987 3.54877496 0.33050701 0.0599999987 3.46652508 0.330572993 0.0599999987 3.48542595 0.157789007 0.0599999987 3.38691092 0.308591992 0.0599999987 3.44272709 0.146476999 0.0599999987 3.31506395 0.265982002 0.0599999987 3.40436602 0.124576002 0.0599999987 3.25561905 0.205489993 0.0599999987 3.37291789 0.0935570002 0.0599999987 3.21240807 0.131017998 0.0599999987 3.350492 0.0555009991 0.0599999987 3.18821907 0.0473680012 0.0599999987 3.33859396 0.0129620004 0.0599999987 3.18461108 -0.0400660001 0.0599999987 3.33802104 -0.0312070008 0.0599999987 3.20181608 -0.125646994 0.0599999987 3.34881401 -0.0740410015 0.0599999987 3.23872495 -0.203853995 0.0599999987 3.37024593 -0.112664998 0.0599999987 3.29295897 -0.269645005 0.0599999987 3.40088105 -0.144488007 0.0599999987 3.3610189 -0.318778008 0.0599999987 3.4386611 -0.167374998 0.0599999987 3.43851709 -0.348084003 -0 3.1010201 -0.387205988 -0 3.10085297 -0.596773028 0.0599999987 3.1010201 -0.387205988 0.0599999987 3.10085297 -0.596773028 -0 3.91296911 -0.597419024 -0 3.1010201 -0.387205988 0.0599999987 3.91296911 -0.597419024 0.0599999987 3.1010201 -0.387205988 -0 3.91280293 -0.806985021 -0 3.91296911 -0.597419024 0.0599999987 3.91280293 -0.806985021 0.0599999987 3.91296911 -0.597419024 -0 3.10085297 -0.596773028 -0 3.91280293 -0.806985021 0.0599999987 3.10085297 -0.596773028 0.0599999987 3.91280293 -0.806985021 0.0599999987 3.91280293 -0.806985021 0.0599999987 3.91296911 -0.597419024 0.0599999987 3.10085297 -0.596773028 0.0599999987 3.1010201 -0.387205988 -0 3.10215497 1.03779304 -0 3.10198808 0.828226984 0.0599999987 3.10215497 1.03779304 0.0599999987 3.10198808 0.828226984 -0 3.91410398 0.827579975 -0 3.10215497 1.03779304 0.0599999987 3.91410398 0.827579975 0.0599999987 3.10215497 1.03779304 -0 3.91393709 0.618013978 -0 3.91410398 0.827579975 0.0599999987 3.91393709 0.618013978 0.0599999987 3.91410398 0.827579975 -0 3.10198808 0.828226984 -0 3.91393709 0.618013978 0.0599999987 3.10198808 0.828226984 0.0599999987 3.91393709 0.618013978 0.0599999987 3.91393709 0.618013978 0.0599999987 3.91410398 0.827579975 0.0599999987 3.10198808 0.828226984 0.0599999987 3.10215497 1.03779304 -0 3.10082102 -0.637206018 -0 3.10065389 -0.846772015 0.0599999987 3.10082102 -0.637206018 0.0599999987 3.10065389 -0.846772015 -0 3.91277003 -0.847419024 -0 3.10082102 -0.637206018 0.0599999987 3.91277003 -0.847419024 0.0599999987 3.10082102 -0.637206018 -0 3.9126029 -1.05698502 -0 3.91277003 -0.847419024 0.0599999987 3.9126029 -1.05698502 0.0599999987 3.91277003 -0.847419024 -0 3.10065389 -0.846772015 -0 3.9126029 -1.05698502 0.0599999987 3.10065389 -0.846772015 0.0599999987 3.9126029 -1.05698502 0.0599999987 3.9126029 -1.05698502 0.0599999987 3.91277003 -0.847419024 0.0599999987 3.10065389 -0.846772015 0.0599999987 3.10082102 -0.637206018 -0 3.101789 0.578226984 -0 3.91373801 0.368014008 0.0599999987 3.101789 0.578226984 0.0599999987 3.91373801 0.368014008 -0 3.10195589 0.787792981 -0 3.101789 0.578226984 0.0599999987 3.10195589 0.787792981 0.0599999987 3.101789 0.578226984 -0 3.91390491 0.577579975 -0 3.10195589 0.787792981 0.0599999987 3.91390491 0.577579975 0.0599999987 3.10195589 0.787792981 -0 3.91373801 0.368014008 -0 3.91390491 0.577579975 0.0599999987 3.91373801 0.368014008 0.0599999987 3.91390491 0.577579975 0.0599999987 3.91373801 0.368014008 0.0599999987 3.91390491 0.577579975 0.0599999987 3.101789 0.578226984 0.0599999987 3.10195589 0.787792981 0.075000003 4.5999999 0.972350001 0.193286002 4.5999999 0.895464003 0.075000003 5.0999999 0.972350001 0.193286002 5.0999999 0.895464003 0.138788 4.5999999 0.811619997 0.075000003 4.5999999 0.853082001 0.138788 5.0999999 0.811619997 0.075000003 5.0999999 0.853082001 0.247632995 4.5999999 0.213658005 0.187658995 4.5999999 0.123875998 0.247632995 5.0999999 0.213658005 0.187658995 5.0999999 0.123875998 0.103808001 4.5999999 0.178378999 0.164479002 4.5999999 0.269205004 0.103808001 5.0999999 0.178378999 0.164479002 5.0999999 0.269205004 0.87310499 4.5999999 1.14999998 0.79359901 4.5999999 1.03097701 0.87310499 5.0999999 1.14999998 0.79359901 5.0999999 1.03097701 0.710444987 4.5999999 1.08652306 0.752847016 4.5999999 1.14999998 0.710444987 5.0999999 1.08652306 0.752847016 5.0999999 1.14999998 0.878885984 4.5999999 0.330556005 0.792461991 4.5999999 0.197596997 0.878885984 5.0999999 0.330556005 0.792461991 5.0999999 0.197596997 0.708617985 4.5999999 0.252095997 0.795041025 4.5999999 0.385055006 0.708617985 5.0999999 0.252095997 0.795041025 5.0999999 0.385055006 0.795041025 4.5999999 0.385055006 0.764791012 4.5999999 0.404716998 0.795041025 5.0999999 0.385055006 0.764791012 5.0999999 0.404716998 0.849539995 4.5999999 0.468899012 0.925000012 4.5999999 0.584990978 0.849539995 5.0999999 0.468899012 0.925000012 5.0999999 0.584990978 0.925000012 4.5999999 0.300581992 0.878885984 4.5999999 0.330556005 0.925000012 5.0999999 0.300581992 0.878885984 5.0999999 0.330556005 0.819289982 4.5999999 0.488561988 0.849539995 4.5999999 0.468899012 0.819289982 5.0999999 0.488561988 0.849539995 5.0999999 0.468899012 0.638315976 4.5999999 -0.039551001 0.579141974 4.5999999 -0.130587995 0.638315976 5.0999999 -0.039551001 0.579141974 5.0999999 -0.130587995 0.495297998 4.5999999 -0.0760890022 0.554472029 4.5999999 0.0149480002 0.495297998 5.0999999 -0.0760890022 0.554472029 5.0999999 0.0149480002 0.819289982 4.5999999 0.906001985 0.925000012 4.5999999 0.837289989 0.819289982 5.0999999 0.906001985 0.925000012 5.0999999 0.837289989 0.925000012 4.5999999 0.718021989 0.764791012 4.5999999 0.822157025 0.925000012 5.0999999 0.718021989 0.764791012 5.0999999 0.822157025 0.075000003 4.5999999 0.554910004 0.193286002 4.5999999 0.478024006 0.075000003 5.0999999 0.554910004 0.193286002 5.0999999 0.478024006 0.138788 4.5999999 0.39418 0.075000003 4.5999999 0.435642004 0.138788 5.0999999 0.39418 0.075000003 5.0999999 0.435642004 0.443908006 4.5999999 1.14999998 0.582141995 4.5999999 1.060148 0.443908006 5.0999999 1.14999998 0.582141995 5.0999999 1.060148 0.527643979 4.5999999 0.976302981 0.260417998 4.5999999 1.14999998 0.527643979 5.0999999 0.976302981 0.260417998 5.0999999 1.14999998 0.430433989 4.5999999 0.32387799 0.582141995 4.5999999 0.225268006 0.430433989 5.0999999 0.32387799 0.582141995 5.0999999 0.225268006 0.527643979 4.5999999 0.141423002 0.375934988 4.5999999 0.240033999 0.527643979 5.0999999 0.141423002 0.375934988 5.0999999 0.240033999 0.819289982 4.5999999 0.0711219981 0.925000012 4.5999999 0.00240999996 0.819289982 5.0999999 0.0711219981 0.925000012 5.0999999 0.00240999996 0.925000012 4.5999999 -0.116857998 0.764791012 4.5999999 -0.0127229998 0.925000012 5.0999999 -0.116857998 0.764791012 5.0999999 -0.0127229998 0.636488974 4.5999999 0.79578203 0.548740029 4.5999999 0.664418995 0.636488974 5.0999999 0.79578203 0.548740029 5.0999999 0.664418995 0.548740029 4.5999999 0.664418995 0.582141995 4.5999999 0.642708004 0.548740029 5.0999999 0.664418995 0.582141995 5.0999999 0.642708004 0.527643979 4.5999999 0.558862984 0.493189007 4.5999999 0.581259012 0.527643979 5.0999999 0.558862984 0.493189007 5.0999999 0.581259012 0.493189007 4.5999999 0.581259012 0.404742002 4.5999999 0.448852986 0.493189007 5.0999999 0.581259012 0.404742002 5.0999999 0.448852986 0.32158801 4.5999999 0.504400015 0.409337997 4.5999999 0.635761976 0.32158801 5.0999999 0.504400015 0.409337997 5.0999999 0.635761976 0.46488899 4.5999999 0.718922973 0.553335011 4.5999999 0.851328015 0.46488899 5.0999999 0.718922973 0.553335011 5.0999999 0.851328015 0.430433989 4.5999999 0.741317987 0.46488899 4.5999999 0.718922973 0.430433989 5.0999999 0.741317987 0.46488899 5.0999999 0.718922973 0.409337997 4.5999999 0.635761976 0.375934988 4.5999999 0.657473981 0.409337997 5.0999999 0.635761976 0.375934988 5.0999999 0.657473981 0.579141974 4.5999999 -0.130587995 0.925000012 4.5999999 -0.355396003 0.579141974 5.0999999 -0.130587995 0.925000012 5.0999999 -0.355396003 0.187658995 4.5999999 0.123875998 0.495297998 4.5999999 -0.0760890022 0.187658995 5.0999999 0.123875998 0.495297998 5.0999999 -0.0760890022 0.103808001 5.0999999 0.178378999 0.075000003 5.0999999 0.197104007 0.103808001 4.5999999 0.178378999 0.075000003 4.5999999 0.197104007 0.075000003 4.5999999 0.435642004 0.075000003 4.5999999 0.197104007 0.075000003 5.0999999 0.435642004 0.075000003 5.0999999 0.197104007 0.075000003 5.0999999 0.972350001 0.075000003 5.0999999 1.14999998 0.075000003 4.5999999 0.972350001 0.075000003 4.5999999 1.14999998 0.075000003 4.5999999 0.853082001 0.075000003 4.5999999 0.554910004 0.075000003 5.0999999 0.853082001 0.075000003 5.0999999 0.554910004 0.752847016 5.0999999 1.14999998 0.752847016 4.5999999 1.14999998 0.675000012 5.0999999 1.14999998 0.569999993 5.0999999 1.14999998 0.675000012 5.6500001 1.14999998 0.569999993 5.6500001 1.14999998 0.443908006 4.5999999 1.14999998 0.443908006 5.0999999 1.14999998 0.260417998 5.0999999 1.14999998 0.260417998 4.5999999 1.14999998 0.25999999 5.0999999 1.14999998 0.155000001 5.0999999 1.14999998 0.25999999 5.6500001 1.14999998 0.155000001 5.6500001 1.14999998 0.075000003 4.5999999 1.14999998 0.075000003 5.0999999 1.14999998 0.638315976 4.5999999 -0.039551001 0.638315976 5.0999999 -0.039551001 0.671402991 4.5999999 -0.0437129997 0.671402991 5.0999999 -0.0437129997 0.704593003 4.5999999 -0.0404630005 0.704593003 5.0999999 -0.0404630005 0.73624301 4.5999999 -0.0299590006 0.73624301 5.0999999 -0.0299590006 0.764791012 4.5999999 -0.0127229998 0.764791012 5.0999999 -0.0127229998 0.554472029 5.0999999 0.0149480002 0.554472029 4.5999999 0.0149480002 0.537235022 5.0999999 0.0434960015 0.537235022 4.5999999 0.0434960015 0.526732028 5.0999999 0.0751470029 0.526732028 4.5999999 0.0751470029 0.523481011 5.0999999 0.108336002 0.523481011 4.5999999 0.108336002 0.527643979 5.0999999 0.141423002 0.527643979 4.5999999 0.141423002 0.708617985 4.5999999 0.252095997 0.708617985 5.0999999 0.252095997 0.67553103 4.5999999 0.256258011 0.67553103 5.0999999 0.256258011 0.642341018 4.5999999 0.253006995 0.642341018 5.0999999 0.253006995 0.610689998 4.5999999 0.242504001 0.610689998 5.0999999 0.242504001 0.582141995 4.5999999 0.225268006 0.582141995 5.0999999 0.225268006 0.792461991 5.0999999 0.197596997 0.792461991 4.5999999 0.197596997 0.809698999 5.0999999 0.169048995 0.809698999 4.5999999 0.169048995 0.820201993 5.0999999 0.137398005 0.820201993 4.5999999 0.137398005 0.823453009 5.0999999 0.104208998 0.823453009 4.5999999 0.104208998 0.819289982 5.0999999 0.0711219981 0.819289982 4.5999999 0.0711219981 0.925000012 5.0999999 -0.116857998 0.925000012 5.0999999 -0.355396003 0.925000012 4.5999999 -0.116857998 0.925000012 4.5999999 -0.355396003 0.925000012 4.5999999 0.837289989 0.925000012 4.5999999 1.14999998 0.925000012 5.0999999 0.837289989 0.925000012 5.0999999 1.14999998 0.925000012 4.5999999 0.584990978 0.925000012 4.5999999 0.718021989 0.925000012 5.0999999 0.584990978 0.925000012 5.0999999 0.718021989 0.527643979 4.5999999 0.976302981 0.527643979 5.0999999 0.976302981 0.523487985 4.5999999 0.943687022 0.523487985 5.0999999 0.943687022 0.526539028 4.5999999 0.910947978 0.526539028 5.0999999 0.910947978 0.536650002 4.5999999 0.879661024 0.536650002 5.0999999 0.879661024 0.553335011 4.5999999 0.851328015 0.553335011 5.0999999 0.851328015 0.764791012 5.0999999 0.822157025 0.764791012 4.5999999 0.822157025 0.735816002 5.0999999 0.804724991 0.735816002 4.5999999 0.804724991 0.703670979 5.0999999 0.794224977 0.703670979 4.5999999 0.794224977 0.66999203 5.0999999 0.791193008 0.66999203 4.5999999 0.791193008 0.636488974 5.0999999 0.79578203 0.636488974 4.5999999 0.79578203 0.79359901 5.0999999 1.03097701 0.79359901 4.5999999 1.03097701 0.810283005 5.0999999 1.00264394 0.810283005 4.5999999 1.00264394 0.82039398 5.0999999 0.971356988 0.82039398 4.5999999 0.971356988 0.823445976 5.0999999 0.938619018 0.823445976 4.5999999 0.938619018 0.819289982 5.0999999 0.906001985 0.819289982 4.5999999 0.906001985 0.193286002 5.0999999 0.895464003 0.193286002 4.5999999 0.895464003 0.225041002 5.0999999 0.914133012 0.225041002 4.5999999 0.914133012 0.260387003 5.0999999 0.924499989 0.260387003 4.5999999 0.924499989 0.297194988 5.0999999 0.925939977 0.297194988 4.5999999 0.925939977 0.333243012 5.0999999 0.918366015 0.333243012 4.5999999 0.918366015 0.366358995 5.0999999 0.902234972 0.366358995 4.5999999 0.902234972 0.394544989 5.0999999 0.878520012 0.394544989 4.5999999 0.878520012 0.416101992 5.0999999 0.848650992 0.416101992 4.5999999 0.848650992 0.429728001 5.0999999 0.814427972 0.429728001 4.5999999 0.814427972 0.434603989 5.0999999 0.777917027 0.434603989 4.5999999 0.777917027 0.430433989 5.0999999 0.741317987 0.430433989 4.5999999 0.741317987 0.138788 4.5999999 0.811619997 0.138788 5.0999999 0.811619997 0.134617999 4.5999999 0.775021017 0.134617999 5.0999999 0.775021017 0.139493003 4.5999999 0.738508999 0.139493003 5.0999999 0.738508999 0.153119996 4.5999999 0.704286993 0.153119996 5.0999999 0.704286993 0.174676999 4.5999999 0.674417973 0.174676999 5.0999999 0.674417973 0.202862993 4.5999999 0.650702 0.202862993 5.0999999 0.650702 0.235978007 4.5999999 0.634571016 0.235978007 5.0999999 0.634571016 0.272026986 4.5999999 0.626998007 0.272026986 5.0999999 0.626998007 0.308833987 4.5999999 0.628437996 0.308833987 5.0999999 0.628437996 0.344181001 4.5999999 0.638804972 0.344181001 5.0999999 0.638804972 0.375934988 4.5999999 0.657473981 0.375934988 5.0999999 0.657473981 0.764791012 5.0999999 0.404716998 0.764791012 4.5999999 0.404716998 0.733036995 5.0999999 0.386047989 0.733036995 4.5999999 0.386047989 0.69769001 5.0999999 0.375681013 0.69769001 4.5999999 0.375681013 0.660883009 5.0999999 0.374240994 0.660883009 4.5999999 0.374240994 0.624834001 5.0999999 0.381814986 0.624834001 4.5999999 0.381814986 0.591718972 5.0999999 0.397946 0.591718972 4.5999999 0.397946 0.563533008 5.0999999 0.42166099 0.563533008 4.5999999 0.42166099 0.541975975 5.0999999 0.451530993 0.541975975 4.5999999 0.451530993 0.528348982 5.0999999 0.485753 0.528348982 4.5999999 0.485753 0.523473978 5.0999999 0.522264004 0.523473978 4.5999999 0.522264004 0.527643979 5.0999999 0.558862984 0.527643979 4.5999999 0.558862984 0.819289982 4.5999999 0.488561988 0.819289982 5.0999999 0.488561988 0.823459983 4.5999999 0.525161028 0.823459983 5.0999999 0.525161028 0.818584025 4.5999999 0.561671972 0.818584025 5.0999999 0.561671972 0.804957986 4.5999999 0.595893979 0.804957986 5.0999999 0.595893979 0.783401012 4.5999999 0.625764012 0.783401012 5.0999999 0.625764012 0.755214989 4.5999999 0.649478972 0.755214989 5.0999999 0.649478972 0.722099006 4.5999999 0.665610015 0.722099006 5.0999999 0.665610015 0.686051011 4.5999999 0.673183978 0.686051011 5.0999999 0.673183978 0.649242997 4.5999999 0.671743989 0.649242997 5.0999999 0.671743989 0.613897026 4.5999999 0.661377013 0.613897026 5.0999999 0.661377013 0.582141995 4.5999999 0.642708004 0.582141995 5.0999999 0.642708004 0.849539995 4.5999999 0.468899012 0.823459983 4.5999999 0.525161028 0.925000012 4.5999999 0.584990978 0.818584025 4.5999999 0.561671972 0.804957986 4.5999999 0.595893979 0.819289982 4.5999999 0.488561988 0.925000012 4.5999999 0.718021989 0.783401012 4.5999999 0.625764012 0.755214989 4.5999999 0.649478972 0.722099006 4.5999999 0.665610015 0.735816002 4.5999999 0.804724991 0.764791012 4.5999999 0.822157025 0.703670979 4.5999999 0.794224977 0.686051011 4.5999999 0.673183978 0.66999203 4.5999999 0.791193008 0.649242997 4.5999999 0.671743989 0.636488974 4.5999999 0.79578203 0.613897026 4.5999999 0.661377013 0.548740029 4.5999999 0.664418995 0.582141995 4.5999999 0.642708004 0.710444987 4.5999999 1.08652306 0.676941991 4.5999999 1.09111202 0.752847016 4.5999999 1.14999998 0.643262029 4.5999999 1.08808005 0.443908006 4.5999999 1.14999998 0.611118019 4.5999999 1.07758105 0.582141995 4.5999999 1.060148 0.638315976 4.5999999 -0.039551001 0.671402991 4.5999999 -0.0437129997 0.579141974 4.5999999 -0.130587995 0.704593003 4.5999999 -0.0404630005 0.925000012 4.5999999 -0.355396003 0.925000012 4.5999999 -0.116857998 0.73624301 4.5999999 -0.0299590006 0.764791012 4.5999999 -0.0127229998 0.764791012 4.5999999 0.404716998 0.795041025 4.5999999 0.385055006 0.733036995 4.5999999 0.386047989 0.708617985 4.5999999 0.252095997 0.69769001 4.5999999 0.375681013 0.67553103 4.5999999 0.256258011 0.660883009 4.5999999 0.374240994 0.642341018 4.5999999 0.253006995 0.624834001 4.5999999 0.381814986 0.610689998 4.5999999 0.242504001 0.591718972 4.5999999 0.397946 0.582141995 4.5999999 0.225268006 0.430433989 4.5999999 0.32387799 0.434588999 4.5999999 0.356494993 0.563533008 4.5999999 0.42166099 0.431537986 4.5999999 0.389232993 0.541975975 4.5999999 0.451530993 0.421427011 4.5999999 0.420520991 0.528348982 4.5999999 0.485753 0.404742002 4.5999999 0.448852986 0.523473978 4.5999999 0.522264004 0.493189007 4.5999999 0.581259012 0.527643979 4.5999999 0.558862984 0.925000012 4.5999999 0.300581992 0.820201993 4.5999999 0.137398005 0.878885984 4.5999999 0.330556005 0.809698999 4.5999999 0.169048995 0.792461991 4.5999999 0.197596997 0.823453009 4.5999999 0.104208998 0.925000012 4.5999999 0.00240999996 0.819289982 4.5999999 0.0711219981 0.79359901 4.5999999 1.03097701 0.87310499 4.5999999 1.14999998 0.810283005 4.5999999 1.00264394 0.82039398 4.5999999 0.971356988 0.823445976 4.5999999 0.938619018 0.925000012 4.5999999 0.837289989 0.819289982 4.5999999 0.906001985 0.925000012 4.5999999 1.14999998 0.247632995 4.5999999 0.213658005 0.281136006 4.5999999 0.209068999 0.187658995 4.5999999 0.123875998 0.314815015 4.5999999 0.212100998 0.526732028 4.5999999 0.0751470029 0.523481011 4.5999999 0.108336002 0.346960008 4.5999999 0.222600996 0.527643979 4.5999999 0.141423002 0.375934988 4.5999999 0.240033999 0.495297998 4.5999999 -0.0760890022 0.537235022 4.5999999 0.0434960015 0.554472029 4.5999999 0.0149480002 0.164479002 4.5999999 0.269205004 0.103808001 4.5999999 0.178378999 0.147793993 4.5999999 0.297536999 0.137683004 4.5999999 0.328824013 0.075000003 4.5999999 0.197104007 0.134632006 4.5999999 0.361562997 0.075000003 4.5999999 0.435642004 0.138788 4.5999999 0.39418 0.193286002 4.5999999 0.895464003 0.075000003 4.5999999 0.972350001 0.225041002 4.5999999 0.914133012 0.260417998 4.5999999 1.14999998 0.260387003 4.5999999 0.924499989 0.297194988 4.5999999 0.925939977 0.333243012 4.5999999 0.918366015 0.527643979 4.5999999 0.976302981 0.366358995 4.5999999 0.902234972 0.523487985 4.5999999 0.943687022 0.394544989 4.5999999 0.878520012 0.526539028 4.5999999 0.910947978 0.416101992 4.5999999 0.848650992 0.536650002 4.5999999 0.879661024 0.429728001 4.5999999 0.814427972 0.553335011 4.5999999 0.851328015 0.434603989 4.5999999 0.777917027 0.46488899 4.5999999 0.718922973 0.430433989 4.5999999 0.741317987 0.075000003 4.5999999 1.14999998 0.138788 4.5999999 0.811619997 0.134617999 4.5999999 0.775021017 0.075000003 4.5999999 0.853082001 0.139493003 4.5999999 0.738508999 0.075000003 4.5999999 0.554910004 0.153119996 4.5999999 0.704286993 0.174676999 4.5999999 0.674417973 0.202862993 4.5999999 0.650702 0.193286002 4.5999999 0.478024006 0.222261995 4.5999999 0.495456994 0.235978007 4.5999999 0.634571016 0.254406005 4.5999999 0.505955994 0.272026986 4.5999999 0.626998007 0.288085997 4.5999999 0.508988976 0.308833987 4.5999999 0.628437996 0.32158801 4.5999999 0.504400015 0.344181001 4.5999999 0.638804972 0.409337997 4.5999999 0.635761976 0.375934988 4.5999999 0.657473981 0.430433989 4.5999999 0.32387799 0.430433989 5.0999999 0.32387799 0.434588999 4.5999999 0.356494993 0.434588999 5.0999999 0.356494993 0.431537986 4.5999999 0.389232993 0.431537986 5.0999999 0.389232993 0.421427011 4.5999999 0.420520991 0.421427011 5.0999999 0.420520991 0.404742002 4.5999999 0.448852986 0.404742002 5.0999999 0.448852986 0.193286002 5.0999999 0.478024006 0.193286002 4.5999999 0.478024006 0.222261995 5.0999999 0.495456994 0.222261995 4.5999999 0.495456994 0.254406005 5.0999999 0.505955994 0.254406005 4.5999999 0.505955994 0.288085997 5.0999999 0.508988976 0.288085997 4.5999999 0.508988976 0.32158801 5.0999999 0.504400015 0.32158801 4.5999999 0.504400015 0.247632995 4.5999999 0.213658005 0.247632995 5.0999999 0.213658005 0.281136006 4.5999999 0.209068999 0.281136006 5.0999999 0.209068999 0.314815015 4.5999999 0.212100998 0.314815015 5.0999999 0.212100998 0.346960008 4.5999999 0.222600996 0.346960008 5.0999999 0.222600996 0.375934988 4.5999999 0.240033999 0.375934988 5.0999999 0.240033999 0.164479002 5.0999999 0.269205004 0.164479002 4.5999999 0.269205004 0.147793993 5.0999999 0.297536999 0.147793993 4.5999999 0.297536999 0.137683004 5.0999999 0.328824013 0.137683004 4.5999999 0.328824013 0.134632006 5.0999999 0.361562997 0.134632006 4.5999999 0.361562997 0.138788 5.0999999 0.39418 0.138788 4.5999999 0.39418 0.710444987 4.5999999 1.08652306 0.710444987 5.0999999 1.08652306 0.676941991 4.5999999 1.09111202 0.676941991 5.0999999 1.09111202 0.643262029 4.5999999 1.08808005 0.643262029 5.0999999 1.08808005 0.611118019 4.5999999 1.07758105 0.611118019 5.0999999 1.07758105 0.582141995 4.5999999 1.060148 0.582141995 5.0999999 1.060148 0.625171006 4.28000021 0.0933310017 0.625171006 4.55333281 0.0933310017 0.623467028 4.28000021 0.106271997 0.623467028 4.55333281 0.106271997 0.623467028 4.28000021 0.106271997 0.623467028 4.55333281 0.106271997 0.625171006 4.28000021 0.119213 0.625171006 4.55333281 0.119213 0.630165994 4.28000021 0.131272003 0.630165994 4.55333281 0.131272003 0.638112009 4.28000021 0.141627997 0.638112009 4.55333281 0.141627997 0.648467004 4.28000021 0.149573997 0.648467004 4.55333281 0.149573997 0.660525978 4.28000021 0.154569 0.660525978 4.55333281 0.154569 0.67346698 4.28000021 0.156271994 0.67346698 4.55333281 0.156271994 0.686407983 4.28000021 0.154569 0.686407983 4.55333281 0.154569 0.698467016 4.28000021 0.149573997 0.698467016 4.55333281 0.149573997 0.708822012 4.28000021 0.141627997 0.708822012 4.55333281 0.141627997 0.716768026 4.28000021 0.131272003 0.716768026 4.55333281 0.131272003 0.721763015 4.28000021 0.119213 0.721763015 4.55333281 0.119213 0.723466992 4.28000021 0.106271997 0.723466992 4.55333281 0.106271997 0.721763015 4.28000021 0.0933310017 0.721763015 4.55333281 0.0933310017 0.716768026 4.28000021 0.0812719986 0.716768026 4.55333281 0.0812719986 0.708822012 4.28000021 0.0709170029 0.708822012 4.55333281 0.0709170029 0.698467016 4.28000021 0.0629710034 0.698467016 4.55333281 0.0629710034 0.686407983 4.28000021 0.057976 0.686407983 4.55333281 0.057976 0.67346698 4.28000021 0.0562720001 0.67346698 4.55333281 0.0562720001 0.660525978 4.28000021 0.057976 0.660525978 4.55333281 0.057976 0.648467004 4.28000021 0.0629710034 0.648467004 4.55333281 0.0629710034 0.638112009 4.28000021 0.0709170029 0.638112009 4.55333281 0.0709170029 0.630165994 4.28000021 0.0812719986 0.630165994 4.55333281 0.0812719986 0.625171006 5.0999999 0.119213 0.625171006 4.82666683 0.119213 0.623467028 5.0999999 0.106271997 0.623467028 4.82666683 0.106271997 0.623467028 5.0999999 0.106271997 0.623467028 4.82666683 0.106271997 0.625171006 5.0999999 0.0933310017 0.625171006 4.82666683 0.0933310017 0.630165994 5.0999999 0.0812719986 0.630165994 4.82666683 0.0812719986 0.638112009 5.0999999 0.0709170029 0.638112009 4.82666683 0.0709170029 0.648467004 5.0999999 0.0629710034 0.648467004 4.82666683 0.0629710034 0.660525978 5.0999999 0.057976 0.660525978 4.82666683 0.057976 0.67346698 5.0999999 0.0562720001 0.67346698 4.82666683 0.0562720001 0.686407983 5.0999999 0.057976 0.686407983 4.82666683 0.057976 0.698467016 5.0999999 0.0629710034 0.698467016 4.82666683 0.0629710034 0.708822012 5.0999999 0.0709170029 0.708822012 4.82666683 0.0709170029 0.716768026 5.0999999 0.0812719986 0.716768026 4.82666683 0.0812719986 0.721763015 5.0999999 0.0933310017 0.721763015 4.82666683 0.0933310017 0.723466992 5.0999999 0.106271997 0.723466992 4.82666683 0.106271997 0.721763015 5.0999999 0.119213 0.721763015 4.82666683 0.119213 0.716768026 5.0999999 0.131272003 0.716768026 4.82666683 0.131272003 0.708822012 5.0999999 0.141627997 0.708822012 4.82666683 0.141627997 0.698467016 5.0999999 0.149573997 0.698467016 4.82666683 0.149573997 0.686407983 5.0999999 0.154569 0.686407983 4.82666683 0.154569 0.67346698 5.0999999 0.156271994 0.67346698 4.82666683 0.156271994 0.660525978 5.0999999 0.154569 0.660525978 4.82666683 0.154569 0.648467004 5.0999999 0.149573997 0.648467004 4.82666683 0.149573997 0.638112009 5.0999999 0.141627997 0.638112009 4.82666683 0.141627997 0.630165994 5.0999999 0.131272003 0.630165994 4.82666683 0.131272003 0.236314997 4.28000021 0.346087992 0.236314997 4.55333281 0.346087992 0.234611005 4.28000021 0.359028995 0.234611005 4.55333281 0.359028995 0.234611005 4.28000021 0.359028995 0.234611005 4.55333281 0.359028995 0.236314997 4.28000021 0.371969998 0.236314997 4.55333281 0.371969998 0.24131 4.28000021 0.384029001 0.24131 4.55333281 0.384029001 0.249256 4.28000021 0.394383997 0.249256 4.55333281 0.394383997 0.259611011 4.28000021 0.402330011 0.259611011 4.55333281 0.402330011 0.271670014 4.28000021 0.407325 0.271670014 4.55333281 0.407325 0.284610987 4.28000021 0.409029007 0.284610987 4.55333281 0.409029007 0.29755199 4.28000021 0.407325 0.29755199 4.55333281 0.407325 0.309610993 4.28000021 0.402330011 0.309610993 4.55333281 0.402330011 0.319965988 4.28000021 0.394383997 0.319965988 4.55333281 0.394383997 0.327912003 4.28000021 0.384029001 0.327912003 4.55333281 0.384029001 0.332906991 4.28000021 0.371969998 0.332906991 4.55333281 0.371969998 0.334610999 4.28000021 0.359028995 0.334610999 4.55333281 0.359028995 0.332906991 4.28000021 0.346087992 0.332906991 4.55333281 0.346087992 0.327912003 4.28000021 0.334028989 0.327912003 4.55333281 0.334028989 0.319965988 4.28000021 0.32367301 0.319965988 4.55333281 0.32367301 0.309610993 4.28000021 0.315728009 0.309610993 4.55333281 0.315728009 0.29755199 4.28000021 0.310732007 0.29755199 4.55333281 0.310732007 0.284610987 4.28000021 0.309029013 0.284610987 4.55333281 0.309029013 0.271670014 4.28000021 0.310732007 0.271670014 4.55333281 0.310732007 0.259611011 4.28000021 0.315728009 0.259611011 4.55333281 0.315728009 0.249256 4.28000021 0.32367301 0.249256 4.55333281 0.32367301 0.24131 4.28000021 0.334028989 0.24131 4.55333281 0.334028989 0.236314997 5.0999999 0.371969998 0.236314997 4.82666683 0.371969998 0.234611005 5.0999999 0.359028995 0.234611005 4.82666683 0.359028995 0.234611005 5.0999999 0.359028995 0.234611005 4.82666683 0.359028995 0.236314997 5.0999999 0.346087992 0.236314997 4.82666683 0.346087992 0.24131 5.0999999 0.334028989 0.24131 4.82666683 0.334028989 0.249256 5.0999999 0.32367301 0.249256 4.82666683 0.32367301 0.259611011 5.0999999 0.315728009 0.259611011 4.82666683 0.315728009 0.271670014 5.0999999 0.310732007 0.271670014 4.82666683 0.310732007 0.284610987 5.0999999 0.309029013 0.284610987 4.82666683 0.309029013 0.29755199 5.0999999 0.310732007 0.29755199 4.82666683 0.310732007 0.309610993 5.0999999 0.315728009 0.309610993 4.82666683 0.315728009 0.319965988 5.0999999 0.32367301 0.319965988 4.82666683 0.32367301 0.327912003 5.0999999 0.334028989 0.327912003 4.82666683 0.334028989 0.332906991 5.0999999 0.346087992 0.332906991 4.82666683 0.346087992 0.334610999 5.0999999 0.359028995 0.334610999 4.82666683 0.359028995 0.332906991 5.0999999 0.371969998 0.332906991 4.82666683 0.371969998 0.327912003 5.0999999 0.384029001 0.327912003 4.82666683 0.384029001 0.319965988 5.0999999 0.394383997 0.319965988 4.82666683 0.394383997 0.309610993 5.0999999 0.402330011 0.309610993 4.82666683 0.402330011 0.29755199 5.0999999 0.407325 0.29755199 4.82666683 0.407325 0.284610987 5.0999999 0.409029007 0.284610987 4.82666683 0.409029007 0.271670014 5.0999999 0.407325 0.271670014 4.82666683 0.407325 0.259611011 5.0999999 0.402330011 0.259611011 4.82666683 0.402330011 0.249256 5.0999999 0.394383997 0.249256 4.82666683 0.394383997 0.24131 5.0999999 0.384029001 0.24131 4.82666683 0.384029001 0.625171006 4.28000021 0.928211987 0.625171006 4.55333281 0.928211987 0.623467028 4.28000021 0.94115299 0.623467028 4.55333281 0.94115299 0.623467028 4.28000021 0.94115299 0.623467028 4.55333281 0.94115299 0.625171006 4.28000021 0.954093993 0.625171006 4.55333281 0.954093993 0.630165994 4.28000021 0.966153026 0.630165994 4.55333281 0.966153026 0.638112009 4.28000021 0.976508021 0.638112009 4.55333281 0.976508021 0.648467004 4.28000021 0.984453976 0.648467004 4.55333281 0.984453976 0.660525978 4.28000021 0.989449024 0.660525978 4.55333281 0.989449024 0.67346698 4.28000021 0.991153002 0.67346698 4.55333281 0.991153002 0.686407983 4.28000021 0.989449024 0.686407983 4.55333281 0.989449024 0.698467016 4.28000021 0.984453976 0.698467016 4.55333281 0.984453976 0.708822012 4.28000021 0.976508021 0.708822012 4.55333281 0.976508021 0.716768026 4.28000021 0.966153026 0.716768026 4.55333281 0.966153026 0.721763015 4.28000021 0.954093993 0.721763015 4.55333281 0.954093993 0.723466992 4.28000021 0.94115299 0.723466992 4.55333281 0.94115299 0.721763015 4.28000021 0.928211987 0.721763015 4.55333281 0.928211987 0.716768026 4.28000021 0.916153014 0.716768026 4.55333281 0.916153014 0.708822012 4.28000021 0.905797005 0.708822012 4.55333281 0.905797005 0.698467016 4.28000021 0.89785099 0.698467016 4.55333281 0.89785099 0.686407983 4.28000021 0.892856002 0.686407983 4.55333281 0.892856002 0.67346698 4.28000021 0.891152978 0.67346698 4.55333281 0.891152978 0.660525978 4.28000021 0.892856002 0.660525978 4.55333281 0.892856002 0.648467004 4.28000021 0.89785099 0.648467004 4.55333281 0.89785099 0.638112009 4.28000021 0.905797005 0.638112009 4.55333281 0.905797005 0.630165994 4.28000021 0.916153014 0.630165994 4.55333281 0.916153014 0.625171006 5.0999999 0.954093993 0.625171006 4.82666683 0.954093993 0.623467028 5.0999999 0.94115299 0.623467028 4.82666683 0.94115299 0.623467028 5.0999999 0.94115299 0.623467028 4.82666683 0.94115299 0.625171006 5.0999999 0.928211987 0.625171006 4.82666683 0.928211987 0.630165994 5.0999999 0.916153014 0.630165994 4.82666683 0.916153014 0.638112009 5.0999999 0.905797005 0.638112009 4.82666683 0.905797005 0.648467004 5.0999999 0.89785099 0.648467004 4.82666683 0.89785099 0.660525978 5.0999999 0.892856002 0.660525978 4.82666683 0.892856002 0.67346698 5.0999999 0.891152978 0.67346698 4.82666683 0.891152978 0.686407983 5.0999999 0.892856002 0.686407983 4.82666683 0.892856002 0.698467016 5.0999999 0.89785099 0.698467016 4.82666683 0.89785099 0.708822012 5.0999999 0.905797005 0.708822012 4.82666683 0.905797005 0.716768026 5.0999999 0.916153014 0.716768026 4.82666683 0.916153014 0.721763015 5.0999999 0.928211987 0.721763015 4.82666683 0.928211987 0.723466992 5.0999999 0.94115299 0.723466992 4.82666683 0.94115299 0.721763015 5.0999999 0.954093993 0.721763015 4.82666683 0.954093993 0.716768026 5.0999999 0.966153026 0.716768026 4.82666683 0.966153026 0.708822012 5.0999999 0.976508021 0.708822012 4.82666683 0.976508021 0.698467016 5.0999999 0.984453976 0.698467016 4.82666683 0.984453976 0.686407983 5.0999999 0.989449024 0.686407983 4.82666683 0.989449024 0.67346698 5.0999999 0.991153002 0.67346698 4.82666683 0.991153002 0.660525978 5.0999999 0.989449024 0.660525978 4.82666683 0.989449024 0.648467004 5.0999999 0.984453976 0.648467004 4.82666683 0.984453976 0.638112009 5.0999999 0.976508021 0.638112009 4.82666683 0.976508021 0.630165994 5.0999999 0.966153026 0.630165994 4.82666683 0.966153026 0.625171006 4.28000021 0.51077199 0.625171006 4.55333281 0.51077199 0.623467028 4.28000021 0.523711979 0.623467028 4.55333281 0.523711979 0.623467028 4.28000021 0.523711979 0.623467028 4.55333281 0.523711979 0.625171006 4.28000021 0.536652982 0.625171006 4.55333281 0.536652982 0.630165994 4.28000021 0.548712015 0.630165994 4.55333281 0.548712015 0.638112009 4.28000021 0.559068024 0.638112009 4.55333281 0.559068024 0.648467004 4.28000021 0.567013979 0.648467004 4.55333281 0.567013979 0.660525978 4.28000021 0.572009027 0.660525978 4.55333281 0.572009027 0.67346698 4.28000021 0.573711991 0.67346698 4.55333281 0.573711991 0.686407983 4.28000021 0.572009027 0.686407983 4.55333281 0.572009027 0.698467016 4.28000021 0.567013979 0.698467016 4.55333281 0.567013979 0.708822012 4.28000021 0.559068024 0.708822012 4.55333281 0.559068024 0.716768026 4.28000021 0.548712015 0.716768026 4.55333281 0.548712015 0.721763015 4.28000021 0.536652982 0.721763015 4.55333281 0.536652982 0.723466992 4.28000021 0.523711979 0.723466992 4.55333281 0.523711979 0.721763015 4.28000021 0.51077199 0.721763015 4.55333281 0.51077199 0.716768026 4.28000021 0.498712003 0.716768026 4.55333281 0.498712003 0.708822012 4.28000021 0.488357008 0.708822012 4.55333281 0.488357008 0.698467016 4.28000021 0.480410993 0.698467016 4.55333281 0.480410993 0.686407983 4.28000021 0.475416005 0.686407983 4.55333281 0.475416005 0.67346698 4.28000021 0.473711997 0.67346698 4.55333281 0.473711997 0.660525978 4.28000021 0.475416005 0.660525978 4.55333281 0.475416005 0.648467004 4.28000021 0.480410993 0.648467004 4.55333281 0.480410993 0.638112009 4.28000021 0.488357008 0.638112009 4.55333281 0.488357008 0.630165994 4.28000021 0.498712003 0.630165994 4.55333281 0.498712003 0.625171006 5.0999999 0.536652982 0.625171006 4.82666683 0.536652982 0.623467028 5.0999999 0.523711979 0.623467028 4.82666683 0.523711979 0.623467028 5.0999999 0.523711979 0.623467028 4.82666683 0.523711979 0.625171006 5.0999999 0.51077199 0.625171006 4.82666683 0.51077199 0.630165994 5.0999999 0.498712003 0.630165994 4.82666683 0.498712003 0.638112009 5.0999999 0.488357008 0.638112009 4.82666683 0.488357008 0.648467004 5.0999999 0.480410993 0.648467004 4.82666683 0.480410993 0.660525978 5.0999999 0.475416005 0.660525978 4.82666683 0.475416005 0.67346698 5.0999999 0.473711997 0.67346698 4.82666683 0.473711997 0.686407983 5.0999999 0.475416005 0.686407983 4.82666683 0.475416005 0.698467016 5.0999999 0.480410993 0.698467016 4.82666683 0.480410993 0.708822012 5.0999999 0.488357008 0.708822012 4.82666683 0.488357008 0.716768026 5.0999999 0.498712003 0.716768026 4.82666683 0.498712003 0.721763015 5.0999999 0.51077199 0.721763015 4.82666683 0.51077199 0.723466992 5.0999999 0.523711979 0.723466992 4.82666683 0.523711979 0.721763015 5.0999999 0.536652982 0.721763015 4.82666683 0.536652982 0.716768026 5.0999999 0.548712015 0.716768026 4.82666683 0.548712015 0.708822012 5.0999999 0.559068024 0.708822012 4.82666683 0.559068024 0.698467016 5.0999999 0.567013979 0.698467016 4.82666683 0.567013979 0.686407983 5.0999999 0.572009027 0.686407983 4.82666683 0.572009027 0.67346698 5.0999999 0.573711991 0.67346698 4.82666683 0.573711991 0.660525978 5.0999999 0.572009027 0.660525978 4.82666683 0.572009027 0.648467004 5.0999999 0.567013979 0.648467004 4.82666683 0.567013979 0.638112009 5.0999999 0.559068024 0.638112009 4.82666683 0.559068024 0.630165994 5.0999999 0.548712015 0.630165994 4.82666683 0.548712015 0.236314997 4.28000021 0.763527989 0.236314997 4.55333281 0.763527989 0.234611005 4.28000021 0.776468992 0.234611005 4.55333281 0.776468992 0.234611005 4.28000021 0.776468992 0.234611005 4.55333281 0.776468992 0.236314997 4.28000021 0.789409995 0.236314997 4.55333281 0.789409995 0.24131 4.28000021 0.801469028 0.24131 4.55333281 0.801469028 0.249256 4.28000021 0.811824024 0.249256 4.55333281 0.811824024 0.259611011 4.28000021 0.819769979 0.259611011 4.55333281 0.819769979 0.271670014 4.28000021 0.824765027 0.271670014 4.55333281 0.824765027 0.284610987 4.28000021 0.826469004 0.284610987 4.55333281 0.826469004 0.29755199 4.28000021 0.824765027 0.29755199 4.55333281 0.824765027 0.309610993 4.28000021 0.819769979 0.309610993 4.55333281 0.819769979 0.319965988 4.28000021 0.811824024 0.319965988 4.55333281 0.811824024 0.327912003 4.28000021 0.801469028 0.327912003 4.55333281 0.801469028 0.332906991 4.28000021 0.789409995 0.332906991 4.55333281 0.789409995 0.334610999 4.28000021 0.776468992 0.334610999 4.55333281 0.776468992 0.332906991 4.28000021 0.763527989 0.332906991 4.55333281 0.763527989 0.327912003 4.28000021 0.751469016 0.327912003 4.55333281 0.751469016 0.319965988 4.28000021 0.74111402 0.319965988 4.55333281 0.74111402 0.309610993 4.28000021 0.733168006 0.309610993 4.55333281 0.733168006 0.29755199 4.28000021 0.728173018 0.29755199 4.55333281 0.728173018 0.284610987 4.28000021 0.72646898 0.284610987 4.55333281 0.72646898 0.271670014 4.28000021 0.728173018 0.271670014 4.55333281 0.728173018 0.259611011 4.28000021 0.733168006 0.259611011 4.55333281 0.733168006 0.249256 4.28000021 0.74111402 0.249256 4.55333281 0.74111402 0.24131 4.28000021 0.751469016 0.24131 4.55333281 0.751469016 0.236314997 5.0999999 0.789409995 0.236314997 4.82666683 0.789409995 0.234611005 5.0999999 0.776468992 0.234611005 4.82666683 0.776468992 0.234611005 5.0999999 0.776468992 0.234611005 4.82666683 0.776468992 0.236314997 5.0999999 0.763527989 0.236314997 4.82666683 0.763527989 0.24131 5.0999999 0.751469016 0.24131 4.82666683 0.751469016 0.249256 5.0999999 0.74111402 0.249256 4.82666683 0.74111402 0.259611011 5.0999999 0.733168006 0.259611011 4.82666683 0.733168006 0.271670014 5.0999999 0.728173018 0.271670014 4.82666683 0.728173018 0.284610987 5.0999999 0.72646898 0.284610987 4.82666683 0.72646898 0.29755199 5.0999999 0.728173018 0.29755199 4.82666683 0.728173018 0.309610993 5.0999999 0.733168006 0.309610993 4.82666683 0.733168006 0.319965988 5.0999999 0.74111402 0.319965988 4.82666683 0.74111402 0.327912003 5.0999999 0.751469016 0.327912003 4.82666683 0.751469016 0.332906991 5.0999999 0.763527989 0.332906991 4.82666683 0.763527989 0.334610999 5.0999999 0.776468992 0.334610999 4.82666683 0.776468992 0.332906991 5.0999999 0.789409995 0.332906991 4.82666683 0.789409995 0.327912003 5.0999999 0.801469028 0.327912003 4.82666683 0.801469028 0.319965988 5.0999999 0.811824024 0.319965988 4.82666683 0.811824024 0.309610993 5.0999999 0.819769979 0.309610993 4.82666683 0.819769979 0.29755199 5.0999999 0.824765027 0.29755199 4.82666683 0.824765027 0.284610987 5.0999999 0.826469004 0.284610987 4.82666683 0.826469004 0.271670014 5.0999999 0.824765027 0.271670014 4.82666683 0.824765027 0.259611011 5.0999999 0.819769979 0.259611011 4.82666683 0.819769979 0.249256 5.0999999 0.811824024 0.249256 4.82666683 0.811824024 0.24131 5.0999999 0.801469028 0.24131 4.82666683 0.801469028 0.925000012 5.0999999 0.300581992 0.925000012 5.0999999 0.00240999996 0.925000012 4.5999999 0.300581992 0.925000012 4.5999999 0.00240999996 0.25 0.5 -0.699999988 1.14999998 4.30000019 -1.93499994 1.14526296 4.28000021 -1.71820295 1.14999998 4.30000019 1.93499994 1.14526296 4.28000021 1.71820295 0.25 0.5 0.699999988 0.131578997 0 0.327203006 0.131578997 0 0.93651098 0.25 0.5 1.09901094 0.131578997 0 -0.327203006 0.131578997 0 -0.93651098 0.25 0.5 -1.09901094 1.14526296 4.28000021 1.71820295 0.723466992 4.28000021 0.106271997 1.14526296 4.28000021 -1.71820295 0.721763015 4.28000021 0.0933310017 0.716768026 4.28000021 0.0812719986 -0 4.28000021 1.71820295 0.660525978 4.28000021 0.989449024 0.67346698 4.28000021 0.991153002 0.686407983 4.28000021 0.989449024 -0 4.28000021 -1.71820295 0.234611005 4.28000021 0.359028995 0.234611005 4.28000021 0.776468992 0.236314997 4.28000021 0.789409995 0.648467004 4.28000021 0.0629710034 0.638112009 4.28000021 0.0709170029 0.630165994 4.28000021 0.0812719986 0.625171006 4.28000021 0.119213 0.334610999 4.28000021 0.359028995 0.623467028 4.28000021 0.106271997 0.332906991 4.28000021 0.346087992 0.327912003 4.28000021 0.334028989 0.630165994 4.28000021 0.131272003 0.630165994 4.28000021 0.498712003 0.625171006 4.28000021 0.51077199 0.623467028 4.28000021 0.523711979 0.332906991 4.28000021 0.371969998 0.332906991 4.28000021 0.763527989 0.327912003 4.28000021 0.751469016 0.638112009 4.28000021 0.488357008 0.638112009 4.28000021 0.141627997 0.648467004 4.28000021 0.480410993 0.648467004 4.28000021 0.149573997 0.660525978 4.28000021 0.475416005 0.660525978 4.28000021 0.154569 0.67346698 4.28000021 0.473711997 0.67346698 4.28000021 0.156271994 0.686407983 4.28000021 0.475416005 0.686407983 4.28000021 0.154569 0.698467016 4.28000021 0.480410993 0.698467016 4.28000021 0.149573997 0.708822012 4.28000021 0.488357008 0.708822012 4.28000021 0.141627997 0.716768026 4.28000021 0.498712003 0.716768026 4.28000021 0.131272003 0.721763015 4.28000021 0.51077199 0.721763015 4.28000021 0.119213 0.708822012 4.28000021 0.0709170029 0.698467016 4.28000021 0.0629710034 0.686407983 4.28000021 0.057976 0.67346698 4.28000021 0.0562720001 0.660525978 4.28000021 0.057976 0.309610993 4.28000021 0.315728009 0.625171006 4.28000021 0.0933310017 0.319965988 4.28000021 0.32367301 0.236314997 4.28000021 0.763527989 0.236314997 4.28000021 0.371969998 0.24131 4.28000021 0.384029001 0.24131 4.28000021 0.751469016 0.249256 4.28000021 0.394383997 0.249256 4.28000021 0.74111402 0.259611011 4.28000021 0.402330011 0.259611011 4.28000021 0.733168006 0.271670014 4.28000021 0.407325 0.271670014 4.28000021 0.728173018 0.284610987 4.28000021 0.409029007 0.284610987 4.28000021 0.72646898 0.29755199 4.28000021 0.407325 0.29755199 4.28000021 0.728173018 0.309610993 4.28000021 0.402330011 0.309610993 4.28000021 0.733168006 0.319965988 4.28000021 0.394383997 0.319965988 4.28000021 0.74111402 0.327912003 4.28000021 0.384029001 0.29755199 4.28000021 0.310732007 0.284610987 4.28000021 0.309029013 0.271670014 4.28000021 0.310732007 0.259611011 4.28000021 0.315728009 0.249256 4.28000021 0.32367301 0.24131 4.28000021 0.334028989 0.236314997 4.28000021 0.346087992 0.625171006 4.28000021 0.954093993 0.332906991 4.28000021 0.789409995 0.623467028 4.28000021 0.94115299 0.334610999 4.28000021 0.776468992 0.625171006 4.28000021 0.928211987 0.625171006 4.28000021 0.536652982 0.630165994 4.28000021 0.916153014 0.630165994 4.28000021 0.548712015 0.638112009 4.28000021 0.905797005 0.638112009 4.28000021 0.559068024 0.648467004 4.28000021 0.89785099 0.648467004 4.28000021 0.567013979 0.660525978 4.28000021 0.892856002 0.660525978 4.28000021 0.572009027 0.67346698 4.28000021 0.891152978 0.67346698 4.28000021 0.573711991 0.686407983 4.28000021 0.892856002 0.686407983 4.28000021 0.572009027 0.698467016 4.28000021 0.89785099 0.698467016 4.28000021 0.567013979 0.708822012 4.28000021 0.905797005 0.708822012 4.28000021 0.559068024 0.716768026 4.28000021 0.916153014 0.716768026 4.28000021 0.548712015 0.721763015 4.28000021 0.536652982 0.630165994 4.28000021 0.966153026 0.319965988 4.28000021 0.811824024 0.327912003 4.28000021 0.801469028 0.638112009 4.28000021 0.976508021 0.309610993 4.28000021 0.819769979 0.648467004 4.28000021 0.984453976 0.698467016 4.28000021 0.984453976 0.708822012 4.28000021 0.976508021 0.716768026 4.28000021 0.966153026 0.721763015 4.28000021 0.954093993 0.723466992 4.28000021 0.94115299 0.723466992 4.28000021 0.523711979 0.721763015 4.28000021 0.928211987 0.24131 4.28000021 0.801469028 0.249256 4.28000021 0.811824024 0.259611011 4.28000021 0.819769979 0.271670014 4.28000021 0.824765027 0.284610987 4.28000021 0.826469004 0.29755199 4.28000021 0.824765027 1.14526296 4.28000021 -1.71820295 -0 4.28000021 -1.71820295 0.131578997 0 -0.327203006 -0 0 -0.327203006 -0 4.28000021 1.71820295 -0 3.91373801 0.368014008 -0 4.28000021 -1.71820295 -0 3.91296911 -0.597419024 -0 3.91280293 -0.806985021 -0 0 0.327203006 -0 3.10215497 1.03779304 -0 3.91410398 0.827579975 -0 3.91393709 0.618013978 -0 0 -0.327203006 -0 3.1010201 -0.387205988 -0 3.18461108 -0.0400660001 -0 3.18821907 0.0473680012 -0 3.10065389 -0.846772015 -0 3.10082102 -0.637206018 -0 3.10085297 -0.596773028 -0 3.91277003 -0.847419024 -0 3.9126029 -1.05698502 -0 3.61366296 -0.144657999 -0 3.4386611 -0.167374998 -0 3.575845 -0.167484 -0 3.43851709 -0.348084003 -0 3.57570195 -0.34819299 -0 3.65324593 -0.319011003 -0 3.721385 -0.269986004 -0 3.77572298 -0.204281002 -0 3.81275702 -0.126132995 -0 3.83009911 -0.0405800007 -0 3.82663012 0.0468599983 -0 3.80257297 0.130548 -0 3.75948191 0.205089003 -0 3.70013309 0.265675008 -0 3.62835407 0.308400005 -0 3.54877496 0.33050701 -0 3.101789 0.578226984 -0 3.46652508 0.330572993 -0 3.38691092 0.308591992 -0 3.31506395 0.265982002 -0 3.25561905 0.205489993 -0 3.21240807 0.131017998 -0 3.40088105 -0.144488007 -0 3.64434791 -0.112883002 -0 3.37024593 -0.112664998 -0 3.66584206 -0.0742930025 -0 3.34881401 -0.0740410015 -0 3.67670202 -0.0314770006 -0 3.33802104 -0.0312070008 -0 3.67619991 0.012693 -0 3.33859396 0.0129620004 -0 3.66437006 0.0552509986 -0 3.350492 0.0555009991 -0 3.64200497 0.0933429971 -0 3.37291789 0.0935570002 -0 3.61060596 0.124412 -0 3.40436602 0.124576002 -0 3.57227993 0.146374002 -0 3.44272709 0.146476999 -0 3.52959895 0.157754004 -0 3.48542595 0.157789007 -0 3.3610189 -0.318778008 -0 3.29295897 -0.269645005 -0 3.23872495 -0.203853995 -0 3.20181608 -0.125646994 -0 3.10198808 0.828226984 -0 3.10195589 0.787792981 -0 3.91390491 0.577579975 -0.150000006 4.86999989 1.52499998 -0.150000006 4.71999979 1.52499998 1.14999998 4.86999989 1.52499998 1.14999998 4.71999979 1.52499998 -2.58500004 4.9000001 1.375 -2.80999994 4.9000001 1.375 -2.64499998 5.125 1.14999998 -2.75 5.125 1.14999998 -3.16499996 5.125 1.14999998 -3.05999994 5.125 1.14999998 -3.2249999 4.9000001 1.375 -3 4.9000001 1.375 -3.54999995 5.30000019 0.975000024 -3.45000005 5.30000019 0.975000024 -3.60714293 4.9000001 1.375 -3.3499999 4.9000001 1.375 -2.17000008 4.9000001 1.375 -2.39499998 4.9000001 1.375 -2.23000002 5.125 1.14999998 -2.33500004 5.125 1.14999998 -2.17000008 4.9000001 1.375 -2.23000002 5.125 1.14999998 -2.17000008 5.75 1.375 -2.23000002 5.6500001 1.14999998 -2.23000002 5.125 1.14999998 -2.33500004 5.125 1.14999998 -2.23000002 5.6500001 1.14999998 -2.33500004 5.6500001 1.14999998 -2.39499998 4.9000001 1.375 -2.39499998 5.75 1.375 -2.33500004 5.125 1.14999998 -2.33500004 5.6500001 1.14999998 -3.54999995 5.75 0.975000024 -3.54999995 5.30000019 0.975000024 -3.6500001 5.75 1.67499995 -3.60714293 4.9000001 1.375 -3.6500001 5.01999998 1.67499995 -3.63285708 4.9000001 1.55499995 -2.58500004 4.9000001 1.375 -2.64499998 5.125 1.14999998 -2.58500004 5.75 1.375 -2.64499998 5.6500001 1.14999998 -2.64499998 5.125 1.14999998 -2.75 5.125 1.14999998 -2.64499998 5.6500001 1.14999998 -2.75 5.6500001 1.14999998 -2.80999994 4.9000001 1.375 -2.80999994 5.75 1.375 -2.75 5.125 1.14999998 -2.75 5.6500001 1.14999998 -3 4.9000001 1.375 -3.05999994 5.125 1.14999998 -3 5.75 1.375 -3.05999994 5.6500001 1.14999998 -2.39499998 5.75 1.375 -2.39499998 4.9000001 1.375 -2.58500004 5.75 1.375 -2.58500004 4.9000001 1.375 -2.80999994 5.75 1.375 -2.80999994 4.9000001 1.375 -3 5.75 1.375 -3 4.9000001 1.375 -3.3499999 4.9000001 1.375 -3.3499999 5.75 1.375 -3.2249999 4.9000001 1.375 -3.2249999 5.75 1.375 -2.1500001 4.9000001 1.375 -2.17000008 4.9000001 1.375 -2.1500001 5.0999999 1.375 -2.17000008 5.75 1.375 -1.98000002 5.75 1.375 -1.98000002 5.0999999 1.375 1.14999998 5.36999989 2.17499995 1.14999998 5.17000008 2.375 -0.150000006 5.36999989 2.17499995 -0.150000006 5.17000008 2.375 1.14999998 5.17000008 2.375 1.14999998 4.9000001 2.375 -0.150000006 5.17000008 2.375 -0.150000006 4.9000001 2.375 1.14999998 5.17000008 -2.375 1.14999998 5.36999989 -2.17499995 -0.150000006 5.17000008 -2.375 -0.150000006 5.36999989 -2.17499995 -0.150000006 4.86000013 0.075000003 1.14999998 4.86000013 -0.769999981 -0.150000006 4.86000013 -1.52499998 1.14999998 4.86000013 -1.52499998 1.14999998 4.86000013 -1.52499998 1.14999998 4.71999979 -1.52499998 -0.150000006 4.86000013 -1.52499998 -0.150000006 4.71999979 -1.52499998 1.14999998 4.30000019 -1.93499994 1.14999998 4.71999979 -1.52499998 1.14999998 4.30000019 1.93499994 1.14999998 4.86000013 -0.769999981 1.14999998 4.71999979 1.52499998 1.14999998 4.86999989 1.52499998 1.14999998 5.0999999 1.375 1.14999998 5.01999998 1.67499995 1.14999998 5.75 1.67499995 1.14999998 5.75 1.375 1.14999998 4.71999979 -1.71208203 1.14999998 4.30000019 -2.363976 1.14999998 4.47951698 -3.05960488 1.14999998 5.5051322 -3.05960488 1.14999998 4.9000001 -2.375 1.14999998 4.80645895 -1.88499999 1.14999998 5.80000019 -2.17499995 1.14999998 5.36999989 -2.17499995 1.14999998 5.17000008 -2.375 1.14999998 4.9000001 -1.88499999 1.14999998 4.86000013 -1.52499998 1.14999998 5.0999999 -0.769999981 1.14999998 4.71999979 1.71208203 1.14999998 4.30000019 2.363976 1.14999998 4.47951698 3.05960488 1.14999998 4.80645895 1.88499999 1.14999998 4.9000001 2.375 1.14999998 4.9000001 1.88499999 1.14999998 5.5051322 3.05960488 1.14999998 5.17000008 2.375 1.14999998 5.36999989 2.17499995 1.14999998 5.80000019 2.17499995 -3.63285708 4.9000001 1.55499995 -0.150000006 4.9000001 1.55499995 -3.6500001 5.01999998 1.67499995 1.14999998 5.01999998 1.67499995 1.14999998 4.86999989 1.52499998 -0.150000006 4.86999989 1.52499998 -0.150000006 4.9000001 0.075000003 -0.150000006 4.9000001 1.55499995 -2.1500001 4.9000001 1.375 -3.63285708 4.9000001 1.55499995 -2.17000008 4.9000001 1.375 -2.39499998 4.9000001 1.375 -2.58500004 4.9000001 1.375 -2.80999994 4.9000001 1.375 -3 4.9000001 1.375 -3.2249999 4.9000001 1.375 -3.3499999 4.9000001 1.375 -3.60714293 4.9000001 1.375 0.25 0.5 1.09901094 -0.075000003 1.92499995 1.56213605 0.131578997 0 0.93651098 -0.075000003 1.67499995 1.48088598 -0.075000003 1.42499995 1.39963603 -0.150000006 1.5 1.42401099 -0.150000006 1.60000002 1.45651102 0.25 4.18461323 2.29651093 -0.075000003 2.42499995 1.72463596 -0.075000003 2.17499995 1.64338601 -0.150000006 2 1.58651102 -0.150000006 2.0999999 1.61901104 -0.150000006 4.18461323 2.29651093 -0.150000006 2.5 1.74901104 -0.150000006 2.3499999 1.700261 -0.150000006 2.25 1.66776097 -0.150000006 1.85000002 1.53776097 -0.150000006 1.75 1.50526094 -0.150000006 1.35000002 1.37526095 -0.150000006 1.25 1.34276104 -0.075000003 1.17499995 1.31838596 -0.075000003 0.925000012 1.23713601 -0.075000003 0.675000012 1.15588605 -0.150000006 0.75 1.18026102 -0.150000006 0.850000024 1.21276104 -0.150000006 1.10000002 1.294011 -0.150000006 1 1.26151097 -0.075000003 0.425000012 1.07463598 -0.150000006 0.600000024 1.13151097 -0.150000006 0.5 1.09901094 -0.075000003 0.174999997 0.993385971 -0.150000006 0.349999994 1.05026102 -0.150000006 0.25 1.01776099 -0.150000006 0.100000001 0.969011009 -0.150000006 0 0.93651098 0.131578997 0 0.327203006 0.131578997 0 0.93651098 -0 0 0.327203006 -0.150000006 0 0.93651098 -0.150000006 0 -0.93651098 -0 0 -0.327203006 0.131578997 0 -0.93651098 0.131578997 0 -0.327203006 -0.150000006 0.100000001 -0.969011009 -0.150000006 0.100000001 0.969011009 -0.075000003 0.174999997 -0.993385971 -0.075000003 0.174999997 0.993385971 -0.150000006 0.25 1.01776099 -0.150000006 0.25 -1.01776099 -0.075000003 0.174999997 0.993385971 -0.075000003 0.174999997 -0.993385971 0.131578997 0 -0.93651098 -0.075000003 1.92499995 -1.56213605 0.25 0.5 -1.09901094 -0.075000003 2.17499995 -1.64338601 -0.075000003 2.42499995 -1.72463596 -0.150000006 2.25 -1.66776097 -0.150000006 2.3499999 -1.700261 -0.150000006 0 -0.93651098 -0.075000003 0.174999997 -0.993385971 -0.075000003 0.425000012 -1.07463598 -0.075000003 0.675000012 -1.15588605 -0.150000006 0.5 -1.09901094 -0.150000006 0.600000024 -1.13151097 -0.150000006 0.100000001 -0.969011009 -0.150000006 0.25 -1.01776099 -0.150000006 0.349999994 -1.05026102 -0.075000003 0.925000012 -1.23713601 -0.150000006 0.75 -1.18026102 -0.150000006 0.850000024 -1.21276104 -0.075000003 1.17499995 -1.31838596 -0.150000006 1 -1.26151097 -0.150000006 1.10000002 -1.294011 -0.075000003 1.42499995 -1.39963603 -0.150000006 1.25 -1.34276104 -0.150000006 1.35000002 -1.37526095 -0.075000003 1.67499995 -1.48088598 -0.150000006 1.5 -1.42401099 -0.150000006 1.60000002 -1.45651102 -0.150000006 1.75 -1.50526094 -0.150000006 1.85000002 -1.53776097 -0.150000006 2 -1.58651102 -0.150000006 2.0999999 -1.61901104 -0.150000006 2.5 -1.74901104 -0.150000006 4.18461323 -2.29651093 0.25 4.18461323 -2.29651093 -0.150000006 0.25 1.01776099 -0.150000006 0.349999994 1.05026102 -0.150000006 0.25 -1.01776099 -0.150000006 0.349999994 -1.05026102 -0.075000003 0.425000012 1.07463598 -0.075000003 0.425000012 -1.07463598 -0.150000006 0.349999994 1.05026102 -0.150000006 0.349999994 -1.05026102 -0.150000006 0.5 1.09901094 -0.150000006 0.5 -1.09901094 -0.075000003 0.425000012 1.07463598 -0.075000003 0.425000012 -1.07463598 -0.150000006 0.5 1.09901094 -0.150000006 0.600000024 1.13151097 -0.150000006 0.5 -1.09901094 -0.150000006 0.600000024 -1.13151097 -0.150000006 0.100000001 -0.969011009 -0.150000006 0 -0.93651098 -0.150000006 0.100000001 0.969011009 -0.150000006 0 0.93651098 1.14526296 4.28000021 1.71820295 0.131578997 0 0.327203006 -0 4.28000021 1.71820295 -0 0 0.327203006 0.25 0.5 0.699999988 0.25 4.30000019 1.93499994 0.25 0.5 1.09901094 0.25 4.18461323 2.29651093 0.25 4.30000019 2.363976 0.25 4.40602303 3.15447307 0.25 4.69999981 2.7750001 0.25 5.47350883 3.15447307 0.25 5.5999999 2.7750001 0.25 4.59392881 2.363976 0.25 0.5 -1.09901094 0.25 4.18461323 -2.29651093 0.25 0.5 -0.699999988 0.25 4.30000019 -1.93499994 0.25 4.30000019 -2.363976 0.25 4.69999981 -2.7750001 0.25 4.59392881 -2.363976 0.25 4.40602303 -3.15447307 0.25 5.47350883 -3.15447307 0.25 5.5999999 -2.7750001 -0.150000006 5.17000008 -2.375 -0.150000006 4.9000001 -2.375 1.14999998 5.17000008 -2.375 1.14999998 4.9000001 -2.375 1.14999998 4.71999979 -1.52499998 1.14999998 4.71999979 -1.71208203 -0.150000006 4.71999979 -1.52499998 -0.150000006 4.71999979 -1.71208203 1.14999998 4.71999979 -1.71208203 1.14999998 4.80645895 -1.88499999 -0.150000006 4.71999979 -1.71208203 -0.150000006 4.80645895 -1.88499999 1.14999998 4.80645895 -1.88499999 1.14999998 4.9000001 -1.88499999 -0.150000006 4.80645895 -1.88499999 -0.150000006 4.9000001 -1.88499999 -0.150000006 4.86000013 -1.52499998 -0.150000006 4.71999979 -1.52499998 -0.150000006 4.86000013 0.075000003 -0.150000006 4.18461323 -2.29651093 -0.150000006 2.5 1.74901104 -0.150000006 2.5 -1.74901104 -0.150000006 4.71999979 -1.71208203 -0.150000006 4.80645895 -1.88499999 -0.150000006 4.9000001 -2.375 -0.150000006 4.9000001 -1.88499999 -0.150000006 5.17000008 -2.375 -0.150000006 5.47350883 -3.15447307 -0.150000006 4.40602303 -3.15447307 -0.150000006 5.36999989 -2.17499995 -0.150000006 5.80000019 -2.17499995 -0.150000006 4.18461323 2.29651093 -0.150000006 4.71999979 1.52499998 -0.150000006 4.86999989 1.52499998 -0.150000006 4.40602303 3.15447307 -0.150000006 4.9000001 2.375 -0.150000006 4.80645895 1.88499999 -0.150000006 4.71999979 1.71208203 -0.150000006 5.47350883 3.15447307 -0.150000006 5.17000008 2.375 -0.150000006 5.36999989 2.17499995 -0.150000006 5.80000019 2.17499995 -0.150000006 4.9000001 1.88499999 -0.150000006 4.9000001 1.55499995 -0.150000006 4.9000001 0.075000003 1.14999998 4.9000001 -1.88499999 1.14999998 4.9000001 -2.375 -0.150000006 4.9000001 -1.88499999 -0.150000006 4.9000001 -2.375 -0.150000006 4.71999979 1.52499998 -0.150000006 4.71999979 1.71208203 1.14999998 4.71999979 1.52499998 1.14999998 4.71999979 1.71208203 -0.150000006 4.71999979 1.71208203 -0.150000006 4.80645895 1.88499999 1.14999998 4.71999979 1.71208203 1.14999998 4.80645895 1.88499999 -0.150000006 4.80645895 1.88499999 -0.150000006 4.9000001 1.88499999 1.14999998 4.80645895 1.88499999 1.14999998 4.9000001 1.88499999 -0.150000006 4.9000001 1.88499999 -0.150000006 4.9000001 2.375 1.14999998 4.9000001 1.88499999 1.14999998 4.9000001 2.375 -0.150000006 2.5 -1.74901104 -0.075000003 2.42499995 -1.72463596 -0.150000006 2.5 1.74901104 -0.075000003 2.42499995 1.72463596 -0.150000006 2.3499999 1.700261 -0.075000003 2.42499995 1.72463596 -0.150000006 2.3499999 -1.700261 -0.075000003 2.42499995 -1.72463596 -0.150000006 2.25 -1.66776097 -0.075000003 2.17499995 -1.64338601 -0.150000006 2.25 1.66776097 -0.075000003 2.17499995 1.64338601 -0.150000006 2.0999999 1.61901104 -0.075000003 2.17499995 1.64338601 -0.150000006 2.0999999 -1.61901104 -0.075000003 2.17499995 -1.64338601 -0.150000006 2 -1.58651102 -0.075000003 1.92499995 -1.56213605 -0.150000006 2 1.58651102 -0.075000003 1.92499995 1.56213605 -0.150000006 1.85000002 1.53776097 -0.075000003 1.92499995 1.56213605 -0.150000006 1.85000002 -1.53776097 -0.075000003 1.92499995 -1.56213605 -0.150000006 1.75 -1.50526094 -0.075000003 1.67499995 -1.48088598 -0.150000006 1.75 1.50526094 -0.075000003 1.67499995 1.48088598 -0.150000006 1.60000002 1.45651102 -0.075000003 1.67499995 1.48088598 -0.150000006 1.60000002 -1.45651102 -0.075000003 1.67499995 -1.48088598 -0.150000006 1.5 -1.42401099 -0.075000003 1.42499995 -1.39963603 -0.150000006 1.5 1.42401099 -0.075000003 1.42499995 1.39963603 -0.150000006 1.35000002 1.37526095 -0.075000003 1.42499995 1.39963603 -0.150000006 1.35000002 -1.37526095 -0.075000003 1.42499995 -1.39963603 -0.150000006 1.25 -1.34276104 -0.075000003 1.17499995 -1.31838596 -0.150000006 1.25 1.34276104 -0.075000003 1.17499995 1.31838596 -0.150000006 1.10000002 1.294011 -0.075000003 1.17499995 1.31838596 -0.150000006 1.10000002 -1.294011 -0.075000003 1.17499995 -1.31838596 -0.150000006 1 -1.26151097 -0.075000003 0.925000012 -1.23713601 -0.150000006 1 1.26151097 -0.075000003 0.925000012 1.23713601 -0.150000006 0.850000024 1.21276104 -0.075000003 0.925000012 1.23713601 -0.150000006 0.850000024 -1.21276104 -0.075000003 0.925000012 -1.23713601 -0.150000006 0.850000024 -1.21276104 -0.150000006 0.75 -1.18026102 -0.150000006 0.850000024 1.21276104 -0.150000006 0.75 1.18026102 -0.150000006 1.10000002 -1.294011 -0.150000006 1 -1.26151097 -0.150000006 1.10000002 1.294011 -0.150000006 1 1.26151097 -0.150000006 1.35000002 -1.37526095 -0.150000006 1.25 -1.34276104 -0.150000006 1.35000002 1.37526095 -0.150000006 1.25 1.34276104 -0.150000006 1.60000002 -1.45651102 -0.150000006 1.5 -1.42401099 -0.150000006 1.60000002 1.45651102 -0.150000006 1.5 1.42401099 -0.150000006 1.85000002 -1.53776097 -0.150000006 1.75 -1.50526094 -0.150000006 1.85000002 1.53776097 -0.150000006 1.75 1.50526094 -0.150000006 2.0999999 -1.61901104 -0.150000006 2 -1.58651102 -0.150000006 2.0999999 1.61901104 -0.150000006 2 1.58651102 -0.150000006 2.3499999 -1.700261 -0.150000006 2.25 -1.66776097 -0.150000006 2.3499999 1.700261 -0.150000006 2.25 1.66776097 -0.075000003 0.675000012 -1.15588605 -0.150000006 0.600000024 -1.13151097 -0.075000003 0.675000012 1.15588605 -0.150000006 0.600000024 1.13151097 -0.150000006 0.75 -1.18026102 -0.075000003 0.675000012 -1.15588605 -0.150000006 0.75 1.18026102 -0.075000003 0.675000012 1.15588605 0.850000024 4.30000019 2.363976 1.14999998 4.30000019 2.363976 0.850000024 4.47951698 3.05960488 1.14999998 4.47951698 3.05960488 0.850000024 4.30000019 2.363976 0.850000024 4.59392881 2.363976 0.25 4.30000019 2.363976 0.25 4.59392881 2.363976 1.14999998 4.30000019 2.363976 0.850000024 4.30000019 2.363976 1.14999998 4.30000019 1.93499994 0.25 4.30000019 1.93499994 0.25 4.30000019 2.363976 0.850000024 4.59392881 2.363976 0.850000024 4.30000019 2.363976 0.850000024 4.69999981 2.7750001 0.850000024 4.47951698 3.05960488 0.850000024 5.5051322 3.05960488 0.850000024 5.5999999 2.7750001 0.25 4.59392881 2.363976 0.850000024 4.59392881 2.363976 0.25 4.69999981 2.7750001 0.850000024 4.69999981 2.7750001 0.25 4.30000019 -2.363976 0.850000024 4.30000019 -2.363976 0.25 4.30000019 -1.93499994 1.14999998 4.30000019 -1.93499994 1.14999998 4.30000019 -2.363976 0.850000024 4.59392881 -2.363976 0.850000024 4.30000019 -2.363976 0.25 4.59392881 -2.363976 0.25 4.30000019 -2.363976 0.850000024 4.59392881 -2.363976 0.25 4.59392881 -2.363976 0.850000024 4.69999981 -2.7750001 0.25 4.69999981 -2.7750001 0.850000024 4.59392881 -2.363976 0.850000024 4.69999981 -2.7750001 0.850000024 4.30000019 -2.363976 0.850000024 4.47951698 -3.05960488 0.850000024 5.5051322 -3.05960488 0.850000024 5.5999999 -2.7750001 0.25 4.40602303 3.15447307 -0.150000006 4.40602303 3.15447307 0.25 4.18461323 2.29651093 -0.150000006 4.18461323 2.29651093 0.25 5.47350883 3.15447307 -0.150000006 5.47350883 3.15447307 0.25 4.40602303 3.15447307 -0.150000006 4.40602303 3.15447307 1.14999998 5.5051322 3.05960488 0.850000024 5.5051322 3.05960488 1.14999998 4.47951698 3.05960488 0.850000024 4.47951698 3.05960488 1.14999998 4.30000019 -2.363976 0.850000024 4.30000019 -2.363976 1.14999998 4.47951698 -3.05960488 0.850000024 4.47951698 -3.05960488 0.850000024 5.5051322 -3.05960488 1.14999998 5.5051322 -3.05960488 0.850000024 4.47951698 -3.05960488 1.14999998 4.47951698 -3.05960488 0.25 0.5 -0.699999988 0.25 4.30000019 -1.93499994 1.14999998 4.30000019 -1.93499994 -0.150000006 4.40602303 -3.15447307 0.25 4.40602303 -3.15447307 -0.150000006 4.18461323 -2.29651093 0.25 4.18461323 -2.29651093 -0.150000006 5.47350883 -3.15447307 0.25 5.47350883 -3.15447307 -0.150000006 4.40602303 -3.15447307 0.25 4.40602303 -3.15447307 0.850000024 5.5999999 -2.7750001 0.850000024 4.69999981 -2.7750001 0.25 5.5999999 -2.7750001 0.25 4.69999981 -2.7750001 -1.94435501 5.0999999 1.24133098 -1.91999996 5.0999999 1.14999998 -1.81335199 5.0999999 1.15617895 -1.81500006 5.0999999 1.14999998 -2.1500001 5.0999999 1.375 -1.94435501 5.0999999 1.24133098 -2.1500001 4.9000001 1.375 -1.81335199 5.0999999 1.15617895 -0.150000006 4.9000001 0.075000003 1.14999998 5.0999999 -0.769999981 1.14999998 4.86000013 -0.769999981 -0.150000006 4.86000013 0.075000003 0.193286002 5.0999999 0.895464003 0.075000003 5.0999999 0.853082001 0.075000003 5.0999999 0.972350001 -0.25999999 5.0999999 1.14999998 -0.155000001 5.0999999 1.14999998 0.225041002 5.0999999 0.914133012 0.271670014 5.0999999 0.824765027 0.259611011 5.0999999 0.819769979 0.249256 5.0999999 0.811824024 0.284610987 5.0999999 0.826469004 0.260387003 5.0999999 0.924499989 0.297194988 5.0999999 0.925939977 0.333243012 5.0999999 0.918366015 0.29755199 5.0999999 0.824765027 0.366358995 5.0999999 0.902234972 0.309610993 5.0999999 0.819769979 0.394544989 5.0999999 0.878520012 0.416101992 5.0999999 0.848650992 0.429728001 5.0999999 0.814427972 0.327912003 5.0999999 0.801469028 0.319965988 5.0999999 0.811824024 0.332906991 5.0999999 0.789409995 0.434603989 5.0999999 0.777917027 0.334610999 5.0999999 0.776468992 0.332906991 5.0999999 0.763527989 0.430433989 5.0999999 0.741317987 0.327912003 5.0999999 0.751469016 0.319965988 5.0999999 0.74111402 0.375934988 5.0999999 0.657473981 0.309610993 5.0999999 0.733168006 0.29755199 5.0999999 0.728173018 0.344181001 5.0999999 0.638804972 0.284610987 5.0999999 0.72646898 0.308833987 5.0999999 0.628437996 0.272026986 5.0999999 0.626998007 0.46488899 5.0999999 0.718922973 0.409337997 5.0999999 0.635761976 0.548740029 5.0999999 0.664418995 0.493189007 5.0999999 0.581259012 0.582141995 5.0999999 0.642708004 0.527643979 5.0999999 0.558862984 0.638112009 5.0999999 0.559068024 0.630165994 5.0999999 0.548712015 0.636488974 5.0999999 0.79578203 0.553335011 5.0999999 0.851328015 0.660525978 5.0999999 0.892856002 0.648467004 5.0999999 0.89785099 0.638112009 5.0999999 0.905797005 0.536650002 5.0999999 0.879661024 0.630165994 5.0999999 0.916153014 0.526539028 5.0999999 0.910947978 0.625171006 5.0999999 0.928211987 0.523487985 5.0999999 0.943687022 0.623467028 5.0999999 0.94115299 0.625171006 5.0999999 0.954093993 0.527643979 5.0999999 0.976302981 0.630165994 5.0999999 0.966153026 0.638112009 5.0999999 0.976508021 0.582141995 5.0999999 1.060148 0.648467004 5.0999999 0.984453976 0.660525978 5.0999999 0.989449024 0.611118019 5.0999999 1.07758105 0.643262029 5.0999999 1.08808005 0.443908006 5.0999999 1.14999998 0.260417998 5.0999999 1.14999998 0.319999993 5.0999999 1.375 0.25999999 5.0999999 1.14999998 0.50999999 5.0999999 1.375 0.569999993 5.0999999 1.14999998 0.67346698 5.0999999 0.991153002 0.676941991 5.0999999 1.09111202 0.710444987 5.0999999 1.08652306 0.752847016 5.0999999 1.14999998 0.79359901 5.0999999 1.03097701 0.686407983 5.0999999 0.989449024 0.675000012 5.0999999 1.14999998 0.735000014 5.0999999 1.375 0.87310499 5.0999999 1.14999998 0.925000012 5.0999999 1.375 0.925000012 5.0999999 1.14999998 0.985000014 5.0999999 1.14999998 0.925000012 5.0999999 0.837289989 1.09000003 5.0999999 1.14999998 0.925000012 5.0999999 0.718021989 0.925000012 5.0999999 0.584990978 0.925000012 5.0999999 0.300581992 0.849539995 5.0999999 0.468899012 0.878885984 5.0999999 0.330556005 0.795041025 5.0999999 0.385055006 0.708617985 5.0999999 0.252095997 0.792461991 5.0999999 0.197596997 0.686407983 5.0999999 0.154569 0.698467016 5.0999999 0.149573997 0.708822012 5.0999999 0.141627997 0.809698999 5.0999999 0.169048995 0.716768026 5.0999999 0.131272003 0.820201993 5.0999999 0.137398005 0.721763015 5.0999999 0.119213 0.823453009 5.0999999 0.104208998 0.723466992 5.0999999 0.106271997 0.721763015 5.0999999 0.0933310017 0.819289982 5.0999999 0.0711219981 0.716768026 5.0999999 0.0812719986 0.708822012 5.0999999 0.0709170029 0.764791012 5.0999999 -0.0127229998 0.698467016 5.0999999 0.0629710034 0.686407983 5.0999999 0.057976 0.73624301 5.0999999 -0.0299590006 0.704593003 5.0999999 -0.0404630005 1.14999998 5.0999999 1.375 1.14999998 5.0999999 -0.769999981 -1.81335199 5.0999999 1.15617895 0.075000003 5.0999999 0.197104007 0.103808001 5.0999999 0.178378999 0.187658995 5.0999999 0.123875998 0.247632995 5.0999999 0.213658005 0.164479002 5.0999999 0.269205004 0.271670014 5.0999999 0.310732007 0.259611011 5.0999999 0.315728009 0.249256 5.0999999 0.32367301 0.147793993 5.0999999 0.297536999 0.24131 5.0999999 0.334028989 0.137683004 5.0999999 0.328824013 0.236314997 5.0999999 0.346087992 0.134632006 5.0999999 0.361562997 0.234611005 5.0999999 0.359028995 0.236314997 5.0999999 0.371969998 0.138788 5.0999999 0.39418 0.24131 5.0999999 0.384029001 0.249256 5.0999999 0.394383997 0.193286002 5.0999999 0.478024006 0.259611011 5.0999999 0.402330011 0.271670014 5.0999999 0.407325 0.222261995 5.0999999 0.495456994 0.254406005 5.0999999 0.505955994 -1.755 5.0999999 1.375 -1.56500006 5.0999999 1.375 -1.505 5.0999999 1.14999998 -1.39999998 5.0999999 1.14999998 -1.09000003 5.0999999 1.14999998 -1.14999998 5.0999999 1.375 -1.34000003 5.0999999 1.375 0.075000003 5.0999999 0.435642004 -0.985000014 5.0999999 1.14999998 0.075000003 5.0999999 0.554910004 -0.675000012 5.0999999 1.14999998 -0.569999993 5.0999999 1.14999998 -0.925000012 5.0999999 1.375 -0.735000014 5.0999999 1.375 -0.50999999 5.0999999 1.375 -0.319999993 5.0999999 1.375 0.075000003 5.0999999 1.14999998 -0.0949999988 5.0999999 1.375 0.0949999988 5.0999999 1.375 0.155000001 5.0999999 1.14999998 0.284610987 5.0999999 0.409029007 0.288085997 5.0999999 0.508988976 0.32158801 5.0999999 0.504400015 0.404742002 5.0999999 0.448852986 0.29755199 5.0999999 0.407325 0.309610993 5.0999999 0.402330011 0.319965988 5.0999999 0.394383997 0.421427011 5.0999999 0.420520991 0.327912003 5.0999999 0.384029001 0.431537986 5.0999999 0.389232993 0.332906991 5.0999999 0.371969998 0.434588999 5.0999999 0.356494993 0.334610999 5.0999999 0.359028995 0.332906991 5.0999999 0.346087992 0.430433989 5.0999999 0.32387799 0.327912003 5.0999999 0.334028989 0.319965988 5.0999999 0.32367301 0.375934988 5.0999999 0.240033999 0.309610993 5.0999999 0.315728009 0.29755199 5.0999999 0.310732007 0.346960008 5.0999999 0.222600996 0.314815015 5.0999999 0.212100998 0.235978007 5.0999999 0.634571016 0.271670014 5.0999999 0.728173018 0.202862993 5.0999999 0.650702 0.259611011 5.0999999 0.733168006 0.174676999 5.0999999 0.674417973 0.153119996 5.0999999 0.704286993 0.139493003 5.0999999 0.738508999 0.24131 5.0999999 0.751469016 0.249256 5.0999999 0.74111402 0.236314997 5.0999999 0.763527989 0.134617999 5.0999999 0.775021017 0.234611005 5.0999999 0.776468992 0.236314997 5.0999999 0.789409995 0.138788 5.0999999 0.811619997 0.24131 5.0999999 0.801469028 0.764791012 5.0999999 0.822157025 0.819289982 5.0999999 0.906001985 0.708822012 5.0999999 0.905797005 0.716768026 5.0999999 0.916153014 0.735816002 5.0999999 0.804724991 0.686407983 5.0999999 0.892856002 0.698467016 5.0999999 0.89785099 0.703670979 5.0999999 0.794224977 0.67346698 5.0999999 0.891152978 0.66999203 5.0999999 0.791193008 0.613897026 5.0999999 0.661377013 0.660525978 5.0999999 0.572009027 0.648467004 5.0999999 0.567013979 0.67346698 5.0999999 0.573711991 0.649242997 5.0999999 0.671743989 0.686051011 5.0999999 0.673183978 0.722099006 5.0999999 0.665610015 0.686407983 5.0999999 0.572009027 0.755214989 5.0999999 0.649478972 0.698467016 5.0999999 0.567013979 0.783401012 5.0999999 0.625764012 0.804957986 5.0999999 0.595893979 0.818584025 5.0999999 0.561671972 0.716768026 5.0999999 0.548712015 0.708822012 5.0999999 0.559068024 0.721763015 5.0999999 0.536652982 0.823459983 5.0999999 0.525161028 0.723466992 5.0999999 0.523711979 0.721763015 5.0999999 0.51077199 0.819289982 5.0999999 0.488561988 0.716768026 5.0999999 0.498712003 0.708822012 5.0999999 0.488357008 0.764791012 5.0999999 0.404716998 0.698467016 5.0999999 0.480410993 0.686407983 5.0999999 0.475416005 0.733036995 5.0999999 0.386047989 0.67346698 5.0999999 0.473711997 0.69769001 5.0999999 0.375681013 0.660883009 5.0999999 0.374240994 0.925000012 5.0999999 0.00240999996 0.925000012 5.0999999 -0.116857998 0.925000012 5.0999999 -0.355396003 0.579141974 5.0999999 -0.130587995 0.495297998 5.0999999 -0.0760890022 0.638315976 5.0999999 -0.039551001 0.554472029 5.0999999 0.0149480002 0.660525978 5.0999999 0.057976 0.648467004 5.0999999 0.0629710034 0.638112009 5.0999999 0.0709170029 0.537235022 5.0999999 0.0434960015 0.630165994 5.0999999 0.0812719986 0.526732028 5.0999999 0.0751470029 0.625171006 5.0999999 0.0933310017 0.523481011 5.0999999 0.108336002 0.623467028 5.0999999 0.106271997 0.625171006 5.0999999 0.119213 0.527643979 5.0999999 0.141423002 0.630165994 5.0999999 0.131272003 0.638112009 5.0999999 0.141627997 0.582141995 5.0999999 0.225268006 0.648467004 5.0999999 0.149573997 0.660525978 5.0999999 0.154569 0.610689998 5.0999999 0.242504001 0.642341018 5.0999999 0.253006995 0.284610987 5.0999999 0.309029013 0.281136006 5.0999999 0.209068999 0.624834001 5.0999999 0.381814986 0.660525978 5.0999999 0.475416005 0.591718972 5.0999999 0.397946 0.648467004 5.0999999 0.480410993 0.563533008 5.0999999 0.42166099 0.541975975 5.0999999 0.451530993 0.528348982 5.0999999 0.485753 0.630165994 5.0999999 0.498712003 0.638112009 5.0999999 0.488357008 0.625171006 5.0999999 0.51077199 0.523473978 5.0999999 0.522264004 0.623467028 5.0999999 0.523711979 0.625171006 5.0999999 0.536652982 0.67346698 5.0999999 0.156271994 0.67553103 5.0999999 0.256258011 0.67346698 5.0999999 0.0562720001 0.671402991 5.0999999 -0.0437129997 0.721763015 5.0999999 0.928211987 0.823445976 5.0999999 0.938619018 0.723466992 5.0999999 0.94115299 0.721763015 5.0999999 0.954093993 0.82039398 5.0999999 0.971356988 0.716768026 5.0999999 0.966153026 0.810283005 5.0999999 1.00264394 0.708822012 5.0999999 0.976508021 0.698467016 5.0999999 0.984453976 -3.05999994 5.6500001 1.14999998 -3.16499996 5.6500001 1.14999998 -3 5.75 1.375 -3.2249999 5.75 1.375 -2.64499998 5.6500001 1.14999998 -2.75 5.6500001 1.14999998 -2.58500004 5.75 1.375 -2.80999994 5.75 1.375 -2.23000002 5.6500001 1.14999998 -2.33500004 5.6500001 1.14999998 -2.17000008 5.75 1.375 -2.39499998 5.75 1.375 -1.81500006 5.6500001 1.14999998 -1.91999996 5.6500001 1.14999998 -1.755 5.75 1.375 -1.98000002 5.75 1.375 -1.39999998 5.6500001 1.14999998 -1.505 5.6500001 1.14999998 -1.34000003 5.75 1.375 -1.56500006 5.75 1.375 -0.985000014 5.6500001 1.14999998 -1.09000003 5.6500001 1.14999998 -0.925000012 5.75 1.375 -1.14999998 5.75 1.375 -0.569999993 5.6500001 1.14999998 -0.675000012 5.6500001 1.14999998 -0.50999999 5.75 1.375 -0.735000014 5.75 1.375 -0.155000001 5.6500001 1.14999998 -0.25999999 5.6500001 1.14999998 -0.0949999988 5.75 1.375 -0.319999993 5.75 1.375 0.25999999 5.6500001 1.14999998 0.155000001 5.6500001 1.14999998 0.319999993 5.75 1.375 0.0949999988 5.75 1.375 0.675000012 5.6500001 1.14999998 0.569999993 5.6500001 1.14999998 0.735000014 5.75 1.375 0.50999999 5.75 1.375 1.09000003 5.6500001 1.14999998 0.985000014 5.6500001 1.14999998 1.14999998 5.75 1.375 0.925000012 5.75 1.375 0.985000014 5.6500001 1.14999998 1.09000003 5.6500001 1.14999998 0.985000014 5.0999999 1.14999998 1.09000003 5.0999999 1.14999998 0.925000012 5.75 1.375 0.985000014 5.6500001 1.14999998 0.925000012 5.0999999 1.375 0.985000014 5.0999999 1.14999998 0.50999999 5.75 1.375 0.569999993 5.6500001 1.14999998 0.50999999 5.0999999 1.375 0.569999993 5.0999999 1.14999998 0.87310499 5.0999999 1.14999998 0.925000012 5.0999999 1.14999998 0.87310499 4.5999999 1.14999998 0.925000012 4.5999999 1.14999998 0.0949999988 5.75 1.375 0.155000001 5.6500001 1.14999998 0.0949999988 5.0999999 1.375 0.155000001 5.0999999 1.14999998 -0.25999999 5.6500001 1.14999998 -0.155000001 5.6500001 1.14999998 -0.25999999 5.0999999 1.14999998 -0.155000001 5.0999999 1.14999998 -0.319999993 5.75 1.375 -0.25999999 5.6500001 1.14999998 -0.319999993 5.0999999 1.375 -0.25999999 5.0999999 1.14999998 -0.675000012 5.6500001 1.14999998 -0.569999993 5.6500001 1.14999998 -0.675000012 5.0999999 1.14999998 -0.569999993 5.0999999 1.14999998 -0.735000014 5.75 1.375 -0.675000012 5.6500001 1.14999998 -0.735000014 5.0999999 1.375 -0.675000012 5.0999999 1.14999998 -1.09000003 5.6500001 1.14999998 -0.985000014 5.6500001 1.14999998 -1.09000003 5.0999999 1.14999998 -0.985000014 5.0999999 1.14999998 -1.14999998 5.75 1.375 -1.09000003 5.6500001 1.14999998 -1.14999998 5.0999999 1.375 -1.09000003 5.0999999 1.14999998 -1.505 5.6500001 1.14999998 -1.39999998 5.6500001 1.14999998 -1.505 5.0999999 1.14999998 -1.39999998 5.0999999 1.14999998 -1.56500006 5.75 1.375 -1.505 5.6500001 1.14999998 -1.56500006 5.0999999 1.375 -1.505 5.0999999 1.14999998 -1.91999996 5.6500001 1.14999998 -1.81500006 5.6500001 1.14999998 -1.91999996 5.0999999 1.14999998 -1.81500006 5.0999999 1.14999998 -1.98000002 5.0999999 1.375 -1.98000002 5.75 1.375 -1.94435501 5.0999999 1.24133098 -1.91999996 5.6500001 1.14999998 -1.91999996 5.0999999 1.14999998 -3.05999994 5.125 1.14999998 -3.16499996 5.125 1.14999998 -3.05999994 5.6500001 1.14999998 -3.16499996 5.6500001 1.14999998 -3.2249999 4.9000001 1.375 -3.2249999 5.75 1.375 -3.16499996 5.125 1.14999998 -3.16499996 5.6500001 1.14999998 1.14999998 5.75 1.375 0.925000012 5.75 1.375 1.14999998 5.75 1.67499995 0.735000014 5.75 1.375 0.50999999 5.75 1.375 0.319999993 5.75 1.375 0.0949999988 5.75 1.375 -0.0949999988 5.75 1.375 -0.319999993 5.75 1.375 -0.50999999 5.75 1.375 -0.735000014 5.75 1.375 -0.925000012 5.75 1.375 -1.14999998 5.75 1.375 -1.34000003 5.75 1.375 -3.6500001 5.75 1.67499995 -1.56500006 5.75 1.375 -1.755 5.75 1.375 -1.98000002 5.75 1.375 -2.17000008 5.75 1.375 -2.39499998 5.75 1.375 -2.58500004 5.75 1.375 -2.80999994 5.75 1.375 -3 5.75 1.375 -3.2249999 5.75 1.375 -3.3499999 5.75 1.375 -3.54999995 5.75 0.975000024 -3.45000005 5.75 0.975000024 -3.45000005 5.30000019 0.975000024 -3.54999995 5.30000019 0.975000024 -3.45000005 5.75 0.975000024 -3.54999995 5.75 0.975000024 -3.3499999 4.9000001 1.375 -3.45000005 5.30000019 0.975000024 -3.3499999 5.75 1.375 -3.45000005 5.75 0.975000024 -1.755 5.75 1.375 -1.755 5.0999999 1.375 -1.81500006 5.6500001 1.14999998 -1.81335199 5.0999999 1.15617895 -1.81500006 5.0999999 1.14999998 -1.34000003 5.75 1.375 -1.34000003 5.0999999 1.375 -1.39999998 5.6500001 1.14999998 -1.39999998 5.0999999 1.14999998 -0.925000012 5.75 1.375 -0.925000012 5.0999999 1.375 -0.985000014 5.6500001 1.14999998 -0.985000014 5.0999999 1.14999998 -0.50999999 5.75 1.375 -0.50999999 5.0999999 1.375 -0.569999993 5.6500001 1.14999998 -0.569999993 5.0999999 1.14999998 -0.0949999988 5.75 1.375 -0.0949999988 5.0999999 1.375 -0.155000001 5.6500001 1.14999998 -0.155000001 5.0999999 1.14999998 0.319999993 5.75 1.375 0.319999993 5.0999999 1.375 0.25999999 5.6500001 1.14999998 0.25999999 5.0999999 1.14999998 0.735000014 5.75 1.375 0.735000014 5.0999999 1.375 0.675000012 5.6500001 1.14999998 0.675000012 5.0999999 1.14999998 0.735000014 5.0999999 1.375 0.735000014 5.75 1.375 0.925000012 5.0999999 1.375 0.925000012 5.75 1.375 0.319999993 5.0999999 1.375 0.319999993 5.75 1.375 0.50999999 5.0999999 1.375 0.50999999 5.75 1.375 -0.0949999988 5.0999999 1.375 -0.0949999988 5.75 1.375 0.0949999988 5.0999999 1.375 0.0949999988 5.75 1.375 -0.50999999 5.0999999 1.375 -0.50999999 5.75 1.375 -0.319999993 5.0999999 1.375 -0.319999993 5.75 1.375 -0.925000012 5.0999999 1.375 -0.925000012 5.75 1.375 -0.735000014 5.0999999 1.375 -0.735000014 5.75 1.375 -1.34000003 5.0999999 1.375 -1.34000003 5.75 1.375 -1.14999998 5.0999999 1.375 -1.14999998 5.75 1.375 -1.755 5.0999999 1.375 -1.755 5.75 1.375 -1.56500006 5.0999999 1.375 -1.56500006 5.75 1.375 -1.94435501 5.0999999 1.24133098 -2.1500001 5.0999999 1.375 -1.98000002 5.0999999 1.375 1.14999998 5.75 1.375 1.14999998 5.0999999 1.375 1.09000003 5.6500001 1.14999998 1.09000003 5.0999999 1.14999998 0.25 5.47350883 -3.15447307 -0.150000006 5.47350883 -3.15447307 0.25 5.5999999 -2.7750001 -0.150000006 5.80000019 -2.17499995 1.14999998 5.80000019 -2.17499995 0.850000024 5.5999999 -2.7750001 1.14999998 5.5051322 -3.05960488 0.850000024 5.5051322 -3.05960488 -0.150000006 5.80000019 -2.17499995 -0.150000006 5.36999989 -2.17499995 1.14999998 5.80000019 -2.17499995 1.14999998 5.36999989 -2.17499995 1.14999998 5.01999998 1.67499995 1.14999998 5.75 1.67499995 -3.6500001 5.01999998 1.67499995 -3.6500001 5.75 1.67499995 0.25 5.5999999 2.7750001 0.25 4.69999981 2.7750001 0.850000024 5.5999999 2.7750001 0.850000024 4.69999981 2.7750001 1.14999998 5.80000019 2.17499995 -0.150000006 5.80000019 2.17499995 0.25 5.5999999 2.7750001 -0.150000006 5.47350883 3.15447307 0.25 5.47350883 3.15447307 0.850000024 5.5999999 2.7750001 1.14999998 5.5051322 3.05960488 0.850000024 5.5051322 3.05960488 -0.150000006 5.36999989 2.17499995 -0.150000006 5.80000019 2.17499995 1.14999998 5.36999989 2.17499995 1.14999998 5.80000019 2.17499995 0.25 0.5 0.699999988 1.14999998 4.30000019 1.93499994 0.25 4.30000019 1.93499994 </float_array>
          <technique_common>
            <accessor count="2506" offset="0" source="#meshesQ0S-positions-array" stride="3">
              <param name="X" type="float" />
              <param name="Y" type="float" />
              <param name="Z" type="float" />
            </accessor>
          </technique_common>
        </source>
        <source id="meshesQ0S-normals" name="meshesQ0S-normals">
          <float_array id="meshesQ0S-normals-array" count="7518"> 0 0.402978987 0.915208995 0 0.402978987 0.915208995 0 0.624540985 0.780991971 0 0.624540985 0.780991971 0 0.80419302 0.594367981 0 0.80419302 0.594367981 0 0.929880977 0.367859989 0 0.929880977 0.367859989 0 0.993170977 0.116667002 0 0.993170977 0.116667002 -0 0.98981601 -0.142354995 -0 0.98981601 -0.142354995 -0 0.920040011 -0.391824007 -0 0.920040011 -0.391824007 -0 0.788527012 -0.61500001 -0 0.788527012 -0.61500001 -0 0.604101002 -0.796908021 -0 0.604101002 -0.796908021 -0 0.379137009 -0.92534101 -0 0.379137009 -0.92534101 -0 0.128731996 -0.991679013 -0 0.128731996 -0.991679013 -0 -0.130310997 -0.991473019 -0 -0.130310997 -0.991473019 -0 -0.380609989 -0.924736023 -0 -0.380609989 -0.924736023 -0 -0.605368972 -0.795944989 -0 -0.605368972 -0.795944989 -0 -0.789505005 -0.61374402 -0 -0.789505005 -0.61374402 -0 -0.920662999 -0.390358001 -0 -0.920662999 -0.390358001 -0 -0.990041018 -0.140778005 -0 -0.990041018 -0.140778005 0 -0.992983997 0.118248999 0 -0.992983997 0.118248999 0 -0.92929399 0.369340986 0 -0.92929399 0.369340986 0 -0.803245008 0.595647991 0 -0.803245008 0.595647991 0 -0.623296022 0.781985998 0 -0.623296022 0.781985998 0 -0.401520997 0.915849984 0 -0.401520997 0.915849984 -0 1 -0.000796000008 -0 1 -0.000796000008 -0 1 -0.000796000008 -0 1 -0.000796000008 -0 0.223899007 -0.974611998 -0 0.472983003 -0.881071985 -0 0.223899007 -0.974611998 -0 0.472983003 -0.881071985 -0 0.683646977 -0.72981298 -0 0.683646977 -0.72981298 -0 0.844115019 -0.536162019 -0 0.844115019 -0.536162019 -0 0.949015975 -0.315227985 -0 0.949015975 -0.315227985 -0 0.996800005 -0.079934001 -0 0.996800005 -0.079934001 0 0.987309992 0.158803999 0 0.987309992 0.158803999 0 0.920539021 0.390650004 0 0.920539021 0.390650004 0 0.796889007 0.604125977 0 0.796889007 0.604125977 0 0.618865013 0.78549701 0 0.618865013 0.78549701 0 0.393736988 0.919223011 0 0.393736988 0.919223011 0 0.135748997 0.990742981 0 0.135748997 0.990742981 0 -0.134169996 0.990957975 0 -0.134169996 0.990957975 0 -0.392271996 0.919848979 0 -0.392271996 0.919848979 0 -0.617613971 0.786481977 0 -0.617613971 0.786481977 0 -0.795925021 0.605395019 0 -0.795925021 0.605395019 0 -0.919915974 0.392114997 0 -0.919915974 0.392114997 0 -0.987056017 0.160375997 0 -0.987056017 0.160375997 -0 -0.99692601 -0.0783469975 -0 -0.99692601 -0.0783469975 -0 -0.949517012 -0.313715994 -0 -0.949517012 -0.313715994 -0 -0.844968021 -0.53481698 -0 -0.844968021 -0.53481698 -0 -0.684808016 -0.72872299 -0 -0.684808016 -0.72872299 -0 -0.474384993 -0.880316973 -0 -0.474384993 -0.880316973 -0 -0.225450993 -0.974255025 -0 -0.225450993 -0.974255025 0 -1 0.000796000008 0 -1 0.000796000008 0 -1 0.000796000008 0 -1 0.000796000008 1 0 0 1 0 0 1 0 0 1 0 0 1 0 0 1 0 0 1 0 0 1 0 0 1 0 0 1 0 0 1 0 0 1 0 0 1 0 0 1 0 0 1 0 0 1 0 0 1 0 0 1 0 0 1 0 0 1 0 0 1 0 0 1 0 0 1 0 0 1 0 0 1 0 0 1 0 0 1 0 0 1 0 0 1 0 0 1 0 0 1 0 0 1 0 0 1 0 0 1 0 0 1 0 0 1 0 0 1 0 0 1 0 0 1 0 0 1 0 0 1 0 0 1 0 0 1 0 0 1 0 0 1 0 0 1 0 0 0 -1 0.000796000008 0 -1 0.000796000008 0 -1 0.000796000008 0 -1 0.000796000008 0 0.250634998 0.968082011 0 0.250634998 0.968082011 0 0.250634998 0.968082011 0 0.250634998 0.968082011 -0 1 -0.000796000008 -0 1 -0.000796000008 -0 1 -0.000796000008 -0 1 -0.000796000008 -0 -0.250634998 -0.968082011 -0 -0.250634998 -0.968082011 -0 -0.250634998 -0.968082011 -0 -0.250634998 -0.968082011 1 0 0 1 0 0 1 0 0 1 0 0 0 -1 0.000796000008 0 -1 0.000796000008 0 -1 0.000796000008 0 -1 0.000796000008 0 0.250634998 0.968082011 0 0.250634998 0.968082011 0 0.250634998 0.968082011 0 0.250634998 0.968082011 -0 1 -0.000796000008 -0 1 -0.000796000008 -0 1 -0.000796000008 -0 1 -0.000796000008 -0 -0.250634998 -0.968082011 -0 -0.250634998 -0.968082011 -0 -0.250634998 -0.968082011 -0 -0.250634998 -0.968082011 1 0 0 1 0 0 1 0 0 1 0 0 0 -1 0.000796000008 0 -1 0.000796000008 0 -1 0.000796000008 0 -1 0.000796000008 0 0.250634998 0.968082011 0 0.250634998 0.968082011 0 0.250634998 0.968082011 0 0.250634998 0.968082011 -0 1 -0.000796000008 -0 1 -0.000796000008 -0 1 -0.000796000008 -0 1 -0.000796000008 -0 -0.250634998 -0.968082011 -0 -0.250634998 -0.968082011 -0 -0.250634998 -0.968082011 -0 -0.250634998 -0.968082011 1 0 0 1 0 0 1 0 0 1 0 0 -0 -0.250634998 -0.968082011 -0 -0.250634998 -0.968082011 -0 -0.250634998 -0.968082011 -0 -0.250634998 -0.968082011 0 -1 0.000796000008 0 -1 0.000796000008 0 -1 0.000796000008 0 -1 0.000796000008 0 0.250634998 0.968082011 0 0.250634998 0.968082011 0 0.250634998 0.968082011 0 0.250634998 0.968082011 -0 1 -0.000796000008 -0 1 -0.000796000008 -0 1 -0.000796000008 -0 1 -0.000796000008 1 0 0 1 0 0 1 0 0 1 0 0 0.544987977 0 0.838443995 0.544987977 0 0.838443995 0.544987977 0 0.838443995 0.544987977 0 0.838443995 -0.544987977 0 -0.838443995 -0.544987977 0 -0.838443995 -0.544987977 0 -0.838443995 -0.544987977 0 -0.838443995 0.831539989 0 -0.555464983 0.831539989 0 -0.555464983 0.831539989 0 -0.555464983 0.831539989 0 -0.555464983 -0.831539989 0 0.555464983 -0.831539989 0 0.555464983 -0.831539989 0 0.555464983 -0.831539989 0 0.555464983 0.831539989 0 -0.555464983 0.831539989 0 -0.555464983 0.831539989 0 -0.555464983 0.831539989 0 -0.555464983 -0.831539989 0 0.555464983 -0.831539989 0 0.555464983 -0.831539989 0 0.555464983 -0.831539989 0 0.555464983 0.838443995 0 -0.544987977 0.838443995 0 -0.544987977 0.838443995 0 -0.544987977 0.838443995 0 -0.544987977 -0.838443995 0 0.544987977 -0.838443995 0 0.544987977 -0.838443995 0 0.544987977 -0.838443995 0 0.544987977 -0.544987977 0 -0.838443995 -0.544987977 0 -0.838443995 -0.544987977 0 -0.838443995 -0.544987977 0 -0.838443995 -0.838443995 0 0.544987977 -0.838443995 0 0.544987977 -0.838443995 0 0.544987977 -0.838443995 0 0.544987977 -0.544987977 0 -0.838443995 -0.544987977 0 -0.838443995 -0.544987977 0 -0.838443995 -0.544987977 0 -0.838443995 0.544987977 0 0.838443995 0.544987977 0 0.838443995 0.544987977 0 0.838443995 0.544987977 0 0.838443995 0.838443995 0 -0.544987977 0.838443995 0 -0.544987977 0.838443995 0 -0.544987977 0.838443995 0 -0.544987977 -0.838443995 0 0.544987977 -0.838443995 0 0.544987977 -0.838443995 0 0.544987977 -0.838443995 0 0.544987977 0.544987977 0 0.838443995 0.544987977 0 0.838443995 0.544987977 0 0.838443995 0.544987977 0 0.838443995 -0.544987977 0 -0.838443995 -0.544987977 0 -0.838443995 -0.544987977 0 -0.838443995 -0.544987977 0 -0.838443995 0.544987977 0 0.838443995 0.544987977 0 0.838443995 0.544987977 0 0.838443995 0.544987977 0 0.838443995 -0.544987977 0 -0.838443995 -0.544987977 0 -0.838443995 -0.544987977 0 -0.838443995 -0.544987977 0 -0.838443995 0.544987977 0 0.838443995 0.544987977 0 0.838443995 0.544987977 0 0.838443995 0.544987977 0 0.838443995 -0.544987977 0 -0.838443995 -0.544987977 0 -0.838443995 -0.544987977 0 -0.838443995 -0.544987977 0 -0.838443995 0.544987977 0 0.838443995 0.544987977 0 0.838443995 0.544987977 0 0.838443995 0.544987977 0 0.838443995 -0.544987977 0 -0.838443995 -0.544987977 0 -0.838443995 -0.544987977 0 -0.838443995 -0.544987977 0 -0.838443995 0.544987977 0 0.838443995 0.544987977 0 0.838443995 0.544987977 0 0.838443995 0.544987977 0 0.838443995 -0.544987977 0 -0.838443995 -0.544987977 0 -0.838443995 -0.544987977 0 -0.838443995 -0.544987977 0 -0.838443995 0.831539989 0 -0.555464983 0.831539989 0 -0.555464983 0.831539989 0 -0.555464983 0.831539989 0 -0.555464983 0.544987977 0 0.838443995 0.544987977 0 0.838443995 0.544987977 0 0.838443995 0.544987977 0 0.838443995 -0.544987977 0 -0.838443995 -0.544987977 0 -0.838443995 -0.544987977 0 -0.838443995 -0.544987977 0 -0.838443995 0.831539989 0 -0.555464983 0.831539989 0 -0.555464983 0.831539989 0 -0.555464983 0.831539989 0 -0.555464983 -0.831539989 0 0.555464983 -0.831539989 0 0.555464983 -0.831539989 0 0.555464983 -0.831539989 0 0.555464983 -0.831539989 0 0.555464983 -0.831539989 0 0.555464983 -0.831539989 0 0.555464983 -0.831539989 0 0.555464983 0.544987977 0 0.838443995 0.544987977 0 0.838443995 0.544987977 0 0.838443995 0.544987977 0 0.838443995 -0.544987977 0 -0.838443995 -0.544987977 0 -0.838443995 -0.544987977 0 -0.838443995 -0.544987977 0 -0.838443995 0.544987977 -0 0.838443995 0.544987977 -0 0.838443995 0.544987977 -0 0.838443995 0.544987977 -0 0.838443995 0.544987977 -0 0.838443995 0.544987977 -0 0.838443995 0.544987977 -0 0.838443995 0.544987977 -0 0.838443995 0.544987977 -0 0.838443995 0.544987977 -0 0.838443995 0.544987977 -0 0.838443995 0.544987977 -0 0.838443995 1 -0 0 1 -0 0 1 -0 0 1 -0 0 1 -0 0 1 -0 0 1 -0 0 1 -0 0 1 -0 0 1 -0 0 1 -0 0 1 -0 0 -0 0 -1 -0 0 -1 -0 0 -1 -0 0 -1 -0 0 -1 -0 0 -1 -0 0 -1 -0 0 -1 -0 0 -1 -0 0 -1 -0 0 -1 -0 0 -1 -0 0 -1 -0 0 -1 -0 0 -1 -0 0 -1 -0.234338999 0 -0.972154975 -0.234338999 0 -0.972154975 -0.0137569997 0 -0.99990499 -0.0137569997 0 -0.99990499 0.207504004 0 -0.978233993 0.207504004 0 -0.978233993 0.41850999 0 -0.908212006 0.41850999 0 -0.908212006 0.608829021 0 -0.793300986 0.608829021 0 -0.793300986 -0.793300986 0 -0.608829021 -0.793300986 0 -0.608829021 -0.908212006 0 -0.41850999 -0.908212006 0 -0.41850999 -0.978233993 0 -0.207504004 -0.978233993 0 -0.207504004 -0.99990499 0 0.0137569997 -0.99990499 0 0.0137569997 -0.972154975 0 0.234338999 -0.972154975 0 0.234338999 0.234338999 -0 0.972154975 0.234338999 -0 0.972154975 0.0137569997 -0 0.99990499 0.0137569997 -0 0.99990499 -0.207504004 0 0.978233993 -0.207504004 0 0.978233993 -0.41850999 0 0.908212006 -0.41850999 0 0.908212006 -0.608829021 0 0.793300986 -0.608829021 0 0.793300986 0.793300986 -0 0.608829021 0.793300986 -0 0.608829021 0.908212006 -0 0.41850999 0.908212006 -0 0.41850999 0.978233993 -0 0.207504004 0.978233993 -0 0.207504004 0.99990499 0 -0.0137569997 0.99990499 0 -0.0137569997 0.972154975 0 -0.234338999 0.972154975 0 -0.234338999 -1 0 -0 -1 0 -0 -1 0 -0 -1 0 -0 -1 0 -0 -1 0 -0 -1 0 -0 -1 0 -0 -1 0 -0 -1 0 -0 -1 0 -0 -1 0 -0 -0.972154975 0 0.234338999 -0.972154975 0 0.234338999 -0.999857008 0 0.0168939997 -0.999857008 0 0.0168939997 -0.979516983 0 -0.201362997 -0.979516983 0 -0.201362997 -0.912109971 0 -0.409945011 -0.912109971 0 -0.409945011 -0.800876975 0 -0.598828018 -0.800876975 0 -0.598828018 0.608829021 0 -0.793300986 0.608829021 0 -0.793300986 0.41565901 0 -0.909520984 0.41565901 0 -0.909520984 0.201362997 0 -0.979516983 0.201362997 0 -0.979516983 -0.0231660008 0 -0.999732018 -0.0231660008 0 -0.999732018 -0.246517003 0 -0.969138026 -0.246517003 0 -0.969138026 0.800876975 -0 0.598828018 0.800876975 -0 0.598828018 0.912109971 -0 0.409945011 0.912109971 -0 0.409945011 0.979516983 -0 0.201362997 0.979516983 -0 0.201362997 0.999857008 0 -0.0168939997 0.999857008 0 -0.0168939997 0.972154975 0 -0.234338999 0.972154975 0 -0.234338999 -0.608829021 0 0.793300986 -0.608829021 0 0.793300986 -0.397134006 0 0.917760015 -0.397134006 0 0.917760015 -0.161489993 0 0.986873984 -0.161489993 0 0.986873984 0.0838930011 -0 0.996474981 0.0838930011 -0 0.996474981 0.324216008 -0 0.945982993 0.324216008 -0 0.945982993 0.544987977 -0 0.838443995 0.544987977 -0 0.838443995 0.732895017 -0 0.680342019 0.732895017 -0 0.680342019 0.876604021 -0 0.48121199 0.876604021 -0 0.48121199 0.967450023 -0 0.253062993 0.967450023 -0 0.253062993 0.999952972 -0 0.00965300016 0.999952972 -0 0.00965300016 0.972154975 0 -0.234338999 0.972154975 0 -0.234338999 -0.972154975 0 0.234338999 -0.972154975 0 0.234338999 -0.999952972 0 -0.00965300016 -0.999952972 0 -0.00965300016 -0.967450023 0 -0.253062993 -0.967450023 0 -0.253062993 -0.876604021 0 -0.48121199 -0.876604021 0 -0.48121199 -0.732895017 0 -0.680342019 -0.732895017 0 -0.680342019 -0.544987977 0 -0.838443995 -0.544987977 0 -0.838443995 -0.324216008 0 -0.945982993 -0.324216008 0 -0.945982993 -0.0838930011 0 -0.996474981 -0.0838930011 0 -0.996474981 0.161489993 0 -0.986873984 0.161489993 0 -0.986873984 0.397134006 0 -0.917760015 0.397134006 0 -0.917760015 0.608829021 0 -0.793300986 0.608829021 0 -0.793300986 0.608829021 0 -0.793300986 0.608829021 0 -0.793300986 0.397134006 0 -0.917760015 0.397134006 0 -0.917760015 0.161489993 0 -0.986873984 0.161489993 0 -0.986873984 -0.0838930011 0 -0.996474981 -0.0838930011 0 -0.996474981 -0.324216008 0 -0.945982993 -0.324216008 0 -0.945982993 -0.544987977 0 -0.838443995 -0.544987977 0 -0.838443995 -0.732895017 0 -0.680342019 -0.732895017 0 -0.680342019 -0.876604021 0 -0.48121199 -0.876604021 0 -0.48121199 -0.967450023 0 -0.253062993 -0.967450023 0 -0.253062993 -0.999952972 0 -0.00965300016 -0.999952972 0 -0.00965300016 -0.972154975 0 0.234338999 -0.972154975 0 0.234338999 0.972154975 0 -0.234338999 0.972154975 0 -0.234338999 0.999952972 -0 0.00965300016 0.999952972 -0 0.00965300016 0.967450023 -0 0.253062993 0.967450023 -0 0.253062993 0.876604021 -0 0.48121199 0.876604021 -0 0.48121199 0.732895017 -0 0.680342019 0.732895017 -0 0.680342019 0.544987977 -0 0.838443995 0.544987977 -0 0.838443995 0.324216008 -0 0.945982993 0.324216008 -0 0.945982993 0.0838930011 -0 0.996474981 0.0838930011 -0 0.996474981 -0.161489993 0 0.986873984 -0.161489993 0 0.986873984 -0.397134006 0 0.917760015 -0.397134006 0 0.917760015 -0.608829021 0 0.793300986 -0.608829021 0 0.793300986 -0 1 -0 -0 1 -0 -0 1 -0 -0 1 -0 -0 1 -0 -0 1 -0 -0 1 -0 -0 1 -0 -0 1 -0 -0 1 -0 -0 1 -0 -0 1 -0 -0 1 -0 -0 1 -0 -0 1 -0 -0 1 -0 -0 1 -0 -0 1 -0 -0 1 -0 -0 1 -0 -0 1 -0 -0 1 -0 -0 1 -0 -0 1 -0 -0 1 -0 -0 1 -0 -0 1 -0 -0 1 -0 -0 1 -0 -0 1 -0 -0 1 -0 -0 1 -0 -0 1 -0 -0 1 -0 -0 1 -0 -0 1 -0 -0 1 -0 -0 1 -0 -0 1 -0 -0 1 -0 -0 1 -0 -0 1 -0 -0 1 -0 -0 1 -0 -0 1 -0 -0 1 -0 -0 1 -0 -0 1 -0 -0 1 -0 -0 1 -0 -0 1 -0 -0 1 -0 -0 1 -0 -0 1 -0 -0 1 -0 -0 1 -0 -0 1 -0 -0 1 -0 -0 1 -0 -0 1 -0 -0 1 -0 -0 1 -0 -0 1 -0 -0 1 -0 -0 1 -0 -0 1 -0 -0 1 -0 -0 1 -0 -0 1 -0 -0 1 -0 -0 1 -0 -0 1 -0 -0 1 -0 -0 1 -0 -0 1 -0 -0 1 -0 -0 1 -0 -0 1 -0 -0 1 -0 -0 1 -0 -0 1 -0 -0 1 -0 -0 1 -0 -0 1 -0 -0 1 -0 -0 1 -0 -0 1 -0 -0 1 -0 -0 1 -0 -0 1 -0 -0 1 -0 -0 1 -0 -0 1 -0 -0 1 -0 -0 1 -0 -0 1 -0 -0 1 -0 -0 1 -0 -0 1 -0 -0 1 -0 -0 1 -0 -0 1 -0 -0 1 -0 -0 1 -0 -0 1 -0 -0 1 -0 -0 1 -0 -0 1 -0 -0 1 -0 -0 1 -0 -0 1 -0 -0 1 -0 -0 1 -0 -0 1 -0 -0 1 -0 -0 1 -0 -0 1 -0 -0 1 -0 -0 1 -0 -0 1 -0 -0 1 -0 -0 1 -0 -0 1 -0 -0 1 -0 -0 1 -0 -0 1 -0 -0 1 -0 -0 1 -0 -0 1 -0 -0 1 -0 -0 1 -0 -0 1 -0 -0 1 -0 0.972154975 0 -0.234338999 0.972154975 0 -0.234338999 0.999857008 0 -0.0168939997 0.999857008 0 -0.0168939997 0.979516983 -0 0.201362997 0.979516983 -0 0.201362997 0.912109971 -0 0.409945011 0.912109971 -0 0.409945011 0.800876975 -0 0.598828018 0.800876975 -0 0.598828018 -0.608829021 0 0.793300986 -0.608829021 0 0.793300986 -0.41565901 0 0.909520984 -0.41565901 0 0.909520984 -0.201362997 0 0.979516983 -0.201362997 0 0.979516983 0.0231660008 -0 0.999732018 0.0231660008 -0 0.999732018 0.246517003 -0 0.969138026 0.246517003 -0 0.969138026 -0.246517003 0 -0.969138026 -0.246517003 0 -0.969138026 -0.0231660008 0 -0.999732018 -0.0231660008 0 -0.999732018 0.201362997 0 -0.979516983 0.201362997 0 -0.979516983 0.41565901 0 -0.909520984 0.41565901 0 -0.909520984 0.608829021 0 -0.793300986 0.608829021 0 -0.793300986 -0.800876975 0 -0.598828018 -0.800876975 0 -0.598828018 -0.912109971 0 -0.409945011 -0.912109971 0 -0.409945011 -0.979516983 0 -0.201362997 -0.979516983 0 -0.201362997 -0.999857008 0 0.0168939997 -0.999857008 0 0.0168939997 -0.972154975 0 0.234338999 -0.972154975 0 0.234338999 0.246517003 -0 0.969138026 0.246517003 -0 0.969138026 0.0231660008 -0 0.999732018 0.0231660008 -0 0.999732018 -0.201362997 0 0.979516983 -0.201362997 0 0.979516983 -0.41565901 0 0.909520984 -0.41565901 0 0.909520984 -0.608829021 0 0.793300986 -0.608829021 0 0.793300986 0.965925992 0 0.258819014 0.965925992 0 0.258819014 1 0 0 1 0 0 1 0 0 1 0 0 0.965925992 0 -0.258819014 0.965925992 0 -0.258819014 0.866024971 0 -0.5 0.866024971 0 -0.5 0.707107008 0 -0.707107008 0.707107008 0 -0.707107008 0.5 0 -0.866024971 0.5 0 -0.866024971 0.258819014 0 -0.965925992 0.258819014 0 -0.965925992 -0 0 -1 -0 0 -1 -0.258819014 0 -0.965925992 -0.258819014 0 -0.965925992 -0.5 0 -0.866024971 -0.5 0 -0.866024971 -0.707107008 0 -0.707107008 -0.707107008 0 -0.707107008 -0.866024971 0 -0.5 -0.866024971 0 -0.5 -0.965925992 0 -0.258819014 -0.965925992 0 -0.258819014 -1 0 -0 -1 0 -0 -0.965925992 0 0.258819014 -0.965925992 0 0.258819014 -0.866024971 0 0.5 -0.866024971 0 0.5 -0.707107008 0 0.707107008 -0.707107008 0 0.707107008 -0.5 0 0.866024971 -0.5 0 0.866024971 -0.258819014 0 0.965925992 -0.258819014 0 0.965925992 -0 0 1 -0 0 1 0.258819014 0 0.965925992 0.258819014 0 0.965925992 0.5 0 0.866024971 0.5 0 0.866024971 0.707107008 0 0.707107008 0.707107008 0 0.707107008 0.866024971 0 0.5 0.866024971 0 0.5 0.965925992 0 -0.258819014 0.965925992 0 -0.258819014 1 0 -0 1 0 -0 1 0 -0 1 0 -0 0.965925992 0 0.258819014 0.965925992 0 0.258819014 0.866024971 0 0.5 0.866024971 0 0.5 0.707107008 0 0.707107008 0.707107008 0 0.707107008 0.5 0 0.866024971 0.5 0 0.866024971 0.258819014 0 0.965925992 0.258819014 0 0.965925992 -0 0 1 -0 0 1 -0.258819014 0 0.965925992 -0.258819014 0 0.965925992 -0.5 0 0.866024971 -0.5 0 0.866024971 -0.707107008 0 0.707107008 -0.707107008 0 0.707107008 -0.866024971 0 0.5 -0.866024971 0 0.5 -0.965925992 0 0.258819014 -0.965925992 0 0.258819014 -1 0 -0 -1 0 -0 -0.965925992 0 -0.258819014 -0.965925992 0 -0.258819014 -0.866024971 0 -0.5 -0.866024971 0 -0.5 -0.707107008 0 -0.707107008 -0.707107008 0 -0.707107008 -0.5 0 -0.866024971 -0.5 0 -0.866024971 -0.258819014 0 -0.965925992 -0.258819014 0 -0.965925992 -0 0 -1 -0 0 -1 0.258819014 0 -0.965925992 0.258819014 0 -0.965925992 0.5 0 -0.866024971 0.5 0 -0.866024971 0.707107008 0 -0.707107008 0.707107008 0 -0.707107008 0.866024971 0 -0.5 0.866024971 0 -0.5 0.965925992 0 0.258819014 0.965925992 0 0.258819014 1 0 0 1 0 0 1 0 0 1 0 0 0.965925992 0 -0.258819014 0.965925992 0 -0.258819014 0.866024971 0 -0.5 0.866024971 0 -0.5 0.707107008 0 -0.707107008 0.707107008 0 -0.707107008 0.5 0 -0.866024971 0.5 0 -0.866024971 0.258819014 0 -0.965925992 0.258819014 0 -0.965925992 -0 0 -1 -0 0 -1 -0.258819014 0 -0.965925992 -0.258819014 0 -0.965925992 -0.5 0 -0.866024971 -0.5 0 -0.866024971 -0.707107008 0 -0.707107008 -0.707107008 0 -0.707107008 -0.866024971 0 -0.5 -0.866024971 0 -0.5 -0.965925992 0 -0.258819014 -0.965925992 0 -0.258819014 -1 0 -0 -1 0 -0 -0.965925992 0 0.258819014 -0.965925992 0 0.258819014 -0.866024971 0 0.5 -0.866024971 0 0.5 -0.707107008 0 0.707107008 -0.707107008 0 0.707107008 -0.5 0 0.866024971 -0.5 0 0.866024971 -0.258819014 0 0.965925992 -0.258819014 0 0.965925992 -0 0 1 -0 0 1 0.258819014 0 0.965925992 0.258819014 0 0.965925992 0.5 0 0.866024971 0.5 0 0.866024971 0.707107008 0 0.707107008 0.707107008 0 0.707107008 0.866024971 0 0.5 0.866024971 0 0.5 0.965925992 0 -0.258819014 0.965925992 0 -0.258819014 1 0 -0 1 0 -0 1 0 -0 1 0 -0 0.965925992 0 0.258819014 0.965925992 0 0.258819014 0.866024971 0 0.5 0.866024971 0 0.5 0.707107008 0 0.707107008 0.707107008 0 0.707107008 0.5 0 0.866024971 0.5 0 0.866024971 0.258819014 0 0.965925992 0.258819014 0 0.965925992 -0 0 1 -0 0 1 -0.258819014 0 0.965925992 -0.258819014 0 0.965925992 -0.5 0 0.866024971 -0.5 0 0.866024971 -0.707107008 0 0.707107008 -0.707107008 0 0.707107008 -0.866024971 0 0.5 -0.866024971 0 0.5 -0.965925992 0 0.258819014 -0.965925992 0 0.258819014 -1 0 -0 -1 0 -0 -0.965925992 0 -0.258819014 -0.965925992 0 -0.258819014 -0.866024971 0 -0.5 -0.866024971 0 -0.5 -0.707107008 0 -0.707107008 -0.707107008 0 -0.707107008 -0.5 0 -0.866024971 -0.5 0 -0.866024971 -0.258819014 0 -0.965925992 -0.258819014 0 -0.965925992 -0 0 -1 -0 0 -1 0.258819014 0 -0.965925992 0.258819014 0 -0.965925992 0.5 0 -0.866024971 0.5 0 -0.866024971 0.707107008 0 -0.707107008 0.707107008 0 -0.707107008 0.866024971 0 -0.5 0.866024971 0 -0.5 0.965925992 0 0.258819014 0.965925992 0 0.258819014 1 0 0 1 0 0 1 0 0 1 0 0 0.965925992 0 -0.258819014 0.965925992 0 -0.258819014 0.866024971 0 -0.5 0.866024971 0 -0.5 0.707107008 0 -0.707107008 0.707107008 0 -0.707107008 0.5 0 -0.866024971 0.5 0 -0.866024971 0.258819014 0 -0.965925992 0.258819014 0 -0.965925992 -0 0 -1 -0 0 -1 -0.258819014 0 -0.965925992 -0.258819014 0 -0.965925992 -0.5 0 -0.866024971 -0.5 0 -0.866024971 -0.707107008 0 -0.707107008 -0.707107008 0 -0.707107008 -0.866024971 0 -0.5 -0.866024971 0 -0.5 -0.965925992 0 -0.258819014 -0.965925992 0 -0.258819014 -1 0 -0 -1 0 -0 -0.965925992 0 0.258819014 -0.965925992 0 0.258819014 -0.866024971 0 0.5 -0.866024971 0 0.5 -0.707107008 0 0.707107008 -0.707107008 0 0.707107008 -0.5 0 0.866024971 -0.5 0 0.866024971 -0.258819014 0 0.965925992 -0.258819014 0 0.965925992 -0 0 1 -0 0 1 0.258819014 0 0.965925992 0.258819014 0 0.965925992 0.5 0 0.866024971 0.5 0 0.866024971 0.707107008 0 0.707107008 0.707107008 0 0.707107008 0.866024971 0 0.5 0.866024971 0 0.5 0.965925992 0 -0.258819014 0.965925992 0 -0.258819014 1 0 -0 1 0 -0 1 0 -0 1 0 -0 0.965925992 0 0.258819014 0.965925992 0 0.258819014 0.866024971 0 0.5 0.866024971 0 0.5 0.707107008 0 0.707107008 0.707107008 0 0.707107008 0.5 0 0.866024971 0.5 0 0.866024971 0.258819014 0 0.965925992 0.258819014 0 0.965925992 -0 0 1 -0 0 1 -0.258819014 0 0.965925992 -0.258819014 0 0.965925992 -0.5 0 0.866024971 -0.5 0 0.866024971 -0.707107008 0 0.707107008 -0.707107008 0 0.707107008 -0.866024971 0 0.5 -0.866024971 0 0.5 -0.965925992 0 0.258819014 -0.965925992 0 0.258819014 -1 0 -0 -1 0 -0 -0.965925992 0 -0.258819014 -0.965925992 0 -0.258819014 -0.866024971 0 -0.5 -0.866024971 0 -0.5 -0.707107008 0 -0.707107008 -0.707107008 0 -0.707107008 -0.5 0 -0.866024971 -0.5 0 -0.866024971 -0.258819014 0 -0.965925992 -0.258819014 0 -0.965925992 -0 0 -1 -0 0 -1 0.258819014 0 -0.965925992 0.258819014 0 -0.965925992 0.5 0 -0.866024971 0.5 0 -0.866024971 0.707107008 0 -0.707107008 0.707107008 0 -0.707107008 0.866024971 0 -0.5 0.866024971 0 -0.5 0.965925992 0 0.258819014 0.965925992 0 0.258819014 1 0 0 1 0 0 1 0 0 1 0 0 0.965925992 0 -0.258819014 0.965925992 0 -0.258819014 0.866024971 0 -0.5 0.866024971 0 -0.5 0.707107008 0 -0.707107008 0.707107008 0 -0.707107008 0.5 0 -0.866024971 0.5 0 -0.866024971 0.258819014 0 -0.965925992 0.258819014 0 -0.965925992 -0 0 -1 -0 0 -1 -0.258819014 0 -0.965925992 -0.258819014 0 -0.965925992 -0.5 0 -0.866024971 -0.5 0 -0.866024971 -0.707107008 0 -0.707107008 -0.707107008 0 -0.707107008 -0.866024971 0 -0.5 -0.866024971 0 -0.5 -0.965925992 0 -0.258819014 -0.965925992 0 -0.258819014 -1 0 -0 -1 0 -0 -0.965925992 0 0.258819014 -0.965925992 0 0.258819014 -0.866024971 0 0.5 -0.866024971 0 0.5 -0.707107008 0 0.707107008 -0.707107008 0 0.707107008 -0.5 0 0.866024971 -0.5 0 0.866024971 -0.258819014 0 0.965925992 -0.258819014 0 0.965925992 -0 0 1 -0 0 1 0.258819014 0 0.965925992 0.258819014 0 0.965925992 0.5 0 0.866024971 0.5 0 0.866024971 0.707107008 0 0.707107008 0.707107008 0 0.707107008 0.866024971 0 0.5 0.866024971 0 0.5 0.965925992 0 -0.258819014 0.965925992 0 -0.258819014 1 0 -0 1 0 -0 1 0 -0 1 0 -0 0.965925992 0 0.258819014 0.965925992 0 0.258819014 0.866024971 0 0.5 0.866024971 0 0.5 0.707107008 0 0.707107008 0.707107008 0 0.707107008 0.5 0 0.866024971 0.5 0 0.866024971 0.258819014 0 0.965925992 0.258819014 0 0.965925992 -0 0 1 -0 0 1 -0.258819014 0 0.965925992 -0.258819014 0 0.965925992 -0.5 0 0.866024971 -0.5 0 0.866024971 -0.707107008 0 0.707107008 -0.707107008 0 0.707107008 -0.866024971 0 0.5 -0.866024971 0 0.5 -0.965925992 0 0.258819014 -0.965925992 0 0.258819014 -1 0 -0 -1 0 -0 -0.965925992 0 -0.258819014 -0.965925992 0 -0.258819014 -0.866024971 0 -0.5 -0.866024971 0 -0.5 -0.707107008 0 -0.707107008 -0.707107008 0 -0.707107008 -0.5 0 -0.866024971 -0.5 0 -0.866024971 -0.258819014 0 -0.965925992 -0.258819014 0 -0.965925992 -0 0 -1 -0 0 -1 0.258819014 0 -0.965925992 0.258819014 0 -0.965925992 0.5 0 -0.866024971 0.5 0 -0.866024971 0.707107008 0 -0.707107008 0.707107008 0 -0.707107008 0.866024971 0 -0.5 0.866024971 0 -0.5 0.965925992 0 0.258819014 0.965925992 0 0.258819014 1 0 0 1 0 0 1 0 0 1 0 0 0.965925992 0 -0.258819014 0.965925992 0 -0.258819014 0.866024971 0 -0.5 0.866024971 0 -0.5 0.707107008 0 -0.707107008 0.707107008 0 -0.707107008 0.5 0 -0.866024971 0.5 0 -0.866024971 0.258819014 0 -0.965925992 0.258819014 0 -0.965925992 -0 0 -1 -0 0 -1 -0.258819014 0 -0.965925992 -0.258819014 0 -0.965925992 -0.5 0 -0.866024971 -0.5 0 -0.866024971 -0.707107008 0 -0.707107008 -0.707107008 0 -0.707107008 -0.866024971 0 -0.5 -0.866024971 0 -0.5 -0.965925992 0 -0.258819014 -0.965925992 0 -0.258819014 -1 0 -0 -1 0 -0 -0.965925992 0 0.258819014 -0.965925992 0 0.258819014 -0.866024971 0 0.5 -0.866024971 0 0.5 -0.707107008 0 0.707107008 -0.707107008 0 0.707107008 -0.5 0 0.866024971 -0.5 0 0.866024971 -0.258819014 0 0.965925992 -0.258819014 0 0.965925992 -0 0 1 -0 0 1 0.258819014 0 0.965925992 0.258819014 0 0.965925992 0.5 0 0.866024971 0.5 0 0.866024971 0.707107008 0 0.707107008 0.707107008 0 0.707107008 0.866024971 0 0.5 0.866024971 0 0.5 0.965925992 0 -0.258819014 0.965925992 0 -0.258819014 1 0 -0 1 0 -0 1 0 -0 1 0 -0 0.965925992 0 0.258819014 0.965925992 0 0.258819014 0.866024971 0 0.5 0.866024971 0 0.5 0.707107008 0 0.707107008 0.707107008 0 0.707107008 0.5 0 0.866024971 0.5 0 0.866024971 0.258819014 0 0.965925992 0.258819014 0 0.965925992 -0 0 1 -0 0 1 -0.258819014 0 0.965925992 -0.258819014 0 0.965925992 -0.5 0 0.866024971 -0.5 0 0.866024971 -0.707107008 0 0.707107008 -0.707107008 0 0.707107008 -0.866024971 0 0.5 -0.866024971 0 0.5 -0.965925992 0 0.258819014 -0.965925992 0 0.258819014 -1 0 -0 -1 0 -0 -0.965925992 0 -0.258819014 -0.965925992 0 -0.258819014 -0.866024971 0 -0.5 -0.866024971 0 -0.5 -0.707107008 0 -0.707107008 -0.707107008 0 -0.707107008 -0.5 0 -0.866024971 -0.5 0 -0.866024971 -0.258819014 0 -0.965925992 -0.258819014 0 -0.965925992 -0 0 -1 -0 0 -1 0.258819014 0 -0.965925992 0.258819014 0 -0.965925992 0.5 0 -0.866024971 0.5 0 -0.866024971 0.707107008 0 -0.707107008 0.707107008 0 -0.707107008 0.866024971 0 -0.5 0.866024971 0 -0.5 -1 0 -0 -1 0 -0 -1 0 -0 -1 0 -0 0.973079979 -0.230465993 0 0.973079979 -0.230465993 0 0.973079979 -0.230465993 0 0.973079979 -0.230465993 0 0.973079979 -0.230465993 0 0.973079979 -0.230465993 0 0.973079979 -0.230465993 0 0.973079979 -0.230465993 0 0.973079979 -0.230465993 0 0.973079979 -0.230465993 0 0.973079979 -0.230465993 0 0.973079979 -0.230465993 0 0 -1 0 0 -1 0 0 -1 0 0 -1 0 0 -1 0 0 -1 0 0 -1 0 0 -1 0 0 -1 0 0 -1 0 0 -1 0 0 -1 0 0 -1 0 0 -1 0 0 -1 0 0 -1 0 0 -1 0 0 -1 0 0 -1 0 0 -1 0 0 -1 0 0 -1 0 0 -1 0 0 -1 0 0 -1 0 0 -1 0 0 -1 0 0 -1 0 0 -1 0 0 -1 0 0 -1 0 0 -1 0 0 -1 0 0 -1 0 0 -1 0 0 -1 0 0 -1 0 0 -1 0 0 -1 0 0 -1 0 0 -1 0 0 -1 0 0 -1 0 0 -1 0 0 -1 0 0 -1 0 0 -1 0 0 -1 0 0 -1 0 0 -1 0 0 -1 0 0 -1 0 0 -1 0 0 -1 0 0 -1 0 0 -1 0 0 -1 0 0 -1 0 0 -1 0 0 -1 0 0 -1 0 0 -1 0 0 -1 0 0 -1 0 0 -1 0 0 -1 0 0 -1 0 0 -1 0 0 -1 0 0 -1 0 0 -1 0 0 -1 0 0 -1 0 0 -1 0 0 -1 0 0 -1 0 0 -1 0 0 -1 0 0 -1 0 0 -1 0 0 -1 0 0 -1 0 0 -1 0 0 -1 0 0 -1 0 0 -1 0 0 -1 0 0 -1 0 0 -1 0 0 -1 0 0 -1 0 0 -1 0 0 -1 0 0 -1 0 0 -1 0 0 -1 0 0 -1 0 0 -1 0 0 -1 0 0 -1 0 0 -1 0 0 -1 0 0 -1 0 0 -1 0 0 -1 0 0 -1 0 0 -1 0 0 -1 0 0 -1 0 0 -1 0 0 -1 0 0 -1 0 0 -1 0 0 -1 0 0 -1 0 0 -1 0 0 -1 0 0 -1 0 0 -1 0 0 -1 0 0 -1 0 0 -1 0 0 -1 0 0 -1 0 0 0.309085995 0.951034009 0 0.309085995 0.951034009 0 0.309085995 0.951034009 0 0.309085995 0.951034009 1 0 0 1 0 0 1 0 0 1 0 0 1 0 0 1 0 0 1 0 0 1 0 0 1 0 0 1 0 0 1 0 0 1 0 0 1 0 0 1 0 0 1 0 0 1 0 0 1 0 0 1 0 0 1 0 0 1 0 0 1 0 0 1 0 0 1 0 0 1 0 0 1 0 0 1 0 0 1 0 0 1 0 0 1 0 0 1 0 0 1 0 0 1 0 0 1 0 0 1 0 0 1 0 0 1 0 0 1 0 0 1 0 0 1 0 0 1 0 0 1 0 0 1 0 0 1 0 0 1 0 0 1 0 0 1 0 0 1 0 0 1 0 0 1 0 0 1 0 0 1 0 0 1 0 0 1 0 0 1 0 0 1 0 0 1 0 0 1 0 0 1 0 0 1 0 0 1 0 0 1 0 0 1 0 0 1 0 0 1 0 0 1 0 0 1 0 0 0 0 1 0 0 1 0 0 1 0 0 1 0 -0.707107008 -0.707107008 0 -0.707107008 -0.707107008 0 -0.707107008 -0.707107008 0 -0.707107008 -0.707107008 0 -0.707107008 -0.707107008 0 -0.707107008 -0.707107008 0 -0.707107008 -0.707107008 0 -0.707107008 -0.707107008 0 -0.707107008 -0.707107008 0 -0.707107008 -0.707107008 0 -0.707107008 -0.707107008 0 -0.707107008 -0.707107008 0 -0.707107008 -0.707107008 0 -0.707107008 -0.707107008 0 -0.707107008 -0.707107008 0 -0.707107008 -0.707107008 0.966234982 0 -0.257663012 0.966234982 0 -0.257663012 0.966234982 0 -0.257663012 0.966234982 0 -0.257663012 -0 0 -1 -0 0 -1 -0 0 -1 -0 0 -1 -0.966234982 0 -0.257663012 -0.966234982 0 -0.257663012 -0.966234982 0 -0.257663012 -0.966234982 0 -0.257663012 -0.989948988 0 -0.141421005 -0.989948988 0 -0.141421005 -0.989948988 0 -0.141421005 -0.989948988 0 -0.141421005 -0.989948988 0 -0.141421005 -0.989948988 0 -0.141421005 0.966234982 0 -0.257663012 0.966234982 0 -0.257663012 0.966234982 0 -0.257663012 0.966234982 0 -0.257663012 -0 0 -1 -0 0 -1 -0 0 -1 -0 0 -1 -0.966234982 0 -0.257663012 -0.966234982 0 -0.257663012 -0.966234982 0 -0.257663012 -0.966234982 0 -0.257663012 0.966234982 0 -0.257663012 0.966234982 0 -0.257663012 0.966234982 0 -0.257663012 0.966234982 0 -0.257663012 -0 -0 -1 -0 -0 -1 -0 -0 -1 -0 -0 -1 -0 -0 -1 -0 -0 -1 -0 -0 -1 -0 -0 -1 -0 -0 -1 -0 -0 -1 -0 -0 -1 -0 -0 -1 -0 -0 -1 -0 -0 -1 -0 -0 -1 -0 -0 -1 -0 -0 -1 -0 -0 -1 0 -0.707107008 -0.707107008 0 -0.707107008 -0.707107008 0 -0.707107008 -0.707107008 0 -0.707107008 -0.707107008 -0 0 -1 -0 0 -1 -0 0 -1 -0 0 -1 -0 -0.707107008 0.707107008 -0 -0.707107008 0.707107008 -0 -0.707107008 0.707107008 -0 -0.707107008 0.707107008 -0 1 -0 -0 1 -0 -0 1 -0 -0 1 -0 -0 0 -1 -0 0 -1 -0 0 -1 -0 0 -1 1 0 0 1 0 0 1 0 0 1 0 0 1 0 0 1 0 0 1 0 0 1 0 0 1 0 0 1 0 0 1 0 0 1 0 0 1 0 0 1 0 0 1 0 0 1 0 0 1 0 0 1 0 0 1 0 0 1 0 0 1 0 0 1 0 0 1 0 0 1 0 0 1 0 0 1 0 0 1 0 0 1 0 0 1 0 0 1 0 0 1 0 0 1 0 0 -0 -0.707107008 0.707107008 -0 -0.707107008 0.707107008 -0 -0.707107008 0.707107008 -0 -0.707107008 0.707107008 -0 -0.707107008 0.707107008 -0 -0.707107008 0.707107008 0 -1 0 0 -1 0 0 -1 0 0 -1 0 0 -1 0 0 -1 0 0 -1 0 0 -1 0 0 -1 0 0 -1 0 0 -1 0 0 -1 0 -0 -0.309085995 0.951034009 -0 -0.309085995 0.951034009 -0 -0.309085995 0.951034009 -0 -0.309085995 0.951034009 -0 -0.309085995 0.951034009 -0 -0.309085995 0.951034009 -0 -0.309085995 0.951034009 -0 -0.309085995 0.951034009 -0 -0.309085995 0.951034009 -0 -0.309085995 0.951034009 -0 -0.309085995 0.951034009 -0 -0.309085995 0.951034009 -0 -0.309085995 0.951034009 -0 -0.309085995 0.951034009 -0 -0.309085995 0.951034009 -0 -0.309085995 0.951034009 -0 -0.309085995 0.951034009 -0 -0.309085995 0.951034009 -0 -0.309085995 0.951034009 -0 -0.309085995 0.951034009 -0 -0.309085995 0.951034009 -0 -0.309085995 0.951034009 -0 -0.309085995 0.951034009 -0 -0.309085995 0.951034009 -0 -0.309085995 0.951034009 -0 -0.309085995 0.951034009 -0 -0.309085995 0.951034009 -0 -0.309085995 0.951034009 -0 -0.309085995 0.951034009 -0 -0.309085995 0.951034009 -0 -0.309085995 0.951034009 -0 -0.309085995 0.951034009 -0 -0.309085995 0.951034009 -0 -0.309085995 0.951034009 -0 -0.309085995 0.951034009 0 -1 0 0 -1 0 0 -1 0 0 -1 0 0 -1 0 0 -1 0 0 -1 0 0 -1 0 -0.707107008 0.707107008 0 -0.707107008 0.707107008 0 -0.707107008 0.707107008 0 -0.707107008 0.707107008 0 -0.707107008 -0.707107008 0 -0.707107008 -0.707107008 0 -0.707107008 -0.707107008 0 -0.707107008 -0.707107008 0 -0 -0.309085995 -0.951034009 -0 -0.309085995 -0.951034009 -0 -0.309085995 -0.951034009 -0 -0.309085995 -0.951034009 -0 -0.309085995 -0.951034009 -0 -0.309085995 -0.951034009 -0 -0.309085995 -0.951034009 -0 -0.309085995 -0.951034009 -0 -0.309085995 -0.951034009 -0 -0.309085995 -0.951034009 -0 -0.309085995 -0.951034009 -0 -0.309085995 -0.951034009 -0 -0.309085995 -0.951034009 -0 -0.309085995 -0.951034009 -0 -0.309085995 -0.951034009 -0 -0.309085995 -0.951034009 -0 -0.309085995 -0.951034009 -0 -0.309085995 -0.951034009 -0 -0.309085995 -0.951034009 -0 -0.309085995 -0.951034009 -0 -0.309085995 -0.951034009 -0 -0.309085995 -0.951034009 -0 -0.309085995 -0.951034009 -0 -0.309085995 -0.951034009 -0 -0.309085995 -0.951034009 -0 -0.309085995 -0.951034009 -0 -0.309085995 -0.951034009 -0 -0.309085995 -0.951034009 -0 -0.309085995 -0.951034009 -0 -0.309085995 -0.951034009 -0 -0.309085995 -0.951034009 -0 -0.309085995 -0.951034009 -0 -0.309085995 -0.951034009 -0 -0.309085995 -0.951034009 -0 -0.309085995 -0.951034009 -1 0 -0 -1 0 -0 -1 0 -0 -1 0 -0 -0.707107008 0.707107008 0 -0.707107008 0.707107008 0 -0.707107008 0.707107008 0 -0.707107008 0.707107008 0 -0.707107008 -0.707107008 0 -0.707107008 -0.707107008 0 -0.707107008 -0.707107008 0 -0.707107008 -0.707107008 0 -1 0 -0 -1 0 -0 -1 0 -0 -1 0 -0 -1 0 -0 -1 0 -0 -1 0 -0 -1 0 -0 -0 0.309085995 -0.951034009 -0 0.309085995 -0.951034009 -0 0.309085995 -0.951034009 -0 0.309085995 -0.951034009 1 0 -0 1 0 -0 1 0 -0 1 0 -0 1 0 -0 1 0 -0 1 0 -0 1 0 -0 1 0 -0 1 0 -0 1 0 -0 1 0 -0 1 0 -0 1 0 -0 1 0 -0 1 0 -0 1 0 -0 1 0 -0 1 0 -0 1 0 -0 0 0 1 0 0 1 0 0 1 0 0 1 0 1 0 0 1 0 0 1 0 0 1 0 0 0.894427001 0.447214007 0 0.894427001 0.447214007 0 0.894427001 0.447214007 0 0.894427001 0.447214007 0 -0 1 0 -0 1 0 -0 1 0 -0 1 -1 0 -0 -1 0 -0 -1 0 -0 -1 0 -0 -1 0 -0 -1 0 -0 -1 0 -0 -1 0 -0 -1 0 -0 -1 0 -0 -1 0 -0 -1 0 -0 -1 0 -0 -1 0 -0 -1 0 -0 -1 0 -0 -1 0 -0 -1 0 -0 -1 0 -0 -1 0 -0 -1 0 -0 -1 0 -0 -1 0 -0 -1 0 -0 -1 0 -0 -1 0 -0 -1 0 -0 -1 0 -0 -1 0 -0 -0 1 -0 -0 1 -0 -0 1 -0 -0 1 -0 -0 1 -0 -0 1 -0 -0 1 -0 -0 1 -0 -0 0.894427001 -0.447214007 -0 0.894427001 -0.447214007 -0 0.894427001 -0.447214007 -0 0.894427001 -0.447214007 -0 -0 -1 -0 -0 -1 -0 -0 -1 -0 -0 -1 -0 1 -0 -0 1 -0 -0 1 -0 -0 1 -0 -0.707107008 -0.707107008 0 -0.707107008 -0.707107008 0 -0.707107008 -0.707107008 0 -0.707107008 -0.707107008 0 -0.707107008 0.707107008 0 -0.707107008 0.707107008 0 -0.707107008 0.707107008 0 -0.707107008 0.707107008 0 -0.707107008 -0.707107008 0 -0.707107008 -0.707107008 0 -0.707107008 -0.707107008 0 -0.707107008 -0.707107008 0 -0.707107008 0.707107008 0 -0.707107008 0.707107008 0 -0.707107008 0.707107008 0 -0.707107008 0.707107008 0 -0.707107008 -0.707107008 0 -0.707107008 -0.707107008 0 -0.707107008 -0.707107008 0 -0.707107008 -0.707107008 0 -0.707107008 0.707107008 0 -0.707107008 0.707107008 0 -0.707107008 0.707107008 0 -0.707107008 0.707107008 0 -0.707107008 -0.707107008 0 -0.707107008 -0.707107008 0 -0.707107008 -0.707107008 0 -0.707107008 -0.707107008 0 -0.707107008 0.707107008 0 -0.707107008 0.707107008 0 -0.707107008 0.707107008 0 -0.707107008 0.707107008 0 -0.707107008 -0.707107008 0 -0.707107008 -0.707107008 0 -0.707107008 -0.707107008 0 -0.707107008 -0.707107008 0 -0.707107008 0.707107008 0 -0.707107008 0.707107008 0 -0.707107008 0.707107008 0 -0.707107008 0.707107008 0 -0.707107008 -0.707107008 0 -0.707107008 -0.707107008 0 -0.707107008 -0.707107008 0 -0.707107008 -0.707107008 0 -0.707107008 0.707107008 0 -0.707107008 0.707107008 0 -0.707107008 0.707107008 0 -0.707107008 0.707107008 0 -0.707107008 -0.707107008 0 -0.707107008 -0.707107008 0 -0.707107008 -0.707107008 0 -0.707107008 -0.707107008 0 -0.707107008 0.707107008 0 -0.707107008 0.707107008 0 -0.707107008 0.707107008 0 -0.707107008 0.707107008 0 -1 0 -0 -1 0 -0 -1 0 -0 -1 0 -0 -1 0 -0 -1 0 -0 -1 0 -0 -1 0 -0 -1 0 -0 -1 0 -0 -1 0 -0 -1 0 -0 -1 0 -0 -1 0 -0 -1 0 -0 -1 0 -0 -1 0 -0 -1 0 -0 -1 0 -0 -1 0 -0 -1 0 -0 -1 0 -0 -1 0 -0 -1 0 -0 -1 0 -0 -1 0 -0 -1 0 -0 -1 0 -0 -0.707107008 0.707107008 0 -0.707107008 0.707107008 0 -0.707107008 0.707107008 0 -0.707107008 0.707107008 0 -0.707107008 -0.707107008 0 -0.707107008 -0.707107008 0 -0.707107008 -0.707107008 0 -0.707107008 -0.707107008 0 0 -0.968276978 0.249878004 0 -0.968276978 0.249878004 0 -0.968276978 0.249878004 0 -0.968276978 0.249878004 0 0 1 0 0 1 0 0 1 0 0 1 0 -1 0 0 -1 0 0 -1 0 0 -1 0 0 -1 0 -1 0 -0 -1 0 -0 -1 0 -0 -1 0 -0 -1 0 -0 -1 0 -0 0 -0.968276978 0.249878004 0 -0.968276978 0.249878004 0 -0.968276978 0.249878004 0 -0.968276978 0.249878004 0 -1 0 0 -1 0 0 -1 0 0 -1 0 0 -1 0 -0 0 -1 -0 0 -1 -0 0 -1 -0 0 -1 -0 -0.968276978 -0.249878004 -0 -0.968276978 -0.249878004 -0 -0.968276978 -0.249878004 -0 -0.968276978 -0.249878004 -1 0 0 -1 0 0 -1 0 0 -1 0 0 -1 0 0 -1 0 0 -0 -0.968276978 0.249878004 -0 -0.968276978 0.249878004 -0 -0.968276978 0.249878004 -0 -0.968276978 0.249878004 -0 0 1 -0 0 1 -0 0 1 -0 0 1 0 0 1 0 0 1 0 0 1 0 0 1 0 -0.968276978 -0.249878004 0 -0.968276978 -0.249878004 0 -0.968276978 -0.249878004 0 -0.968276978 -0.249878004 0 0 -1 0 0 -1 0 0 -1 0 0 -1 -0 -0.309085995 -0.951034009 -0 -0.309085995 -0.951034009 -0 -0.309085995 -0.951034009 -0 -0.968276978 -0.249878004 -0 -0.968276978 -0.249878004 -0 -0.968276978 -0.249878004 -0 -0.968276978 -0.249878004 -0 0 -1 -0 0 -1 -0 0 -1 -0 0 -1 -0 0 -1 -0 0 -1 -0 0 -1 -0 0 -1 0 -1 0 0 -1 0 0 -1 0 0 -1 0 -0.544987977 -0 -0.838443995 -0.544987977 -0 -0.838443995 -0.544987977 -0 -0.838443995 -0.544987977 -0 -0.838443995 -0.544987977 -0 -0.838443995 -0.544987977 -0 -0.838443995 -0.544987977 -0 -0.838443995 -0.544987977 -0 -0.838443995 -0 1 -0 -0 1 -0 -0 1 -0 -0 1 -0 -0 1 -0 -0 1 -0 -0 1 -0 -0 1 -0 -0 1 -0 -0 1 -0 -0 1 -0 -0 1 -0 -0 1 -0 -0 1 -0 -0 1 -0 -0 1 -0 -0 1 -0 -0 1 -0 -0 1 -0 -0 1 -0 -0 1 -0 -0 1 -0 -0 1 -0 -0 1 -0 -0 1 -0 -0 1 -0 -0 1 -0 -0 1 -0 -0 1 -0 -0 1 -0 -0 1 -0 -0 1 -0 -0 1 -0 -0 1 -0 -0 1 -0 -0 1 -0 -0 1 -0 -0 1 -0 -0 1 -0 -0 1 -0 -0 1 -0 -0 1 -0 -0 1 -0 -0 1 -0 -0 1 -0 -0 1 -0 -0 1 -0 -0 1 -0 -0 1 -0 -0 1 -0 -0 1 -0 -0 1 -0 -0 1 -0 -0 1 -0 -0 1 -0 -0 1 -0 -0 1 -0 -0 1 -0 -0 1 -0 -0 1 -0 -0 1 -0 -0 1 -0 -0 1 -0 -0 1 -0 -0 1 -0 -0 1 -0 -0 1 -0 -0 1 -0 -0 1 -0 -0 1 -0 -0 1 -0 -0 1 -0 -0 1 -0 -0 1 -0 -0 1 -0 -0 1 -0 -0 1 -0 -0 1 -0 -0 1 -0 -0 1 -0 -0 1 -0 -0 1 -0 -0 1 -0 -0 1 -0 -0 1 -0 -0 1 -0 -0 1 -0 -0 1 -0 -0 1 -0 -0 1 -0 -0 1 -0 -0 1 -0 -0 1 -0 -0 1 -0 -0 1 -0 -0 1 -0 -0 1 -0 -0 1 -0 -0 1 -0 -0 1 -0 -0 1 -0 -0 1 -0 -0 1 -0 -0 1 -0 -0 1 -0 -0 1 -0 -0 1 -0 -0 1 -0 -0 1 -0 -0 1 -0 -0 1 -0 -0 1 -0 -0 1 -0 -0 1 -0 -0 1 -0 -0 1 -0 -0 1 -0 -0 1 -0 -0 1 -0 -0 1 -0 -0 1 -0 -0 1 -0 -0 1 -0 -0 1 -0 -0 1 -0 -0 1 -0 -0 1 -0 -0 1 -0 -0 1 -0 -0 1 -0 -0 1 -0 -0 1 -0 -0 1 -0 -0 1 -0 -0 1 -0 -0 1 -0 -0 1 -0 -0 1 -0 -0 1 -0 -0 1 -0 -0 1 -0 -0 1 -0 -0 1 -0 -0 1 -0 -0 1 -0 -0 1 -0 -0 1 -0 -0 1 -0 -0 1 -0 -0 1 -0 -0 1 -0 -0 1 -0 -0 1 -0 -0 1 -0 -0 1 -0 -0 1 -0 -0 1 -0 -0 1 -0 -0 1 -0 -0 1 -0 -0 1 -0 -0 1 -0 -0 1 -0 -0 1 -0 -0 1 -0 -0 1 -0 -0 1 -0 -0 1 -0 -0 1 -0 -0 1 -0 -0 1 -0 -0 1 -0 -0 1 -0 -0 1 -0 -0 1 -0 -0 1 -0 -0 1 -0 -0 1 -0 -0 1 -0 -0 1 -0 -0 1 -0 -0 1 -0 -0 1 -0 -0 1 -0 -0 1 -0 -0 1 -0 -0 1 -0 -0 1 -0 -0 1 -0 -0 1 -0 -0 1 -0 -0 1 -0 -0 1 -0 -0 1 -0 -0 1 -0 -0 1 -0 -0 1 -0 -0 1 -0 -0 1 -0 -0 1 -0 -0 1 -0 -0 1 -0 -0 1 -0 -0 1 -0 -0 1 -0 -0 1 -0 -0 1 -0 -0 1 -0 -0 1 -0 -0 1 -0 -0 1 -0 -0 1 -0 -0 1 -0 -0 1 -0 -0 1 -0 -0 1 -0 -0 1 -0 -0 1 -0 -0 1 -0 -0 1 -0 -0 1 -0 -0 1 -0 -0 1 -0 -0 1 -0 -0 1 -0 -0 1 -0 -0 1 -0 -0 1 -0 -0 1 -0 -0 1 -0 -0 1 -0 -0 1 -0 -0 1 -0 -0 1 -0 -0 1 -0 -0 1 -0 -0 1 -0 -0 1 -0 -0 1 -0 -0 1 -0 -0 1 -0 -0 1 -0 -0 1 -0 -0 1 -0 -0 1 -0 -0 1 -0 -0 1 -0 -0 1 -0 -0 1 -0 -0 1 -0 -0 1 -0 -0 1 -0 -0 1 -0 -0 1 -0 -0 1 -0 -0 1 -0 -0 1 -0 -0 1 -0 -0 1 -0 -0 1 -0 -0 1 -0 -0 1 -0 -0 1 -0 -0 1 -0 -0 1 -0 -0 1 -0 -0 1 -0 -0 1 -0 -0 1 -0 -0 1 -0 -0 1 -0 -0 1 -0 -0 1 -0 -0 1 -0 -0 1 -0 -0 1 -0 -0 1 -0 -0 1 -0 -0 1 -0 -0 1 -0 -0 1 -0 -0 1 -0 -0 1 -0 -0 1 -0 -0 0.913811982 -0.406138003 -0 0.913811982 -0.406138003 -0 0.913811982 -0.406138003 -0 0.913811982 -0.406138003 -0 0.913811982 -0.406138003 -0 0.913811982 -0.406138003 -0 0.913811982 -0.406138003 -0 0.913811982 -0.406138003 -0 0.913811982 -0.406138003 -0 0.913811982 -0.406138003 -0 0.913811982 -0.406138003 -0 0.913811982 -0.406138003 -0 0.913811982 -0.406138003 -0 0.913811982 -0.406138003 -0 0.913811982 -0.406138003 -0 0.913811982 -0.406138003 -0 0.913811982 -0.406138003 -0 0.913811982 -0.406138003 -0 0.913811982 -0.406138003 -0 0.913811982 -0.406138003 -0 0.913811982 -0.406138003 -0 0.913811982 -0.406138003 -0 0.913811982 -0.406138003 -0 0.913811982 -0.406138003 -0 0.913811982 -0.406138003 -0 0.913811982 -0.406138003 -0 0.913811982 -0.406138003 -0 0.913811982 -0.406138003 -0 0.913811982 -0.406138003 -0 0.913811982 -0.406138003 -0 0.913811982 -0.406138003 -0 0.913811982 -0.406138003 -0 0.913811982 -0.406138003 -0 0.913811982 -0.406138003 -0 0.913811982 -0.406138003 -0 0.913811982 -0.406138003 -0 0.913811982 -0.406138003 -0 0.913811982 -0.406138003 -0 0.913811982 -0.406138003 -0 0.913811982 -0.406138003 -0 0.913811982 -0.406138003 -0 0.913811982 -0.406138003 -0 0.913811982 -0.406138003 -0 0.913811982 -0.406138003 -0 0 -1 -0 0 -1 -0 0 -1 -0 0 -1 -0.966234982 0 -0.257663012 -0.966234982 0 -0.257663012 -0.966234982 0 -0.257663012 -0.966234982 0 -0.257663012 -0.966234982 0 -0.257663012 -0.966234982 0 -0.257663012 -0.966234982 0 -0.257663012 -0.966234982 0 -0.257663012 -0 0 -1 -0 0 -1 -0 0 -1 -0 0 -1 -0.966234982 0 -0.257663012 -0.966234982 0 -0.257663012 -0.966234982 0 -0.257663012 -0.966234982 0 -0.257663012 -0 0 -1 -0 0 -1 -0 0 -1 -0 0 -1 -0.966234982 0 -0.257663012 -0.966234982 0 -0.257663012 -0.966234982 0 -0.257663012 -0.966234982 0 -0.257663012 -0 0 -1 -0 0 -1 -0 0 -1 -0 0 -1 -0.966234982 0 -0.257663012 -0.966234982 0 -0.257663012 -0.966234982 0 -0.257663012 -0.966234982 0 -0.257663012 -0 0 -1 -0 0 -1 -0 0 -1 -0 0 -1 -0.966234982 0 -0.257663012 -0.966234982 0 -0.257663012 -0.966234982 0 -0.257663012 -0.966234982 0 -0.257663012 -0 0 -1 -0 0 -1 -0 0 -1 -0 0 -1 -0.966234982 0 -0.257663012 -0.966234982 0 -0.257663012 -0.966234982 0 -0.257663012 -0.966234982 0 -0.257663012 -0 0 -1 -0 0 -1 -0 0 -1 -0 0 -1 -0.966234982 0 -0.257663012 -0.966234982 0 -0.257663012 -0.966234982 0 -0.257663012 -0.966234982 0 -0.257663012 -0.966234982 0 -0.257663012 -0 0 -1 -0 0 -1 -0 0 -1 -0 0 -1 -0.966234982 0 -0.257663012 -0.966234982 0 -0.257663012 -0.966234982 0 -0.257663012 -0.966234982 0 -0.257663012 -0 1 -0 -0 1 -0 -0 1 -0 -0 1 -0 -0 1 -0 -0 1 -0 -0 1 -0 -0 1 -0 -0 1 -0 -0 1 -0 -0 1 -0 -0 1 -0 -0 1 -0 -0 1 -0 -0 1 -0 -0 1 -0 -0 1 -0 -0 1 -0 -0 1 -0 -0 1 -0 -0 1 -0 -0 1 -0 -0 1 -0 -0 1 -0 -0 1 -0 -0 1 -0 -0 1 -0 -0 0 -1 -0 0 -1 -0 0 -1 -0 0 -1 0.97014302 0 -0.242535993 0.97014302 0 -0.242535993 0.97014302 0 -0.242535993 0.97014302 0 -0.242535993 0.966234982 0 -0.257663012 0.966234982 0 -0.257663012 0.966234982 0 -0.257663012 0.966234982 0 -0.257663012 0.966234982 0 -0.257663012 0.966234982 0 -0.257663012 0.966234982 0 -0.257663012 0.966234982 0 -0.257663012 0.966234982 0 -0.257663012 0.966234982 0 -0.257663012 0.966234982 0 -0.257663012 0.966234982 0 -0.257663012 0.966234982 0 -0.257663012 0.966234982 0 -0.257663012 0.966234982 0 -0.257663012 0.966234982 0 -0.257663012 0.966234982 0 -0.257663012 0.966234982 0 -0.257663012 0.966234982 0 -0.257663012 0.966234982 0 -0.257663012 0.966234982 0 -0.257663012 0.966234982 0 -0.257663012 0.966234982 0 -0.257663012 0.966234982 0 -0.257663012 0.966234982 0 -0.257663012 0.966234982 0 -0.257663012 0.966234982 0 -0.257663012 0.966234982 0 -0.257663012 0.966234982 0 -0.257663012 -0 -0 -1 -0 -0 -1 -0 -0 -1 -0 -0 -1 -0 -0 -1 -0 -0 -1 -0 -0 -1 -0 -0 -1 -0 -0 -1 -0 -0 -1 -0 -0 -1 -0 -0 -1 -0 -0 -1 -0 -0 -1 -0 -0 -1 -0 -0 -1 -0 -0 -1 -0 -0 -1 -0 -0 -1 -0 -0 -1 -0 -0 -1 -0 -0 -1 -0 -0 -1 -0 -0 -1 -0 -0 -1 -0 -0 -1 -0 -0 -1 -0 -0 -1 -0 1 -0 -0 1 -0 -0 1 -0 0.966234982 0 -0.257663012 0.966234982 0 -0.257663012 0.966234982 0 -0.257663012 0.966234982 0 -0.257663012 -0 0.948683023 -0.316228002 -0 0.948683023 -0.316228002 -0 0.948683023 -0.316228002 -0 0.948683023 -0.316228002 -0 0.948683023 -0.316228002 -0 0.948683023 -0.316228002 -0 0.948683023 -0.316228002 -0 0.948683023 -0.316228002 0 0 1 0 0 1 0 0 1 0 0 1 0 0 1 0 0 1 0 0 1 0 0 1 0 0 1 0 0 1 0 0 1 0 0 1 0 0.948683023 0.316228002 0 0.948683023 0.316228002 0 0.948683023 0.316228002 0 0.948683023 0.316228002 0 0.948683023 0.316228002 0 0.948683023 0.316228002 0 0.948683023 0.316228002 0 0.948683023 0.316228002 -0 0 -1 -0 0 -1 -0 0 -1 -0 0 -1 0 -0.309085995 0.951034009 0 -0.309085995 0.951034009 0 -0.309085995 0.951034009 </float_array>
          <technique_common>
            <accessor count="2506" offset="0" source="#meshesQ0S-normals-array" stride="3">
              <param name="X" type="float" />
              <param name="Y" type="float" />
              <param name="Z" type="float" />
            </accessor>
          </technique_common>
        </source>
        <source id="meshesQ0S-tex0" name="meshesQ0S-tex0">
          <float_array id="meshesQ0S-tex0-array" count="5012"> 0.0599999987 0.605475008 0 0.605475008 0.0599999987 0.649771988 0 0.649771988 0.0599999987 0.694069028 0 0.694069028 0.0599999987 0.738366008 0 0.738366008 0.0599999987 0.782662034 0 0.782662034 0.0599999987 0.826959014 0 0.826959014 0.0599999987 0.871255994 0 0.871255994 0.0599999987 0.915552974 0 0.915552974 0.0599999987 0.959849 0 0.959849 0.0599999987 1.00414598 0 1.00414598 0.0599999987 1.04844296 0 1.04844296 0.0599999987 1.09273899 0 1.09273899 0.0599999987 1.13703597 0 1.13703597 0.0599999987 1.18133307 0 1.18133307 0.0599999987 1.22563004 0 1.22563004 0.0599999987 1.26992607 0 1.26992607 0.0599999987 1.31422305 0 1.31422305 0.0599999987 1.35852003 0 1.35852003 0.0599999987 1.40281701 0 1.40281701 0.0599999987 1.44711304 0 1.44711304 0.0599999987 1.49141002 0 1.49141002 0.0599999987 1.535707 0 1.535707 0 1 0.180709004 1 0 0.939999998 0.180709004 0.939999998 -0.865972996 1 -0.786929011 1 -0.865972996 0.939999998 -0.786929011 0.939999998 -0.712661028 1 -0.712661028 0.939999998 -0.640489995 1 -0.640489995 0.939999998 -0.56802398 1 -0.56802398 0.939999998 -0.492832989 1 -0.492832989 0.939999998 -0.412609994 1 -0.412609994 0.939999998 -0.335040987 1 -0.335040987 0.939999998 -0.261530995 1 -0.261530995 0.939999998 -0.189506993 1 -0.189506993 0.939999998 -0.116595998 1 -0.116595998 0.939999998 -0.0403079987 1 -0.0403079987 0.939999998 0.0403079987 1 0.0403079987 0.939999998 0.116595998 1 0.116595998 0.939999998 0.189506993 1 0.189506993 0.939999998 0.261530995 1 0.261530995 0.939999998 0.335040987 1 0.335040987 0.939999998 0.412609994 1 0.412609994 0.939999998 0.492832989 1 0.492832989 0.939999998 0.56802398 1 0.56802398 0.939999998 0.640489995 1 0.640489995 0.939999998 0.712661028 1 0.712661028 0.939999998 0.786929011 1 0.786929011 0.939999998 0.865972996 1 0.865972996 0.939999998 0 1 0.180709004 1 0 0.939999998 0.180709004 0.939999998 -0.0683239996 0.659238994 -0.145869002 0.688421011 -0.068467997 0.839946985 -0.106284998 0.862774014 -0.214007005 0.737444997 -0.136969998 0.894547999 -0.268344998 0.803149998 -0.158464 0.933138967 -0.305379003 0.881299019 -0.169323996 0.975955009 -0.322721004 0.966850996 -0.168823004 1.02012396 -0.319252014 1.05429101 -0.156992003 1.06268299 -0.295195997 1.13797998 -0.134626999 1.100775 -0.252104014 1.21252096 -0.103228003 1.13184404 -0.192754999 1.27310705 -0.0649020001 1.15380502 -0.120976999 1.31583095 -0.0222210009 1.16518605 -0.0413970016 1.33793902 0.0408519991 1.33800507 0.0219509993 1.16522098 0.120467 1.31602407 0.0646509975 1.15390897 0.192313999 1.27341402 0.103012003 1.13200796 0.251758993 1.21292198 0.134460002 1.10098898 0.294968992 1.13845003 0.156885996 1.06293297 0.319159001 1.05480003 0.168784007 1.02039301 0.322766989 0.967365026 0.169356003 0.976225019 0.30556199 0.881784976 0.158564001 0.933390975 0.268651992 0.803578019 0.137132004 0.894766986 0.214419007 0.737787008 0.106496997 0.862942994 0.146358997 0.688654006 0.068715997 0.840057015 0.0688600019 0.659348011 0 1 0.209565997 1 0 0.939999998 0.209565997 0.939999998 0 1 0.838720024 1 0 0.939999998 0.838720024 0.939999998 0 1 0.209565997 1 0 0.939999998 0.209565997 0.939999998 0 1 0.838720024 1 0 0.939999998 0.838720024 0.939999998 -0.405891001 0.790109992 -0.406058013 0.999677002 0.406058013 1.00032306 0.405891001 1.20989001 0 1 0.209565997 1 0 0.939999998 0.209565997 0.939999998 0 1 0.838720024 1 0 0.939999998 0.838720024 0.939999998 0 1 0.209565997 1 0 0.939999998 0.209565997 0.939999998 0 1 0.838720024 1 0 0.939999998 0.838720024 0.939999998 -0.405891001 0.790109992 -0.406058013 0.999677002 0.406058013 1.00032306 0.405891001 1.20989001 0 1 0.209565997 1 0 0.939999998 0.209565997 0.939999998 0 1 0.838720024 1 0 0.939999998 0.838720024 0.939999998 0 1 0.209565997 1 0 0.939999998 0.209565997 0.939999998 0 1 0.838720024 1 0 0.939999998 0.838720024 0.939999998 -0.405891001 0.790109992 -0.406058013 0.999677002 0.406058013 1.00032306 0.405891001 1.20989001 0 1 0.838720024 1 0 0.939999998 0.838720024 0.939999998 0 1 0.209565997 1 0 0.939999998 0.209565997 0.939999998 0 1 0.838720024 1 0 0.939999998 0.838720024 0.939999998 0 1 0.209565997 1 0 0.939999998 0.209565997 0.939999998 -0.405891001 0.790109992 -0.406058013 0.999677002 0.406058013 1.00032306 0.405891001 1.20989001 0.141078994 0.5 0 0.5 0.141078994 1 0 1 0.0760790035 0.5 0 0.5 0.0760790035 1 0 1 0.107970998 0.5 0 0.5 0.107970998 1 0 1 0.109226003 0.5 0 0.5 0.109226003 1 0 1 0.143135995 0.5 0 0.5 0.143135995 1 0 1 0.0763359964 0.5 0 0.5 0.0763359964 1 0 1 0.158579007 0.5 0 0.5 0.158579007 1 0 1 0.158579007 0.5 0 0.5 0.158579007 1 0 1 0.0360790007 0.5 0 0.5 0.0360790007 1 0 1 0.138462007 0.5 0 0.5 0.138462007 1 0 1 0.0549999997 0.5 0 0.5 0.0549999997 1 0 1 0.0360790007 0.5 -0 0.5 0.0360790007 1 0 1 0.108579002 0.5 0 0.5 0.108579002 1 0 1 0.108579002 0.5 0 0.5 0.108579002 1 0 1 0.126078993 0.5 -0 0.5 0.126078993 1 0 1 0.191079006 0.5 0 0.5 0.191079006 1 0 1 0.141078994 0.5 -0 0.5 0.141078994 1 0 1 0.0760790035 0.5 0 0.5 0.0760790035 1 0 1 0.164869994 0.5 -0 0.5 0.164869994 1 0 1 0.31871599 0.5 0 0.5 0.31871599 1 0 1 0.180940002 0.5 -0 0.5 0.180940002 1 0 1 0.180940002 0.5 0 0.5 0.180940002 1 0 1 0.126078993 0.5 0 0.5 0.126078993 1 0 1 0.191079006 0.5 0 0.5 0.191079006 1 0 1 0.157975003 0.5 0 0.5 0.157975003 1 0 1 0.0398389995 0.5 -0 0.5 0.0398389995 1 0 1 0.0410940014 0.5 0 0.5 0.0410940014 1 0 1 0.159229994 0.5 0 0.5 0.159229994 1 0 1 0.157975003 0.5 0 0.5 0.157975003 1 0 1 0.159229994 0.5 0 0.5 0.159229994 1 0 1 0.0410940014 0.5 -0 0.5 0.0410940014 1 0 1 0.0398389995 0.5 0 0.5 0.0398389995 1 0 1 -0.601283014 0.5 -1.01378298 0.5 -0.601283014 1 -1.01378298 1 -0.134367004 0.5 -0.50128299 0.5 -0.134367004 1 -0.50128299 1 -0.0343590006 1 -0 1 -0.0343590006 0.5 -0 0.5 -0.714357972 0.5 -0.952895999 0.5 -0.714357972 1 -0.952895999 1 -0.177650005 1 -0 1 -0.177650005 0.5 -0 0.5 -0.296918005 0.5 -0.595089972 0.5 -0.296918005 1 -0.595089972 1 0.492846996 0.350000024 0.492846996 -0.149999976 0.414999992 0.350000024 0.310000002 0.350000024 0.414999992 0.899999976 0.310000002 0.899999976 0.183908001 -0.149999976 0.183908001 0.350000024 0.000418000011 0.350000024 0.000418000011 -0.149999976 -0 0.350000024 -0.104999997 0.350000024 -0 0.899999976 -0.104999997 0.899999976 -0.185000002 -0.149999976 -0.185000002 0.350000024 -0.5 1.27110004 -0 1.27110004 -0.5 1.23768306 -0 1.23768306 -0.5 1.20426595 -0 1.20426595 -0.5 1.17084897 -0 1.17084897 -0.5 1.13743198 -0 1.13743198 -0 0.933166027 -0.5 0.933166027 -0 0.966583014 -0.5 0.966583014 -0 1 -0.5 1 -0 1.03341699 -0.5 1.03341699 0 1.06683397 -0.5 1.06683397 -0.5 0.799861014 -0 0.799861014 -0.5 0.766443968 -0 0.766443968 -0.5 0.733026981 -0 0.733026981 -0.5 0.699609995 0 0.699609995 -0.5 0.666193008 -0 0.666193008 -0 0.901812017 -0.5 0.901812017 -0 0.935229003 -0.5 0.935229003 -0 0.968647003 -0.5 0.968647003 -0 1.00206399 -0.5 1.00206399 -0 1.03548098 -0.5 1.03548098 -0.238536999 1 -0 1 -0.238536999 0.5 -0 0.5 -1.19268596 0.5 -1.50539601 0.5 -1.19268596 1 -1.50539601 1 -0.940387011 0.5 -1.07341695 0.5 -0.940387011 1 -1.07341695 1 -0.5 1.06589305 -0 1.06589305 -0.5 1.03294694 0 1.03294694 -0.5 1 -0 1 -0.5 0.967052996 -0 0.967052996 -0.5 0.934107006 -0 0.934107006 -0 1.13743198 -0.5 1.13743198 -0 1.17131901 -0.5 1.17131901 -0 1.20520699 -0.5 1.20520699 -0 1.23909497 -0.5 1.23909497 -0 1.272982 -0.5 1.272982 -0 0.903693974 -0.5 0.903693974 -0 0.936640978 -0.5 0.936640978 -0 0.969587982 -0.5 0.969587982 -0 1.00253403 -0.5 1.00253403 -0 1.03548098 -0.5 1.03548098 0 0.666193008 -0.5 0.666193008 -0 0.70312202 -0.5 0.70312202 -0 0.740049958 -0.5 0.740049958 -0 0.77697897 -0.5 0.77697897 -0 0.813907981 -0.5 0.813907981 -0 0.850836992 -0.5 0.850836992 -0 0.887766004 -0.5 0.887766004 -0 0.924694002 -0.5 0.924694002 -0 0.961623013 -0.5 0.961623013 -0 0.998552024 -0.5 0.998552024 -0 1.03548098 -0.5 1.03548098 -0.5 1.18464398 0 1.18464398 -0.5 1.14771497 -0 1.14771497 -0.5 1.11078596 -0 1.11078596 -0.5 1.07385802 -0 1.07385802 -0.5 1.03692901 -0 1.03692901 -0.5 1 -0 1 -0.5 0.963070989 -0 0.963070989 -0.5 0.926141977 -0 0.926141977 -0.5 0.889213979 -0 0.889213979 -0.5 0.852285028 -0 0.852285028 -0.5 0.815356016 -0 0.815356016 -0 0.815356016 -0.5 0.815356016 -0 0.852285028 -0.5 0.852285028 -0 0.889213979 -0.5 0.889213979 -0 0.926141977 -0.5 0.926141977 -0 0.963070989 -0.5 0.963070989 -0 1 -0.5 1 -0 1.03692901 -0.5 1.03692901 -0 1.07385802 -0.5 1.07385802 -0 1.11078596 -0.5 1.11078596 -0 1.14771497 -0.5 1.14771497 0 1.18464398 -0.5 1.18464398 -0.5 1.03548098 -0 1.03548098 -0.5 0.998552024 -0 0.998552024 -0.5 0.961623013 -0 0.961623013 -0.5 0.924694002 -0 0.924694002 -0.5 0.887766004 -0 0.887766004 -0.5 0.850836992 -0 0.850836992 -0.5 0.813907981 -0 0.813907981 -0.5 0.77697897 -0 0.77697897 -0.5 0.740049958 0 0.740049958 -0.5 0.70312202 0 0.70312202 -0.5 0.666193008 -0 0.666193008 0.349539995 1.07159698 0.323460013 1.12785804 0.425000012 1.18768907 0.318583995 1.16437006 0.304957986 1.19859195 0.319290012 1.09125996 0.425000012 1.32071996 0.283401012 1.22846198 0.255214989 1.252177 0.222099006 1.26830804 0.235816002 1.40742207 0.264791012 1.42485499 0.203670993 1.39692307 0.186050996 1.27588201 0.169992 1.39389098 0.149242997 1.274441 0.136489004 1.39847994 0.113897003 1.26407397 0.0487399995 1.26711702 0.0821420029 1.24540496 0.210445002 1.68922102 0.176942006 1.69380999 0.252846986 1.75269794 0.143261999 1.69077802 -0.0560920015 1.75269794 0.111117996 1.68027902 0.0821420029 1.66284609 0.138316005 0.563147008 0.171403006 0.558984041 0.0791419968 0.472109973 0.204593003 0.562234998 0.425000012 0.247301996 0.425000012 0.485839009 0.236242995 0.572737992 0.264791012 0.589974999 0.264791012 1.00741506 0.295040995 0.987752974 0.233036995 0.988745987 0.208618 0.854793012 0.197689995 0.978379011 0.175531 0.858955979 0.160882995 0.976939023 0.142341003 0.855705023 0.124834001 0.984512985 0.110689998 0.845201969 0.0917190015 1.00064397 0.0821420029 0.827965021 -0.0695659965 0.926576018 -0.0654110014 0.959192991 0.0635330006 1.02435899 -0.0684619993 0.991931021 0.0419760011 1.05422795 -0.0785730034 1.02321804 0.0283489991 1.08845103 -0.0952579975 1.05155098 0.0234740004 1.12496197 -0.00681099994 1.18395698 0.0276439991 1.16156101 0.425000012 0.90328002 0.320201993 0.740095973 0.378886014 0.933254004 0.309698999 0.771746993 0.292461991 0.800294995 0.323453009 0.706907034 0.425000012 0.605108023 0.319290012 0.673819005 0.29359901 1.63367498 0.37310499 1.75269794 0.310283005 1.60534191 0.320394009 1.57405496 0.323446006 1.54131603 0.425000012 1.43998802 0.319290012 1.50870001 0.425000012 1.75269794 -0.25236699 0.816356003 -0.218863994 0.811766982 -0.312341005 0.726574004 -0.185185 0.814799011 0.0267319996 0.677845001 0.0234810002 0.711034 -0.153040007 0.825299025 0.0276439991 0.744120955 -0.124064997 0.842730999 -0.00470199995 0.526609004 0.0372349992 0.646193981 0.0544719994 0.617645979 -0.335521013 0.871901989 -0.396192014 0.781077027 -0.352205992 0.900234997 -0.362316996 0.931522012 -0.425000012 0.799802005 -0.365368009 0.964260995 -0.425000012 1.03833902 -0.361211985 0.996877015 -0.306713998 1.49816203 -0.425000012 1.57504797 -0.274958998 1.51683092 -0.239582002 1.75269794 -0.239612997 1.52719808 -0.202804998 1.52863801 -0.166757002 1.52106404 0.0276439991 1.57900095 -0.133641005 1.504933 0.023488 1.54638398 -0.105455004 1.48121798 0.0265389998 1.51364601 -0.0838980004 1.45134902 0.0366499983 1.48235893 -0.0702719986 1.41712594 0.0533349998 1.45402598 -0.0653960034 1.380615 -0.0351109989 1.32161999 -0.0695659965 1.34401596 -0.425000012 1.75269794 -0.361211985 1.41431797 -0.365381986 1.37771904 -0.425000012 1.45578003 -0.360507011 1.34120703 -0.425000012 1.15760803 -0.346879989 1.30698502 -0.325322986 1.27711499 -0.297136992 1.25339997 -0.306713998 1.08072197 -0.277738005 1.09815502 -0.264021993 1.23726904 -0.245593995 1.10865402 -0.227972999 1.22969604 -0.211914003 1.11168599 -0.191165999 1.23113596 -0.178412005 1.10709703 -0.155818999 1.241503 -0.0906620026 1.23846006 -0.124064997 1.26017201 -0.5 1.03548098 -0 1.03548098 -0.5 1.00253403 -0 1.00253403 -0.5 0.969587982 -0 0.969587982 -0.5 0.936640978 -0 0.936640978 -0.5 0.903693974 -0 0.903693974 0 0.666193008 -0.5 0.666193008 0 0.700080991 -0.5 0.700080991 0 0.733968019 -0.5 0.733968019 -0 0.767856002 -0.5 0.767856002 -0 0.801743031 -0.5 0.801743031 -0.5 1.272982 -0 1.272982 -0.5 1.23909497 -0 1.23909497 -0.5 1.20520699 -0 1.20520699 -0.5 1.17131901 -0 1.17131901 -0.5 1.13743198 -0 1.13743198 -0 0.934107006 -0.5 0.934107006 -0 0.967052996 -0.5 0.967052996 -0 1 -0.5 1 -0 1.03294694 -0.5 1.03294694 0 1.06589305 -0.5 1.06589305 -0.5 0.801743031 -0 0.801743031 -0.5 0.767856002 -0 0.767856002 -0.5 0.733968019 0 0.733968019 -0.5 0.700080991 -0 0.700080991 -0.5 0.666193008 -0 0.666193008 0.819999993 1.14399004 0.54666698 1.14399004 0.819999993 1.15707994 0.54666698 1.15707994 0.819999993 0.842920005 0.54666698 0.842920005 0.819999993 0.85601002 0.54666698 0.85601002 0.819999993 0.869099975 0.54666698 0.869099975 0.819999993 0.882189989 0.54666698 0.882189989 0.819999993 0.895280004 0.54666698 0.895280004 0.819999993 0.908370018 0.54666698 0.908370018 0.819999993 0.921460032 0.54666698 0.921460032 0.819999993 0.934549987 0.54666698 0.934549987 0.819999993 0.947640002 0.54666698 0.947640002 0.819999993 0.960730016 0.54666698 0.960730016 0.819999993 0.973819971 0.54666698 0.973819971 0.819999993 0.986909986 0.54666698 0.986909986 0.819999993 1 0.54666698 1 0.819999993 1.01309001 0.54666698 1.01309001 0.819999993 1.02618003 0.54666698 1.02618003 0.819999993 1.03927004 0.54666698 1.03927004 0.819999993 1.05236006 0.54666698 1.05236006 0.819999993 1.06544995 0.54666698 1.06544995 0.819999993 1.07853997 0.54666698 1.07853997 0.819999993 1.09162998 0.54666698 1.09162998 0.819999993 1.10472 0.54666698 1.10472 0.819999993 1.11781001 0.54666698 1.11781001 0.819999993 1.13090003 0.54666698 1.13090003 -0 0.85601002 0.273333013 0.85601002 0 0.842920005 0.273333013 0.842920005 0 1.15707994 0.273333013 1.15707994 0 1.14399004 0.273333013 1.14399004 0 1.13090003 0.273333013 1.13090003 0 1.11781001 0.273333013 1.11781001 0 1.10472 0.273333013 1.10472 0 1.09162998 0.273333013 1.09162998 0 1.07853997 0.273333013 1.07853997 0 1.06544995 0.273333013 1.06544995 0 1.05236006 0.273333013 1.05236006 0 1.03927004 0.273333013 1.03927004 0 1.02618003 0.273333013 1.02618003 0 1.01309001 0.273333013 1.01309001 0 1 0.273333013 1 0 0.986909986 0.273333013 0.986909986 0 0.973819971 0.273333013 0.973819971 0 0.960730016 0.273333013 0.960730016 0 0.947640002 0.273333013 0.947640002 0 0.934549987 0.273333013 0.934549987 0 0.921460032 0.273333013 0.921460032 0 0.908370018 0.273333013 0.908370018 -0 0.895280004 0.273333013 0.895280004 -0 0.882189989 0.273333013 0.882189989 -0 0.869099975 0.273333013 0.869099975 0.819999993 1.14399004 0.54666698 1.14399004 0.819999993 1.15707994 0.54666698 1.15707994 0.819999993 0.842920005 0.54666698 0.842920005 0.819999993 0.85601002 0.54666698 0.85601002 0.819999993 0.869099975 0.54666698 0.869099975 0.819999993 0.882189989 0.54666698 0.882189989 0.819999993 0.895280004 0.54666698 0.895280004 0.819999993 0.908370018 0.54666698 0.908370018 0.819999993 0.921460032 0.54666698 0.921460032 0.819999993 0.934549987 0.54666698 0.934549987 0.819999993 0.947640002 0.54666698 0.947640002 0.819999993 0.960730016 0.54666698 0.960730016 0.819999993 0.973819971 0.54666698 0.973819971 0.819999993 0.986909986 0.54666698 0.986909986 0.819999993 1 0.54666698 1 0.819999993 1.01309001 0.54666698 1.01309001 0.819999993 1.02618003 0.54666698 1.02618003 0.819999993 1.03927004 0.54666698 1.03927004 0.819999993 1.05236006 0.54666698 1.05236006 0.819999993 1.06544995 0.54666698 1.06544995 0.819999993 1.07853997 0.54666698 1.07853997 0.819999993 1.09162998 0.54666698 1.09162998 0.819999993 1.10472 0.54666698 1.10472 0.819999993 1.11781001 0.54666698 1.11781001 0.819999993 1.13090003 0.54666698 1.13090003 0 0.85601002 0.273333013 0.85601002 0 0.842920005 0.273333013 0.842920005 0 1.15707994 0.273333013 1.15707994 0 1.14399004 0.273333013 1.14399004 0 1.13090003 0.273333013 1.13090003 0 1.11781001 0.273333013 1.11781001 0 1.10472 0.273333013 1.10472 0 1.09162998 0.273333013 1.09162998 0 1.07853997 0.273333013 1.07853997 0 1.06544995 0.273333013 1.06544995 0 1.05236006 0.273333013 1.05236006 0 1.03927004 0.273333013 1.03927004 0 1.02618003 0.273333013 1.02618003 0 1.01309001 0.273333013 1.01309001 0 1 0.273333013 1 0 0.986909986 0.273333013 0.986909986 0 0.973819971 0.273333013 0.973819971 0 0.960730016 0.273333013 0.960730016 0 0.947640002 0.273333013 0.947640002 0 0.934549987 0.273333013 0.934549987 0 0.921460032 0.273333013 0.921460032 -0 0.908370018 0.273333013 0.908370018 -0 0.895280004 0.273333013 0.895280004 0 0.882189989 0.273333013 0.882189989 -0 0.869099975 0.273333013 0.869099975 0.819999993 1.14399004 0.54666698 1.14399004 0.819999993 1.15707994 0.54666698 1.15707994 0.819999993 0.842920005 0.54666698 0.842920005 0.819999993 0.85601002 0.54666698 0.85601002 0.819999993 0.869099975 0.54666698 0.869099975 0.819999993 0.882189989 0.54666698 0.882189989 0.819999993 0.895280004 0.54666698 0.895280004 0.819999993 0.908370018 0.54666698 0.908370018 0.819999993 0.921460032 0.54666698 0.921460032 0.819999993 0.934549987 0.54666698 0.934549987 0.819999993 0.947640002 0.54666698 0.947640002 0.819999993 0.960730016 0.54666698 0.960730016 0.819999993 0.973819971 0.54666698 0.973819971 0.819999993 0.986909986 0.54666698 0.986909986 0.819999993 1 0.54666698 1 0.819999993 1.01309001 0.54666698 1.01309001 0.819999993 1.02618003 0.54666698 1.02618003 0.819999993 1.03927004 0.54666698 1.03927004 0.819999993 1.05236006 0.54666698 1.05236006 0.819999993 1.06544995 0.54666698 1.06544995 0.819999993 1.07853997 0.54666698 1.07853997 0.819999993 1.09162998 0.54666698 1.09162998 0.819999993 1.10472 0.54666698 1.10472 0.819999993 1.11781001 0.54666698 1.11781001 0.819999993 1.13090003 0.54666698 1.13090003 -0 0.85601002 0.273333013 0.85601002 0 0.842920005 0.273333013 0.842920005 0 1.15707994 0.273333013 1.15707994 0 1.14399004 0.273333013 1.14399004 0 1.13090003 0.273333013 1.13090003 0 1.11781001 0.273333013 1.11781001 0 1.10472 0.273333013 1.10472 0 1.09162998 0.273333013 1.09162998 0 1.07853997 0.273333013 1.07853997 0 1.06544995 0.273333013 1.06544995 0 1.05236006 0.273333013 1.05236006 0 1.03927004 0.273333013 1.03927004 0 1.02618003 0.273333013 1.02618003 0 1.01309001 0.273333013 1.01309001 0 1 0.273333013 1 0 0.986909986 0.273333013 0.986909986 0 0.973819971 0.273333013 0.973819971 0 0.960730016 0.273333013 0.960730016 0 0.947640002 0.273333013 0.947640002 0 0.934549987 0.273333013 0.934549987 0 0.921460032 0.273333013 0.921460032 0 0.908370018 0.273333013 0.908370018 -0 0.895280004 0.273333013 0.895280004 0 0.882189989 0.273333013 0.882189989 -0 0.869099975 0.273333013 0.869099975 0.819999993 1.14399004 0.54666698 1.14399004 0.819999993 1.15707994 0.54666698 1.15707994 0.819999993 0.842920005 0.54666698 0.842920005 0.819999993 0.85601002 0.54666698 0.85601002 0.819999993 0.869099975 0.54666698 0.869099975 0.819999993 0.882189989 0.54666698 0.882189989 0.819999993 0.895280004 0.54666698 0.895280004 0.819999993 0.908370018 0.54666698 0.908370018 0.819999993 0.921460032 0.54666698 0.921460032 0.819999993 0.934549987 0.54666698 0.934549987 0.819999993 0.947640002 0.54666698 0.947640002 0.819999993 0.960730016 0.54666698 0.960730016 0.819999993 0.973819971 0.54666698 0.973819971 0.819999993 0.986909986 0.54666698 0.986909986 0.819999993 1 0.54666698 1 0.819999993 1.01309001 0.54666698 1.01309001 0.819999993 1.02618003 0.54666698 1.02618003 0.819999993 1.03927004 0.54666698 1.03927004 0.819999993 1.05236006 0.54666698 1.05236006 0.819999993 1.06544995 0.54666698 1.06544995 0.819999993 1.07853997 0.54666698 1.07853997 0.819999993 1.09162998 0.54666698 1.09162998 0.819999993 1.10472 0.54666698 1.10472 0.819999993 1.11781001 0.54666698 1.11781001 0.819999993 1.13090003 0.54666698 1.13090003 -0 0.85601002 0.273333013 0.85601002 0 0.842920005 0.273333013 0.842920005 0 1.15707994 0.273333013 1.15707994 0 1.14399004 0.273333013 1.14399004 0 1.13090003 0.273333013 1.13090003 0 1.11781001 0.273333013 1.11781001 0 1.10472 0.273333013 1.10472 0 1.09162998 0.273333013 1.09162998 0 1.07853997 0.273333013 1.07853997 0 1.06544995 0.273333013 1.06544995 0 1.05236006 0.273333013 1.05236006 0 1.03927004 0.273333013 1.03927004 0 1.02618003 0.273333013 1.02618003 0 1.01309001 0.273333013 1.01309001 0 1 0.273333013 1 0 0.986909986 0.273333013 0.986909986 0 0.973819971 0.273333013 0.973819971 0 0.960730016 0.273333013 0.960730016 0 0.947640002 0.273333013 0.947640002 0 0.934549987 0.273333013 0.934549987 0 0.921460032 0.273333013 0.921460032 0 0.908370018 0.273333013 0.908370018 -0 0.895280004 0.273333013 0.895280004 0 0.882189989 0.273333013 0.882189989 -0 0.869099975 0.273333013 0.869099975 0.819999993 1.14399004 0.54666698 1.14399004 0.819999993 1.15707994 0.54666698 1.15707994 0.819999993 0.842920005 0.54666698 0.842920005 0.819999993 0.85601002 0.54666698 0.85601002 0.819999993 0.869099975 0.54666698 0.869099975 0.819999993 0.882189989 0.54666698 0.882189989 0.819999993 0.895280004 0.54666698 0.895280004 0.819999993 0.908370018 0.54666698 0.908370018 0.819999993 0.921460032 0.54666698 0.921460032 0.819999993 0.934549987 0.54666698 0.934549987 0.819999993 0.947640002 0.54666698 0.947640002 0.819999993 0.960730016 0.54666698 0.960730016 0.819999993 0.973819971 0.54666698 0.973819971 0.819999993 0.986909986 0.54666698 0.986909986 0.819999993 1 0.54666698 1 0.819999993 1.01309001 0.54666698 1.01309001 0.819999993 1.02618003 0.54666698 1.02618003 0.819999993 1.03927004 0.54666698 1.03927004 0.819999993 1.05236006 0.54666698 1.05236006 0.819999993 1.06544995 0.54666698 1.06544995 0.819999993 1.07853997 0.54666698 1.07853997 0.819999993 1.09162998 0.54666698 1.09162998 0.819999993 1.10472 0.54666698 1.10472 0.819999993 1.11781001 0.54666698 1.11781001 0.819999993 1.13090003 0.54666698 1.13090003 0 0.85601002 0.273333013 0.85601002 0 0.842920005 0.273333013 0.842920005 0 1.15707994 0.273333013 1.15707994 0 1.14399004 0.273333013 1.14399004 0 1.13090003 0.273333013 1.13090003 0 1.11781001 0.273333013 1.11781001 0 1.10472 0.273333013 1.10472 0 1.09162998 0.273333013 1.09162998 0 1.07853997 0.273333013 1.07853997 0 1.06544995 0.273333013 1.06544995 0 1.05236006 0.273333013 1.05236006 0 1.03927004 0.273333013 1.03927004 0 1.02618003 0.273333013 1.02618003 0 1.01309001 0.273333013 1.01309001 0 1 0.273333013 1 0 0.986909986 0.273333013 0.986909986 0 0.973819971 0.273333013 0.973819971 0 0.960730016 0.273333013 0.960730016 0 0.947640002 0.273333013 0.947640002 0 0.934549987 0.273333013 0.934549987 0 0.921460032 0.273333013 0.921460032 0 0.908370018 0.273333013 0.908370018 -0 0.895280004 0.273333013 0.895280004 0 0.882189989 0.273333013 0.882189989 -0 0.869099975 0.273333013 0.869099975 -0.655977011 1 -0.357805997 1 -0.655977011 0.5 -0.357805997 0.5 1.95256197 -0.0499999523 -1.95256197 -1.28500009 -1.93200898 -1.06820297 -1.95256197 2.58500004 -1.93200898 2.36820316 1.95256197 1.35000002 2.4663949 0.977203012 2.4663949 1.58651102 1.95256197 1.74901104 2.4663949 0.322797 2.4663949 -0.286510944 1.95256197 -0.449010968 -0.570263028 2.71820307 -0.148467004 1.10627198 -0.570263028 -0.718202949 -0.146762997 1.09333098 -0.141767994 1.08127201 0.574999988 2.71820307 -0.085525997 1.98944902 -0.0984669998 1.991153 -0.111408003 1.98944902 0.574999988 -0.718202949 0.340389013 1.35902905 0.340389013 1.77646899 0.338685006 1.78941 -0.0734670013 1.062971 -0.0631119981 1.07091701 -0.0551659986 1.08127201 -0.050170999 1.11921299 0.240389004 1.35902905 -0.0484669991 1.10627198 0.242092997 1.34608793 0.247088 1.33402896 -0.0551659986 1.13127196 -0.0551659986 1.49871206 -0.050170999 1.51077199 -0.0484669991 1.52371192 0.242092997 1.37196994 0.242092997 1.76352799 0.247088 1.75146902 -0.0631119981 1.48835707 -0.0631119981 1.14162803 -0.0734670013 1.48041105 -0.0734670013 1.14957404 -0.085525997 1.47541595 -0.085525997 1.15456903 -0.0984669998 1.47371197 -0.0984669998 1.15627193 -0.111408003 1.47541595 -0.111408003 1.15456903 -0.123466998 1.48041105 -0.123466998 1.14957404 -0.133821994 1.48835707 -0.133821994 1.14162803 -0.141767994 1.49871206 -0.141767994 1.13127196 -0.146762997 1.51077199 -0.146762997 1.11921299 -0.133821994 1.07091701 -0.123466998 1.062971 -0.111408003 1.05797601 -0.0984669998 1.05627203 -0.085525997 1.05797601 0.265388995 1.31572795 -0.050170999 1.09333098 0.255034 1.32367301 0.338685006 1.76352799 0.338685006 1.37196994 0.333689988 1.38402903 0.333689988 1.75146902 0.325744003 1.39438403 0.325744003 1.74111402 0.315389007 1.40233004 0.315389007 1.73316801 0.303330004 1.40732503 0.303330004 1.72817302 0.290389001 1.40902901 0.290389001 1.72646904 0.277447999 1.40732503 0.277447999 1.72817302 0.265388995 1.40233004 0.265388995 1.73316801 0.255034 1.39438403 0.255034 1.74111402 0.247088 1.38402903 0.277447999 1.31073201 0.290389001 1.30902898 0.303330004 1.31073201 0.315389007 1.31572795 0.325744003 1.32367301 0.333689988 1.33402896 0.338685006 1.34608793 -0.050170999 1.95409393 0.242092997 1.78941 -0.0484669991 1.94115305 0.240389004 1.77646899 -0.050170999 1.92821193 -0.050170999 1.53665304 -0.0551659986 1.91615295 -0.0551659986 1.54871202 -0.0631119981 1.905797 -0.0631119981 1.55906796 -0.0734670013 1.89785099 -0.0734670013 1.56701398 -0.085525997 1.892856 -0.085525997 1.57200909 -0.0984669998 1.89115298 -0.0984669998 1.57371199 -0.111408003 1.892856 -0.111408003 1.57200909 -0.123466998 1.89785099 -0.123466998 1.56701398 -0.133821994 1.905797 -0.133821994 1.55906796 -0.141767994 1.91615295 -0.141767994 1.54871202 -0.146762997 1.53665304 -0.0551659986 1.96615303 0.255034 1.81182408 0.247088 1.80146909 -0.0631119981 1.97650802 0.265388995 1.81976998 -0.0734670013 1.98445392 -0.123466998 1.98445392 -0.133821994 1.97650802 -0.141767994 1.96615303 -0.146762997 1.95409393 -0.148467004 1.94115305 -0.148467004 1.52371192 -0.146762997 1.92821193 0.333689988 1.80146909 0.325744003 1.81182408 0.315389007 1.81976998 0.303330004 1.82476497 0.290389001 1.82646894 0.277447999 1.82476497 3.97462106 0.99526298 3.97462106 -0.149999976 -0.525744021 -0.0184210539 -0.525744021 -0.149999976 -1.98000002 2.71820307 -1.61373794 1.36801398 -1.98000002 -0.718202949 -1.61296904 0.402580976 -1.61280298 0.193014979 2.29999995 1.32720304 -0.802155018 2.03779316 -1.61410403 1.82757998 -1.61393702 1.61801398 2.29999995 0.672796965 -0.801020026 0.612794042 -0.884611011 0.959933996 -0.888218999 1.04736805 -0.800653994 0.153227985 -0.800821006 0.362793982 -0.800853014 0.403226972 -1.61276996 0.152580976 -1.61260295 -0.0569850206 -1.31366301 0.855342031 -1.13866103 0.832625031 -1.27584505 0.832516015 -1.13851702 0.651916027 -1.275702 0.65180701 -1.35324597 0.680989027 -1.42138505 0.730013967 -1.47572303 0.795719028 -1.51275694 0.873867035 -1.53009903 0.959420025 -1.52663004 1.04685998 -1.50257301 1.130548 -1.45948195 1.20508897 -1.40013301 1.26567507 -1.328354 1.30840003 -1.24877501 1.33050704 -0.801788986 1.57822704 -1.16652501 1.33057296 -1.08691096 1.30859196 -1.015064 1.26598203 -0.955618978 1.20548999 -0.912407994 1.13101804 -1.10088098 0.855512023 -1.34434795 0.887117028 -1.07024598 0.887335002 -1.36584198 0.925706983 -1.04881406 0.925958991 -1.37670195 0.968523026 -1.03802097 0.968792975 -1.37619996 1.01269305 -1.03859401 1.01296198 -1.36436999 1.055251 -1.05049205 1.05550098 -1.34200501 1.09334302 -1.07291806 1.093557 -1.310606 1.12441206 -1.10436594 1.12457597 -1.27227998 1.14637399 -1.14272702 1.14647698 -1.229599 1.15775394 -1.185426 1.15778899 -1.06101894 0.681221962 -0.992959023 0.730355024 -0.938724995 0.796146035 -0.90181601 0.874352992 -0.801988006 1.82822704 -0.801955998 1.78779292 -1.61390495 1.57757998 0.150000006 1 0 1 0.150000006 2.29999995 0 2.29999995 -0.565684974 -0.0650000572 -0.565684974 0.160000026 -0.247486994 -0.00499999523 -0.247486994 0.100000024 -0.247486994 0.514999986 -0.247486994 0.410000026 -0.565684974 0.574999988 -0.565684974 0.350000024 0 0.899999976 -0 0.800000012 -0.565684974 0.957143009 -0.565684974 0.699999988 -0.565684974 -0.480000019 -0.565684974 -0.254999995 -0.247486994 -0.419999957 -0.247486994 -0.315000057 -0 0.149999976 -0.232862994 0.375 -0 1 -0.232862994 0.899999976 -0 0.375 -0.104999997 0.375 -0 0.899999976 -0.104999997 0.899999976 -0.232862994 0.149999976 -0.232862994 1 0 0.375 0 0.899999976 -0 0.646447003 -0.449999988 0.646447003 0 1.35355306 -0.850000024 1.05050802 -0.730000019 1.35355306 -0.850000024 1.23233497 -0 0.149999976 -0.232862994 0.375 -0 1 -0.232862994 0.899999976 -0 0.375 -0.104999997 0.375 -0 0.899999976 -0.104999997 0.899999976 -0.232862994 0.149999976 -0.232862994 1 0 0.375 0 0.899999976 -0 0.149999976 -0.232862994 0.375 -0 1 -0.232862994 0.899999976 -0.850000024 -2.54500008 -0 -2.54500008 -0.850000024 -2.7349999 -0 -2.7349999 -0.850000024 -2.96000004 -0 -2.96000004 -0.850000024 -3.1500001 -0 -3.1500001 -0 -3.5 -0.850000024 -3.5 -0 -3.375 -0.850000024 -3.375 -0 -2.29999995 -0 -2.31999993 -0.200000003 -2.29999995 -0.850000024 -2.31999993 -0.850000024 -2.13000011 -0.200000003 -2.13000011 -0 1 0.282842994 1 0 -0.299999952 0.282842994 -0.299999952 -0.270000011 1 -0 1 -0.270000011 -0.299999952 -0 -0.299999952 0 1 0.282842994 1 0 -0.299999952 0.282842994 -0.299999952 -0.649999976 1.79999995 0.649999976 0.954999983 -0.649999976 0.199999988 0.649999976 0.199999988 -0.140000001 2.29999995 -0 2.29999995 -0.140000001 1 -0 1 -1.60000002 -0.934999943 -2.01999998 -0.524999976 -1.60000002 2.93499994 -2.16000009 0.230000019 -2.01999998 2.5250001 -2.17000008 2.5250001 -2.4000001 2.375 -2.31999993 2.67499995 -3.04999995 2.67499995 -3.04999995 2.375 -2.01999998 -0.712082028 -1.60000002 -1.363976 -1.77951705 -2.05960488 -2.80513191 -2.05960488 -2.20000005 -1.375 -2.1064589 -0.88499999 -3.0999999 -1.17499995 -2.67000008 -1.17499995 -2.47000003 -1.375 -2.20000005 -0.88499999 -2.16000009 -0.524999976 -2.4000001 0.230000019 -2.01999998 2.71208191 -1.60000002 3.363976 -1.77951705 4.05960464 -2.1064589 2.88499999 -2.20000005 3.375 -2.20000005 2.88499999 -2.80513191 4.05960464 -2.47000003 3.375 -2.67000008 3.17499995 -3.0999999 3.17499995 -0.169706002 -3.78285694 -0.169706002 -0.299999952 -0 -3.80000019 -0 1 -0.212132007 1 -0.212132007 -0.299999952 -1.60000002 -0.299999952 -0.119999997 -0.299999952 -0.300000012 -2.29999995 -0.119999997 -3.78285694 -0.300000012 -2.31999993 -0.300000012 -2.54500008 -0.300000012 -2.7349999 -0.300000012 -2.96000004 -0.300000012 -3.1500001 -0.300000012 -3.375 -0.300000012 -3.5 -0.300000012 -3.75714302 -0 -2.87432289 0.324999988 -1.37595391 0.118421003 -3.40006685 0.324999988 -1.63882589 0.324999988 -1.90169811 0.400000006 -1.82283592 0.400000006 -1.71768689 0 1 0.324999988 -0.850211024 0.324999988 -1.11308193 0.400000006 -1.29709291 0.400000006 -1.19194388 0.400000006 1 0.400000006 -0.771348953 0.400000006 -0.929072022 0.400000006 -1.03422093 0.400000006 -1.4548161 0.400000006 -1.55996394 0.400000006 -1.98055911 0.400000006 -2.0857079 0.324999988 -2.1645689 0.324999988 -2.42744088 0.324999988 -2.6903131 0.400000006 -2.61145091 0.400000006 -2.50630307 0.400000006 -2.24343109 0.400000006 -2.34857988 0.324999988 -2.95318508 0.400000006 -2.7691741 0.400000006 -2.87432289 0.324999988 -3.21605587 0.400000006 -3.03204584 0.400000006 -3.13719511 0.400000006 -3.29491806 0.400000006 -3.40006685 -0.372797012 -0.0184210539 0.236511007 -0.0184210539 -0.372797012 -0.149999976 0.236511007 -0.299999952 -1.63651097 -0.299999952 -1.02720296 -0.149999976 -1.63651097 -0.0184210539 -1.02720296 -0.0184210539 0 -1.185462 0 -3.12348509 -0.106066003 -1.16108704 -0.106066003 -3.14786005 -0.106066003 -3.17223501 -0.106066003 -1.13671207 -0 -3.14786005 -0 -1.16108704 -0.118421003 -3.40006685 -0.324999988 -1.37595391 0 -2.87432289 -0.324999988 -1.11308193 -0.324999988 -0.850211024 -0.400000006 -1.03422093 -0.400000006 -0.929072022 -0.400000006 -3.40006685 -0.324999988 -3.21605587 -0.324999988 -2.95318508 -0.324999988 -2.6903131 -0.400000006 -2.87432289 -0.400000006 -2.7691741 -0.400000006 -3.29491806 -0.400000006 -3.13719511 -0.400000006 -3.03204584 -0.324999988 -2.42744088 -0.400000006 -2.61145091 -0.400000006 -2.50630307 -0.324999988 -2.1645689 -0.400000006 -2.34857988 -0.400000006 -2.24343109 -0.324999988 -1.90169811 -0.400000006 -2.0857079 -0.400000006 -1.98055911 -0.324999988 -1.63882589 -0.400000006 -1.82283592 -0.400000006 -1.71768689 -0.400000006 -1.55996394 -0.400000006 -1.4548161 -0.400000006 -1.29709291 -0.400000006 -1.19194388 -0.400000006 -0.771348953 -0.400000006 1 -0 1 -2.45000005 2.01776099 -2.3499999 2.05026102 -2.45000005 -0.0177609921 -2.3499999 -0.0502610207 -0.106066003 -3.22910976 -0.106066003 -1.07983708 0 -3.2047348 0 -1.10421205 -0.106066003 -3.2534852 -0.106066003 -1.05546188 -0 -3.22910976 -0 -1.07983708 -2.20000005 2.09901094 -2.0999999 2.13151097 -2.20000005 -0.0990109444 -2.0999999 -0.131510973 -2.5999999 0.0309889913 -2.70000005 0.0634890199 -2.5999999 1.96901107 -2.70000005 1.93651104 0.0210299995 0.99526298 4.52139378 -0.0184210539 0.0210299995 -0.149999976 4.52139378 -0.149999976 1.68391299 -4.93717623 4.05720186 -1.7227211 2.06244802 -5.06335497 4.36367321 -1.94650602 4.46416378 -1.85837507 5.24762392 -2.00777006 4.98058701 -1.60887909 5.5851922 -0.99506402 5.26519203 -0.755064011 4.55711317 -1.57952905 -0.0227790009 -4.36827898 0.00634999992 -0.494065046 0.355756015 -4.49445677 0.385798007 -0.498919964 -0.021164 -0.363265991 -0.284604996 0.146184981 0.0717839971 -0.0844199657 -0.737568974 -0.0127060413 -0.400000006 1 -0 1 0.270000011 -0.299999952 0 -0.299999952 0.270000011 1 0 1 -0.187081993 2.29999995 -0 2.29999995 -0.187081993 1 -0 1 -0.193327993 2.29999995 -0 2.29999995 -0.193327993 1 -0 1 -0.0935409963 2.29999995 -0 2.29999995 -0.0935409963 1 -0 1 2.16000009 -0.524999976 2.01999998 -0.524999976 2.16000009 1.07500005 1.48461294 -1.29651093 -0.200000003 2.74901104 -0.200000003 -0.74901104 2.01999998 -0.712082028 2.1064589 -0.88499999 2.20000005 -1.375 2.20000005 -0.88499999 2.47000003 -1.375 2.77350903 -2.15447307 1.70602298 -2.15447307 2.67000008 -1.17499995 3.0999999 -1.17499995 1.48461294 3.29651093 2.01999998 2.5250001 2.17000008 2.5250001 1.70602298 4.1544733 2.20000005 3.375 2.1064589 2.88499999 2.01999998 2.71208191 2.77350903 4.1544733 2.47000003 3.375 2.67000008 3.17499995 3.0999999 3.17499995 2.20000005 2.88499999 2.20000005 2.55499983 2.20000005 1.07500005 -0.115000002 1 0.375 1 -0.115000002 -0.299999952 0.375 -0.299999952 0.187081993 1 0 1 0.187081993 2.29999995 0 2.29999995 0.193327993 1 0 1 0.193327993 2.29999995 0 2.29999995 0.0935409963 1 0 1 0.0935409963 2.29999995 0 2.29999995 -3.88499999 -0.299999952 -4.375 -0.299999952 -3.88499999 1 -4.375 1 0.106066003 2.40546203 0 2.42983699 0.106066003 5.90348482 0 5.87910986 -0 5.8547349 0.106066003 5.87910986 -0 2.45421195 0.106066003 2.42983699 0.106066003 2.48671198 0 2.51108694 0.106066003 5.82223511 0 5.79786015 -0 5.77348518 0.106066003 5.79786015 -0 2.5354619 0.106066003 2.51108694 0.106066003 2.56796217 0 2.59233713 0.106066003 5.74098492 0 5.71660995 -0 5.69223499 0.106066003 5.71660995 -0 2.61671209 0.106066003 2.59233713 0.106066003 2.64921188 0 2.67358685 0.106066003 5.6597352 0 5.63535976 -0 5.6109848 0.106066003 5.63535976 -0 2.69796205 0.106066003 2.67358685 0.106066003 2.73046207 0 2.75483704 0.106066003 5.57848501 0 5.55411005 -0 5.52973509 0.106066003 5.55411005 -0 2.779212 0.106066003 2.75483704 0.106066003 2.81171203 0 2.83608699 0.106066003 5.49723482 0 5.47285986 -0 5.4484849 0.106066003 5.47285986 -0 2.86046195 0.106066003 2.83608699 0.106066003 2.89296198 0 2.91733694 0.106066003 5.41598511 0 5.39161015 -0 5.36723518 0.106066003 5.39161015 -0 2.9417119 0.106066003 2.91733694 -1.85000002 -0.212761045 -1.95000005 -0.180261016 -1.85000002 2.21276093 -1.95000005 2.18026114 -1.60000002 -0.294010997 -1.70000005 -0.261510968 -1.60000002 2.29401112 -1.70000005 2.26151085 -1.35000002 -0.375260949 -1.45000005 -0.34276104 -1.35000002 2.37526083 -1.45000005 2.34276104 -1.10000002 -0.456511021 -1.20000005 -0.424010992 -1.10000002 2.45651102 -1.20000005 2.42401099 -0.850000024 -0.537760973 -0.949999988 -0.505260944 -0.850000024 2.53776097 -0.949999988 2.50526094 -0.600000024 -0.619011045 -0.699999988 -0.586511016 -0.600000024 2.61901093 -0.699999988 2.58651114 -0.349999994 -0.700260997 -0.449999988 -0.667760968 -0.349999994 2.70026112 -0.449999988 2.66776085 0.106066003 2.99858713 -0 3.02296209 0.106066003 5.31035995 -0 5.28598499 0.106066003 2.97421217 0 2.99858713 0.106066003 5.33473492 0 5.31035995 0.300000012 0.281580985 -0 0.281580985 0.300000012 1 -0 1 0 0.699999988 0.293929011 0.699999988 0 0.100000024 0.293929011 0.100000024 0.428975999 1 0.428975999 0.699999988 0 1 0 0.100000024 0.428975999 0.100000024 0.371784002 -0.0844199657 0.278836012 -0.363265991 0.0153949996 0.146184981 -0.324328005 0.0270169973 0 1 0.300000012 1 0.899999976 0.975705028 0.300000012 0.975705028 0.899999976 1.400195 0.300000012 1.400195 -0.428975999 0.100000024 -0.428975999 0.699999988 -0 0.100000024 -0 1 -0.428975999 1 -0.293929011 0.699999988 -0 0.699999988 -0.293929011 0.100000024 -0 0.100000024 0.300000012 1.02429497 0.899999976 1.02429497 0.300000012 0.599804997 0.899999976 0.599804997 -0.371784002 -0.0844199657 -0.0153949996 0.146184981 -0.278836012 -0.363265991 0.324328005 0.0270169973 -0 1 -0.300000012 1 0 1 0.400000006 1 0 0.113928974 0.400000006 0.113928974 0 1 0.400000006 1 -0 -0.0674860477 0.400000006 -0.0674860477 -0 1 0.300000012 1 0 -0.0256140232 0.300000012 -0.0256140232 0 0.281580985 -0.300000012 0.281580985 -0 1 -0.300000012 1 -0.300000012 1 0 1 -0.300000012 -0.0256140232 -0 -0.0256140232 -0 0.100000024 -3.99565101 0.100000024 -3.99565101 1 -0.400000006 1 -0 1 -0.400000006 0.113928974 -0 0.113928974 -0.400000006 1 -0 1 -0.400000006 -0.0674860477 0 -0.0674860477 0.200000003 0.699999988 1.10000002 0.699999988 0.200000003 0.100000024 1.10000002 0.100000024 0.0578619987 1.46088004 0.0335070007 1.36954999 -0.0731410012 1.37572896 -0.0714929998 1.36954999 2.38537192 0.800000012 2.14010191 0.800000012 2.38537192 1 1.98385704 0.800000012 -0 1 -1.55049205 0.800000012 -1.55049205 1.03999996 -0 1.03999996 1.29328597 1.17046404 1.17499995 1.12808204 1.17499995 1.24734998 0.839999974 1.42499995 0.944999993 1.42499995 1.32504106 1.18913305 1.37167001 1.09976506 1.35961103 1.09476995 1.34925604 1.08682394 1.38461101 1.10146904 1.36038697 1.19949996 1.39719498 1.20094001 1.43324304 1.19336605 1.39755201 1.09976506 1.46635902 1.17723501 1.40961099 1.09476995 1.49454498 1.15351999 1.51610196 1.12365103 1.52972806 1.08942795 1.427912 1.07646894 1.41996598 1.08682394 1.43290699 1.06440997 1.53460395 1.052917 1.43461096 1.05146897 1.43290699 1.03852797 1.53043401 1.01631796 1.427912 1.02646899 1.41996598 1.016114 1.47593498 0.932474017 1.40961099 1.00816798 1.39755201 1.00317299 1.44418097 0.913805008 1.38461101 1.00146902 1.40883398 0.903437972 1.37202704 0.901997983 1.56488895 0.993923008 1.50933802 0.910762012 1.64874005 0.939419031 1.593189 0.856258988 1.68214202 0.91770798 1.62764394 0.83386302 1.73811197 0.834068 1.73016596 0.823711991 1.73648906 1.07078195 1.65333498 1.12632799 1.76052594 1.16785598 1.74846697 1.17285097 1.73811197 1.18079698 1.63664997 1.15466094 1.73016596 1.19115305 1.62653899 1.18594801 1.72517097 1.20321202 1.62348795 1.21868706 1.72346699 1.21615303 1.72517097 1.22909403 1.62764394 1.25130296 1.73016596 1.241153 1.73811197 1.251508 1.68214202 1.33514798 1.74846697 1.25945401 1.76052594 1.264449 1.71111798 1.35258102 1.74326205 1.36308002 1.543908 1.42499995 1.36041796 1.42499995 1.41999996 1.64999998 1.36000001 1.42499995 1.61000001 1.64999998 1.66999996 1.42499995 1.77346694 1.26615298 1.77694201 1.36611199 1.81044495 1.36152303 1.85284698 1.42499995 1.89359903 1.30597699 1.78640795 1.264449 1.77499998 1.42499995 1.83500004 1.64999998 1.97310495 1.42499995 2.0250001 1.64999998 2.0250001 1.42499995 2.08500004 1.42499995 2.0250001 1.11229002 2.19000006 1.42499995 2.0250001 0.993022025 2.0250001 0.859991014 2.0250001 0.575582027 1.94954002 0.743898988 1.97888601 0.605556011 1.89504099 0.660055041 1.80861795 0.527096033 1.89246202 0.472597003 1.78640795 0.429569006 1.79846704 0.424574018 1.80882204 0.416628003 1.90969896 0.444049001 1.81676805 0.406271994 1.92020202 0.412397981 1.82176304 0.394213021 1.92345297 0.379208982 1.82346702 0.381272018 1.82176304 0.368331015 1.91928995 0.346122026 1.81676805 0.356271982 1.80882204 0.345916986 1.86479104 0.262277007 1.79846704 0.337970972 1.78640795 0.332975984 1.83624303 0.245041013 1.80459297 0.234537005 2.25 1.64999998 2.25 -0.495000005 -0.713352025 1.43117905 1.17499995 0.472104013 1.20380795 0.453378975 1.28765905 0.398876011 1.347633 0.488658011 1.26447904 0.54420501 1.37167001 0.585731983 1.35961103 0.590728045 1.34925604 0.598672986 1.24779403 0.572537005 1.34131002 0.609028995 1.23768306 0.603824019 1.33631504 0.621088028 1.23463202 0.636563003 1.33461106 0.634029031 1.33631504 0.646970034 1.23878801 0.669180036 1.34131002 0.659029007 1.34925604 0.669384003 1.29328597 0.753023982 1.35961103 0.677330017 1.37167001 0.682325006 1.32226205 0.770457029 1.354406 0.78095603 -0.654999971 1.64999998 -0.465000004 1.64999998 -0.405000001 1.42499995 -0.300000012 1.42499995 0.00999999978 1.42499995 -0.0500000007 1.64999998 -0.239999995 1.64999998 1.17499995 0.71064198 0.115000002 1.42499995 1.17499995 0.82990998 0.425000012 1.42499995 0.529999971 1.42499995 0.174999997 1.64999998 0.36500001 1.64999998 0.589999974 1.64999998 0.779999971 1.64999998 1.17499995 1.42499995 1.005 1.64999998 1.19500005 1.64999998 1.255 1.42499995 1.38461101 0.684028983 1.38808596 0.783989012 1.42158794 0.779399991 1.50474203 0.723852992 1.39755201 0.682325006 1.40961099 0.677330017 1.41996598 0.669384003 1.52142704 0.695520997 1.427912 0.659029007 1.53153801 0.664232969 1.43290699 0.646970034 1.53458905 0.631494999 1.43461096 0.634029031 1.43290699 0.621088028 1.53043401 0.598878026 1.427912 0.609028995 1.41996598 0.598672986 1.47593498 0.51503396 1.40961099 0.590728045 1.39755201 0.585731983 1.44695997 0.497600973 1.41481495 0.487101018 1.33597803 0.909570992 1.37167001 1.00317299 1.302863 0.925701976 1.35961103 1.00816798 1.27467704 0.949418008 1.25311995 0.979287028 1.23949301 1.01350904 1.34131002 1.02646899 1.34925604 1.016114 1.33631504 1.03852797 1.23461795 1.05002105 1.33461106 1.05146897 1.33631504 1.06440997 1.23878801 1.08661997 1.34131002 1.07646894 1.86479104 1.097157 1.91928995 1.18100202 1.80882204 1.18079698 1.81676805 1.19115305 1.83581603 1.07972503 1.78640795 1.16785598 1.79846704 1.17285097 1.803671 1.06922495 1.77346694 1.16615295 1.76999199 1.06619298 1.71389699 0.936376989 1.76052594 0.847009003 1.74846697 0.842014015 1.77346694 0.848711967 1.74924302 0.946744025 1.78605103 0.948184013 1.82209897 0.940609992 1.78640795 0.847009003 1.85521495 0.924479008 1.79846704 0.842014015 1.88340104 0.900763988 1.90495801 0.870894015 1.91858399 0.836672008 1.81676805 0.823711991 1.80882204 0.834068 1.82176304 0.811653018 1.92346001 0.800161004 1.82346702 0.798712015 1.82176304 0.785771966 1.91928995 0.763561964 1.81676805 0.773711979 1.80882204 0.763356984 1.86479104 0.679717004 1.79846704 0.755411029 1.78640795 0.750415981 1.83303702 0.661047995 1.77346694 0.748712003 1.79769003 0.650681019 1.76088297 0.649240971 2.0250001 0.277409971 2.0250001 0.158141971 2.0250001 -0.0803960562 1.679142 0.144411981 1.59529805 0.198911011 1.73831606 0.235449016 1.65447199 0.289947987 1.76052594 0.332975984 1.74846697 0.337970972 1.73811197 0.345916986 1.63723505 0.318495989 1.73016596 0.356271982 1.62673199 0.350147009 1.72517097 0.368331015 1.62348104 0.383336008 1.72346699 0.381272018 1.72517097 0.394213021 1.62764394 0.416423023 1.73016596 0.406271994 1.73811197 0.416628003 1.68214202 0.500267982 1.74846697 0.424574018 1.76052594 0.429569006 1.71069002 0.517503977 1.74234104 0.52800703 1.38461101 0.584028959 1.38113594 0.48406899 1.72483397 0.656814992 1.76052594 0.750415981 1.69171906 0.672945976 1.74846697 0.755411029 1.66353297 0.696660995 1.641976 0.726531029 1.62834895 0.760753036 1.73016596 0.773711979 1.73811197 0.763356984 1.72517097 0.785771966 1.623474 0.79726398 1.72346699 0.798712015 1.72517097 0.811653018 1.77346694 0.43127197 1.77553105 0.531257987 1.77346694 0.331272006 1.77140296 0.231287003 1.82176304 1.20321202 1.92344606 1.21361899 1.82346702 1.21615303 1.82176304 1.22909403 1.92039394 1.24635696 1.81676805 1.241153 1.91028297 1.27764404 1.80882204 1.251508 1.79846704 1.25945401 0.246221006 -3.21000004 0.246221006 -3.31500006 0 -3.1500001 0 -3.375 0.246221006 -2.79500008 0.246221006 -2.9000001 0 -2.7349999 0 -2.96000004 0.246221006 -2.38000011 0.246221006 -2.4849999 0 -2.31999993 0 -2.54500008 0.246221006 -1.96499991 0.246221006 -2.06999993 0 -1.90499997 0 -2.13000011 0.246221006 -1.54999995 0.246221006 -1.65499997 0 -1.49000001 0 -1.71499991 0.246221006 -1.13499999 0.246221006 -1.24000001 0 -1.07500005 0 -1.29999995 0.246221006 -0.720000029 0.246221006 -0.825000048 0 -0.659999967 0 -0.88499999 0.246221006 -0.304999948 0.246221006 -0.409999967 0 -0.245000005 0 -0.470000029 0.246221006 0.110000014 0.246221006 0.00499999523 0 0.170000017 0 -0.0549999475 0.246221006 0.524999976 0.246221006 0.420000017 0 0.585000038 0 0.360000014 0.246221006 0.939999998 0.246221006 0.834999979 0 1 0 0.774999976 -0.104999997 0.899999976 -0 0.899999976 -0.104999997 0.350000024 -0 0.350000024 -0.232862994 1 0 0.899999976 -0.232862994 0.350000024 0 0.350000024 -0.232862994 1 0 0.899999976 -0.232862994 0.350000024 0 0.350000024 0.613104999 0.350000024 0.665000021 0.350000024 0.613104999 -0.149999976 0.665000021 -0.149999976 -0.232862994 1 0 0.899999976 -0.232862994 0.350000024 0 0.350000024 -0.104999997 0.899999976 -0 0.899999976 -0.104999997 0.350000024 -0 0.350000024 -0.232862994 1 0 0.899999976 -0.232862994 0.350000024 0 0.350000024 -0.104999997 0.899999976 -0 0.899999976 -0.104999997 0.350000024 -0 0.350000024 -0.232862994 1 0 0.899999976 -0.232862994 0.350000024 0 0.350000024 -0.104999997 0.899999976 -0 0.899999976 -0.104999997 0.350000024 -0 0.350000024 -0.232862994 1 0 0.899999976 -0.232862994 0.350000024 0 0.350000024 -0.104999997 0.899999976 -0 0.899999976 -0.104999997 0.350000024 -0 0.350000024 -0.232862994 1 0 0.899999976 -0.232862994 0.350000024 0 0.350000024 -0.104999997 0.899999976 -0 0.899999976 -0.104999997 0.350000024 -0 0.350000024 -0.232862994 0.350000024 -0.232862994 1 -0.0945219994 0.350000024 0 0.899999976 0 0.350000024 -0 0.375 -0.104999997 0.375 -0 0.899999976 -0.104999997 0.899999976 -0.232862994 0.149999976 -0.232862994 1 0 0.375 0 0.899999976 -0 1 -0 0.774999976 -0.300000012 1 -0 0.585000038 -0 0.360000014 -0 0.170000017 -0 -0.0549999475 -0 -0.245000005 -0 -0.470000029 -0 -0.659999967 -0 -0.88499999 -0 -1.07500005 -0 -1.29999995 -0 -1.49000001 -0.300000012 -3.80000019 -0 -1.71499991 -0 -1.90499997 -0 -2.13000011 -0 -2.31999993 -0 -2.54500008 -0 -2.7349999 -0 -2.96000004 -0 -3.1500001 -0 -3.375 -0 -3.5 0.400000006 -3.69999981 0.400000006 -3.5999999 -0.100000001 0.550000012 -0.200000003 0.550000012 -0.100000001 1 -0.200000003 1 0.850000024 1.20615506 0.449999988 0.793844998 -0 1.20615506 -0 0.793844998 -0 1 -0 0.350000024 -0.232862994 0.899999976 -0.226467997 0.350000024 -0.232862994 0.350000024 -0 1 -0 0.350000024 -0.232862994 0.899999976 -0.232862994 0.350000024 -0 1 -0 0.350000024 -0.232862994 0.899999976 -0.232862994 0.350000024 -0 1 -0 0.350000024 -0.232862994 0.899999976 -0.232862994 0.350000024 -0 1 -0 0.350000024 -0.232862994 0.899999976 -0.232862994 0.350000024 -0 1 -0 0.350000024 -0.232862994 0.899999976 -0.232862994 0.350000024 -0 1 -0 0.350000024 -0.232862994 0.899999976 -0.232862994 0.350000024 -0.200000003 0.585000038 -0.850000024 0.585000038 -0.200000003 0.774999976 -0.850000024 0.774999976 -0.200000003 0.170000017 -0.850000024 0.170000017 -0.200000003 0.360000014 -0.850000024 0.360000014 -0.200000003 -0.245000005 -0.850000024 -0.245000005 -0.200000003 -0.0549999475 -0.850000024 -0.0549999475 -0.200000003 -0.659999967 -0.850000024 -0.659999967 -0.200000003 -0.470000029 -0.850000024 -0.470000029 -0.200000003 -1.07500005 -0.850000024 -1.07500005 -0.200000003 -0.88499999 -0.850000024 -0.88499999 -0.200000003 -1.49000001 -0.850000024 -1.49000001 -0.200000003 -1.29999995 -0.850000024 -1.29999995 -0.200000003 -1.90499997 -0.850000024 -1.90499997 -0.200000003 -1.71499991 -0.850000024 -1.71499991 -0.844354987 1.51633096 -1.04999995 1.64999998 -0.879999995 1.64999998 -0 1 -0 0.350000024 -0.232862994 0.899999976 -0.232862994 0.350000024 -0.899999976 0.283771992 -1.29999995 0.283771992 -0.899999976 0.683771968 -1.29999995 1.31622803 0 1.31622803 -0.300000012 0.683771968 0 0.383772016 -0.300000012 0.383772016 0.400000006 -0.299999952 -0.0299999993 -0.299999952 0.400000006 1 -0.0299999993 1 -0.730000019 1 -0 1 -0.730000019 -3.80000019 0 -3.80000019 -0.200000003 0.100000024 -1.10000002 0.100000024 -0.200000003 0.699999988 -1.10000002 0.699999988 -0 0.683771968 -1.29999995 0.683771968 -0.899999976 1.31622803 -1.29999995 1.71622801 -0.899999976 1.71622801 -0.300000012 1.31622803 0 1.61622798 -0.300000012 1.61622798 0.0299999993 -0.299999952 -0.400000006 -0.299999952 0.0299999993 1 -0.400000006 1 -4.20594788 0.100000024 -0.210297003 1 -0.210297003 0.100000024 </float_array>
          <technique_common>
            <accessor count="2506" offset="0" source="#meshesQ0S-tex0-array" stride="2">
              <param name="S" type="float" />
              <param name="T" type="float" />
            </accessor>
          </technique_common>
        </source>
        <vertices id="meshesQ0S-vertices">
          <input semantic="POSITION" source="#meshesQ0S-positions" />
        </vertices>
        <polylist count="2282" material="defaultMaterial">
          <input offset="0" semantic="VERTEX" source="#meshesQ0S-vertices" />
          <input offset="0" semantic="NORMAL" source="#meshesQ0S-normals" />
          <input offset="0" semantic="TEXCOORD" source="#meshesQ0S-tex0" set="0" />
          <vcount>3 3 3 3 3 3 3 3 3 3 3 3 3 3 3 3 3 3 3 3 3 3 3 3 3 3 3 3 3 3 3 3 3 3 3 3 3 3 3 3 3 3 3 3 3 3 3 3 3 3 3 3 3 3 3 3 3 3 3 3 3 3 3 3 3 3 3 3 3 3 3 3 3 3 3 3 3 3 3 3 3 3 3 3 3 3 3 3 3 3 3 3 3 3 3 3 3 3 3 3 3 3 3 3 3 3 3 3 3 3 3 3 3 3 3 3 3 3 3 3 3 3 3 3 3 3 3 3 3 3 3 3 3 3 3 3 3 3 3 3 3 3 3 3 3 3 3 3 3 3 3 3 3 3 3 3 3 3 3 3 3 3 3 3 3 3 3 3 3 3 3 3 3 3 3 3 3 3 3 3 3 3 3 3 3 3 3 3 3 3 3 3 3 3 3 3 3 3 3 3 3 3 3 3 3 3 3 3 3 3 3 3 3 3 3 3 3 3 3 3 3 3 3 3 3 3 3 3 3 3 3 3 3 3 3 3 3 3 3 3 3 3 3 3 3 3 3 3 3 3 3 3 3 3 3 3 3 3 3 3 3 3 3 3 3 3 3 3 3 3 3 3 3 3 3 3 3 3 3 3 3 3 3 3 3 3 3 3 3 3 3 3 3 3 3 3 3 3 3 3 3 3 3 3 3 3 3 3 3 3 3 3 3 3 3 3 3 3 3 3 3 3 3 3 3 3 3 3 3 3 3 3 3 3 3 3 3 3 3 3 3 3 3 3 3 3 3 3 3 3 3 3 3 3 3 3 3 3 3 3 3 3 3 3 3 3 3 3 3 3 3 3 3 3 3 3 3 3 3 3 3 3 3 3 3 3 3 3 3 3 3 3 3 3 3 3 3 3 3 3 3 3 3 3 3 3 3 3 3 3 3 3 3 3 3 3 3 3 3 3 3 3 3 3 3 3 3 3 3 3 3 3 3 3 3 3 3 3 3 3 3 3 3 3 3 3 3 3 3 3 3 3 3 3 3 3 3 3 3 3 3 3 3 3 3 3 3 3 3 3 3 3 3 3 3 3 3 3 3 3 3 3 3 3 3 3 3 3 3 3 3 3 3 3 3 3 3 3 3 3 3 3 3 3 3 3 3 3 3 3 3 3 3 3 3 3 3 3 3 3 3 3 3 3 3 3 3 3 3 3 3 3 3 3 3 3 3 3 3 3 3 3 3 3 3 3 3 3 3 3 3 3 3 3 3 3 3 3 3 3 3 3 3 3 3 3 3 3 3 3 3 3 3 3 3 3 3 3 3 3 3 3 3 3 3 3 3 3 3 3 3 3 3 3 3 3 3 3 3 3 3 3 3 3 3 3 3 3 3 3 3 3 3 3 3 3 3 3 3 3 3 3 3 3 3 3 3 3 3 3 3 3 3 3 3 3 3 3 3 3 3 3 3 3 3 3 3 3 3 3 3 3 3 3 3 3 3 3 3 3 3 3 3 3 3 3 3 3 3 3 3 3 3 3 3 3 3 3 3 3 3 3 3 3 3 3 3 3 3 3 3 3 3 3 3 3 3 3 3 3 3 3 3 3 3 3 3 3 3 3 3 3 3 3 3 3 3 3 3 3 3 3 3 3 3 3 3 3 3 3 3 3 3 3 3 3 3 3 3 3 3 3 3 3 3 3 3 3 3 3 3 3 3 3 3 3 3 3 3 3 3 3 3 3 3 3 3 3 3 3 3 3 3 3 3 3 3 3 3 3 3 3 3 3 3 3 3 3 3 3 3 3 3 3 3 3 3 3 3 3 3 3 3 3 3 3 3 3 3 3 3 3 3 3 3 3 3 3 3 3 3 3 3 3 3 3 3 3 3 3 3 3 3 3 3 3 3 3 3 3 3 3 3 3 3 3 3 3 3 3 3 3 3 3 3 3 3 3 3 3 3 3 3 3 3 3 3 3 3 3 3 3 3 3 3 3 3 3 3 3 3 3 3 3 3 3 3 3 3 3 3 3 3 3 3 3 3 3 3 3 3 3 3 3 3 3 3 3 3 3 3 3 3 3 3 3 3 3 3 3 3 3 3 3 3 3 3 3 3 3 3 3 3 3 3 3 3 3 3 3 3 3 3 3 3 3 3 3 3 3 3 3 3 3 3 3 3 3 3 3 3 3 3 3 3 3 3 3 3 3 3 3 3 3 3 3 3 3 3 3 3 3 3 3 3 3 3 3 3 3 3 3 3 3 3 3 3 3 3 3 3 3 3 3 3 3 3 3 3 3 3 3 3 3 3 3 3 3 3 3 3 3 3 3 3 3 3 3 3 3 3 3 3 3 3 3 3 3 3 3 3 3 3 3 3 3 3 3 3 3 3 3 3 3 3 3 3 3 3 3 3 3 3 3 3 3 3 3 3 3 3 3 3 3 3 3 3 3 3 3 3 3 3 3 3 3 3 3 3 3 3 3 3 3 3 3 3 3 3 3 3 3 3 3 3 3 3 3 3 3 3 3 3 3 3 3 3 3 3 3 3 3 3 3 3 3 3 3 3 3 3 3 3 3 3 3 3 3 3 3 3 3 3 3 3 3 3 3 3 3 3 3 3 3 3 3 3 3 3 3 3 3 3 3 3 3 3 3 3 3 3 3 3 3 3 3 3 3 3 3 3 3 3 3 3 3 3 3 3 3 3 3 3 3 3 3 3 3 3 3 3 3 3 3 3 3 3 3 3 3 3 3 3 3 3 3 3 3 3 3 3 3 3 3 3 3 3 3 3 3 3 3 3 3 3 3 3 3 3 3 3 3 3 3 3 3 3 3 3 3 3 3 3 3 3 3 3 3 3 3 3 3 3 3 3 3 3 3 3 3 3 3 3 3 3 3 3 3 3 3 3 3 3 3 3 3 3 3 3 3 3 3 3 3 3 3 3 3 3 3 3 3 3 3 3 3 3 3 3 3 3 3 3 3 3 3 3 3 3 3 3 3 3 3 3 3 3 3 3 3 3 3 3 3 3 3 3 3 3 3 3 3 3 3 3 3 3 3 3 3 3 3 3 3 3 3 3 3 3 3 3 3 3 3 3 3 3 3 3 3 3 3 3 3 3 3 3 3 3 3 3 3 3 3 3 3 3 3 3 3 3 3 3 3 3 3 3 3 3 3 3 3 3 3 3 3 3 3 3 3 3 3 3 3 3 3 3 3 3 3 3 3 3 3 3 3 3 3 3 3 3 3 3 3 3 3 3 3 3 3 3 3 3 3 3 3 3 3 3 3 3 3 3 3 3 3 3 3 3 3 3 3 3 3 3 3 3 3 3 3 3 3 3 3 3 3 3 3 3 3 3 3 3 3 3 3 3 3 3 3 3 3 3 3 3 3 3 3 3 3 3 3 3 3 3 3 3 3 3 3 3 3 3 3 3 3 3 3 3 3 3 3 3 3 3 3 3 3 3 3 3 3 3 3 3 3 3 3 3 3 3 3 3 3 3 3 3 3 3 3 3 3 3 3 3 3 3 3 3 3 3 3 3 3 3 3 3 3 3 3 3 3 3 3 3 3 3 3 3 3 3 3 3 3 3 3 3 3 3 3 3 3 3 3 3 3 3 3 3 3 3 3 3 3 3 3 3 3 3 3 3 3 3 3 3 3 3 3 3 3 3 3 3 3 3 3 3 3 3 3 3 3 3 3 3 3 3 3 3 3 3 3 3 3 3 3 3 3 3 3 3 3 3 3 3 3 3 3 3 3 3 3 3 3 3 3 3 3 3 3 3 3 3 3 3 3 3 3 3 3 3 3 3 3 3 3 3 3 3 3 3 3 3 3 3 3 3 3 3 3 3 3 3 3 3 3 3 3 3 3 3 3 3 3 3 3 3 3 3 3 3 3 3 3 3 3 3 3 3 3 3 3 3 3 3 3 3 3 3 3 3 3 3 3 3 3 3 3 3 3 3 3 3 3 3 3 3 3 3 3 3 3 3 3 3 3 3 3 3 3 3 3 3 3 3 3 3 3 3 3 3 3 3 3 3 3 3 3 3 3 3 3 3 3 3 3 3 3 3 3 3 3 3 3 3 3 3 3 3 3 3 3 3 3 3 3 3 3 3 3 3 3 3 3 3 3 3 3 3 3 3 3 3 3 3 3 3 3 3 3 3 3 3 3 3 3 3 3 3 3 3 3 3 3 3 3 3 3 3 3 3 3 3 3 3 3 3 3 3 3 3 3 3 3 3 3 3 3 3 3 3 3 3 3 3 3 3 3 3 3 3 3 3 3 3 3 3 3 3 3 3 3 3 3 3 3 3 3 3 3 3 3 3 3 3 3 3 3 3 3 3 3 3 3 3 3 3 3 3 3 3 3 3 3 3 3 3 3 3 3 3 3 3 3 3 3 3 3 3 3 3 3 3 3 3 3 3 3 3 3 3 3 3 3 3 3 3 3 3 3 3 3 3 3 3 3 3 3 3 3 3 3 3 3 3 3 3 3 3 3 3 3 3 3 3 3 3 3 3 3 3 3 3 3 3 3 3 3 3 3 3 3 3 3 3 3 3 3 3 3 3 3 3 3 3 3 3 3 3 3 3 3 3 3 3 3 3 3 3 3 3 3 3 3 3 3 3 3 3 3 3 3 3 3 3 3 3 3 3 3 3 3 3 3 3 3 3 3 3 3 3 3 3 3 3 3 3 3 3 3 3 3 3 3 3 3 3 3 3 3 3 3 3 3 3 3 3 3 3 3 3 3 3 3 3 3 3 3 3 3 3 3 3 3 3 3 3 3 3 3 3 3 3 3 3 3 3 3 3 3 3 3 3 3 3 3 3 3 3 3 3 3 3 3 3 3 3 3 3 3 3 3 3 3 3 3 3 3 3 3 3 3 3 3 3 3 3 3 3 3 3 3 3 3 3 3 3 3 3 3 3 3 3 3 3 3 3 3 3 3 3 3 3 3 3 3 3 3 3 3 3 3 3 3 3 3 3 3 3 3 3 3 3 3 3 3 3 3 3 3 3 3 3 3 3 3 3 3 3 3 3 3 3 3 3 3 3 3 3 3 3 3 3 3 3 3 3 3 3 3 3 3 3 3 3 3 3 3 3 3 3 3 3 3 3 3 3 3 3 3 3 3 3 3 3 3 3 3 3 3 3 3 </vcount>
          <p>0 1 2 2 1 3 2 3 4 4 3 5 4 5 6 6 5 7 6 7 8 8 7 9 8 9 10 10 9 11 10 11 12 12 11 13 12 13 14 14 13 15 14 15 16 16 15 17 16 17 18 18 17 19 18 19 20 20 19 21 20 21 22 22 21 23 22 23 24 24 23 25 24 25 26 26 25 27 26 27 28 28 27 29 28 29 30 30 29 31 30 31 32 32 31 33 32 33 34 34 33 35 34 35 36 36 35 37 36 37 38 38 37 39 38 39 40 40 39 41 40 41 42 42 41 43 44 45 46 46 45 47 48 49 50 50 49 51 51 49 52 51 52 53 53 52 54 53 54 55 55 54 56 55 56 57 57 56 58 57 58 59 59 58 60 59 60 61 61 60 62 61 62 63 63 62 64 63 64 65 65 64 66 65 66 67 67 66 68 67 68 69 69 68 70 69 70 71 71 70 72 71 72 73 73 72 74 73 74 75 75 74 76 75 76 77 77 76 78 77 78 79 79 78 80 79 80 81 81 80 82 81 82 83 83 82 84 83 84 85 85 84 86 85 86 87 87 86 88 87 88 89 89 88 90 89 90 91 91 90 92 91 92 93 93 92 94 93 94 95 96 97 98 98 97 99 100 101 102 102 101 103 103 101 104 103 104 105 105 104 106 105 106 107 107 106 108 107 108 109 109 108 110 109 110 111 111 110 112 111 112 113 113 112 114 113 114 115 115 114 116 115 116 117 117 116 118 117 118 119 119 118 120 119 120 121 121 120 122 121 122 123 121 123 124 124 123 125 124 125 126 126 125 127 126 127 128 128 127 129 128 129 130 130 129 131 130 131 132 132 131 133 132 133 134 134 133 135 134 135 136 136 135 137 136 137 138 138 137 139 138 139 140 140 139 141 140 141 142 142 141 143 142 143 144 144 143 145 146 147 148 148 147 149 150 151 152 152 151 153 154 155 156 156 155 157 158 159 160 160 159 161 162 163 164 164 163 165 166 167 168 168 167 169 170 171 172 172 171 173 174 175 176 176 175 177 178 179 180 180 179 181 182 183 184 184 183 185 186 187 188 188 187 189 190 191 192 192 191 193 194 195 196 196 195 197 198 199 200 200 199 201 202 203 204 204 203 205 206 207 208 208 207 209 210 211 212 212 211 213 214 215 216 216 215 217 218 219 220 220 219 221 222 223 224 224 223 225 226 227 228 228 227 229 230 231 232 232 231 233 234 235 236 236 235 237 238 239 240 240 239 241 242 243 244 244 243 245 246 247 248 248 247 249 250 251 252 252 251 253 254 255 256 256 255 257 258 259 260 260 259 261 262 263 264 264 263 265 266 267 268 268 267 269 270 271 272 272 271 273 274 275 276 276 275 277 278 279 280 280 279 281 282 283 284 284 283 285 286 287 288 288 287 289 290 291 292 292 291 293 294 295 296 296 295 297 298 299 300 300 299 301 302 303 304 304 303 305 306 307 308 308 307 309 310 311 312 312 311 313 314 315 316 316 315 317 318 319 320 320 319 321 322 323 324 324 323 325 326 327 328 328 327 329 330 331 332 332 331 333 334 335 336 336 335 337 338 339 340 340 339 341 342 343 344 344 343 345 346 347 348 348 347 349 350 351 352 352 351 353 354 355 356 356 355 357 358 359 360 360 359 361 362 363 364 364 363 365 366 367 368 368 367 369 370 371 372 372 371 373 374 375 376 376 375 377 378 379 380 380 379 381 380 381 382 382 381 383 379 384 381 381 384 385 386 387 388 388 387 389 388 389 390 390 389 391 387 392 389 389 392 393 394 395 396 396 395 397 396 397 398 398 397 399 398 399 400 400 399 401 400 401 402 402 401 403 404 405 406 406 405 407 406 407 408 408 407 409 408 409 410 410 409 411 410 411 412 412 411 413 414 415 416 416 415 417 416 417 418 418 417 419 418 419 420 420 419 421 420 421 422 422 421 423 424 425 426 426 425 427 426 427 428 428 427 429 428 429 430 430 429 431 430 431 432 432 431 433 434 435 436 436 435 437 438 439 440 440 439 441 442 443 444 444 443 445 446 447 448 448 447 449 448 449 450 450 449 451 450 451 452 452 451 453 452 453 454 454 453 455 456 457 458 458 457 459 458 459 460 460 459 461 460 461 462 462 461 463 462 463 464 464 463 465 466 467 468 468 467 469 468 469 470 470 469 471 470 471 472 472 471 473 472 473 474 474 473 475 476 477 478 478 477 479 478 479 480 480 479 481 480 481 482 482 481 483 482 483 484 484 483 485 484 485 486 486 485 487 486 487 488 488 487 489 488 489 490 490 489 491 490 491 492 492 491 493 492 493 494 494 493 495 494 495 496 496 495 497 498 499 500 500 499 501 500 501 502 502 501 503 502 503 504 504 503 505 504 505 506 506 505 507 506 507 508 508 507 509 508 509 510 510 509 511 510 511 512 512 511 513 512 513 514 514 513 515 514 515 516 516 515 517 516 517 518 518 517 519 520 521 522 522 521 523 522 523 524 524 523 525 524 525 526 526 525 527 526 527 528 528 527 529 528 529 530 530 529 531 530 531 532 532 531 533 532 533 534 534 533 535 534 535 536 536 535 537 536 537 538 538 537 539 538 539 540 540 539 541 542 543 544 544 543 545 544 545 546 546 545 547 546 547 548 548 547 549 548 549 550 550 549 551 550 551 552 552 551 553 552 553 554 554 553 555 554 555 556 556 555 557 556 557 558 558 557 559 558 559 560 560 559 561 560 561 562 562 561 563 564 565 566 566 565 567 566 567 568 564 569 565 566 568 570 570 568 571 570 571 572 573 574 572 572 574 575 572 575 570 574 573 576 576 573 577 576 577 578 578 577 579 578 579 580 580 579 581 580 581 582 582 581 583 584 585 586 586 585 587 586 587 588 588 587 589 588 589 590 591 592 593 593 592 594 593 594 595 595 594 596 596 594 597 596 597 598 599 600 601 601 600 602 601 602 603 603 602 604 603 604 605 605 604 606 605 606 607 607 606 608 607 608 609 609 608 610 609 610 611 611 612 609 609 612 613 613 612 614 613 614 615 615 614 616 615 616 617 617 616 618 617 618 619 619 618 620 619 620 621 622 623 624 624 623 625 624 625 626 623 622 627 627 622 628 627 628 629 630 631 632 632 631 633 633 631 634 634 631 635 634 635 636 631 637 635 638 639 640 640 639 641 640 641 642 642 641 643 643 641 644 643 644 645 645 644 646 640 642 647 647 642 648 647 648 649 650 651 652 652 651 653 653 651 654 653 654 655 655 654 656 655 656 657 658 659 660 660 659 661 660 661 662 662 661 663 663 661 664 664 661 665 664 665 666 666 665 667 666 667 668 668 667 669 668 669 670 670 669 671 670 671 672 672 671 673 672 673 674 674 673 675 674 675 676 659 677 661 678 679 680 680 679 681 680 681 682 682 681 683 682 683 684 684 685 682 682 685 686 686 685 687 687 685 688 687 688 689 689 688 690 689 690 691 691 690 692 691 692 693 693 692 694 693 694 695 695 694 696 697 698 699 699 698 700 699 700 701 701 700 702 701 702 703 703 702 704 703 704 705 705 704 706 707 708 709 709 708 710 709 710 711 711 710 712 711 712 713 713 712 714 713 714 715 715 714 716 717 718 719 719 718 720 719 720 721 721 720 722 721 722 723 723 722 724 723 724 725 725 724 726 727 728 729 729 728 730 729 730 731 731 730 732 731 732 733 733 732 734 733 734 735 735 734 736 737 738 739 739 738 740 739 740 741 741 740 742 741 742 743 743 742 744 743 744 745 745 744 746 747 748 749 749 748 750 751 752 753 753 752 754 753 754 755 755 754 756 755 756 757 757 756 758 757 758 759 759 758 760 759 760 761 761 760 762 761 762 763 763 762 764 763 764 765 765 764 766 765 766 767 767 766 768 767 768 769 769 768 770 769 770 771 771 770 772 771 772 773 773 772 774 773 774 775 775 774 776 775 776 777 777 776 778 777 778 779 779 778 780 779 780 781 781 780 782 781 782 783 783 782 784 783 784 785 785 784 786 785 786 787 787 786 788 787 788 789 789 788 790 789 790 791 791 790 792 791 792 793 793 792 794 793 794 795 795 794 796 795 796 747 747 796 748 797 798 799 799 798 800 801 802 803 803 802 804 803 804 805 805 804 806 805 806 807 807 806 808 807 808 809 809 808 810 809 810 811 811 810 812 811 812 813 813 812 814 813 814 815 815 814 816 815 816 817 817 816 818 817 818 819 819 818 820 819 820 821 821 820 822 821 822 823 823 822 824 823 824 825 825 824 826 825 826 827 827 826 828 827 828 829 829 828 830 829 830 831 831 830 832 831 832 833 833 832 834 833 834 835 835 834 836 835 836 837 837 836 838 837 838 839 839 838 840 839 840 841 841 840 842 841 842 843 843 842 844 843 844 845 845 844 846 845 846 797 797 846 798 752 800 754 754 800 798 754 798 756 756 798 846 756 846 758 758 846 844 758 844 760 760 844 842 760 842 762 762 842 840 762 840 764 764 840 838 764 838 766 766 838 836 766 836 768 768 836 834 768 834 770 770 834 832 770 832 772 772 832 830 772 830 774 774 830 828 774 828 776 776 828 826 776 826 778 778 826 824 778 824 780 780 824 822 780 822 782 782 822 820 782 820 784 784 820 818 784 818 786 786 818 816 786 816 788 788 816 814 788 814 790 790 814 812 790 812 792 792 812 810 792 810 794 794 810 808 794 808 796 796 808 806 796 806 748 748 806 804 748 804 750 750 804 802 847 848 849 849 848 850 851 852 853 853 852 854 853 854 855 855 854 856 855 856 857 857 856 858 857 858 859 859 858 860 859 860 861 861 860 862 861 862 863 863 862 864 863 864 865 865 864 866 865 866 867 867 866 868 867 868 869 869 868 870 869 870 871 871 870 872 871 872 873 873 872 874 873 874 875 875 874 876 875 876 877 877 876 878 877 878 879 879 878 880 879 880 881 881 880 882 881 882 883 883 882 884 883 884 885 885 884 886 885 886 887 887 886 888 887 888 889 889 888 890 889 890 891 891 890 892 891 892 893 893 892 894 893 894 895 895 894 896 895 896 847 847 896 848 897 898 899 899 898 900 901 902 903 903 902 904 903 904 905 905 904 906 905 906 907 907 906 908 907 908 909 909 908 910 909 910 911 911 910 912 911 912 913 913 912 914 913 914 915 915 914 916 915 916 917 917 916 918 917 918 919 919 918 920 919 920 921 921 920 922 921 922 923 923 922 924 923 924 925 925 924 926 925 926 927 927 926 928 927 928 929 929 928 930 929 930 931 931 930 932 931 932 933 933 932 934 933 934 935 935 934 936 935 936 937 937 936 938 937 938 939 939 938 940 939 940 941 941 940 942 941 942 943 943 942 944 943 944 945 945 944 946 945 946 897 897 946 898 852 900 854 854 900 898 854 898 856 856 898 946 856 946 858 858 946 944 858 944 860 860 944 942 860 942 862 862 942 940 862 940 864 864 940 938 864 938 866 866 938 936 866 936 868 868 936 934 868 934 870 870 934 932 870 932 872 872 932 930 872 930 874 874 930 928 874 928 876 876 928 926 876 926 878 878 926 924 878 924 880 880 924 922 880 922 882 882 922 920 882 920 884 884 920 918 884 918 886 886 918 916 886 916 888 888 916 914 888 914 890 890 914 912 890 912 892 892 912 910 892 910 894 894 910 908 894 908 896 896 908 906 896 906 848 848 906 904 848 904 850 850 904 902 947 948 949 949 948 950 951 952 953 953 952 954 953 954 955 955 954 956 955 956 957 957 956 958 957 958 959 959 958 960 959 960 961 961 960 962 961 962 963 963 962 964 963 964 965 965 964 966 965 966 967 967 966 968 967 968 969 969 968 970 969 970 971 971 970 972 971 972 973 973 972 974 973 974 975 975 974 976 975 976 977 977 976 978 977 978 979 979 978 980 979 980 981 981 980 982 981 982 983 983 982 984 983 984 985 985 984 986 985 986 987 987 986 988 987 988 989 989 988 990 989 990 991 991 990 992 991 992 993 993 992 994 993 994 995 995 994 996 995 996 947 947 996 948 997 998 999 999 998 1000 1001 1002 1003 1003 1002 1004 1003 1004 1005 1005 1004 1006 1005 1006 1007 1007 1006 1008 1007 1008 1009 1009 1008 1010 1009 1010 1011 1011 1010 1012 1011 1012 1013 1013 1012 1014 1013 1014 1015 1015 1014 1016 1015 1016 1017 1017 1016 1018 1017 1018 1019 1019 1018 1020 1019 1020 1021 1021 1020 1022 1021 1022 1023 1023 1022 1024 1023 1024 1025 1025 1024 1026 1025 1026 1027 1027 1026 1028 1027 1028 1029 1029 1028 1030 1029 1030 1031 1031 1030 1032 1031 1032 1033 1033 1032 1034 1033 1034 1035 1035 1034 1036 1035 1036 1037 1037 1036 1038 1037 1038 1039 1039 1038 1040 1039 1040 1041 1041 1040 1042 1041 1042 1043 1043 1042 1044 1043 1044 1045 1045 1044 1046 1045 1046 997 997 1046 998 952 1000 954 954 1000 998 954 998 956 956 998 1046 956 1046 958 958 1046 1044 958 1044 960 960 1044 1042 960 1042 962 962 1042 1040 962 1040 964 964 1040 1038 964 1038 966 966 1038 1036 966 1036 968 968 1036 1034 968 1034 970 970 1034 1032 970 1032 972 972 1032 1030 972 1030 974 974 1030 1028 974 1028 976 976 1028 1026 976 1026 978 978 1026 1024 978 1024 980 980 1024 1022 980 1022 982 982 1022 1020 982 1020 984 984 1020 1018 984 1018 986 986 1018 1016 986 1016 988 988 1016 1014 988 1014 990 990 1014 1012 990 1012 992 992 1012 1010 992 1010 994 994 1010 1008 994 1008 996 996 1008 1006 996 1006 948 948 1006 1004 948 1004 950 950 1004 1002 1047 1048 1049 1049 1048 1050 1051 1052 1053 1053 1052 1054 1053 1054 1055 1055 1054 1056 1055 1056 1057 1057 1056 1058 1057 1058 1059 1059 1058 1060 1059 1060 1061 1061 1060 1062 1061 1062 1063 1063 1062 1064 1063 1064 1065 1065 1064 1066 1065 1066 1067 1067 1066 1068 1067 1068 1069 1069 1068 1070 1069 1070 1071 1071 1070 1072 1071 1072 1073 1073 1072 1074 1073 1074 1075 1075 1074 1076 1075 1076 1077 1077 1076 1078 1077 1078 1079 1079 1078 1080 1079 1080 1081 1081 1080 1082 1081 1082 1083 1083 1082 1084 1083 1084 1085 1085 1084 1086 1085 1086 1087 1087 1086 1088 1087 1088 1089 1089 1088 1090 1089 1090 1091 1091 1090 1092 1091 1092 1093 1093 1092 1094 1093 1094 1095 1095 1094 1096 1095 1096 1047 1047 1096 1048 1097 1098 1099 1099 1098 1100 1101 1102 1103 1103 1102 1104 1103 1104 1105 1105 1104 1106 1105 1106 1107 1107 1106 1108 1107 1108 1109 1109 1108 1110 1109 1110 1111 1111 1110 1112 1111 1112 1113 1113 1112 1114 1113 1114 1115 1115 1114 1116 1115 1116 1117 1117 1116 1118 1117 1118 1119 1119 1118 1120 1119 1120 1121 1121 1120 1122 1121 1122 1123 1123 1122 1124 1123 1124 1125 1125 1124 1126 1125 1126 1127 1127 1126 1128 1127 1128 1129 1129 1128 1130 1129 1130 1131 1131 1130 1132 1131 1132 1133 1133 1132 1134 1133 1134 1135 1135 1134 1136 1135 1136 1137 1137 1136 1138 1137 1138 1139 1139 1138 1140 1139 1140 1141 1141 1140 1142 1141 1142 1143 1143 1142 1144 1143 1144 1145 1145 1144 1146 1145 1146 1097 1097 1146 1098 1052 1100 1054 1054 1100 1098 1054 1098 1056 1056 1098 1146 1056 1146 1058 1058 1146 1144 1058 1144 1060 1060 1144 1142 1060 1142 1062 1062 1142 1140 1062 1140 1064 1064 1140 1138 1064 1138 1066 1066 1138 1136 1066 1136 1068 1068 1136 1134 1068 1134 1070 1070 1134 1132 1070 1132 1072 1072 1132 1130 1072 1130 1074 1074 1130 1128 1074 1128 1076 1076 1128 1126 1076 1126 1078 1078 1126 1124 1078 1124 1080 1080 1124 1122 1080 1122 1082 1082 1122 1120 1082 1120 1084 1084 1120 1118 1084 1118 1086 1086 1118 1116 1086 1116 1088 1088 1116 1114 1088 1114 1090 1090 1114 1112 1090 1112 1092 1092 1112 1110 1092 1110 1094 1094 1110 1108 1094 1108 1096 1096 1108 1106 1096 1106 1048 1048 1106 1104 1048 1104 1050 1050 1104 1102 1147 1148 1149 1149 1148 1150 1151 1152 1153 1153 1152 1154 1153 1154 1155 1155 1154 1156 1155 1156 1157 1157 1156 1158 1157 1158 1159 1159 1158 1160 1159 1160 1161 1161 1160 1162 1161 1162 1163 1163 1162 1164 1163 1164 1165 1165 1164 1166 1165 1166 1167 1167 1166 1168 1167 1168 1169 1169 1168 1170 1169 1170 1171 1171 1170 1172 1171 1172 1173 1173 1172 1174 1173 1174 1175 1175 1174 1176 1175 1176 1177 1177 1176 1178 1177 1178 1179 1179 1178 1180 1179 1180 1181 1181 1180 1182 1181 1182 1183 1183 1182 1184 1183 1184 1185 1185 1184 1186 1185 1186 1187 1187 1186 1188 1187 1188 1189 1189 1188 1190 1189 1190 1191 1191 1190 1192 1191 1192 1193 1193 1192 1194 1193 1194 1195 1195 1194 1196 1195 1196 1147 1147 1196 1148 1197 1198 1199 1199 1198 1200 1201 1202 1203 1203 1202 1204 1203 1204 1205 1205 1204 1206 1205 1206 1207 1207 1206 1208 1207 1208 1209 1209 1208 1210 1209 1210 1211 1211 1210 1212 1211 1212 1213 1213 1212 1214 1213 1214 1215 1215 1214 1216 1215 1216 1217 1217 1216 1218 1217 1218 1219 1219 1218 1220 1219 1220 1221 1221 1220 1222 1221 1222 1223 1223 1222 1224 1223 1224 1225 1225 1224 1226 1225 1226 1227 1227 1226 1228 1227 1228 1229 1229 1228 1230 1229 1230 1231 1231 1230 1232 1231 1232 1233 1233 1232 1234 1233 1234 1235 1235 1234 1236 1235 1236 1237 1237 1236 1238 1237 1238 1239 1239 1238 1240 1239 1240 1241 1241 1240 1242 1241 1242 1243 1243 1242 1244 1243 1244 1245 1245 1244 1246 1245 1246 1197 1197 1246 1198 1152 1200 1154 1154 1200 1198 1154 1198 1156 1156 1198 1246 1156 1246 1158 1158 1246 1244 1158 1244 1160 1160 1244 1242 1160 1242 1162 1162 1242 1240 1162 1240 1164 1164 1240 1238 1164 1238 1166 1166 1238 1236 1166 1236 1168 1168 1236 1234 1168 1234 1170 1170 1234 1232 1170 1232 1172 1172 1232 1230 1172 1230 1174 1174 1230 1228 1174 1228 1176 1176 1228 1226 1176 1226 1178 1178 1226 1224 1178 1224 1180 1180 1224 1222 1180 1222 1182 1182 1222 1220 1182 1220 1184 1184 1220 1218 1184 1218 1186 1186 1218 1216 1186 1216 1188 1188 1216 1214 1188 1214 1190 1190 1214 1212 1190 1212 1192 1192 1212 1210 1192 1210 1194 1194 1210 1208 1194 1208 1196 1196 1208 1206 1196 1206 1148 1148 1206 1204 1148 1204 1150 1150 1204 1202 1247 1248 1249 1249 1248 1250 1251 1252 1253 1253 1252 1254 1253 1254 1255 1255 1254 1256 1255 1256 1257 1257 1256 1258 1258 1256 1259 1253 1260 1251 1251 1260 1261 1251 1261 1262 1263 1264 1265 1265 1264 1266 1265 1266 1267 1268 1269 1263 1263 1269 1270 1263 1270 1271 1272 1273 1268 1268 1273 1274 1268 1274 1275 1265 1276 1272 1272 1276 1277 1272 1277 1278 1279 1280 1281 1281 1280 1282 1281 1282 1283 1284 1285 1279 1279 1285 1286 1279 1286 1280 1280 1286 1287 1280 1287 1288 1288 1287 1289 1288 1289 1290 1285 1284 1291 1291 1284 1292 1291 1292 1293 1293 1292 1294 1293 1294 1295 1295 1294 1296 1295 1296 1297 1297 1296 1298 1297 1298 1299 1299 1298 1300 1299 1300 1301 1301 1300 1302 1301 1302 1303 1303 1302 1304 1303 1304 1305 1305 1304 1306 1305 1306 1307 1307 1306 1308 1307 1308 1264 1267 1309 1265 1265 1309 1310 1265 1310 1311 1311 1312 1265 1265 1312 1313 1265 1313 1276 1272 1278 1314 1314 1278 1315 1314 1315 1316 1316 1315 1283 1283 1315 1281 1274 1273 1317 1317 1273 1318 1317 1318 1319 1317 1319 1320 1320 1319 1321 1320 1321 1322 1322 1321 1323 1322 1323 1324 1324 1323 1325 1324 1325 1326 1326 1325 1327 1326 1327 1328 1328 1327 1329 1328 1329 1330 1330 1329 1331 1330 1331 1332 1332 1331 1333 1332 1333 1334 1334 1333 1335 1334 1335 1290 1290 1335 1288 1314 1336 1272 1272 1336 1337 1272 1337 1338 1338 1339 1272 1272 1339 1340 1272 1340 1341 1341 1342 1272 1272 1342 1273 1343 1344 1345 1345 1344 1346 1345 1346 1347 1347 1346 1348 1347 1348 1349 1349 1348 1350 1349 1350 1351 1351 1350 1352 1351 1352 1353 1353 1352 1354 1353 1354 1355 1355 1354 1356 1355 1356 1357 1357 1356 1358 1357 1358 1359 1359 1358 1360 1359 1360 1361 1361 1360 1362 1361 1362 1363 1363 1362 1364 1363 1364 1365 1365 1364 1366 1365 1366 1367 1368 1369 1343 1343 1369 1370 1343 1370 1344 1371 1268 1368 1368 1268 1372 1368 1372 1369 1371 1373 1268 1268 1373 1269 1271 1374 1263 1263 1374 1375 1263 1375 1376 1376 1377 1263 1263 1377 1378 1263 1378 1379 1379 1378 1380 1379 1380 1367 1367 1380 1365 1289 1287 1346 1346 1287 1348 1263 1379 1264 1264 1379 1307 1275 1381 1268 1268 1381 1382 1268 1382 1383 1383 1384 1268 1268 1384 1385 1268 1385 1386 1386 1372 1268 1387 1388 1389 1389 1388 1390 1391 1392 1393 1393 1392 1394 1393 1394 1395 1396 1397 1391 1391 1397 1398 1391 1398 1399 1400 1401 1396 1396 1401 1402 1396 1402 1403 1393 1404 1400 1400 1404 1405 1400 1405 1406 1406 1405 1395 1395 1405 1407 1395 1407 1393 1393 1407 1408 1393 1408 1404 1409 1410 1411 1411 1410 1412 1411 1412 1413 1413 1412 1394 1413 1394 1414 1414 1394 1415 1415 1394 1416 1416 1394 1417 1417 1394 1418 1418 1394 1392 1418 1392 1419 1419 1392 1420 1420 1392 1421 1421 1392 1422 1422 1392 1423 1423 1392 1424 1424 1392 1425 1424 1425 1426 1426 1425 1427 1427 1425 1428 1428 1425 1429 1429 1425 1430 1430 1425 1403 1403 1425 1396 1410 1409 1431 1431 1409 1432 1431 1432 1433 1433 1432 1434 1433 1434 1435 1435 1434 1436 1435 1436 1437 1437 1436 1438 1437 1438 1439 1439 1438 1440 1439 1440 1441 1441 1440 1442 1441 1442 1443 1443 1442 1444 1443 1444 1445 1445 1444 1446 1445 1446 1447 1447 1446 1448 1447 1448 1449 1394 1412 1401 1401 1412 1450 1401 1450 1451 1451 1452 1401 1401 1452 1453 1401 1453 1402 1406 1401 1400 1397 1396 1454 1454 1396 1455 1454 1455 1399 1399 1455 1456 1399 1456 1391 1391 1456 1392 1425 1455 1396 1457 1458 1459 1459 1458 1460 1461 1462 1463 1463 1462 1464 1465 1466 1467 1467 1466 1468 1469 1470 1471 1471 1470 1472 1473 1474 1475 1475 1474 1476 1477 1478 1479 1479 1478 1480 1481 1482 1483 1483 1482 1484 1485 1486 1487 1487 1486 1488 1489 1490 1491 1491 1490 1492 1491 1492 1493 1493 1492 1494 1495 1496 1497 1497 1496 1498 1499 1500 1501 1501 1500 1502 1503 1504 1505 1505 1504 1506 1507 1508 1509 1509 1508 1510 1511 1512 1513 1513 1512 1514 1515 1516 1517 1517 1516 1518 1519 1520 1521 1521 1520 1522 1523 1524 1525 1525 1524 1526 1525 1526 1527 1527 1528 1525 1529 1530 1531 1531 1530 1532 1533 1534 1535 1535 1534 1536 1537 1538 1539 1539 1538 1540 1541 1542 1543 1543 1542 1544 1545 1546 1547 1547 1546 1548 1549 1550 1551 1551 1550 1552 1551 1552 1553 1553 1552 1554 1554 1552 1555 1554 1555 1556 1556 1555 1557 1557 1555 1558 1550 1549 1559 1559 1549 1560 1559 1560 1561 1562 1563 1561 1561 1563 1564 1561 1564 1559 1565 1566 1562 1562 1566 1567 1562 1567 1563 1563 1568 1564 1550 1569 1552 1552 1570 1555 1553 1571 1551 1551 1571 1572 1572 1571 1573 1573 1571 1574 1573 1574 1575 1575 1574 1576 1573 1575 1577 1577 1575 1578 1577 1578 1579 1579 1580 1577 1581 1582 1583 1583 1582 1584 1584 1582 1585 1585 1582 1586 1587 1588 1589 1589 1588 1590 1589 1590 1591 1591 1590 1592 1592 1590 1593 1593 1590 1594 1594 1590 1595 1595 1590 1596 1596 1590 1597 1597 1590 1598 1599 1600 1601 1601 1600 1602 1601 1602 1603 1603 1602 1604 1604 1602 1605 1606 1607 1599 1599 1607 1608 1599 1608 1600 1600 1608 1609 1609 1608 1610 1606 1611 1607 1607 1611 1612 1613 1614 1607 1607 1614 1608 1615 1616 1600 1600 1616 1602 1617 1618 1603 1603 1618 1619 1603 1619 1601 1601 1619 1620 1601 1620 1621 1621 1620 1622 1622 1620 1623 1624 1625 1619 1619 1625 1620 1601 1621 1626 1626 1621 1627 1626 1627 1628 1601 1626 1629 1629 1626 1630 1629 1630 1631 1632 1633 1629 1629 1633 1601 1634 1635 1636 1636 1635 1637 1636 1637 1638 1636 1638 1639 1639 1638 1640 1639 1640 1641 1642 1643 1644 1644 1643 1645 1646 1647 1648 1648 1647 1649 1650 1651 1652 1652 1651 1653 1652 1653 1654 1654 1653 1655 1654 1655 1656 1657 1658 1650 1650 1658 1659 1650 1659 1660 1660 1659 1661 1660 1661 1662 1657 1663 1658 1664 1665 1658 1658 1665 1659 1650 1660 1666 1666 1660 1667 1666 1667 1668 1650 1666 1669 1669 1666 1670 1669 1670 1671 1650 1669 1672 1672 1669 1673 1672 1673 1674 1650 1672 1675 1675 1672 1676 1675 1676 1677 1650 1675 1651 1651 1675 1678 1651 1678 1679 1651 1680 1653 1653 1680 1681 1682 1683 1654 1654 1683 1684 1654 1684 1652 1685 1686 1687 1687 1686 1688 1689 1690 1691 1691 1690 1692 1693 1694 1695 1695 1694 1696 1697 1698 1699 1699 1698 1700 1701 1702 1703 1703 1702 1704 1705 1706 1707 1707 1706 1708 1709 1710 1711 1711 1710 1712 1712 1710 1713 1712 1713 1714 1714 1713 1715 1714 1715 1716 1716 1715 1717 1713 1718 1715 1719 1720 1721 1721 1720 1722 1722 1720 1723 1723 1720 1724 1723 1724 1725 1720 1726 1724 1724 1726 1727 1724 1727 1728 1729 1730 1731 1731 1730 1732 1733 1734 1735 1735 1734 1736 1737 1738 1739 1739 1738 1740 1741 1742 1743 1743 1742 1744 1745 1746 1747 1747 1746 1748 1747 1748 1749 1749 1748 1750 1746 1751 1748 1748 1751 1752 1748 1752 1753 1753 1752 1754 1755 1756 1753 1753 1756 1757 1753 1757 1748 1755 1758 1756 1756 1758 1759 1749 1760 1747 1747 1760 1761 1747 1761 1762 1763 1764 1760 1760 1764 1765 1760 1765 1766 1763 1767 1764 1764 1767 1768 1768 1767 1769 1769 1767 1770 1764 1771 1765 1766 1761 1760 1772 1773 1762 1762 1773 1747 1774 1775 1776 1776 1775 1777 1778 1779 1780 1780 1779 1781 1782 1783 1784 1784 1783 1785 1786 1787 1788 1788 1787 1789 1790 1791 1792 1792 1791 1793 1794 1795 1796 1796 1795 1797 1798 1799 1800 1800 1799 1801 1802 1803 1804 1804 1803 1805 1806 1807 1808 1808 1807 1809 1810 1811 1812 1812 1811 1813 1814 1815 1816 1816 1815 1817 1818 1819 1820 1820 1819 1821 1822 1823 1824 1824 1823 1825 1826 1827 1828 1828 1827 1829 1830 1831 1832 1832 1831 1833 1834 1835 1836 1836 1835 1837 1838 1839 1840 1840 1839 1841 1842 1843 1844 1844 1843 1845 1846 1847 1848 1848 1847 1849 1850 1851 1852 1852 1851 1853 1854 1855 1856 1856 1855 1857 1858 1859 1860 1860 1859 1861 1862 1863 1864 1864 1863 1865 1866 1867 1868 1868 1867 1869 1870 1871 1872 1872 1871 1873 1874 1875 1876 1876 1875 1877 1878 1879 1880 1880 1879 1881 1882 1883 1884 1884 1883 1885 1886 1887 1888 1888 1887 1889 1890 1891 1892 1892 1891 1893 1894 1895 1896 1896 1895 1897 1897 1895 1898 1899 1900 1901 1901 1900 1902 1901 1902 1903 1903 1904 1901 1905 1906 1907 1907 1906 1908 1909 1910 1911 1911 1910 1912 1912 1910 1913 1914 1915 1916 1916 1915 1917 1918 1919 1920 1920 1919 1921 1922 1923 1924 1924 1923 1925 1925 1923 1926 1926 1923 1927 1928 1929 1930 1930 1929 1931 1932 1933 1934 1934 1933 1935 1936 1937 1938 1938 1937 1939 1940 1941 1942 1942 1941 1943 1944 1945 1946 1946 1945 1947 1948 1949 1950 1951 1952 1953 1953 1952 1954 1955 1956 1957 1957 1956 1958 1959 1960 1961 1961 1960 1962 1963 1964 1965 1965 1964 1966 1967 1968 1969 1969 1968 1970 1969 1970 1971 1971 1970 1972 1971 1972 1973 1973 1974 1971 1975 1976 1977 1977 1976 1978 1977 1978 1979 1980 1981 1975 1975 1981 1982 1975 1982 1983 1981 1980 1984 1984 1980 1985 1984 1985 1986 1986 1987 1984 1984 1987 1988 1988 1987 1989 1988 1989 1990 1990 1989 1991 1990 1991 1992 1993 1994 1992 1992 1994 1995 1992 1995 1990 1994 1993 1996 1996 1993 1997 1996 1997 1998 1998 1997 1999 1999 1997 2000 1999 2000 2001 2001 2000 2002 2002 2000 2003 2002 2003 2004 2004 2003 2005 2005 2003 2006 2005 2006 2007 2007 2006 2008 2007 2008 2009 2000 2010 2003 2003 2010 2011 2011 2010 2012 2011 2012 2013 2013 2012 2014 2013 2014 2015 2015 2014 2016 2015 2016 2017 2012 2010 2018 2018 2010 2019 2018 2019 2020 2020 2019 2021 2021 2019 2022 2022 2019 2023 2022 2023 2024 2024 2023 2025 2024 2025 2026 2026 2025 2027 2026 2027 2028 2028 2027 2029 2029 2027 2030 2029 2030 2031 2031 2030 2032 2032 2030 2033 2032 2033 2034 2034 2033 2035 2035 2033 2036 2035 2036 2037 2033 2030 2038 2038 2030 2039 2038 2039 2040 2040 2039 2041 2040 2042 2038 2038 2042 2043 2035 2037 2044 2044 2037 2045 2044 2045 2046 2047 2048 2046 2046 2048 2049 2046 2049 2044 2050 2051 2047 2047 2051 2052 2047 2052 2048 2051 2053 2052 2052 2053 2054 2054 2053 2055 2054 2055 2056 2056 2055 2057 2056 2057 2058 2058 2057 2059 2059 2057 2060 2059 2060 2061 2061 2060 2062 2061 2062 2063 2063 2062 2064 2064 2062 2065 2064 2065 2066 2066 2065 2067 2067 2065 2068 2068 2065 2069 2068 2069 2070 2070 2069 2071 2070 2071 2072 2072 2071 2073 2072 2073 2074 2074 2073 2075 2075 2073 2076 2075 2076 2077 2077 2076 2078 2078 2076 2079 2078 2079 2080 2080 2079 2081 2081 2079 2082 2081 2082 2083 2084 2085 2057 2057 2085 2060 2086 2087 2085 2085 2087 2088 2085 2088 2089 2089 2088 2090 2090 2088 2091 2090 2091 2092 2092 2091 2093 2093 2091 2094 2094 2091 2095 2094 2095 2096 2096 2095 2097 2096 2097 2098 2098 2097 2099 2098 2099 2100 2100 2099 2101 2101 2099 2102 2101 2102 2103 2103 2102 2104 2104 2102 2105 2104 2105 2106 2106 2105 2107 2107 2105 2108 2107 2108 2109 2110 2111 2086 2086 2111 2112 2086 2112 2087 2087 2112 2113 2087 2113 2114 2114 2113 2115 2115 2113 2116 2087 2114 2117 2117 2114 2118 2117 2118 2119 2119 2118 2120 2119 2120 2121 2122 2123 2118 2118 2123 2120 2124 2125 2121 2121 2125 1978 2121 1978 1976 1977 1979 2126 2126 1979 2127 2126 2127 2128 2128 2129 2126 1976 2119 2121 2119 2105 2117 2117 2105 2102 2107 2109 2130 2130 2109 2131 2130 2131 2132 2011 2013 2132 2132 2013 2133 2132 2133 2134 2134 2133 2135 2135 2133 2136 2136 2133 2137 2136 2137 2138 2138 2137 2139 2138 2139 2140 2140 2139 2141 2140 2141 2142 2142 2141 2143 2143 2141 2144 2143 2144 2145 2145 2144 2146 2146 2144 2147 2146 2147 2148 2148 2147 2149 2149 2147 2150 2149 2150 2151 2009 2152 2007 2007 2152 2153 2153 2152 2154 2153 2154 2155 2155 2154 2156 2155 2156 2157 2158 2159 2157 2157 2159 2160 2157 2160 2155 2159 2158 2161 2161 2158 2162 2161 2162 2163 2163 2162 2164 2164 2162 2165 2164 2165 2166 2166 2165 1983 1983 2165 1975 2165 1976 1975 2058 2167 2056 2056 2167 2168 2168 2167 2169 2168 2169 2170 2171 2172 2167 2167 2172 2173 2167 2173 2169 2171 2174 2172 2172 2174 2175 2175 2174 2176 2175 2176 2018 2177 2178 2014 2014 2178 2179 2014 2179 2016 2178 2177 2180 2180 2177 2181 2180 2181 2182 2182 2183 2180 2180 2183 2184 2184 2183 2185 2184 2185 2186 2186 2185 2187 2186 2187 2188 2189 2190 2188 2188 2190 2191 2188 2191 2186 2190 2189 2192 2192 2189 2193 2192 2193 2194 2194 2193 2195 2195 2193 2196 2195 2196 2197 2197 2196 2198 2198 2196 2199 2198 2199 2200 2200 2199 2201 2201 2199 2202 2201 2202 2203 2203 2202 2204 2203 2204 2205 2196 2061 2199 2199 2061 2063 2076 2206 2079 2079 2206 2207 2207 2206 2085 2207 2085 2208 2208 2085 2209 2209 2085 2210 2209 2210 2211 2211 2210 2212 2211 2212 2213 2213 2212 2214 2214 2212 2215 2215 2212 2216 2215 2216 2217 2217 2216 2218 2217 2218 2219 2219 2218 2220 2219 2220 2221 2221 2220 2222 2222 2220 2223 2222 2223 2224 2224 2223 2225 2225 2223 2226 2225 2226 2227 2227 2226 2228 2228 2226 2229 2228 2229 2230 2206 2060 2085 2089 2210 2085 2223 2147 2226 2226 2147 2144 2149 2151 2231 2231 2151 2232 2231 2232 2090 2205 2233 2203 2203 2233 2234 2234 2233 2235 2234 2235 2236 2236 2235 2237 2236 2237 2238 2239 2240 2238 2238 2240 2241 2238 2241 2236 2240 2239 2242 2242 2239 2243 2242 2243 2244 2244 2243 2245 2245 2243 2015 2245 2015 2017 2228 2230 2246 2246 2230 2247 2246 2247 2064 2081 2083 2248 2248 2083 2249 2248 2249 2211 2020 2175 2018 2170 2250 2168 2168 2250 2251 2251 2250 2252 2251 2252 2253 2251 2253 2254 2254 2253 2255 2254 2255 2256 2256 2255 2257 2256 2257 2048 2048 2257 2258 2048 2258 2049 2092 2231 2090 2134 2130 2132 2213 2248 2211 2066 2246 2064 2259 2260 2261 2261 2260 2262 2263 2264 2265 2265 2264 2266 2267 2268 2269 2269 2268 2270 2271 2272 2273 2273 2272 2274 2275 2276 2277 2277 2276 2278 2279 2280 2281 2281 2280 2282 2283 2284 2285 2285 2284 2286 2287 2288 2289 2289 2288 2290 2291 2292 2293 2293 2292 2294 2295 2296 2297 2297 2296 2298 2299 2300 2301 2301 2300 2302 2303 2304 2305 2305 2304 2306 2307 2308 2309 2309 2308 2310 2311 2312 2313 2313 2312 2314 2315 2316 2317 2317 2316 2318 2319 2320 2321 2321 2320 2322 2323 2324 2325 2325 2324 2326 2327 2328 2329 2329 2328 2330 2331 2332 2333 2333 2332 2334 2335 2336 2337 2337 2336 2338 2339 2340 2341 2341 2340 2342 2343 2344 2345 2345 2344 2346 2347 2348 2349 2349 2348 2350 2351 2352 2353 2353 2352 2354 2355 2356 2357 2357 2356 2358 2359 2360 2361 2361 2360 2362 2361 2362 2363 2364 2365 2366 2366 2365 2367 2368 2369 2370 2370 2369 2371 2372 2373 2374 2374 2373 2375 2374 2375 2376 2376 2377 2374 2374 2377 2378 2374 2378 2379 2379 2380 2374 2374 2380 2381 2374 2381 2382 2382 2383 2374 2374 2383 2384 2374 2384 2385 2374 2385 2386 2386 2385 2387 2386 2387 2388 2388 2389 2386 2386 2389 2390 2386 2390 2391 2391 2392 2386 2386 2392 2393 2386 2393 2394 2394 2395 2386 2386 2395 2396 2386 2396 2397 2397 2396 2398 2399 2400 2401 2401 2400 2402 2403 2404 2405 2405 2404 2406 2407 2408 2409 2409 2408 2410 2409 2410 2411 2412 2413 2414 2414 2413 2415 2416 2417 2418 2418 2417 2419 2420 2421 2422 2422 2421 2423 2424 2425 2426 2426 2425 2427 2428 2429 2430 2430 2429 2431 2432 2433 2434 2434 2433 2435 2436 2437 2438 2438 2437 2439 2440 2441 2442 2442 2441 2443 2444 2445 2446 2446 2445 2447 2448 2449 2450 2450 2449 2451 2452 2453 2454 2454 2453 2455 2456 2457 2458 2458 2457 2459 2460 2461 2462 2462 2461 2463 2464 2465 2466 2467 2468 2469 2469 2468 2470 2471 2472 2473 2473 2472 2474 2473 2474 2475 2473 2475 2476 2476 2475 2477 2476 2477 2478 2479 2480 2481 2481 2480 2482 2483 2484 2485 2485 2484 2486 2487 2488 2489 2489 2488 2490 2491 2492 2493 2493 2492 2494 2493 2494 2495 2493 2496 2491 2491 2496 2497 2497 2496 2498 2499 2500 2501 2501 2500 2502 2503 2504 2505 </p>
        </polylist>
      </mesh>
    </geometry>
  </library_geometries>
  <library_controllers>
  </library_controllers>
  <library_visual_scenes>
    <visual_scene id="empty_2" name="empty_2">
      <node id="gWBody1" name="g Body1" type="NODE">
        <matrix sid="matrix">1 0 0 0 0 1 0 0 0 0 1 0 0 0 0 1</matrix>
        <instance_geometry url="#meshesQ0S">
          <bind_material>
            <technique_common>
              <instance_material symbol="defaultMaterial" target="#Paek_eBeigef">
                <bind_vertex_input semantic="CHANNEL0" input_semantic="TEXCOORD" input_set="0"/>
              </instance_material>
            </technique_common>
          </bind_material>
        </instance_geometry>
      </node>
    </visual_scene>
  </library_visual_scenes>
  <scene>
    <instance_visual_scene url="#empty_2" />
  </scene>
</COLLADA>
